# Kabbalah adventure: gevurah-town-fire
# Alternative town fire (?fire=gevurah), an assistant design in Roy sefirot colours: stone ring, Yesod-brown logs, Gevurah orange tongues with Binah tips, Hod core, embers and sparks. State zero shown. Actual world coordinates.
# Actual runtime triangles; +Y up; metres; no image planes or textures.
# Base inks are semantic materials. The game maps them to its discrete lighting palette.
mtllib gevurah-town-fire.mtl
v 240 -5.35 147.206905
v 240.397484 -5.35 147.089529
v 240.421333 -5.066464 147.10978
v 240 -5.096431 147.234199
v 240.547255 -5.35 146.820756
v 240.58009 -5.086023 146.824882
v 240.491466 -5.35 146.54982
v 240.520954 -5.122782 146.537689
v 240.229504 -5.35 146.302707
v 240.243275 -5.115989 146.275749
v 239.819522 -5.35 146.398684
v 239.808694 -5.076872 146.377486
v 239.508534 -5.35 146.54982
v 239.479046 -5.070079 146.537689
v 239.311579 -5.35 146.838492
v 239.270274 -5.106838 146.843682
v 239.694656 -5.35 147.011287
v 239.676336 -5.126397 147.026844
v 240.341836 -4.782929 147.042275
v 240 -4.842861 147.143218
v 240.470639 -4.822047 146.811131
v 240.422661 -4.895564 146.578125
v 240.197374 -4.881979 146.365608
v 239.844789 -4.803743 146.448149
v 239.577339 -4.790158 146.578125
v 239.407958 -4.863675 146.826383
v 239.737405 -4.902793 146.974987
v 240.218616 -4.604707 146.937641
v 240 -4.683475 147.002198
v 240.30099 -4.656119 146.789816
v 240.270306 -4.752742 146.640801
v 240.126227 -4.734887 146.504889
v 239.900737 -4.632062 146.557676
v 239.729694 -4.614207 146.640801
v 239.621368 -4.71083 146.799571
v 239.832061 -4.762242 146.894608
v 240.071547 -4.539898 146.812755
v 240 -4.625516 146.833883
v 240.098506 -4.595781 146.764376
v 240.088464 -4.700806 146.715608
v 240.041311 -4.681399 146.671127
v 239.967514 -4.569633 146.688403
v 239.911536 -4.550225 146.715608
v 239.876084 -4.65525 146.767569
v 239.945038 -4.711133 146.798672
v 240 -4.625516 146.752
v 241.943676 -5.35 146.566745
v 242.143504 -5.35 146.243968
v 242.172433 -5.109087 146.24697
v 241.960614 -5.081876 146.589113
v 242.099982 -5.35 145.948168
v 242.126299 -5.138451 145.933422
v 241.957037 -5.35 145.649584
v 241.974778 -5.121438 145.616922
v 241.572224 -5.35 145.782839
v 241.566876 -5.086166 145.758173
v 241.293468 -5.35 145.998614
v 241.271394 -5.090928 145.986894
v 241.038796 -5.35 146.335141
v 241.001442 -5.127855 146.343613
v 241.328608 -5.35 146.526774
v 241.308642 -5.135917 146.546744
v 241.575005 -5.35 146.693612
v 241.569823 -5.10179 146.723592
v 242.076005 -4.868173 146.236964
v 241.904153 -4.813752 146.514552
v 242.038576 -4.926901 145.982576
v 241.915644 -4.892876 145.725793
v 241.584704 -4.822331 145.840393
v 241.344974 -4.831857 146.025959
v 241.125956 -4.90571 146.315373
v 241.375194 -4.921833 146.480177
v 241.587095 -4.85358 146.623657
v 241.926542 -4.716742 146.221454
v 241.816637 -4.645217 146.398982
v 241.902605 -4.793928 146.058764
v 241.823986 -4.749209 145.894543
v 241.612338 -4.656493 145.967834
v 241.459022 -4.669012 146.08651
v 241.318953 -4.766075 146.2716
v 241.478349 -4.787266 146.376998
v 241.613868 -4.697562 146.468759
v 241.748152 -4.661676 146.202943
v 241.712182 -4.583932 146.261043
v 241.740318 -4.745574 146.149699
v 241.714587 -4.696966 146.095954
v 241.645321 -4.596188 146.11994
v 241.595145 -4.609795 146.15878
v 241.549304 -4.715299 146.219355
v 241.60147 -4.738333 146.253849
v 241.645822 -4.640828 146.283879
v 241.661367 -4.665399 146.193938
v 242.722974 -5.35 145.735739
v 242.730316 -5.35 145.394893
v 242.754898 -5.154576 145.389831
v 242.747116 -5.13484 145.751128
v 242.727973 -5.35 145.013631
v 242.752414 -5.130445 144.985693
v 242.372643 -5.35 144.98391
v 242.375765 -5.102328 144.954189
v 242.086822 -5.35 145.140966
v 242.072794 -5.116695 145.120668
v 241.770374 -5.35 145.385415
v 241.73736 -5.1498 145.379784
v 241.923873 -5.35 145.717322
v 241.900068 -5.146932 145.731606
v 242.109966 -5.35 145.955762
v 242.097327 -5.11283 145.984352
v 242.440655 -5.35 145.985726
v 242.447857 -5.103855 146.016114
v 242.672959 -4.959151 145.406705
v 242.666645 -4.91968 145.699832
v 242.670944 -4.91089 145.078819
v 242.36536 -4.854657 145.053259
v 242.119554 -4.883389 145.188328
v 241.847409 -4.949601 145.398553
v 241.979418 -4.943863 145.683994
v 242.139458 -4.875659 145.889052
v 242.42385 -4.85771 145.914821
v 242.545954 -4.836313 145.432859
v 242.541916 -4.784436 145.620325
v 242.544665 -4.772883 145.223165
v 242.349234 -4.698978 145.206819
v 242.192032 -4.73674 145.2932
v 242.017986 -4.823761 145.427646
v 242.10241 -4.81622 145.610195
v 242.204761 -4.726581 145.741337
v 242.38664 -4.70299 145.757817
v 242.394367 -4.791645 145.464076
v 242.393045 -4.735257 145.525428
v 242.393945 -4.722699 145.395449
v 242.329986 -4.642367 145.390099
v 242.278538 -4.683413 145.418369
v 242.221577 -4.778001 145.46237
v 242.249207 -4.769805 145.522113
v 242.282704 -4.67237 145.565032
v 242.342228 -4.646728 145.570426
v 242.320622 -4.71581 145.479263
v 242.985821 -5.35 143.019205
v 242.897308 -5.35 142.65118
v 242.914273 -5.141075 142.621781
v 243.008097 -5.168882 143.011888
v 242.535438 -5.35 142.629936
v 242.530691 -5.121813 142.599263
v 242.302621 -5.35 142.846299
v 242.283905 -5.14293 142.828607
v 242.055473 -5.35 143.111548
v 242.021928 -5.169526 143.109771
v 242.257515 -5.35 143.434446
v 242.236093 -5.157645 143.452043
v 242.529526 -5.35 143.611724
v 242.524425 -5.126923 143.639958
v 242.858656 -5.35 143.608643
v 242.873302 -5.128134 143.636692
v 243.108638 -5.35 143.357462
v 243.138282 -5.159277 143.37044
v 242.857723 -4.932149 142.719777
v 242.933844 -4.987764 143.036279
v 242.546514 -4.893625 142.701508
v 242.346292 -4.935861 142.88758
v 242.133744 -4.989053 143.115694
v 242.307501 -4.965291 143.393386
v 242.54143 -4.903846 143.545845
v 242.824482 -4.906269 143.543195
v 243.039466 -4.968555 143.327179
v 242.770069 -4.800825 142.871671
v 242.818752 -4.873918 143.074085
v 242.571041 -4.750194 142.859987
v 242.442991 -4.805703 142.978987
v 242.30706 -4.875612 143.124874
v 242.418183 -4.844382 143.302468
v 242.567789 -4.763627 143.399971
v 242.74881 -4.766811 143.398276
v 242.8863 -4.848672 143.260126
v 242.665451 -4.75307 143.052964
v 242.681383 -4.83252 143.119209
v 242.600314 -4.698036 143.04914
v 242.558407 -4.758373 143.088085
v 242.51392 -4.834361 143.13583
v 242.550288 -4.800415 143.193952
v 242.59925 -4.712638 143.225862
v 242.658493 -4.716099 143.225307
v 242.70349 -4.805078 143.180095
v 242.614555 -4.767843 143.14116
v 242.835225 -5.35 142.310372
v 242.533218 -5.35 142.094382
v 242.543368 -5.140535 142.064574
v 242.863496 -5.15065 142.293525
v 242.212425 -5.35 142.194764
v 242.203328 -5.165579 142.17098
v 241.882607 -5.35 142.318128
v 241.853721 -5.184391 142.301745
v 241.87246 -5.35 142.682536
v 241.842965 -5.165881 142.688018
v 242.07323 -5.35 142.95101
v 242.055781 -5.14064 142.972601
v 242.373908 -5.35 143.085088
v 242.3745 -5.150384 143.114723
v 242.738187 -5.35 143.026859
v 242.760636 -5.179009 143.053
v 242.755127 -5.35 142.657382
v 242.778592 -5.179206 142.661355
v 242.509533 -4.931071 142.163932
v 242.769259 -4.9513 142.349684
v 242.233652 -4.981158 142.250261
v 241.950008 -5.018782 142.356354
v 241.941282 -4.981761 142.669745
v 242.113944 -4.93128 142.900633
v 242.372527 -4.950769 143.015939
v 242.685807 -5.008018 142.965862
v 242.700375 -5.008412 142.648112
v 242.457089 -4.799407 142.317936
v 242.623193 -4.825994 142.436731
v 242.280653 -4.865236 142.373146
v 242.099253 -4.914685 142.440996
v 242.093672 -4.866029 142.641421
v 242.204096 -4.799683 142.789082
v 242.369469 -4.825296 142.862825
v 242.569822 -4.900538 142.830799
v 242.579139 -4.901056 142.627586
v 242.394495 -4.75153 142.501747
v 242.448856 -4.780428 142.540626
v 242.336752 -4.823083 142.519816
v 242.277385 -4.876831 142.542022
v 242.275558 -4.823945 142.607615
v 242.311697 -4.751829 142.655941
v 242.365819 -4.77967 142.680075
v 242.431389 -4.861455 142.669593
v 242.434438 -4.862017 142.603088
v 242.364043 -4.81231 142.591169
v 240.463038 -5.35 140.735915
v 240.156566 -5.35 140.90791
v 240.142768 -5.181677 140.885868
v 240.467629 -5.154916 140.703553
v 239.885538 -5.35 141.112182
v 239.855479 -5.192402 141.102396
v 239.894828 -5.35 141.472158
v 239.865326 -5.169365 141.483971
v 240.163998 -5.35 141.691129
v 240.150647 -5.15064 141.71608
v 240.484042 -5.35 141.733918
v 240.489893 -5.167174 141.761436
v 240.85673 -5.35 141.642242
v 240.884942 -5.191641 141.664259
v 240.790271 -5.35 141.261993
v 240.814496 -5.183605 141.261196
v 240.78371 -5.35 140.920067
v 240.807541 -5.156347 140.898754
v 240.18876 -5.013355 140.959342
v 240.452326 -4.959832 140.811426
v 239.955676 -5.034804 141.135015
v 239.963665 -4.988731 141.444595
v 240.195152 -4.95128 141.63291
v 240.47039 -4.984347 141.669708
v 240.790901 -5.033282 141.590867
v 240.733746 -5.01721 141.263853
v 240.728104 -4.962693 140.969797
v 240.260047 -4.907552 141.073226
v 240.428607 -4.837208 140.978629
v 240.110982 -4.935743 141.185576
v 240.116091 -4.875189 141.383563
v 240.264135 -4.825968 141.503997
v 240.440159 -4.869428 141.52753
v 240.645137 -4.933742 141.477109
v 240.608585 -4.912619 141.267972
v 240.604976 -4.840968 141.079913
v 240.345132 -4.869079 141.209153
v 240.400297 -4.792617 141.178194
v 240.296347 -4.899721 141.245922
v 240.298019 -4.833901 141.310717
v 240.34647 -4.7804 141.350132
v 240.404078 -4.827639 141.357834
v 240.471161 -4.897546 141.341333
v 240.459199 -4.874585 141.272888
v 240.458018 -4.796704 141.211341
v 240.386524 -4.841355 141.275279
v 239.362295 -5.35 140.863178
v 239.056338 -5.35 140.999722
v 239.032614 -5.192276 140.981515
v 239.356928 -5.189649 140.836779
v 238.893799 -5.35 141.321028
v 238.860322 -5.166263 141.3221
v 239.075759 -5.35 141.625628
v 239.0532 -5.154602 141.644976
v 239.38144 -5.35 141.738593
v 239.377222 -5.176565 141.764719
v 239.774313 -5.35 141.816302
v 239.793667 -5.195854 141.847091
v 239.856404 -5.35 141.431805
v 239.880684 -5.18059 141.439524
v 239.938616 -5.35 141.114816
v 239.967829 -5.156 141.103515
v 239.726719 -5.35 140.817414
v 239.743218 -5.162724 140.788269
v 239.111695 -5.034552 141.042204
v 239.374817 -5.029297 140.924776
v 238.971911 -4.982527 141.318527
v 239.128397 -4.959204 141.580484
v 239.391283 -5.003129 141.677633
v 239.729153 -5.041707 141.744463
v 239.799752 -5.01118 141.413796
v 239.870454 -4.962 141.141185
v 239.688222 -4.975447 140.885419
v 239.23427 -4.935411 141.136271
v 239.402546 -4.928505 141.061172
v 239.144873 -4.867035 141.31299
v 239.244952 -4.836382 141.48052
v 239.413076 -4.894113 141.54265
v 239.629156 -4.944815 141.585391
v 239.674306 -4.904693 141.373917
v 239.719523 -4.840057 141.199573
v 239.60298 -4.85773 141.036002
v 239.38057 -4.89936 141.248545
v 239.435642 -4.891853 141.223968
v 239.351313 -4.825038 141.306381
v 239.384066 -4.79172 141.361209
v 239.439088 -4.85447 141.381542
v 239.509805 -4.909581 141.39553
v 239.524582 -4.865971 141.32632
v 239.53938 -4.795714 141.269262
v 239.501238 -4.814924 141.21573
v 239.451743 -4.849848 141.303165
v 237.559101 -5.35 141.923435
v 237.348962 -5.35 142.240939
v 237.315665 -5.155815 142.242389
v 237.538413 -5.183538 141.905835
v 237.491709 -5.35 142.569556
v 237.466977 -5.151868 142.590723
v 237.806302 -5.35 142.644994
v 237.800446 -5.178221 142.670687
v 238.182229 -5.35 142.747578
v 238.198928 -5.19132 142.779426
v 238.312056 -5.35 142.352927
v 238.336545 -5.169516 142.361096
v 238.376458 -5.35 142.025256
v 238.404811 -5.148845 142.013765
v 238.211341 -5.35 141.711867
v 238.229787 -5.163469 141.681572
v 237.846999 -5.35 141.734412
v 237.843585 -5.18922 141.705471
v 237.426654 -4.961629 142.237556
v 237.607374 -5.017076 141.964503
v 237.549417 -4.953736 142.520167
v 237.819967 -5.006442 142.585043
v 238.143264 -5.032639 142.673265
v 238.254915 -4.989032 142.333866
v 238.310301 -4.94769 142.052069
v 238.1683 -4.976939 141.782554
v 237.854966 -5.028439 141.801943
v 237.598687 -4.83957 142.230065
v 237.714264 -4.912443 142.055438
v 237.677198 -4.829196 142.410804
v 237.850224 -4.898466 142.452295
v 238.056984 -4.932897 142.508716
v 238.128388 -4.875585 142.291658
v 238.16381 -4.82125 142.111439
v 238.072995 -4.859691 141.939075
v 237.872607 -4.927377 141.951475
v 237.804016 -4.795185 142.221124
v 237.841841 -4.874395 142.163973
v 237.829711 -4.783909 142.280275
v 237.886338 -4.859202 142.293853
v 237.954004 -4.896628 142.312319
v 237.977373 -4.834332 142.241281
v 237.988966 -4.775271 142.182301
v 237.959245 -4.817056 142.125891
v 237.893663 -4.890628 142.129949
v 237.903906 -4.836289 142.216774
v 236.750525 -5.35 143.758529
v 236.847367 -5.35 144.152897
v 236.822875 -5.143573 144.174308
v 236.720222 -5.13884 143.756277
v 237.157287 -5.35 144.237603
v 237.151391 -5.173101 144.264095
v 237.492062 -5.35 144.403307
v 237.506252 -5.178623 144.439742
v 237.648387 -5.35 144.004919
v 237.671956 -5.151013 144.017451
v 237.681494 -5.35 143.645233
v 237.707049 -5.135902 143.636184
v 237.546366 -5.35 143.287851
v 237.563814 -5.158264 143.257359
v 237.215102 -5.35 143.224362
v 237.212674 -5.181142 143.19006
v 236.961514 -5.35 143.449827
v 236.943871 -5.166724 143.429053
v 236.904515 -4.937146 144.10294
v 236.821231 -4.92768 143.763783
v 237.171047 -4.996202 144.175786
v 237.458953 -5.007246 144.318292
v 237.593392 -4.952026 143.975679
v 237.621864 -4.921804 143.666349
v 237.505654 -4.966528 143.359
v 237.220767 -5.012283 143.3044
v 237.002682 -4.983449 143.498299
v 237.031057 -4.807392 143.99232
v 236.977794 -4.794951 143.775417
v 237.201513 -4.885009 144.038908
v 237.385639 -4.899524 144.130045
v 237.471618 -4.826948 143.910932
v 237.489827 -4.787228 143.713105
v 237.415506 -4.846009 143.516544
v 237.233311 -4.906143 143.481626
v 237.093838 -4.868247 143.605631
v 237.182091 -4.760209 143.86029
v 237.164659 -4.746686 143.789303
v 237.237877 -4.844575 143.875537
v 237.298136 -4.860352 143.905363
v 237.326275 -4.781465 143.833654
v 237.332234 -4.738291 143.76891
v 237.307911 -4.802183 143.704581
v 237.248283 -4.867547 143.693153
v 237.202638 -4.826356 143.733737
v 237.255567 -4.803074 143.796059
v 236.891983 -5.35 144.945232
v 237.196132 -5.35 145.168242
v 237.185876 -5.162955 145.190292
v 236.863478 -5.132227 144.953902
v 237.478886 -5.35 145.478795
v 237.485595 -5.159255 145.519478
v 237.72277 -5.35 145.218972
v 237.744112 -5.127242 145.244065
v 237.795046 -5.35 144.867882
v 237.820725 -5.119824 144.871911
v 237.722168 -5.35 144.472528
v 237.743474 -5.149261 144.452835
v 237.436154 -5.35 144.19899
v 237.440299 -5.166902 144.162885
v 237.155253 -5.35 144.335258
v 237.142544 -5.143592 144.307329
v 236.905252 -5.35 144.520806
v 236.877543 -5.117855 144.504009
v 237.220064 -4.975911 145.116792
v 236.958495 -4.914454 144.925004
v 237.463232 -4.968511 145.383868
v 237.672972 -4.904484 145.16042
v 237.73513 -4.889648 144.858483
v 237.672455 -4.948522 144.518478
v 237.426483 -4.983805 144.283236
v 237.184908 -4.937184 144.400426
v 236.969907 -4.88571 144.559997
v 237.273055 -4.85834 145.002868
v 237.105773 -4.777568 144.880213
v 237.42857 -4.848614 145.173672
v 237.562706 -4.764465 145.03077
v 237.602458 -4.744966 144.837671
v 237.562375 -4.822343 144.620225
v 237.405067 -4.868715 144.46978
v 237.250572 -4.807442 144.544727
v 237.113071 -4.739791 144.646778
v 237.336303 -4.815587 144.866894
v 237.281556 -4.727792 144.826753
v 237.387198 -4.805015 144.922794
v 237.431097 -4.713549 144.876026
v 237.444107 -4.692354 144.81283
v 237.430989 -4.77646 144.741666
v 237.379507 -4.826864 144.692429
v 237.328944 -4.760263 144.716957
v 237.283944 -4.686729 144.750356
v 237.367072 -4.756068 144.800745
v 238.798426 -5.35 146.849525
v 239.197493 -5.35 147.043045
v 239.213499 -5.135641 147.073481
v 238.790488 -5.149853 146.86835
v 239.475534 -5.35 146.847695
v 239.508222 -5.101779 146.86641
v 239.471092 -5.35 146.546782
v 239.503514 -5.104231 146.547442
v 239.274993 -5.35 146.254036
v 239.295649 -5.138944 146.237132
v 238.886233 -5.35 146.024754
v 238.883564 -5.148548 145.994093
v 238.575796 -5.35 146.186243
v 238.554501 -5.11717 146.165271
v 238.334345 -5.35 146.365493
v 238.298563 -5.096668 146.355276
v 238.362626 -5.35 146.704409
v 238.32854 -5.120927 146.714527
v 239.160146 -4.921282 146.972027
v 238.816948 -4.949706 146.8056
v 239.399261 -4.853557 146.804026
v 239.395441 -4.858461 146.545241
v 239.226796 -4.927889 146.29348
v 238.892462 -4.947097 146.096297
v 238.625487 -4.88434 146.235178
v 238.417839 -4.843337 146.389333
v 238.44216 -4.891853 146.6808
v 239.077448 -4.786542 146.814774
v 238.857962 -4.823899 146.708338
v 239.230371 -4.697532 146.707331
v 239.227928 -4.703977 146.541829
v 239.120073 -4.795225 146.380819
v 238.906255 -4.82047 146.254714
v 238.735515 -4.73799 146.343533
v 238.602717 -4.6841 146.44212
v 238.618271 -4.747864 146.628524
v 238.978745 -4.737545 146.627084
v 238.906913 -4.778151 146.592251
v 239.028792 -4.640796 146.591921
v 239.027993 -4.647801 146.537757
v 238.992695 -4.746984 146.485063
v 238.922718 -4.774424 146.443792
v 238.866839 -4.684772 146.47286
v 238.823378 -4.626195 146.505125
v 238.828469 -4.695504 146.56613
v 238.930727 -4.703575 146.535776
v 240.741197 -5.272839 145.736219
v 240.900544 -5.21142 145.74212
v 240.119574 -3.018207 143.632226
v 239.984128 -3.070413 143.62721
v 240.940676 -5.08858 145.853918
v 240.153686 -2.913793 143.727254
v 240.821461 -5.027161 145.959814
v 240.052353 -2.861587 143.817266
v 240.662114 -5.08858 145.953913
v 239.916907 -2.913793 143.81225
v 240.621982 -5.21142 145.842116
v 239.882795 -3.018207 143.717222
v 240.018241 -2.966 143.722238
v 241.878876 -5.27171 143.894976
v 241.936495 -5.210855 143.74226
v 239.814681 -3.017727 143.830532
v 239.765704 -3.069454 143.96034
v 242.061064 -5.089145 143.738407
v 239.920564 -2.914273 143.827257
v 242.128012 -5.02829 143.88727
v 239.97747 -2.862546 143.95379
v 242.070392 -5.089145 144.039985
v 239.928493 -2.914273 144.083598
v 241.945824 -5.210855 144.043839
v 239.82261 -3.017727 144.086874
v 239.871587 -2.966 143.957065
v 240.316404 -5.276637 142.147393
v 240.169696 -5.213319 142.065767
v 239.934633 -3.019821 144.219353
v 240.059335 -3.073642 144.288736
v 240.184847 -5.086681 141.939558
v 239.947512 -2.912179 144.112075
v 240.346707 -5.023363 141.894975
v 240.085092 -2.858358 144.07418
v 240.493414 -5.086681 141.976601
v 240.209794 -2.912179 144.143563
v 240.478263 -5.213319 142.102811
v 240.196915 -3.019821 144.25084
v 240.072213 -2.966 144.181458
v 238.489858 -5.284814 142.882035
v 238.347811 -5.217407 142.980743
v 240.275648 -3.023296 144.230487
v 240.396387 -3.080592 144.146586
v 238.24145 -5.082593 142.910197
v 240.185241 -2.908704 144.170523
v 238.277136 -5.015186 142.740942
v 240.215574 -2.851408 144.026657
v 238.419183 -5.082593 142.642235
v 240.336313 -2.908704 143.942755
v 238.525543 -5.217407 142.712781
v 240.42672 -3.023296 144.00272
v 240.30598 -2.966 144.086621
v 238.739124 -5.290851 145.389521
v 238.815104 -5.220426 145.550871
v 240.414586 -3.025862 143.822696
v 240.350003 -3.085724 143.685549
v 238.725725 -5.079574 145.645415
v 240.338614 -2.906138 143.903059
v 238.560365 -5.009149 145.57861
v 240.198058 -2.846276 143.846275
v 238.484385 -5.079574 145.417261
v 240.133475 -2.906138 143.709128
v 238.573765 -5.220426 145.322716
v 240.209447 -3.025862 143.628765
v 240.274031 -2.966 143.765912
v 237.785882 -5.179967 143.501031
v 237.734992 -5.079984 143.666601
v 241.966103 -4.984986 144.891611
v 242.00936 -5.069972 144.750876
v 237.73151 -4.880016 143.66557
v 241.963143 -4.815014 144.890735
v 237.778918 -4.780033 143.498969
v 242.00344 -4.730028 144.749124
v 237.829808 -4.880016 143.333399
v 242.046697 -4.815014 144.608389
v 237.83329 -5.079984 143.33443
v 242.049657 -4.984986 144.609265
v 242.0064 -4.9 144.75
v 239.39938 -5.109982 146.156759
v 239.559467 -5.014991 146.194824
v 240.585547 -5.060742 141.922496
v 240.449473 -5.141485 141.890141
v 239.560087 -4.825009 146.192304
v 240.586074 -4.899258 141.920355
v 239.40062 -4.730018 146.151721
v 240.450527 -4.818515 141.885859
v 239.240533 -4.825009 146.113656
v 240.314453 -4.899258 141.853504
v 239.239913 -5.014991 146.116176
v 240.313926 -5.060742 141.855645
v 240.45 -4.98 141.888
v 240 -5.25 146.254175
v 240.744651 -5.25 146.045912
v 240.536149 -5.05 145.473057
v 240 -5.05 145.623006
v 241.251621 -5.25 145.491624
v 240.901167 -5.05 145.073969
v 241.822142 -5.25 145.052014
v 241.311942 -5.05 144.75745
v 242.24496 -5.25 144.395847
v 241.616371 -5.05 144.28501
v 242.030445 -5.25 143.641978
v 241.46192 -5.05 143.742224
v 241.699015 -5.25 143.019073
v 241.223291 -5.05 143.293733
v 241.423375 -5.25 142.303688
v 241.02483 -5.05 142.778655
v 240.761539 -5.25 141.907689
v 240.548308 -5.05 142.493536
v 240 -5.25 142.030175
v 240 -5.05 142.581726
v 239.299958 -5.25 142.07665
v 239.49597 -5.05 142.615188
v 238.536486 -5.25 142.255852
v 238.94627 -5.05 142.744213
v 238.164051 -5.25 142.940014
v 238.678117 -5.05 143.23681
v 238.085132 -5.25 143.662357
v 238.621295 -5.05 143.756897
v 237.870617 -5.25 144.375468
v 238.466844 -5.05 144.270337
v 238.040924 -5.25 145.131073
v 238.589465 -5.05 144.814373
v 238.70824 -5.25 145.53946
v 239.069933 -5.05 145.108411
v 239.316846 -5.25 145.87695
v 239.508129 -5.05 145.351404
v 240.282967 -4.95 144.777447
v 240 -4.95 144.856586
v 240.475616 -4.95 144.566817
v 240.692414 -4.95 144.399765
v 240.853085 -4.95 144.150422
v 240.771569 -4.95 143.863952
v 240.645626 -4.95 143.627248
v 240.540882 -4.95 143.355401
v 240.289385 -4.95 143.204922
v 240 -4.95 143.251466
v 239.733984 -4.95 143.269127
v 239.443865 -4.95 143.337224
v 239.302339 -4.95 143.597205
v 239.27235 -4.95 143.871696
v 239.190834 -4.95 144.142678
v 239.255551 -4.95 144.429808
v 239.509131 -4.95 144.584995
v 239.740401 -4.95 144.713241
v 240 -4.95 144
v 240.391114 -5.08 144.94241
v 240.565601 -5.08 144.935512
v 240.677876 -4.924146 145.010751
v 240.386198 -4.924146 145.022283
v 240.596498 -5.08 144.795922
v 240.729523 -4.924146 144.777409
v 240.532712 -5.08 144.682643
v 240.622897 -4.924146 144.58805
v 240.391114 -5.08 144.59681
v 240.386198 -4.924146 144.44457
v 240.260131 -5.08 144.691136
v 240.167245 -4.924146 144.602246
v 240.164498 -5.08 144.795922
v 240.007382 -4.924146 144.777409
v 240.227242 -5.08 144.927019
v 240.112267 -4.924146 144.996554
v 240.758905 -4.768293 145.077802
v 240.388597 -4.768293 145.092443
v 240.824476 -4.768293 144.781555
v 240.689106 -4.768293 144.541148
v 240.388597 -4.768293 144.358988
v 240.110617 -4.768293 144.559171
v 239.907658 -4.768293 144.781555
v 240.040818 -4.768293 145.059778
v 240.768104 -4.612439 145.109498
v 240.400616 -4.612439 145.124027
v 240.833176 -4.612439 144.815507
v 240.698836 -4.612439 144.57693
v 240.400616 -4.612439 144.396158
v 240.124753 -4.612439 144.594817
v 239.92334 -4.612439 144.815507
v 240.055485 -4.612439 145.091611
v 240.722209 -4.456585 145.117493
v 240.421501 -4.456585 145.129382
v 240.775455 -4.456585 144.876927
v 240.665528 -4.456585 144.681705
v 240.421501 -4.456585 144.533783
v 240.195769 -4.456585 144.696341
v 240.030957 -4.456585 144.876927
v 240.139089 -4.456585 145.102857
v 240.682692 -4.300732 145.142192
v 240.447434 -4.300732 145.151493
v 240.724349 -4.300732 144.953986
v 240.638348 -4.300732 144.801255
v 240.447434 -4.300732 144.685529
v 240.270834 -4.300732 144.812705
v 240.141893 -4.300732 144.953986
v 240.22649 -4.300732 145.130741
v 240.643763 -4.144878 145.164963
v 240.472324 -4.144878 145.171741
v 240.67412 -4.144878 145.027811
v 240.611449 -4.144878 144.916511
v 240.472324 -4.144878 144.832178
v 240.343629 -4.144878 144.924856
v 240.249667 -4.144878 145.027811
v 240.311315 -4.144878 145.156618
v 240.472324 -4.144878 145.027811
v 240.598983 -3.989024 145.164711
v 240.489232 -3.989024 145.16905
v 240.618417 -3.989024 145.07691
v 240.578296 -3.989024 145.005658
v 240.489232 -3.989024 144.95167
v 240.406845 -3.989024 145.011
v 240.346692 -3.989024 145.07691
v 240.386158 -3.989024 145.159369
v 240.543326 -3.833171 145.12355
v 240.492125 -3.833171 145.125574
v 240.552392 -3.833171 145.082589
v 240.533675 -3.833171 145.049349
v 240.492125 -3.833171 145.024163
v 240.45369 -3.833171 145.051841
v 240.425628 -3.833171 145.082589
v 240.444039 -3.833171 145.121058
v 240.477551 -3.677317 145.03415
v 240.771491 -5.08 144.511733
v 240.943228 -5.08 144.503817
v 241.057372 -4.903751 144.566874
v 240.770294 -4.903751 144.580107
v 240.983857 -5.08 144.366428
v 241.12529 -4.903751 144.337211
v 240.908859 -5.08 144.256534
v 240.999921 -4.903751 144.15351
v 240.771491 -5.08 144.166133
v 240.770294 -4.903751 144.002394
v 240.637757 -5.08 144.259441
v 240.546741 -4.903751 144.158369
v 240.551857 -5.08 144.366428
v 240.403149 -4.903751 144.337211
v 240.603389 -5.08 144.50091
v 240.48929 -4.903751 144.562014
v 241.1357 -4.727503 144.619759
v 240.771231 -4.727503 144.636559
v 241.221927 -4.727503 144.328183
v 241.062761 -4.727503 144.094958
v 240.771231 -4.727503 143.903105
v 240.487412 -4.727503 144.101128
v 240.305109 -4.727503 144.328183
v 240.414473 -4.727503 144.613589
v 241.137164 -4.551254 144.639742
v 240.77547 -4.551254 144.656415
v 241.222734 -4.551254 144.350387
v 241.06478 -4.551254 144.118939
v 240.77547 -4.551254 143.928546
v 240.493813 -4.551254 144.125061
v 240.312898 -4.551254 144.350387
v 240.421429 -4.551254 144.633619
v 241.079138 -4.375006 144.642112
v 240.783172 -4.375006 144.655755
v 241.149158 -4.375006 144.40534
v 241.019908 -4.375006 144.215951
v 240.783172 -4.375006 144.060157
v 240.552698 -4.375006 144.220961
v 240.40466 -4.375006 144.40534
v 240.493468 -4.375006 144.637102
v 241.024918 -4.198757 144.669145
v 240.79337 -4.198757 144.679818
v 241.079698 -4.198757 144.483906
v 240.97858 -4.198757 144.335739
v 240.79337 -4.198757 144.213854
v 240.61306 -4.198757 144.339658
v 240.497243 -4.198757 144.483906
v 240.566722 -4.198757 144.665225
v 240.972877 -4.022509 144.702872
v 240.804141 -4.022509 144.71065
v 241.012797 -4.022509 144.567883
v 240.939109 -4.022509 144.459908
v 240.804141 -4.022509 144.371087
v 240.672743 -4.022509 144.462765
v 240.588344 -4.022509 144.567883
v 240.638975 -4.022509 144.700015
v 240.804141 -4.022509 144.567883
v 240.921045 -3.84626 144.720422
v 240.813024 -3.84626 144.725401
v 240.9466 -3.84626 144.634005
v 240.899427 -3.84626 144.564882
v 240.813024 -3.84626 144.508021
v 240.728906 -3.84626 144.566711
v 240.674875 -3.84626 144.634005
v 240.707288 -3.84626 144.718593
v 240.86801 -3.670012 144.699864
v 240.817616 -3.670012 144.702187
v 240.879932 -3.670012 144.659549
v 240.857925 -3.670012 144.627302
v 240.817616 -3.670012 144.600776
v 240.778374 -3.670012 144.628155
v 240.753168 -3.670012 144.659549
v 240.768289 -3.670012 144.699011
v 240.816201 -3.493763 144.628279
v 240.533702 -5.08 143.64334
v 240.672287 -5.08 143.554149
v 240.764949 -4.918969 143.61876
v 240.533287 -4.918969 143.767853
v 240.743927 -5.08 143.443281
v 240.884704 -4.918969 143.43343
v 240.706361 -5.08 143.305153
v 240.821909 -4.918969 143.202533
v 240.533702 -5.08 143.29774
v 240.533287 -4.918969 143.190141
v 240.366817 -5.08 143.309773
v 240.254319 -4.918969 143.210255
v 240.311927 -5.08 143.443281
v 240.162563 -4.918969 143.43343
v 240.400891 -5.08 143.549529
v 240.311278 -4.918969 143.611037
v 240.825988 -4.757937 143.664765
v 240.531873 -4.757937 143.854052
v 240.978026 -4.757937 143.429473
v 240.898302 -4.757937 143.13633
v 240.531873 -4.757937 143.120598
v 240.1777 -4.757937 143.146135
v 240.061208 -4.757937 143.429473
v 240.250014 -4.757937 143.654961
v 240.820236 -4.596906 143.671398
v 240.528361 -4.596906 143.859243
v 240.971116 -4.596906 143.437898
v 240.891999 -4.596906 143.146988
v 240.528361 -4.596906 143.131375
v 240.176885 -4.596906 143.156718
v 240.061281 -4.596906 143.437898
v 240.248648 -4.596906 143.661668
v 240.761085 -4.435875 143.652725
v 240.52225 -4.435875 143.806435
v 240.884547 -4.435875 143.461657
v 240.819807 -4.435875 143.223612
v 240.52225 -4.435875 143.210836
v 240.234645 -4.435875 143.231573
v 240.140049 -4.435875 143.461657
v 240.293367 -4.435875 143.644763
v 240.700677 -4.274844 143.648545
v 240.513826 -4.274844 143.768799
v 240.797268 -4.274844 143.499064
v 240.746619 -4.274844 143.312829
v 240.513826 -4.274844 143.302835
v 240.288819 -4.274844 143.319058
v 240.214812 -4.274844 143.499064
v 240.334761 -4.274844 143.642316
v 240.640319 -4.113812 143.652763
v 240.504154 -4.113812 143.740396
v 240.710707 -4.113812 143.543831
v 240.673798 -4.113812 143.408116
v 240.504154 -4.113812 143.400833
v 240.340185 -4.113812 143.412656
v 240.286254 -4.113812 143.543831
v 240.373664 -4.113812 143.648224
v 240.504154 -4.113812 143.543831
v 240.582042 -3.952781 143.656033
v 240.494873 -3.952781 143.712134
v 240.627103 -3.952781 143.586298
v 240.603475 -3.952781 143.499416
v 240.494873 -3.952781 143.494754
v 240.389904 -3.952781 143.502322
v 240.355378 -3.952781 143.586298
v 240.411336 -3.952781 143.653127
v 240.528489 -3.79175 143.648129
v 240.487823 -3.79175 143.6743
v 240.549511 -3.79175 143.615596
v 240.538488 -3.79175 143.575064
v 240.487823 -3.79175 143.572889
v 240.438853 -3.79175 143.57642
v 240.422746 -3.79175 143.615596
v 240.448852 -3.79175 143.646773
v 240.484601 -3.630719 143.622308
v 239.871054 -5.08 143.559647
v 240.011194 -5.08 143.472129
v 240.114668 -4.924478 143.534594
v 239.880408 -4.924478 143.68089
v 240.078708 -5.08 143.360017
v 240.227526 -4.924478 143.347185
v 240.044731 -5.08 143.221076
v 240.17073 -4.924478 143.114927
v 239.871054 -5.08 143.214047
v 239.880408 -4.924478 143.103178
v 239.705724 -5.08 143.227753
v 239.604038 -4.924478 143.126089
v 239.646708 -5.08 143.360017
v 239.505385 -4.924478 143.347185
v 239.739261 -5.08 143.465452
v 239.660099 -4.924478 143.523432
v 240.185961 -4.768956 143.577162
v 239.888547 -4.768956 143.762898
v 240.329243 -4.768956 143.339231
v 240.257135 -4.768956 143.044361
v 239.888547 -4.768956 143.029443
v 239.537673 -4.768956 143.058531
v 239.412425 -4.768956 143.339231
v 239.608847 -4.768956 143.562991
v 240.188948 -4.613435 143.578998
v 239.893799 -4.613435 143.763319
v 240.331139 -4.613435 143.342879
v 240.25958 -4.613435 143.050255
v 239.893799 -4.613435 143.035451
v 239.545597 -4.613435 143.064317
v 239.421303 -4.613435 143.342879
v 239.616229 -4.613435 143.564935
v 240.136809 -4.457913 143.554828
v 239.895296 -4.457913 143.705654
v 240.253161 -4.457913 143.361617
v 240.194606 -4.457913 143.122169
v 239.895296 -4.457913 143.110056
v 239.61037 -4.457913 143.133676
v 239.508663 -4.457913 143.361617
v 239.668166 -4.457913 143.543321
v 240.08223 -4.302391 143.545615
v 239.893283 -4.302391 143.663613
v 240.173257 -4.302391 143.394457
v 240.127447 -4.302391 143.207126
v 239.893283 -4.302391 143.197649
v 239.670372 -4.302391 143.216128
v 239.590802 -4.302391 143.394457
v 239.715589 -4.302391 143.536612
v 240.026847 -4.146869 143.545946
v 239.889156 -4.146869 143.631935
v 240.093182 -4.146869 143.435793
v 240.059798 -4.146869 143.299279
v 239.889156 -4.146869 143.292373
v 239.726713 -4.146869 143.305839
v 239.668728 -4.146869 143.435793
v 239.759665 -4.146869 143.539386
v 239.889156 -4.146869 143.435793
v 239.973347 -3.991347 143.546954
v 239.8852 -3.991347 143.602002
v 240.015813 -3.991347 143.476437
v 239.994442 -3.991347 143.389043
v 239.8852 -3.991347 143.384622
v 239.781209 -3.991347 143.393243
v 239.744088 -3.991347 143.476437
v 239.802303 -3.991347 143.542754
v 239.925216 -3.835826 143.538531
v 239.884094 -3.835826 143.564212
v 239.945027 -3.835826 143.505634
v 239.935057 -3.835826 143.464863
v 239.884094 -3.835826 143.462801
v 239.83558 -3.835826 143.466823
v 239.818263 -3.835826 143.505634
v 239.845421 -3.835826 143.536572
v 239.88826 -3.680304 143.513647
v 239.540376 -5.08 143.952186
v 239.668966 -5.08 143.859926
v 239.748462 -4.889392 143.9239
v 239.533508 -4.889392 144.078124
v 239.776751 -5.08 143.757054
v 239.928638 -4.889392 143.751936
v 239.696881 -5.08 143.63185
v 239.795126 -4.889392 143.542642
v 239.540376 -5.08 143.606586
v 239.533508 -4.889392 143.500411
v 239.363496 -5.08 143.61555
v 239.237831 -4.889392 143.515395
v 239.344751 -5.08 143.757054
v 239.206497 -4.889392 143.751936
v 239.391411 -5.08 143.876226
v 239.284495 -4.889392 143.951147
v 239.812913 -4.698784 143.983459
v 239.540011 -4.698784 144.179259
v 240.041661 -4.698784 143.765137
v 239.872156 -4.698784 143.499421
v 239.540011 -4.698784 143.445804
v 239.164625 -4.698784 143.464828
v 239.124843 -4.698784 143.765137
v 239.223868 -4.698784 144.018051
v 239.831604 -4.508175 144.014544
v 239.560781 -4.508175 144.208853
v 240.05861 -4.508175 143.797885
v 239.890397 -4.508175 143.534192
v 239.560781 -4.508175 143.480984
v 239.188253 -4.508175 143.499863
v 239.148775 -4.508175 143.797885
v 239.247046 -4.508175 144.048873
v 239.813493 -4.317567 144.022078
v 239.591885 -4.317567 144.181076
v 239.999247 -4.317567 143.844791
v 239.861602 -4.317567 143.629017
v 239.591885 -4.317567 143.585478
v 239.287054 -4.317567 143.600926
v 239.254749 -4.317567 143.844791
v 239.335162 -4.317567 144.050169
v 239.798718 -4.126959 144.033623
v 239.625343 -4.126959 144.158015
v 239.944042 -4.126959 143.894923
v 239.836356 -4.126959 143.726113
v 239.625343 -4.126959 143.692051
v 239.38686 -4.126959 143.704136
v 239.361587 -4.126959 143.894923
v 239.424497 -4.126959 144.0556
v 239.777353 -3.936351 144.035453
v 239.651009 -3.936351 144.126102
v 239.883255 -3.936351 143.934379
v 239.80478 -3.936351 143.811362
v 239.651009 -3.936351 143.786539
v 239.477219 -3.936351 143.795346
v 239.458802 -3.936351 143.934379
v 239.504647 -3.936351 144.051469
v 239.651009 -3.936351 143.934379
v 239.740002 -3.745742 144.014488
v 239.65912 -3.745742 144.072519
v 239.807798 -3.745742 143.949782
v 239.757561 -3.745742 143.87103
v 239.65912 -3.745742 143.855139
v 239.547864 -3.745742 143.860777
v 239.536073 -3.745742 143.949782
v 239.565422 -3.745742 144.024741
v 239.680687 -3.555134 143.962112
v 239.642954 -3.555134 143.989184
v 239.712315 -3.555134 143.931925
v 239.688878 -3.555134 143.895186
v 239.642954 -3.555134 143.887773
v 239.591051 -3.555134 143.890403
v 239.585551 -3.555134 143.931925
v 239.599243 -3.555134 143.966895
v 239.600959 -3.364526 143.87868
v 239.767229 -5.08 144.513416
v 239.895556 -5.08 144.422797
v 239.967976 -4.889442 144.482211
v 239.753463 -4.889442 144.633692
v 240.006446 -5.08 144.320136
v 240.153342 -4.889442 144.3106
v 239.921156 -5.08 144.196994
v 240.01077 -4.889442 144.104754
v 239.767229 -5.08 144.167816
v 239.753463 -4.889442 144.055979
v 239.590086 -5.08 144.178421
v 239.457345 -4.889442 144.073707
v 239.574446 -5.08 144.320136
v 239.431202 -4.889442 144.3106
v 239.615686 -5.08 144.44137
v 239.50014 -4.889442 144.513259
v 240.024846 -4.698884 144.533061
v 239.752503 -4.698884 144.725379
v 240.260184 -4.698884 144.315187
v 240.079177 -4.698884 144.053848
v 239.752503 -4.698884 143.991925
v 239.376558 -4.698884 144.014431
v 239.343366 -4.698884 144.315187
v 239.430889 -4.698884 144.572479
v 240.034591 -4.508325 144.550079
v 239.764322 -4.508325 144.740933
v 240.268137 -4.508325 144.333865
v 240.088508 -4.508325 144.074516
v 239.764322 -4.508325 144.013064
v 239.39124 -4.508325 144.035399
v 239.358301 -4.508325 144.333865
v 239.445157 -4.508325 144.589197
v 240.005623 -4.317767 144.538648
v 239.784468 -4.317767 144.694818
v 240.196728 -4.317767 144.361724
v 240.049742 -4.317767 144.149505
v 239.784468 -4.317767 144.09922
v 239.479183 -4.317767 144.117496
v 239.45223 -4.317767 144.361724
v 239.523302 -4.317767 144.570656
v 239.978051 -4.127209 144.528459
v 239.805032 -4.127209 144.650639
v 240.127562 -4.127209 144.390043
v 240.012568 -4.127209 144.224014
v 239.805032 -4.127209 144.184674
v 239.566193 -4.127209 144.198972
v 239.545106 -4.127209 144.390043
v 239.600709 -4.127209 144.553501
v 239.94264 -3.936651 144.509263
v 239.816556 -3.936651 144.598299
v 240.051593 -3.936651 144.408395
v 239.967794 -3.936651 144.287405
v 239.816556 -3.936651 144.258737
v 239.642507 -3.936651 144.269156
v 239.62714 -3.936651 144.408395
v 239.66766 -3.936651 144.527512
v 239.816556 -3.936651 144.408395
v 239.891187 -3.746093 144.471903
v 239.810471 -3.746093 144.528902
v 239.960936 -3.746093 144.40733
v 239.90729 -3.746093 144.329875
v 239.810471 -3.746093 144.311522
v 239.699048 -3.746093 144.318193
v 239.689211 -3.746093 144.40733
v 239.715151 -3.746093 144.483586
v 239.819146 -3.555535 144.411144
v 239.78149 -3.555535 144.437735
v 239.851685 -3.555535 144.381019
v 239.826658 -3.555535 144.344885
v 239.78149 -3.555535 144.336323
v 239.72951 -3.555535 144.339435
v 239.724921 -3.555535 144.381019
v 239.737022 -3.555535 144.416594
v 239.729401 -3.364976 144.329226
v 240 -5.08 145.222852
v 240.19704 -5.08 145.171392
v 240.352077 -4.709165 145.200387
v 240.022701 -4.709165 145.286408
v 240.325216 -5.08 145.01376
v 240.56634 -4.709165 144.936886
v 240.171176 -5.08 144.876819
v 240.308842 -4.709165 144.707973
v 240 -5.08 144.763285
v 240.022701 -4.709165 144.518187
v 239.790837 -5.08 144.84643
v 239.673059 -4.709165 144.657173
v 239.750758 -5.08 145.01376
v 239.606063 -4.709165 144.936886
v 239.764973 -5.08 145.201782
v 239.629824 -4.709165 145.251188
v 240.477359 -4.338329 145.185162
v 240.059188 -4.338329 145.294373
v 240.749383 -4.338329 144.850626
v 240.422468 -4.338329 144.560002
v 240.059188 -4.338329 144.319052
v 239.615289 -4.338329 144.495506
v 239.530232 -4.338329 144.850626
v 239.560398 -4.338329 145.249658
v 240.483367 -3.967494 145.116439
v 240.067367 -3.967494 145.225083
v 240.753979 -3.967494 144.783639
v 240.428761 -3.967494 144.494524
v 240.067367 -3.967494 144.254826
v 239.625773 -3.967494 144.430364
v 239.541157 -3.967494 144.783639
v 239.571166 -3.967494 145.1806
v 240.355347 -3.596658 145.034854
v 240.011827 -3.596658 145.124569
v 240.578811 -3.596658 144.760038
v 240.310255 -3.596658 144.521295
v 240.011827 -3.596658 144.323359
v 239.64717 -3.596658 144.468313
v 239.577297 -3.596658 144.760038
v 239.602078 -3.596658 145.087836
v 240.150077 -3.225823 145.006942
v 239.878309 -3.225823 145.077917
v 240.326864 -3.225823 144.789528
v 240.114403 -3.225823 144.600653
v 239.878309 -3.225823 144.444061
v 239.589821 -3.225823 144.558737
v 239.534543 -3.225823 144.789528
v 239.554148 -3.225823 145.048857
v 239.882681 -2.854987 145.022661
v 239.681767 -2.854987 145.075133
v 240.013378 -2.854987 144.86193
v 239.856308 -2.854987 144.722296
v 239.681767 -2.854987 144.60653
v 239.468491 -2.854987 144.691309
v 239.427624 -2.854987 144.86193
v 239.442118 -2.854987 145.053649
v 239.596269 -2.484152 145.053096
v 239.465014 -2.484152 145.087375
v 239.681652 -2.484152 144.948092
v 239.57904 -2.484152 144.856871
v 239.465014 -2.484152 144.781242
v 239.325684 -2.484152 144.836627
v 239.298986 -2.484152 144.948092
v 239.308455 -2.484152 145.07334
v 239.465014 -2.484152 144.948092
v 239.351185 -2.113317 145.058053
v 239.287793 -2.113317 145.074608
v 239.392422 -2.113317 145.007339
v 239.342863 -2.113317 144.963282
v 239.287793 -2.113317 144.926756
v 239.2205 -2.113317 144.953505
v 239.207606 -2.113317 145.007339
v 239.212179 -2.113317 145.06783
v 239.209012 -1.742481 144.99956
v 240.988707 -5.08 144.985329
v 241.218832 -5.08 144.974402
v 241.362958 -4.60722 145.027886
v 240.978277 -4.60722 145.046152
v 241.245237 -5.08 144.790302
v 241.407098 -4.60722 144.720141
v 241.181272 -5.08 144.63625
v 241.300173 -4.60722 144.462624
v 240.988707 -5.08 144.535182
v 240.978277 -4.60722 144.293676
v 240.820954 -5.08 144.6561
v 240.697857 -4.60722 144.495805
v 240.682553 -5.08 144.790302
v 240.466503 -4.60722 144.720141
v 240.783395 -5.08 144.954552
v 240.635072 -4.60722 144.994705
v 241.48219 -4.13444 145.079983
v 240.993805 -4.13444 145.103173
v 241.538229 -4.13444 144.689276
v 241.40248 -4.13444 144.362336
v 240.993805 -4.13444 144.147842
v 240.637789 -4.13444 144.404462
v 240.344066 -4.13444 144.689276
v 240.558079 -4.13444 145.037857
v 241.521329 -3.66166 145.086668
v 241.03548 -3.66166 145.109737
v 241.577077 -3.66166 144.697989
v 241.442033 -3.66166 144.372746
v 241.03548 -3.66166 144.159366
v 240.681312 -3.66166 144.414654
v 240.389114 -3.66166 144.697989
v 240.602016 -3.66166 145.04476
v 241.492476 -3.18888 145.049036
v 241.091276 -3.18888 145.068086
v 241.538511 -3.18888 144.728076
v 241.426995 -3.18888 144.459501
v 241.091276 -3.18888 144.283297
v 240.798814 -3.18888 144.494107
v 240.557525 -3.18888 144.728076
v 240.733333 -3.18888 145.01443
v 241.457853 -2.716099 145.002066
v 241.140454 -2.716099 145.017137
v 241.494272 -2.716099 144.748147
v 241.406049 -2.716099 144.535671
v 241.140454 -2.716099 144.396272
v 240.90908 -2.716099 144.563048
v 240.718191 -2.716099 144.748147
v 240.857277 -2.716099 144.974689
v 241.395021 -2.243319 144.911645
v 241.160372 -2.243319 144.922787
v 241.421946 -2.243319 144.723926
v 241.356724 -2.243319 144.566844
v 241.160372 -2.243319 144.463788
v 240.98932 -2.243319 144.587084
v 240.848197 -2.243319 144.723926
v 240.951022 -2.243319 144.891405
v 241.160372 -2.243319 144.723926
v 241.287834 -1.770539 144.753087
v 241.134541 -1.770539 144.760366
v 241.305424 -1.770539 144.630453
v 241.262815 -1.770539 144.527833
v 241.134541 -1.770539 144.460508
v 241.022795 -1.770539 144.541056
v 240.930601 -1.770539 144.630453
v 240.997775 -1.770539 144.739865
v 241.133446 -1.297759 144.521582
v 241.05941 -1.297759 144.525097
v 241.141942 -1.297759 144.462353
v 241.121363 -1.297759 144.412791
v 241.05941 -1.297759 144.380275
v 241.005441 -1.297759 144.419177
v 240.960914 -1.297759 144.462353
v 240.993357 -1.297759 144.515195
v 240.9476 -0.824979 144.238729
v 240.660786 -5.08 144.40352
v 240.853538 -5.08 144.305885
v 240.99035 -4.746517 144.316804
v 240.668141 -4.746517 144.480012
v 240.913104 -5.08 144.151684
v 241.089922 -4.746517 144.059037
v 240.889318 -5.08 143.968858
v 241.050161 -4.746517 143.753421
v 240.660786 -5.08 143.957095
v 240.668141 -4.746517 143.733759
v 240.458951 -5.08 143.990216
v 240.33075 -4.746517 143.789124
v 240.355073 -5.08 144.151684
v 240.157106 -4.746517 144.059037
v 240.494731 -5.08 144.284528
v 240.39056 -4.746517 144.281102
v 241.080658 -4.413035 144.298887
v 240.671587 -4.413035 144.506093
v 241.207073 -4.413035 143.97163
v 241.156593 -4.413035 143.583626
v 240.671587 -4.413035 143.558663
v 240.24324 -4.413035 143.628953
v 240.022784 -4.413035 143.97163
v 240.319175 -4.413035 144.25356
v 241.048917 -4.079552 144.254093
v 240.64197 -4.079552 144.460224
v 241.174675 -4.079552 143.928535
v 241.124457 -4.079552 143.542545
v 240.64197 -4.079552 143.517712
v 240.215846 -4.079552 143.587637
v 239.996536 -4.079552 143.928535
v 240.291387 -4.079552 144.209002
v 240.897111 -3.74607 144.223011
v 240.561066 -3.74607 144.393228
v 241.000959 -3.74607 143.954175
v 240.95949 -3.74607 143.635436
v 240.561066 -3.74607 143.614929
v 240.209186 -3.74607 143.672671
v 240.028085 -3.74607 143.954175
v 240.271565 -3.74607 144.185776
v 240.695614 -3.412587 144.260047
v 240.42976 -3.412587 144.394709
v 240.77777 -3.412587 144.047364
v 240.744963 -3.412587 143.795202
v 240.42976 -3.412587 143.778978
v 240.15138 -3.412587 143.82466
v 240.008107 -3.412587 144.047364
v 240.200729 -3.412587 144.230589
v 240.466627 -3.079104 144.33581
v 240.270084 -3.079104 144.435364
v 240.527364 -3.079104 144.178576
v 240.503111 -3.079104 143.992155
v 240.270084 -3.079104 143.980161
v 240.06428 -3.079104 144.013933
v 239.95836 -3.079104 144.178576
v 240.100764 -3.079104 144.314032
v 240.248518 -2.745622 144.399492
v 240.120119 -2.745622 144.464529
v 240.288197 -2.745622 144.296773
v 240.272352 -2.745622 144.174986
v 240.120119 -2.745622 144.167151
v 239.98567 -2.745622 144.189214
v 239.916474 -2.745622 144.296773
v 240.009504 -2.745622 144.385265
v 240.084951 -2.412139 144.393838
v 240.022938 -2.412139 144.425249
v 240.104114 -2.412139 144.344228
v 240.096462 -2.412139 144.285409
v 240.022938 -2.412139 144.281624
v 239.958004 -2.412139 144.29228
v 239.924584 -2.412139 144.344228
v 239.969515 -2.412139 144.386966
v 240.012678 -2.078657 144.275189
v 241.140633 -5.08 143.845832
v 241.342212 -5.08 143.759785
v 241.500903 -4.705421 143.79803
v 241.16394 -4.705421 143.941868
v 241.386572 -5.08 143.598522
v 241.575058 -4.705421 143.528459
v 241.370689 -5.08 143.414477
v 241.548507 -4.705421 143.220806
v 241.140633 -5.08 143.396776
v 241.16394 -4.705421 143.191216
v 240.945298 -5.08 143.442254
v 240.837414 -4.705421 143.267238
v 240.825252 -5.08 143.598522
v 240.636742 -4.705421 143.528459
v 240.973776 -5.08 143.732008
v 240.885018 -4.705421 143.751598
v 241.623602 -4.330841 143.793625
v 241.195799 -4.330841 143.97624
v 241.717747 -4.330841 143.451382
v 241.684039 -4.330841 143.060791
v 241.195799 -4.330841 143.023224
v 240.781247 -4.330841 143.119741
v 240.526477 -4.330841 143.451382
v 240.841684 -4.330841 143.734675
v 241.620667 -3.956262 143.741487
v 241.195085 -3.956262 143.923154
v 241.714323 -3.956262 143.401021
v 241.68079 -3.956262 143.012458
v 241.195085 -3.956262 142.975086
v 240.782685 -3.956262 143.071101
v 240.529238 -3.956262 143.401021
v 240.842808 -3.956262 143.682843
v 241.480938 -3.581682 143.685008
v 241.129505 -3.581682 143.835024
v 241.558277 -3.581682 143.403862
v 241.530586 -3.581682 143.082997
v 241.129505 -3.581682 143.052136
v 240.788957 -3.581682 143.131423
v 240.579668 -3.581682 143.403862
v 240.838605 -3.581682 143.636582
v 241.267088 -3.207103 143.690526
v 240.989061 -3.207103 143.809207
v 241.328273 -3.207103 143.468104
v 241.306366 -3.207103 143.21426
v 240.989061 -3.207103 143.189846
v 240.719646 -3.207103 143.252572
v 240.554072 -3.207103 143.468104
v 240.758923 -3.207103 143.652215
v 240.998169 -2.832524 143.742703
v 240.792626 -2.832524 143.830442
v 241.043402 -2.832524 143.578269
v 241.027206 -2.832524 143.390605
v 240.792626 -2.832524 143.372556
v 240.59345 -2.832524 143.418928
v 240.471043 -2.832524 143.578269
v 240.622488 -2.832524 143.71438
v 240.719387 -2.457944 143.804946
v 240.585109 -2.457944 143.862265
v 240.748937 -2.457944 143.697523
v 240.738357 -2.457944 143.574925
v 240.585109 -2.457944 143.563133
v 240.45499 -2.457944 143.593428
v 240.375023 -2.457944 143.697523
v 240.47396 -2.457944 143.786443
v 240.490346 -2.083365 143.829371
v 240.425494 -2.083365 143.857054
v 240.504618 -2.083365 143.777489
v 240.499508 -2.083365 143.718278
v 240.425494 -2.083365 143.712583
v 240.362651 -2.083365 143.727215
v 240.324029 -2.083365 143.777489
v 240.371812 -2.083365 143.820435
v 240.368901 -1.708786 143.772959
v 240.269699 -5.08 143.206679
v 240.441427 -5.08 143.082225
v 240.551182 -4.780446 143.157506
v 240.264118 -4.780446 143.365546
v 240.575367 -5.08 142.944843
v 240.775079 -4.780446 142.927855
v 240.482735 -5.08 142.774414
v 240.620234 -4.780446 142.642963
v 240.269699 -5.08 142.749102
v 240.264118 -4.780446 142.600649
v 240.036981 -5.08 142.758669
v 239.875102 -4.780446 142.616642
v 240.003395 -5.08 142.944843
v 239.818958 -4.780446 142.927855
v 240.07829 -5.08 143.097971
v 239.944154 -4.780446 143.183826
v 240.650533 -4.480892 143.260241
v 240.286082 -4.480892 143.524365
v 240.93479 -4.480892 142.968681
v 240.738201 -4.480892 142.606985
v 240.286082 -4.480892 142.553265
v 239.792194 -4.480892 142.57357
v 239.720914 -4.480892 142.968681
v 239.879862 -4.480892 143.293657
v 240.701359 -4.181339 143.364099
v 240.3388 -4.181339 143.626852
v 240.984139 -4.181339 143.074052
v 240.788571 -4.181339 142.714235
v 240.3388 -4.181339 142.660793
v 239.847475 -4.181339 142.680993
v 239.776566 -4.181339 143.074052
v 239.934688 -4.181339 143.397341
v 240.710971 -3.881785 143.461046
v 240.41158 -3.881785 143.678019
v 240.944483 -3.881785 143.221533
v 240.782989 -3.881785 142.924406
v 240.41158 -3.881785 142.880276
v 240.005859 -3.881785 142.896956
v 239.947304 -3.881785 143.221533
v 240.077876 -3.881785 143.488496
v 240.719506 -3.582231 143.554909
v 240.482651 -3.582231 143.726562
v 240.904242 -3.582231 143.365425
v 240.776481 -3.582231 143.130361
v 240.482651 -3.582231 143.095448
v 240.161675 -3.582231 143.108644
v 240.11535 -3.582231 143.365425
v 240.21865 -3.582231 143.576626
v 240.482651 -3.582231 143.365425
v 240.701164 -3.282677 143.591344
v 240.52606 -3.282677 143.718245
v 240.837738 -3.282677 143.45126
v 240.743285 -3.282677 143.27748
v 240.52606 -3.282677 143.251669
v 240.288766 -3.282677 143.261425
v 240.254519 -3.282677 143.45126
v 240.330887 -3.282677 143.607399
v 240.635027 -2.983124 143.526112
v 240.520633 -2.983124 143.609014
v 240.724249 -2.983124 143.434597
v 240.662544 -2.983124 143.321068
v 240.520633 -2.983124 143.304207
v 240.365612 -2.983124 143.31058
v 240.343239 -2.983124 143.434597
v 240.393129 -2.983124 143.5366
v 240.513457 -2.68357 143.3425
v 240.458209 -2.68357 143.38254
v 240.556548 -2.68357 143.298302
v 240.526747 -2.68357 143.243471
v 240.458209 -2.68357 143.235327
v 240.383338 -2.68357 143.238406
v 240.372533 -2.68357 143.298302
v 240.396628 -2.68357 143.347566
v 240.348452 -2.384016 143.062664
v 239.650299 -5.08 143.602216
v 239.838771 -5.08 143.523777
v 240.020449 -4.728727 143.619013
v 239.705396 -4.728727 143.750134
v 239.990793 -5.08 143.373
v 240.274573 -4.728727 143.366971
v 239.831239 -5.08 143.228248
v 240.007859 -4.728727 143.125001
v 239.650299 -5.08 143.131733
v 239.705396 -4.728727 142.963664
v 239.422918 -5.08 143.191095
v 239.325301 -4.728727 143.062895
v 239.402689 -5.08 143.373
v 239.291485 -4.728727 143.366971
v 239.415387 -5.08 143.56093
v 239.312711 -4.728727 143.681119
v 240.189379 -4.377454 143.676244
v 239.789393 -4.377454 143.842713
v 240.51201 -4.377454 143.356255
v 240.173395 -4.377454 143.049054
v 239.789393 -4.377454 142.844223
v 239.30683 -4.377454 142.970205
v 239.263898 -4.377454 143.356255
v 239.290846 -4.377454 143.755093
v 240.269802 -4.026181 143.66411
v 239.871892 -4.026181 143.829714
v 240.590758 -4.026181 143.345782
v 240.2539 -4.026181 143.040176
v 239.871892 -4.026181 142.836408
v 239.391835 -4.026181 142.961736
v 239.349126 -4.026181 143.345782
v 239.375934 -4.026181 143.742549
v 240.247037 -3.674908 143.604003
v 239.918455 -3.674908 143.740754
v 240.512073 -3.674908 143.341137
v 240.233906 -3.674908 143.088777
v 239.918455 -3.674908 142.920511
v 239.522037 -3.674908 143.024003
v 239.486769 -3.674908 143.341137
v 239.508906 -3.674908 143.668776
v 240.163589 -3.323635 143.554406
v 239.90364 -3.323635 143.662593
v 240.373266 -3.323635 143.346446
v 240.153201 -3.323635 143.146798
v 239.90364 -3.323635 143.013679
v 239.590025 -3.323635 143.095554
v 239.562123 -3.323635 143.346446
v 239.579636 -3.323635 143.605649
v 240.013985 -2.972363 143.516366
v 239.821808 -2.972363 143.596348
v 240.168997 -2.972363 143.362624
v 240.006305 -2.972363 143.215026
v 239.821808 -2.972363 143.116613
v 239.589955 -2.972363 143.177143
v 239.569328 -2.972363 143.362624
v 239.582275 -2.972363 143.55425
v 239.817555 -2.62109 143.487019
v 239.692008 -2.62109 143.53927
v 239.918823 -2.62109 143.386582
v 239.812538 -2.62109 143.290158
v 239.692008 -2.62109 143.225865
v 239.540542 -2.62109 143.265409
v 239.527067 -2.62109 143.386582
v 239.535525 -2.62109 143.511768
v 239.615624 -2.269817 143.460218
v 239.554989 -2.269817 143.485453
v 239.664533 -2.269817 143.41171
v 239.613201 -2.269817 143.36514
v 239.554989 -2.269817 143.334089
v 239.481836 -2.269817 143.353187
v 239.475327 -2.269817 143.41171
v 239.479412 -2.269817 143.472171
v 239.462667 -1.918544 143.429589
v 238.950141 -5.08 143.460727
v 239.141389 -5.08 143.332169
v 239.295992 -4.785579 143.396989
v 238.976297 -4.785579 143.61189
v 239.251685 -5.08 143.17917
v 239.480366 -4.785579 143.141234
v 239.189901 -5.08 142.987362
v 239.377087 -4.785579 142.820602
v 238.950141 -5.08 142.975234
v 238.976297 -4.785579 142.800328
v 238.712269 -5.08 142.988873
v 238.578666 -4.785579 142.823128
v 238.644818 -5.08 143.17917
v 238.465913 -4.785579 143.141234
v 238.760782 -5.08 143.330658
v 238.65976 -4.785579 143.394463
v 239.406642 -4.491158 143.471429
v 239.000763 -4.491158 143.744264
v 239.64072 -4.491158 143.146726
v 239.509599 -4.491158 142.739657
v 239.000763 -4.491158 142.713918
v 238.495936 -4.491158 142.742865
v 238.352788 -4.491158 143.146726
v 238.598893 -4.491158 143.468222
v 239.426176 -4.196738 143.547786
v 239.022404 -4.196738 143.819205
v 239.659038 -4.196738 143.224769
v 239.528598 -4.196738 142.819814
v 239.022404 -4.196738 142.794208
v 238.520198 -4.196738 142.823004
v 238.377793 -4.196738 143.224769
v 238.62262 -4.196738 143.544596
v 239.374654 -3.902317 143.641798
v 239.041231 -3.902317 143.865927
v 239.566946 -3.902317 143.375059
v 239.459231 -3.902317 143.040659
v 239.041231 -3.902317 143.019514
v 238.626524 -3.902317 143.043293
v 238.50893 -3.902317 143.375059
v 238.711101 -3.902317 143.639163
v 239.322289 -3.607896 143.776141
v 239.05851 -3.607896 143.953455
v 239.474415 -3.607896 143.565118
v 239.3892 -3.607896 143.300566
v 239.05851 -3.607896 143.283838
v 238.730425 -3.607896 143.30265
v 238.637394 -3.607896 143.565118
v 238.797336 -3.607896 143.774057
v 239.271442 -3.313475 143.894652
v 239.076433 -3.313475 144.025738
v 239.383907 -3.313475 143.738644
v 239.320908 -3.313475 143.543064
v 239.076433 -3.313475 143.530697
v 238.833883 -3.313475 143.544605
v 238.765106 -3.313475 143.738644
v 238.88335 -3.313475 143.893111
v 239.076433 -3.313475 143.738644
v 239.224841 -3.019055 143.934761
v 239.097444 -3.019055 144.020398
v 239.298313 -3.019055 143.832843
v 239.257157 -3.019055 143.705073
v 239.097444 -3.019055 143.696994
v 238.93899 -3.019055 143.70608
v 238.894059 -3.019055 143.832843
v 238.971306 -3.019055 143.933754
v 239.184943 -2.724634 143.848923
v 239.123414 -2.724634 143.890283
v 239.220428 -2.724634 143.7997
v 239.20055 -2.724634 143.737991
v 239.123414 -2.724634 143.734089
v 239.046886 -2.724634 143.738477
v 239.025185 -2.724634 143.7997
v 239.062493 -2.724634 143.848437
v 239.154909 -2.430213 143.624681
v 239.116496 -5.08 144.261909
v 239.344078 -5.08 144.22708
v 239.525644 -4.904351 144.28976
v 239.145213 -4.904351 144.347981
v 239.457065 -5.08 144.045014
v 239.714515 -4.904351 143.985415
v 239.302723 -5.08 143.896032
v 239.456514 -4.904351 143.736374
v 239.116496 -5.08 143.761951
v 239.145213 -4.904351 143.512241
v 238.902173 -5.08 143.873556
v 238.786947 -4.904351 143.698802
v 238.832117 -5.08 144.045014
v 238.66984 -4.904351 143.985415
v 238.860818 -5.08 144.249556
v 238.717817 -4.904351 144.327332
v 239.652803 -4.728702 144.318265
v 239.169814 -4.728702 144.392182
v 239.892591 -4.728702 143.931874
v 239.565037 -4.728702 143.615695
v 239.169814 -4.728702 143.33114
v 238.714965 -4.728702 143.567995
v 238.566288 -4.728702 143.931874
v 238.627199 -4.728702 144.365966
v 239.650369 -4.553052 144.298822
v 239.169888 -4.553052 144.372355
v 239.888912 -4.553052 143.914437
v 239.563059 -4.553052 143.5999
v 239.169888 -4.553052 143.316821
v 238.7174 -4.553052 143.552447
v 238.569495 -4.553052 143.914437
v 238.63009 -4.553052 144.346275
v 239.530088 -4.377403 144.268347
v 239.13332 -4.377403 144.329069
v 239.72707 -4.377403 143.950933
v 239.45799 -4.377403 143.691198
v 239.13332 -4.377403 143.45744
v 238.759669 -4.377403 143.652012
v 238.637533 -4.377403 143.950933
v 238.687571 -4.377403 144.307533
v 239.375725 -4.201754 144.289944
v 239.061833 -4.201754 144.337983
v 239.531562 -4.201754 144.03883
v 239.318686 -4.201754 143.833347
v 239.061833 -4.201754 143.648416
v 238.766229 -4.201754 143.802347
v 238.669604 -4.201754 144.03883
v 238.70919 -4.201754 144.320945
v 239.204104 -4.026105 144.339308
v 238.972047 -4.026105 144.374822
v 239.319313 -4.026105 144.153662
v 239.161936 -4.026105 144.001751
v 238.972047 -4.026105 143.865033
v 238.75351 -4.026105 143.978833
v 238.682076 -4.026105 144.153662
v 238.711342 -4.026105 144.362226
v 238.972047 -4.026105 144.153662
v 239.043089 -3.850456 144.376191
v 238.891488 -3.850456 144.399392
v 239.118353 -3.850456 144.254911
v 239.015541 -3.850456 144.15567
v 238.891488 -3.850456 144.066354
v 238.748721 -3.850456 144.140697
v 238.702054 -3.850456 144.254911
v 238.721173 -3.850456 144.391164
v 238.923707 -3.674806 144.356506
v 238.850489 -3.674806 144.367711
v 238.960058 -3.674806 144.297931
v 238.910402 -3.674806 144.250001
v 238.850489 -3.674806 144.206864
v 238.781537 -3.674806 144.24277
v 238.758999 -3.674806 144.297931
v 238.768232 -3.674806 144.363737
v 238.872268 -3.499157 144.248545
v 239.564518 -5.08 145.025842
v 239.799718 -5.08 144.937754
v 240.00489 -4.918053 145.020947
v 239.611726 -4.918053 145.168197
v 239.839909 -5.08 144.749594
v 240.072076 -4.918053 144.706416
v 239.825451 -5.08 144.540848
v 240.047907 -4.918053 144.35747
v 239.564518 -5.08 144.514521
v 239.611726 -4.918053 144.313462
v 239.34777 -5.08 144.576195
v 239.249404 -4.918053 144.416558
v 239.200758 -5.08 144.749594
v 239.003657 -4.918053 144.706416
v 239.373503 -5.08 144.902406
v 239.292421 -4.918053 144.961859
v 240.17858 -4.756106 145.050626
v 239.679425 -4.756106 145.237573
v 240.263878 -4.756106 144.651303
v 240.233194 -4.756106 144.208287
v 239.679425 -4.756106 144.152415
v 239.219427 -4.756106 144.283304
v 238.907431 -4.756106 144.651303
v 239.274041 -4.756106 144.97561
v 240.215589 -4.59416 145.009805
v 239.719026 -4.59416 145.19578
v 240.300444 -4.59416 144.612554
v 240.26992 -4.59416 144.171839
v 239.719026 -4.59416 144.116257
v 239.261416 -4.59416 144.246467
v 238.95104 -4.59416 144.612554
v 239.315747 -4.59416 144.935178
v 240.097559 -4.432213 144.943263
v 239.687512 -4.432213 145.096836
v 240.16763 -4.432213 144.615225
v 240.142424 -4.432213 144.251295
v 239.687512 -4.432213 144.205397
v 239.309631 -4.432213 144.31292
v 239.053331 -4.432213 144.615225
v 239.354495 -4.432213 144.881638
v 239.889163 -4.270266 144.93055
v 239.564765 -4.270266 145.052046
v 239.944598 -4.270266 144.671031
v 239.924657 -4.270266 144.383118
v 239.564765 -4.270266 144.346807
v 239.265814 -4.270266 144.431871
v 239.063049 -4.270266 144.671031
v 239.301308 -4.270266 144.881797
v 239.603897 -4.108319 144.964094
v 239.364072 -4.108319 145.053915
v 239.644879 -4.108319 144.772235
v 239.630137 -4.108319 144.559384
v 239.364072 -4.108319 144.532539
v 239.143061 -4.108319 144.595426
v 238.99316 -4.108319 144.772235
v 239.169301 -4.108319 144.928052
v 239.288661 -3.946372 145.017061
v 239.131987 -3.946372 145.07574
v 239.315434 -3.946372 144.891722
v 239.305803 -3.946372 144.752669
v 239.131987 -3.946372 144.735132
v 238.987604 -3.946372 144.776215
v 238.889674 -3.946372 144.891722
v 239.004746 -3.946372 144.993515
v 239.131987 -3.946372 144.891722
v 239.012557 -3.784425 145.050203
v 238.936888 -3.784425 145.078542
v 239.025488 -3.784425 144.989668
v 239.020836 -3.784425 144.922509
v 238.936888 -3.784425 144.91404
v 238.867156 -3.784425 144.933882
v 238.819859 -3.784425 144.989668
v 238.875435 -3.784425 145.038831
v 238.849042 -3.622479 145.025147
v 241.705725 -5.08 144.285689
v 241.805557 -5.08 144.253298
v 241.912141 -4.929184 144.304207
v 241.74526 -4.929184 144.358352
v 241.877635 -5.08 144.173433
v 242.032629 -4.929184 144.170702
v 241.795947 -5.08 144.101255
v 241.896077 -4.929184 144.050048
v 241.705725 -5.08 144.045801
v 241.74526 -4.929184 143.957349
v 241.593523 -5.08 144.083671
v 241.5577 -4.929184 144.020655
v 241.577774 -5.08 144.173433
v 241.531375 -4.929184 144.170702
v 241.583913 -5.08 144.270882
v 241.541637 -4.929184 144.3336
v 242.003798 -4.778369 144.334347
v 241.791928 -4.778369 144.40309
v 242.156768 -4.778369 144.164852
v 241.983403 -4.778369 144.011672
v 241.791928 -4.778369 143.893983
v 241.553806 -4.778369 143.974354
v 241.520384 -4.778369 144.164852
v 241.533412 -4.778369 144.371665
v 242.047639 -4.627553 144.327737
v 241.837383 -4.627553 144.395956
v 242.199444 -4.627553 144.159533
v 242.0274 -4.627553 144.00752
v 241.837383 -4.627553 143.890727
v 241.601074 -4.627553 143.970486
v 241.567906 -4.627553 144.159533
v 241.580835 -4.627553 144.364771
v 242.04478 -4.476737 144.29627
v 241.872732 -4.476737 144.352092
v 242.168998 -4.476737 144.158632
v 242.028219 -4.476737 144.034243
v 241.872732 -4.476737 143.938674
v 241.679366 -4.476737 144.003939
v 241.652226 -4.476737 144.158632
v 241.662805 -4.476737 144.326574
v 242.025667 -4.325921 144.272851
v 241.891066 -4.325921 144.316523
v 242.122849 -4.325921 144.16517
v 242.01271 -4.325921 144.067855
v 241.891066 -4.325921 143.993087
v 241.739787 -4.325921 144.044147
v 241.718554 -4.325921 144.16517
v 241.72683 -4.325921 144.296559
v 241.891066 -4.325921 144.16517
v 241.987683 -4.175106 144.258837
v 241.889595 -4.175106 144.290663
v 242.058502 -4.175106 144.180367
v 241.978241 -4.175106 144.10945
v 241.889595 -4.175106 144.054965
v 241.779353 -4.175106 144.092174
v 241.76388 -4.175106 144.180367
v 241.769912 -4.175106 144.276114
v 241.933669 -4.02429 144.25334
v 241.870875 -4.02429 144.273714
v 241.979006 -4.02429 144.203106
v 241.927624 -4.02429 144.157706
v 241.870875 -4.02429 144.122826
v 241.800301 -4.02429 144.146646
v 241.790395 -4.02429 144.203106
v 241.794257 -4.02429 144.2644
v 241.872069 -3.873474 144.253381
v 241.842775 -3.873474 144.262885
v 241.893219 -3.873474 144.229945
v 241.869249 -3.873474 144.208766
v 241.842775 -3.873474 144.192493
v 241.809851 -3.873474 144.203606
v 241.805229 -3.873474 144.229945
v 241.807031 -3.873474 144.25854
v 241.81712 -3.722658 144.255716
v 241.068767 -5.08 142.947167
v 241.184312 -5.08 142.938189
v 241.275724 -4.997824 142.971665
v 241.082577 -4.997824 142.986674
v 241.224043 -5.08 142.845753
v 241.342139 -4.997824 142.817146
v 241.160787 -5.08 142.772137
v 241.236399 -4.997824 142.694088
v 241.068767 -5.08 142.706697
v 241.082577 -4.997824 142.584699
v 240.971765 -5.08 142.768151
v 240.920426 -4.997824 142.687426
v 240.923456 -5.08 142.845753
v 240.839671 -4.997824 142.817146
v 240.94824 -5.08 142.942174
v 240.8811 -4.997824 142.978327
v 241.340301 -4.915648 142.990865
v 241.095083 -4.915648 143.00992
v 241.42462 -4.915648 142.794691
v 241.290374 -4.915648 142.638458
v 241.095083 -4.915648 142.499579
v 240.889219 -4.915648 142.629999
v 240.786694 -4.915648 142.794691
v 240.839292 -4.915648 142.999323
v 241.348025 -4.833472 142.980679
v 241.104675 -4.833472 142.999589
v 241.431702 -4.833472 142.785999
v 241.298479 -4.833472 142.630956
v 241.104675 -4.833472 142.493135
v 240.900379 -4.833472 142.622562
v 240.798635 -4.833472 142.785999
v 240.850832 -4.833472 142.989073
v 241.30969 -4.751297 142.954105
v 241.110562 -4.751297 142.969578
v 241.378161 -4.751297 142.794803
v 241.269147 -4.751297 142.667935
v 241.110562 -4.751297 142.555158
v 240.943391 -4.751297 142.661066
v 240.860136 -4.751297 142.794803
v 240.902848 -4.751297 142.960974
v 241.268849 -4.669121 142.944225
v 241.113062 -4.669121 142.956331
v 241.322417 -4.669121 142.819596
v 241.23713 -4.669121 142.720341
v 241.113062 -4.669121 142.632111
v 240.982276 -4.669121 142.714967
v 240.917142 -4.669121 142.819596
v 240.950558 -4.669121 142.949599
v 241.113062 -4.669121 142.819596
v 241.227145 -4.586945 142.94439
v 241.113618 -4.586945 142.953212
v 241.266182 -4.586945 142.853569
v 241.204031 -4.586945 142.781239
v 241.113618 -4.586945 142.716943
v 241.018311 -4.586945 142.777323
v 240.970845 -4.586945 142.853569
v 240.995196 -4.586945 142.948306
v 241.1872 -4.504769 142.944038
v 241.114523 -4.504769 142.949686
v 241.21219 -4.504769 142.885896
v 241.172403 -4.504769 142.839592
v 241.114523 -4.504769 142.798432
v 241.053509 -4.504769 142.837085
v 241.023123 -4.504769 142.885896
v 241.038712 -4.504769 142.946545
v 241.152315 -4.422593 142.931266
v 241.11841 -4.422593 142.933901
v 241.163973 -4.422593 142.904142
v 241.145412 -4.422593 142.882541
v 241.11841 -4.422593 142.863339
v 241.089946 -4.422593 142.881371
v 241.07577 -4.422593 142.904142
v 241.083043 -4.422593 142.932436
v 241.127617 -4.340417 142.897268
v 240.489743 -5.08 142.390564
v 240.628608 -5.08 142.384836
v 240.720615 -4.985262 142.43078
v 240.488486 -4.985262 142.440354
v 240.648502 -5.08 142.273745
v 240.753871 -4.985262 142.245077
v 240.604018 -5.08 142.182325
v 240.67951 -4.985262 142.092258
v 240.489743 -5.08 142.117582
v 240.488486 -4.985262 141.984032
v 240.387324 -5.08 142.191809
v 240.317279 -4.985262 142.108111
v 240.307275 -5.08 142.273745
v 240.183468 -4.985262 142.245077
v 240.362734 -5.08 142.375352
v 240.276174 -4.985262 142.414927
v 240.788636 -4.890524 142.466073
v 240.493929 -4.890524 142.478229
v 240.830857 -4.890524 142.230308
v 240.73645 -4.890524 142.036291
v 240.493929 -4.890524 141.898889
v 240.276567 -4.890524 142.056418
v 240.106683 -4.890524 142.230308
v 240.224381 -4.890524 142.445946
v 240.799863 -4.795786 142.466163
v 240.507401 -4.795786 142.478226
v 240.841764 -4.795786 142.232193
v 240.748075 -4.795786 142.039654
v 240.507401 -4.795786 141.903298
v 240.291695 -4.795786 142.059628
v 240.123105 -4.795786 142.232193
v 240.239906 -4.795786 142.446189
v 240.766923 -4.701047 142.439499
v 240.527608 -4.701047 142.44937
v 240.801209 -4.701047 142.248047
v 240.724546 -4.701047 142.090496
v 240.527608 -4.701047 141.97892
v 240.3511 -4.701047 142.106841
v 240.213146 -4.701047 142.248047
v 240.308723 -4.701047 142.423155
v 240.738042 -4.606309 142.419906
v 240.550814 -4.606309 142.427628
v 240.764865 -4.606309 142.270124
v 240.704888 -4.606309 142.146865
v 240.550814 -4.606309 142.059573
v 240.412724 -4.606309 142.159652
v 240.304797 -4.606309 142.270124
v 240.37957 -4.606309 142.407119
v 240.550814 -4.606309 142.270124
v 240.708112 -4.511571 142.396483
v 240.571674 -4.511571 142.402111
v 240.727659 -4.511571 142.287333
v 240.683952 -4.511571 142.19751
v 240.571674 -4.511571 142.133898
v 240.471043 -4.511571 142.206828
v 240.392393 -4.511571 142.287333
v 240.446883 -4.511571 142.387165
v 240.671866 -4.416833 142.357797
v 240.584521 -4.416833 142.3614
v 240.684379 -4.416833 142.287922
v 240.656399 -4.416833 142.230419
v 240.584521 -4.416833 142.189696
v 240.5201 -4.416833 142.236385
v 240.46975 -4.416833 142.287922
v 240.504633 -4.416833 142.351832
v 240.625594 -4.322095 142.295135
v 240.584847 -4.322095 142.296816
v 240.631432 -4.322095 142.262537
v 240.618379 -4.322095 142.235711
v 240.584847 -4.322095 142.216713
v 240.554793 -4.322095 142.238494
v 240.531304 -4.322095 142.262537
v 240.547578 -4.322095 142.292352
v 240.570612 -4.227357 142.206951
v 239.223504 -5.08 142.707986
v 239.352638 -5.08 142.687964
v 239.446233 -5.017835 142.729821
v 239.230371 -5.017835 142.763289
v 239.417182 -5.08 142.584657
v 239.554127 -5.017835 142.557131
v 239.329274 -5.08 142.500041
v 239.407179 -5.017835 142.415684
v 239.223504 -5.08 142.423947
v 239.230371 -5.017835 142.288484
v 239.10158 -5.08 142.487118
v 239.026561 -5.017835 142.394083
v 239.062133 -5.08 142.584657
v 238.96062 -5.017835 142.557131
v 239.078217 -5.08 142.700887
v 238.987506 -5.017835 142.751423
v 239.511051 -4.955671 142.749199
v 239.236995 -4.955671 142.791691
v 239.64803 -4.955671 142.529955
v 239.461467 -4.955671 142.350377
v 239.236995 -4.955671 142.188886
v 238.978241 -4.955671 142.322952
v 238.894524 -4.955671 142.529955
v 238.928658 -4.955671 142.776625
v 239.509055 -4.893506 142.729803
v 239.237086 -4.893506 142.771971
v 239.644991 -4.893506 142.512229
v 239.459849 -4.893506 142.334018
v 239.237086 -4.893506 142.173757
v 238.980303 -4.893506 142.306802
v 238.897223 -4.893506 142.512229
v 238.931097 -4.893506 142.75702
v 239.448432 -4.831341 142.688868
v 239.225887 -4.831341 142.723373
v 239.559666 -4.831341 142.510832
v 239.408169 -4.831341 142.365007
v 239.225887 -4.831341 142.233868
v 239.015767 -4.831341 142.342736
v 238.947784 -4.831341 142.510832
v 238.975503 -4.831341 142.711139
v 239.375764 -4.769177 142.667569
v 239.201656 -4.769177 142.694564
v 239.462787 -4.769177 142.528283
v 239.344264 -4.769177 142.414197
v 239.201656 -4.769177 142.311602
v 239.03727 -4.769177 142.396774
v 238.984084 -4.769177 142.528283
v 239.005769 -4.769177 142.684993
v 239.201656 -4.769177 142.528283
v 239.293322 -4.707012 142.663119
v 239.166444 -4.707012 142.682791
v 239.356739 -4.707012 142.561617
v 239.270367 -4.707012 142.478479
v 239.166444 -4.707012 142.403714
v 239.046651 -4.707012 142.465782
v 239.007893 -4.707012 142.561617
v 239.023695 -4.707012 142.675816
v 239.207172 -4.644847 142.667573
v 239.125948 -4.644847 142.680167
v 239.24777 -4.644847 142.602594
v 239.192477 -4.644847 142.549371
v 239.125948 -4.644847 142.501509
v 239.049259 -4.644847 142.541243
v 239.024447 -4.644847 142.602594
v 239.034564 -4.644847 142.675702
v 239.126324 -4.582683 142.669575
v 239.088432 -4.582683 142.67545
v 239.145263 -4.582683 142.639261
v 239.119468 -4.582683 142.614432
v 239.088432 -4.582683 142.592103
v 239.052655 -4.582683 142.61064
v 239.04108 -4.582683 142.639261
v 239.045799 -4.582683 142.673367
v 239.062919 -4.520518 142.658567
v 238.067551 -5.08 144.129928
v 238.182512 -5.08 144.124826
v 238.238406 -4.989987 144.178107
v 238.046234 -4.989987 144.186635
v 238.196985 -5.08 144.032857
v 238.262598 -4.989987 144.024369
v 238.163059 -5.08 143.956451
v 238.205887 -4.989987 143.896647
v 238.067551 -5.08 143.904661
v 238.046234 -4.989987 143.810073
v 237.983402 -5.08 143.965538
v 237.905569 -4.989987 143.911837
v 237.915401 -5.08 144.032857
v 237.791896 -4.989987 144.024369
v 237.963949 -5.08 144.115739
v 237.87305 -4.989987 144.162917
v 238.275568 -4.899973 144.222492
v 238.03159 -4.899973 144.23332
v 238.306283 -4.899973 144.02731
v 238.234283 -4.899973 143.865156
v 238.03159 -4.899973 143.755244
v 237.853004 -4.899973 143.884441
v 237.708687 -4.899973 144.02731
v 237.811719 -4.899973 144.203208
v 238.266663 -4.80996 144.236957
v 238.024543 -4.80996 144.247703
v 238.297143 -4.80996 144.043261
v 238.225692 -4.80996 143.882342
v 238.024543 -4.80996 143.773267
v 237.847317 -4.80996 143.90148
v 237.704099 -4.80996 144.043261
v 237.806346 -4.80996 144.217819
v 238.221616 -4.719947 144.227984
v 238.023495 -4.719947 144.236777
v 238.246558 -4.719947 144.069488
v 238.188091 -4.719947 143.937811
v 238.023495 -4.719947 143.848557
v 237.878475 -4.719947 143.953471
v 237.761283 -4.719947 144.069488
v 237.844949 -4.719947 144.212324
v 238.179607 -4.629933 144.223413
v 238.024608 -4.629933 144.230292
v 238.19912 -4.629933 144.099414
v 238.153379 -4.629933 143.996398
v 238.024608 -4.629933 143.92657
v 237.911152 -4.629933 144.008649
v 237.819467 -4.629933 144.099414
v 237.884923 -4.629933 144.211162
v 238.024608 -4.629933 144.099414
v 238.135628 -4.53992 144.214486
v 238.022675 -4.53992 144.219499
v 238.149847 -4.53992 144.124124
v 238.116514 -4.53992 144.049053
v 238.022675 -4.53992 143.998167
v 237.939996 -4.53992 144.057981
v 237.873182 -4.53992 144.124124
v 237.920882 -4.53992 144.205558
v 238.084715 -4.449907 144.192403
v 238.012405 -4.449907 144.195613
v 238.093818 -4.449907 144.134556
v 238.072479 -4.449907 144.086497
v 238.012405 -4.449907 144.053921
v 237.959476 -4.449907 144.092212
v 237.916703 -4.449907 144.134556
v 237.94724 -4.449907 144.186688
v 238.02356 -4.359893 144.150893
v 237.989826 -4.359893 144.15239
v 238.027806 -4.359893 144.123906
v 238.017851 -4.359893 144.101486
v 237.989826 -4.359893 144.086289
v 237.965134 -4.359893 144.104153
v 237.94518 -4.359893 144.123906
v 237.959425 -4.359893 144.148227
v 237.953481 -4.26988 144.08968
v 239.240567 -5.08 145.592446
v 239.340859 -5.08 145.546897
v 239.414662 -5.01725 145.599537
v 239.247012 -5.01725 145.675678
v 239.365787 -5.08 145.466663
v 239.456331 -5.01725 145.465417
v 239.35661 -5.08 145.373829
v 239.440992 -5.01725 145.310233
v 239.240567 -5.08 145.366084
v 239.247012 -5.01725 145.297286
v 239.140781 -5.08 145.386834
v 239.080207 -5.01725 145.331973
v 239.082834 -5.08 145.466663
v 238.983341 -5.01725 145.465417
v 239.156532 -5.08 145.533891
v 239.106538 -5.01725 145.577797
v 239.468096 -4.954499 145.632708
v 239.255251 -4.954499 145.729376
v 239.521 -4.954499 145.462432
v 239.501525 -4.954499 145.265413
v 239.255251 -4.954499 145.248975
v 239.043478 -4.954499 145.293014
v 238.920499 -4.954499 145.462432
v 239.076907 -4.954499 145.605107
v 239.470006 -4.891749 145.632988
v 239.258782 -4.891749 145.728919
v 239.522507 -4.891749 145.464009
v 239.503181 -4.891749 145.26849
v 239.258782 -4.891749 145.252178
v 239.048622 -4.891749 145.295881
v 238.92658 -4.891749 145.464009
v 239.081797 -4.891749 145.605597
v 239.424821 -4.828998 145.613869
v 239.251981 -4.828998 145.692367
v 239.467781 -4.828998 145.475597
v 239.451967 -4.828998 145.315608
v 239.251981 -4.828998 145.30226
v 239.080012 -4.828998 145.338021
v 238.980147 -4.828998 145.475597
v 239.107158 -4.828998 145.591455
v 239.367007 -4.766248 145.608338
v 239.231787 -4.766248 145.669751
v 239.400617 -4.766248 145.500161
v 239.388245 -4.766248 145.374995
v 239.231787 -4.766248 145.364552
v 239.097247 -4.766248 145.39253
v 239.019119 -4.766248 145.500161
v 239.118485 -4.766248 145.590803
v 239.231787 -4.766248 145.500161
v 239.297346 -4.703497 145.615946
v 239.198807 -4.703497 145.660699
v 239.321839 -4.703497 145.537114
v 239.312823 -4.703497 145.445901
v 239.198807 -4.703497 145.438291
v 239.100764 -4.703497 145.458679
v 239.043829 -4.703497 145.537114
v 239.11624 -4.703497 145.603167
v 239.22064 -4.640747 145.632545
v 239.157557 -4.640747 145.661195
v 239.236319 -4.640747 145.582079
v 239.230547 -4.640747 145.523687
v 239.157557 -4.640747 145.518815
v 239.094792 -4.640747 145.531867
v 239.058344 -4.640747 145.582079
v 239.1047 -4.640747 145.624365
v 239.145159 -4.577996 145.651147
v 239.11573 -4.577996 145.664513
v 239.152474 -4.577996 145.627604
v 239.149781 -4.577996 145.600363
v 239.11573 -4.577996 145.59809
v 239.086449 -4.577996 145.604179
v 239.069445 -4.577996 145.627604
v 239.091071 -4.577996 145.647331
v 239.082612 -4.515246 145.664691
v 240.4796 -2.493623 144.11075
v 240.548728 -2.493623 144.099749
v 240.589955 -2.442895 144.139677
v 240.474398 -2.442895 144.158067
v 240.55225 -2.493623 144.044446
v 240.595841 -2.442895 144.047232
v 240.54556 -2.493623 143.991678
v 240.584659 -2.442895 143.959023
v 240.4796 -2.493623 143.973073
v 240.474398 -2.442895 143.927923
v 240.427038 -2.493623 144.002396
v 240.386534 -2.442895 143.97694
v 240.380153 -2.493623 144.044446
v 240.308161 -2.442895 144.047232
v 240.42387 -2.493623 144.08903
v 240.381238 -2.442895 144.121759
v 240.624159 -2.392167 144.169336
v 240.47745 -2.392167 144.192684
v 240.631632 -2.392167 144.051969
v 240.617435 -2.392167 143.93998
v 240.47745 -2.392167 143.900496
v 240.365899 -2.392167 143.962728
v 240.266398 -2.392167 144.051969
v 240.359176 -2.392167 144.146588
v 240.633042 -2.34144 144.175223
v 240.486739 -2.34144 144.198507
v 240.640495 -2.34144 144.05818
v 240.626338 -2.34144 143.946502
v 240.486739 -2.34144 143.907127
v 240.375496 -2.34144 143.969186
v 240.27627 -2.34144 144.05818
v 240.368791 -2.34144 144.152538
v 240.620501 -2.290712 144.162532
v 240.498581 -2.290712 144.181935
v 240.626712 -2.290712 144.064996
v 240.614914 -2.290712 143.97193
v 240.498581 -2.290712 143.939118
v 240.405879 -2.290712 143.990834
v 240.323191 -2.290712 144.064996
v 240.400292 -2.290712 144.143628
v 240.605819 -2.239985 144.149334
v 240.508284 -2.239985 144.164857
v 240.610788 -2.239985 144.071306
v 240.60135 -2.239985 143.996853
v 240.508284 -2.239985 143.970603
v 240.434122 -2.239985 144.011976
v 240.367971 -2.239985 144.071306
v 240.429652 -2.239985 144.134211
v 240.584158 -2.189257 144.134486
v 240.511006 -2.189257 144.146128
v 240.587884 -2.189257 144.075965
v 240.580805 -2.189257 144.020125
v 240.511006 -2.189257 144.000438
v 240.455385 -2.189257 144.031468
v 240.405772 -2.189257 144.075965
v 240.452032 -2.189257 144.123144
v 240.551459 -2.13853 144.117029
v 240.502691 -2.13853 144.12479
v 240.553943 -2.13853 144.078014
v 240.549224 -2.13853 144.040788
v 240.502691 -2.13853 144.027663
v 240.46561 -2.13853 144.04835
v 240.432534 -2.13853 144.078014
v 240.463375 -2.13853 144.109467
v 240.50529 -2.087802 144.096386
v 240.480906 -2.087802 144.100266
v 240.506532 -2.087802 144.076879
v 240.504172 -2.087802 144.058266
v 240.480906 -2.087802 144.051703
v 240.462366 -2.087802 144.062046
v 240.445828 -2.087802 144.076879
v 240.461248 -2.087802 144.092605
v 240.445456 -2.037075 144.072512
v 239.77644 -2.464048 143.603406
v 239.832532 -2.464048 143.599004
v 239.868526 -2.417079 143.623612
v 239.774763 -2.417079 143.63097
v 239.836335 -2.464048 143.554131
v 239.874884 -2.417079 143.548601
v 239.825685 -2.464048 143.514736
v 239.85708 -2.417079 143.482747
v 239.77644 -2.464048 143.493901
v 239.774763 -2.417079 143.447919
v 239.735742 -2.464048 143.521572
v 239.70673 -2.417079 143.494175
v 239.699454 -2.464048 143.554131
v 239.646071 -2.417079 143.548601
v 239.728895 -2.464048 143.592167
v 239.695285 -2.417079 143.612183
v 239.897558 -2.37011 143.642656
v 239.778518 -2.37011 143.651998
v 239.90563 -2.37011 143.547424
v 239.883026 -2.37011 143.463817
v 239.778518 -2.37011 143.4196
v 239.692145 -2.37011 143.478326
v 239.615132 -2.37011 143.547424
v 239.677614 -2.37011 143.628147
v 239.906352 -2.323142 143.645517
v 239.787641 -2.323142 143.654833
v 239.914402 -2.323142 143.550548
v 239.891861 -2.323142 143.467172
v 239.787641 -2.323142 143.423078
v 239.701507 -2.323142 143.481641
v 239.624707 -2.323142 143.550548
v 239.687016 -2.323142 143.631048
v 239.899693 -2.276173 143.636021
v 239.800767 -2.276173 143.643784
v 239.906401 -2.276173 143.55688
v 239.887617 -2.276173 143.4874
v 239.800767 -2.276173 143.450654
v 239.728988 -2.276173 143.499457
v 239.664988 -2.276173 143.55688
v 239.716912 -2.276173 143.623963
v 239.89458 -2.229205 143.627763
v 239.81544 -2.229205 143.633974
v 239.899947 -2.229205 143.564451
v 239.88492 -2.229205 143.508866
v 239.81544 -2.229205 143.47947
v 239.758017 -2.229205 143.518512
v 239.706817 -2.229205 143.564451
v 239.748356 -2.229205 143.618117
v 239.887882 -2.182236 143.618235
v 239.828526 -2.182236 143.622893
v 239.891907 -2.182236 143.570751
v 239.880637 -2.182236 143.529062
v 239.828526 -2.182236 143.507015
v 239.78546 -2.182236 143.536297
v 239.74706 -2.182236 143.570751
v 239.778214 -2.182236 143.611001
v 239.876342 -2.135267 143.604828
v 239.836772 -2.135267 143.607933
v 239.879025 -2.135267 143.573171
v 239.871512 -2.135267 143.545379
v 239.836772 -2.135267 143.530681
v 239.80806 -2.135267 143.550202
v 239.78246 -2.135267 143.573171
v 239.80323 -2.135267 143.600005
v 239.857191 -2.088299 143.585322
v 239.837405 -2.088299 143.586874
v 239.858532 -2.088299 143.569494
v 239.854775 -2.088299 143.555598
v 239.837405 -2.088299 143.548249
v 239.82305 -2.088299 143.558009
v 239.81025 -2.088299 143.569494
v 239.820635 -2.088299 143.58291
v 239.828703 -2.04133 143.558336
v 239.848751 -2.384346 144.577899
v 239.919172 -2.384346 144.570396
v 239.960314 -2.337019 144.613201
v 239.842597 -2.337019 144.625743
v 239.922943 -2.384346 144.51406
v 239.966617 -2.337019 144.519027
v 239.912617 -2.384346 144.462967
v 239.949356 -2.337019 144.43362
v 239.848751 -2.384346 144.439732
v 239.842597 -2.337019 144.39478
v 239.797048 -2.384346 144.472697
v 239.756169 -2.337019 144.449885
v 239.750234 -2.384346 144.51406
v 239.677913 -2.337019 144.519027
v 239.790493 -2.384346 144.560666
v 239.745211 -2.337019 144.596936
v 239.993713 -2.289692 144.64777
v 239.844261 -2.289692 144.663694
v 240.001716 -2.289692 144.528209
v 239.979802 -2.289692 144.419777
v 239.844261 -2.289692 144.370466
v 239.734534 -2.289692 144.440427
v 239.635181 -2.289692 144.528209
v 239.720622 -2.289692 144.62712
v 240.001959 -2.242365 144.660391
v 239.85292 -2.242365 144.676271
v 240.00994 -2.242365 144.54116
v 239.988086 -2.242365 144.433027
v 239.85292 -2.242365 144.383853
v 239.743496 -2.242365 144.453621
v 239.644417 -2.242365 144.54116
v 239.729623 -2.242365 144.639798
v 239.990194 -2.195039 144.65585
v 239.865995 -2.195039 144.669083
v 239.996845 -2.195039 144.556491
v 239.978633 -2.195039 144.46638
v 239.865995 -2.195039 144.425402
v 239.774808 -2.195039 144.483541
v 239.692243 -2.195039 144.556491
v 239.763247 -2.195039 144.638689
v 239.978943 -2.147712 144.651587
v 239.879584 -2.147712 144.662173
v 239.984263 -2.147712 144.572099
v 239.969694 -2.147712 144.500011
v 239.879584 -2.147712 144.467228
v 239.806634 -2.147712 144.513739
v 239.740582 -2.147712 144.572099
v 239.797385 -2.147712 144.637858
v 239.963666 -2.100385 144.645153
v 239.889147 -2.100385 144.653093
v 239.967656 -2.100385 144.585537
v 239.956729 -2.100385 144.531471
v 239.889147 -2.100385 144.506884
v 239.834434 -2.100385 144.541768
v 239.784895 -2.100385 144.585537
v 239.827498 -2.100385 144.634856
v 239.940017 -2.053058 144.634207
v 239.890337 -2.053058 144.639501
v 239.942677 -2.053058 144.594464
v 239.935393 -2.053058 144.558419
v 239.890337 -2.053058 144.542028
v 239.853862 -2.053058 144.565284
v 239.820836 -2.053058 144.594464
v 239.849238 -2.053058 144.627343
v 239.904686 -2.005731 144.616966
v 239.879846 -2.005731 144.619613
v 239.906016 -2.005731 144.597094
v 239.902374 -2.005731 144.579072
v 239.879846 -2.005731 144.570876
v 239.861609 -2.005731 144.582504
v 239.845096 -2.005731 144.597094
v 239.859297 -2.005731 144.613534
v 239.856117 -1.958405 144.59259
v 237.840363 1.629761 145.407719
v 237.814145 1.51698 145.342288
v 237.796807 1.51698 145.463139
v 237.910137 1.51698 145.417729
v 238.640257 0.018485 144.709386
v 238.746741 -0.169648 144.659517
v 238.543826 -0.169648 144.642102
v 238.630202 -0.169648 144.826539
v 239.830274 -2.284409 143.787752
v 239.739857 -2.472438 143.712684
v 239.810471 -2.472438 143.90359
v 239.940493 -2.472438 143.746983
v 238.139055 6.215202 143.818457
v 238.13366 6.100645 143.747063
v 238.079923 6.100645 143.858826
v 238.203582 6.100645 143.849482
v 239.413105 -2.397186 143.521066
v 239.305122 -2.571515 143.535585
v 239.479671 -2.571515 143.607323
v 239.454523 -2.571515 143.42029
v 239.046175 -2.056189 144.714935
v 238.955976 -2.212034 144.751697
v 239.123112 -2.212034 144.774669
v 239.059438 -2.212034 144.61844
v 236.805854 3.540831 143.693279
v 236.876934 3.413241 143.657129
v 236.739008 3.413241 143.649797
v 236.801621 3.413241 143.77291
v 238.656183 2.521225 143.913248
v 238.552464 2.353981 143.900267
v 238.6968 2.353981 144.009561
v 238.719283 2.353981 143.829915
v 238.695539 -0.31531 143.998124
v 238.68403 -0.454483 144.084342
v 238.775961 -0.454483 143.964982
v 238.626627 -0.454483 143.945047
v 239.333055 3.96231 144.113129
v 239.432986 3.794088 144.145807
v 239.311388 3.794088 144.010247
v 239.254789 3.794088 144.183334
v 238.441081 2.771918 145.790074
v 238.455429 2.651205 145.716005
v 238.369762 2.651205 145.814683
v 238.498053 2.651205 145.839533
v 238.840397 -1.534385 144.81095
v 238.728536 -1.716355 144.79041
v 238.878539 -1.716355 144.918094
v 238.914115 -1.716355 144.724345
v 239.503271 -1.340634 143.891823
v 239.412141 -1.507725 143.942828
v 239.593007 -1.507725 143.945241
v 239.504664 -1.507725 143.7874
v 238.658463 -1.544217 144.377556
v 238.584754 -1.714009 144.301212
v 238.629202 -1.714009 144.479561
v 238.761433 -1.714009 144.351893
vn 0.282009 -0.091932 0.954997
vn 0.288414 -0.102474 0.952007
vn 0.867687 -0.115485 0.483511
vn 0.865282 -0.107749 0.489569
vn 0.970272 -0.136587 -0.199789
vn 0.975444 -0.118431 -0.185696
vn 0.680961 -0.12323 -0.721877
vn 0.679017 -0.126727 -0.723102
vn -0.227128 -0.084308 -0.970209
vn -0.23517 -0.097563 -0.967045
vn -0.43553 -0.084718 -0.896179
vn -0.436898 -0.086811 -0.895312
vn -0.819335 -0.127248 -0.559015
vn -0.814762 -0.110496 -0.569169
vn -0.409249 -0.096656 0.907289
vn -0.413104 -0.089514 0.906274
vn -0.537239 -0.090266 0.838586
vn -0.529916 -0.101993 0.841895
vn 0.251944 0.290424 0.923135
vn 0.213685 0.32992 0.919506
vn 0.823934 0.364237 0.434125
vn 0.845821 0.335833 0.414492
vn 0.876365 0.42081 -0.234314
vn 0.888178 0.352932 -0.294242
vn 0.639149 0.381743 -0.667653
vn 0.642906 0.394912 -0.65629
vn -0.196391 0.269838 -0.942665
vn -0.145218 0.329722 -0.932843
vn -0.416153 0.271491 -0.867819
vn -0.40827 0.278841 -0.869232
vn -0.776973 0.405696 -0.481377
vn -0.818263 0.352881 -0.453784
vn -0.379152 0.306072 0.873249
vn -0.368656 0.271977 0.888888
vn -0.53562 0.285191 0.794844
vn -0.561491 0.329397 0.759095
vn 0.13882 0.57101 0.809121
vn -0.017588 0.662536 0.748823
vn 0.661127 0.707888 0.248608
vn 0.748558 0.633153 0.196923
vn 0.55899 0.750759 -0.351981
vn 0.633905 0.582809 -0.508428
vn 0.50579 0.709409 -0.490831
vn 0.509348 0.737759 -0.443031
vn -0.071641 0.552948 -0.83013
vn 0.170672 0.719746 -0.672931
vn -0.338325 0.561854 -0.754889
vn -0.30593 0.580913 -0.754286
vn -0.58788 0.79159 -0.166681
vn -0.735836 0.670614 -0.093927
vn -0.265681 0.607175 0.748834
vn -0.252584 0.49818 0.829468
vn -0.533668 0.56039 0.633374
vn -0.599195 0.661472 0.451022
vn -0.124885 0.81287 0.568899
vn -0.719266 0.65688 0.226195
vn 0.300288 0.940381 -0.159723
vn 0.634569 0.657626 -0.406018
vn 0.014565 0.837591 -0.546104
vn 0.228744 0.391916 -0.89111
vn 0.273341 0.947613 -0.165274
vn 0.30691 0.947649 0.08813
vn 0.251256 0.817249 -0.518627
vn 0.823996 0.504079 0.258717
vn -0.126184 0.884278 -0.449589
vn 0.081052 0.88268 -0.462932
vn -0.1372 0.884976 0.444965
vn -0.474747 0.513793 0.714585
vn 0.002136 0.881521 0.47214
vn 0.002881 0.489033 0.87226
vn -0.546199 0.792014 0.272728
vn -0.656059 0.6061 -0.449699
vn -0.767342 0.641238 0
vn -0.091709 0.626108 -0.774324
vn -0.01356 0.422187 -0.906407
vn 0.56378 0.785616 -0.254872
vn 0.837025 0.54477 0.051129
vn 0.475392 0.76693 0.431068
vn 0.006756 0.441601 0.897186
vn -0.005354 0.481265 0.876559
vn -0.841526 0.540216 0
vn 0.845274 -0.108019 0.523301
vn 0.842719 -0.097409 0.529467
vn 0.980684 -0.132056 -0.144292
vn 0.984125 -0.116503 -0.133888
vn 0.894242 -0.130585 -0.428111
vn 0.88999 -0.140944 -0.433651
vn -0.325757 -0.094551 -0.940714
vn -0.333632 -0.10793 -0.936505
vn -0.609755 -0.087588 -0.787736
vn -0.608968 -0.086063 -0.788512
vn -0.79253 -0.110392 -0.599757
vn -0.78908 -0.094689 -0.606948
vn -0.547008 -0.128182 0.827255
vn -0.549568 -0.123921 0.826208
vn -0.557206 -0.11103 0.822918
vn -0.544522 -0.128104 0.828906
vn 0.323795 -0.098954 0.940938
vn 0.328389 -0.106505 0.938519
vn 0.810344 0.344047 0.474315
vn 0.835667 0.303309 0.457891
vn 0.895619 0.410947 -0.170262
vn 0.909576 0.355102 -0.215809
vn 0.836046 0.396795 -0.378921
vn 0.836436 0.426749 -0.34389
vn -0.288414 0.302589 -0.908437
vn -0.233125 0.368371 -0.899975
vn -0.590155 0.281691 -0.756549
vn -0.595247 0.275461 -0.754853
vn -0.761892 0.358466 -0.539464
vn -0.795264 0.304882 -0.524026
vn -0.499468 0.395015 0.771035
vn -0.493909 0.37648 0.783784
vn -0.556947 0.343258 0.756297
vn -0.59864 0.401602 0.69307
vn 0.294723 0.313125 0.902824
vn 0.26662 0.343944 0.900343
vn 0.668988 0.688878 0.27911
vn 0.7785 0.575699 0.250016
vn 0.595272 0.759307 -0.262878
vn 0.673655 0.624406 -0.395356
vn 0.674943 0.701032 -0.230232
vn 0.661038 0.74156 -0.114533
vn -0.13646 0.617824 -0.774385
vn 0.139403 0.790087 -0.596933
vn -0.508907 0.58962 -0.627186
vn -0.531521 0.570036 -0.626534
vn -0.603943 0.751596 -0.265248
vn -0.749286 0.615571 -0.244218
vn -0.347502 0.723623 0.596332
vn -0.341487 0.676524 0.652459
vn -0.564723 0.628236 0.53517
vn -0.652195 0.707885 0.271183
vn 0.184814 0.619266 0.763121
vn 0.065584 0.69735 0.713723
vn 0.307362 0.933291 -0.185734
vn 0.752113 0.580765 -0.311508
vn 0.026749 0.901623 -0.431695
vn 0.241569 0.503786 -0.829364
vn 0.461463 0.88692 0.020595
vn 0.477823 0.753057 0.452317
vn 0.246588 0.881394 -0.402912
vn 0.815148 0.484813 0.317002
vn -0.270642 0.929216 -0.251617
vn -0.429443 0.86756 -0.250837
vn -0.111778 0.912349 0.393859
vn -0.564159 0.581605 0.586055
vn -0.074233 0.950009 0.30327
vn -0.041143 0.801075 0.597148
vn -0.608745 0.781846 0.134711
vn -0.708103 0.481238 -0.516721
vn -0.074254 0.889265 0.451326
vn -0.619021 0.77443 0.130659
vn 0.055362 0.614014 -0.787351
vn 0.06496 0.530373 -0.845272
vn 0.751731 0.626293 0.206539
vn 0.820143 0.495678 0.285777
vn 0.283154 0.730308 0.621671
vn -0.030804 0.507711 0.860976
vn -0.152991 0.699256 0.698308
vn -0.841255 0.466708 -0.272898
vn -0.678306 0.670557 -0.300423
vn 0.992023 -0.124229 0.021368
vn 0.993166 -0.113407 0.027587
vn 0.993757 -0.111403 -0.006108
vn 0.992047 -0.125137 -0.013569
vn 0.082753 -0.119767 -0.989347
vn 0.072676 -0.133853 -0.988333
vn -0.478934 -0.104626 -0.871594
vn -0.47561 -0.098898 -0.874079
vn -0.606745 -0.12215 -0.785455
vn -0.601424 -0.105066 -0.791991
vn -0.899366 -0.134686 0.415933
vn -0.898718 -0.136486 0.416746
vn -0.783058 -0.115402 0.611148
vn -0.772329 -0.134209 0.620883
vn -0.089596 -0.119449 0.988789
vn -0.086404 -0.12377 0.988542
vn 0.657576 -0.126894 0.742625
vn 0.652287 -0.11164 0.749706
vn 0.922177 0.386766 -0.001264
vn 0.938348 0.344698 -0.026204
vn 0.939448 0.342378 0.014669
vn 0.922586 0.382457 0.050624
vn 0.104959 0.373143 -0.921818
vn 0.15407 0.433728 -0.887774
vn -0.466394 0.331331 -0.820181
vn -0.485634 0.306998 -0.818481
vn -0.586877 0.389173 -0.710014
vn -0.626028 0.330324 -0.706382
vn -0.828066 0.412571 0.379594
vn -0.827067 0.419568 0.374063
vn -0.75983 0.354068 0.545247
vn -0.77911 0.414671 0.470144
vn -0.093217 0.371108 0.923899
vn -0.107409 0.387058 0.915778
vn 0.631559 0.395228 0.667029
vn 0.670885 0.337218 0.660453
vn 0.683956 0.724802 -0.082867
vn 0.76992 0.619096 -0.154737
vn 0.77849 0.621638 0.086715
vn 0.702051 0.682809 0.202226
vn 0.18644 0.699651 -0.689731
vn 0.34607 0.810659 -0.4723
vn -0.42092 0.656027 -0.626463
vn -0.494159 0.584028 -0.643986
vn -0.497933 0.76805 -0.402693
vn -0.64737 0.628392 -0.431318
vn -0.611706 0.744329 0.267937
vn -0.60219 0.759137 0.247139
vn -0.697065 0.635097 0.332795
vn -0.70084 0.710689 0.061202
vn -0.10827 0.695133 0.710681
vn -0.154963 0.728772 0.666992
vn 0.543538 0.737222 0.401336
vn 0.68522 0.593377 0.422347
vn 0.224516 0.940406 -0.2554
vn 0.557716 0.617076 -0.555131
vn 0.542542 0.804967 0.240158
vn 0.333651 0.666068 0.667106
vn 0.360874 0.901091 -0.240425
vn 0.690014 0.578359 0.43518
vn -0.320055 0.931011 -0.175453
vn -0.687911 0.669955 -0.279175
vn -0.254844 0.928258 0.27091
vn -0.761203 0.586819 0.276068
vn -0.257073 0.963149 0.079104
vn -0.213432 0.976322 -0.035237
vn -0.629216 0.776227 -0.039495
vn -0.557382 0.487622 -0.671974
vn -0.150178 0.936536 0.316775
vn -0.401371 0.910171 0.102418
vn 0.378022 0.918362 -0.117094
vn 0.855546 0.515498 -0.047995
vn 0.530711 0.62969 -0.567306
vn 0.657918 0.5333 0.531729
vn 0.649551 0.551983 0.522874
vn -0.276879 0.755762 0.593431
vn -0.481492 0.591019 0.647195
vn -0.543446 0.828069 0.137725
vn -0.688498 0.477245 -0.546084
vn -0.293862 0.794065 -0.532077
vn 0.536796 0.606338 -0.586689
vn 0.966249 -0.111162 -0.232391
vn 0.962156 -0.128055 -0.240535
vn 0.058093 -0.131812 -0.989571
vn 0.050832 -0.143208 -0.988386
vn -0.675564 -0.12317 -0.72694
vn -0.67125 -0.112449 -0.732652
vn -0.724292 -0.141269 -0.674865
vn -0.720186 -0.123424 -0.682714
vn -0.839196 -0.141498 0.525098
vn -0.835764 -0.150145 0.528162
vn -0.542212 -0.117697 0.831957
vn -0.530776 -0.135645 0.836587
vn 0.009287 -0.126023 0.991984
vn 0.008853 -0.12536 0.992072
vn 0.700094 -0.156231 0.69675
vn 0.694338 -0.135196 0.706836
vn 0.932188 -0.128325 -0.338465
vn 0.933948 -0.122316 -0.335828
vn 0.919205 0.341096 -0.196763
vn 0.907657 0.39223 -0.149378
vn 0.073802 0.403521 -0.911989
vn 0.107361 0.445872 -0.888635
vn -0.646277 0.38273 -0.660185
vn -0.677776 0.339282 -0.652309
vn -0.677633 0.439199 -0.589845
vn -0.71889 0.381988 -0.58076
vn -0.772198 0.429459 0.468268
vn -0.76907 0.462 0.441686
vn -0.535662 0.362577 0.762629
vn -0.569874 0.42586 0.702771
vn 0.009974 0.390181 0.920684
vn 0.011948 0.387907 0.921621
vn 0.651768 0.472291 0.593413
vn 0.704408 0.401627 0.585239
vn 0.859699 0.395916 -0.322751
vn 0.86466 0.371224 -0.33846
vn 0.783708 0.615923 -0.080261
vn 0.714089 0.695536 0.079419
vn 0.129467 0.725138 -0.676323
vn 0.235621 0.798314 -0.554237
vn -0.551879 0.713348 -0.431931
vn -0.668517 0.599931 -0.439509
vn -0.513327 0.807728 -0.28995
vn -0.662477 0.692593 -0.285376
vn -0.58123 0.756848 0.298921
vn -0.544195 0.815475 0.197109
vn -0.524386 0.659231 0.53892
vn -0.591869 0.754685 0.283093
vn 0.012654 0.723789 0.689906
vn 0.019151 0.71908 0.694664
vn 0.513916 0.81175 0.277402
vn 0.685798 0.669265 0.285947
vn 0.628502 0.727111 -0.276214
vn 0.667245 0.666404 -0.3327
vn 0.601085 0.7869 0.13959
vn 0.407083 0.631707 0.65972
vn 0.251833 0.922262 -0.293279
vn 0.630956 0.758203 0.164387
vn -0.388688 0.921298 0.011508
vn -0.828795 0.558954 -0.025862
vn -0.202056 0.943201 0.263716
vn -0.650379 0.638907 0.410859
vn -0.300592 0.953535 0.020405
vn -0.155486 0.892288 -0.423847
vn -0.541387 0.828224 0.144725
vn -0.63158 0.550692 -0.545752
vn 0.019468 0.962124 0.271916
vn 0.058515 0.955147 0.290295
vn 0.31904 0.919998 -0.227632
vn 0.801617 0.537924 -0.26086
vn 0.218692 0.953203 -0.208756
vn 0.400158 0.772307 -0.493372
vn 0.684927 0.542706 0.486154
vn 0.563598 0.697777 0.442114
vn -0.43822 0.682176 0.58532
vn -0.461447 0.649716 0.6041
vn -0.540096 0.828821 -0.146123
vn -0.677855 0.553864 -0.483475
vn 0.04405 0.840576 -0.5399
vn 0.518062 0.580966 -0.627767
vn 0.511536 0.698435 -0.500518
vn 0.575788 -0.142468 -0.80509
vn 0.572078 -0.14929 -0.806498
vn -0.295845 -0.136523 -0.94543
vn -0.288299 -0.121193 -0.94984
vn -0.346262 -0.151973 -0.925747
vn -0.340574 -0.136767 -0.930217
vn -0.987165 -0.15732 -0.027488
vn -0.984626 -0.173631 -0.019097
vn -0.794306 -0.127457 0.593997
vn -0.786346 -0.143857 0.600804
vn -0.403634 -0.133186 0.905175
vn -0.407195 -0.127208 0.904439
vn 0.155568 -0.169212 0.973225
vn 0.145618 -0.145709 0.978552
vn 0.989531 -0.137005 0.045369
vn 0.989548 -0.13686 0.045439
vn 0.967533 -0.118337 0.223329
vn 0.967369 -0.13785 0.212589
vn 0.533824 0.431247 -0.727363
vn 0.541183 0.455039 -0.707149
vn -0.2992 0.417951 -0.857786
vn -0.337448 0.358383 -0.870454
vn -0.332142 0.463915 -0.821258
vn -0.366393 0.417676 -0.831447
vn -0.883071 0.466884 -0.046962
vn -0.84888 0.521664 -0.08526
vn -0.753369 0.391038 0.528701
vn -0.758998 0.45182 0.468808
vn -0.360808 0.410789 0.8373
vn -0.350325 0.390048 0.851549
vn 0.172593 0.506147 0.845001
vn 0.219048 0.434498 0.87363
vn 0.907196 0.418668 0.041384
vn 0.907484 0.418071 0.041089
vn 0.90251 0.360071 0.236273
vn 0.864575 0.417611 0.279485
vn 0.4189 0.755702 -0.503425
vn 0.430753 0.796664 -0.424002
vn -0.318205 0.747344 -0.583286
vn -0.434593 0.606095 -0.666167
vn -0.29279 0.81986 -0.49204
vn -0.403564 0.737568 -0.541415
vn -0.61399 0.781691 -0.109436
vn -0.470785 0.854252 -0.220488
vn -0.633377 0.70478 0.31956
vn -0.592816 0.801007 0.083414
vn -0.220173 0.752329 0.620906
vn -0.193195 0.708078 0.679192
vn 0.231175 0.848243 0.476489
vn 0.365345 0.723566 0.585641
vn 0.659879 0.7508 0.029324
vn 0.661426 0.749472 0.028416
vn 0.716496 0.635791 0.287059
vn 0.564098 0.715746 0.411704
vn 0.26495 0.951302 -0.157561
vn 0.352177 0.916666 0.188932
vn -0.379457 0.917579 -0.11858
vn -0.761457 0.515127 -0.393481
vn -0.240898 0.968578 0.06184
vn -0.662699 0.747894 0.038523
vn -0.260312 0.936586 -0.234615
vn 0.184952 0.767561 -0.613713
vn -0.460517 0.886024 -0.053721
vn -0.280198 0.62732 -0.726608
vn 0.042606 0.969537 0.241209
vn 0.220608 0.847444 0.482877
vn 0.341543 0.937547 -0.065991
vn 0.781369 0.608973 0.136434
vn 0.258978 0.965837 0.009413
vn 0.267279 0.96361 0.004101
vn 0.453432 0.788831 0.414904
vn 0.028293 0.60448 0.796118
vn 0.030063 0.821879 0.568869
vn -0.741123 0.645069 0.186073
vn -0.638409 0.758703 0.12963
vn -0.214226 0.757485 -0.616704
vn -0.221485 0.617017 -0.755139
vn 0.538707 0.787341 -0.299815
vn 0.741015 0.625427 -0.244412
vn 0.57451 0.818268 0.019417
vn 0.260215 0.557528 0.788321
vn -0.483682 -0.152509 -0.861854
vn -0.476714 -0.132929 -0.86895
vn -0.593914 -0.16221 -0.788007
vn -0.591245 -0.152179 -0.792004
vn -0.986338 -0.162756 0.025455
vn -0.982052 -0.185043 0.036516
vn -0.625022 -0.138017 0.768309
vn -0.617794 -0.151362 0.771635
vn -0.131146 -0.143449 0.98093
vn -0.137676 -0.132077 0.981632
vn 0.235187 -0.174832 0.956097
vn 0.227198 -0.152053 0.961905
vn 0.974978 -0.142759 -0.170405
vn 0.973508 -0.149364 -0.173126
vn 0.992077 -0.124181 -0.019036
vn 0.989107 -0.144143 -0.02982
vn 0.492076 -0.153724 -0.856873
vn 0.491502 -0.154803 -0.857008
vn -0.46349 0.457808 -0.758675
vn -0.509887 0.385298 -0.769129
vn -0.537911 0.484744 -0.689692
vn -0.562288 0.455039 -0.690486
vn -0.878824 0.477106 -0.006124
vn -0.836781 0.544305 -0.059412
vn -0.589235 0.419593 0.690466
vn -0.601865 0.468621 0.646647
vn -0.098136 0.437895 0.893654
vn -0.074419 0.39806 0.914336
vn 0.234276 0.519854 0.821502
vn 0.277588 0.454313 0.846489
vn 0.889 0.433763 -0.146729
vn 0.877865 0.460703 -0.130788
vn 0.926484 0.376188 0.010515
vn 0.898247 0.434895 0.063392
vn 0.443613 0.460082 -0.769111
vn 0.444859 0.463594 -0.766277
vn -0.418691 0.780963 -0.463459
vn -0.563689 0.625897 -0.538988
vn -0.389008 0.822079 -0.415763
vn -0.467793 0.774171 -0.426413
vn -0.619797 0.778384 -0.099849
vn -0.462121 0.851305 -0.248444
vn -0.491796 0.741036 0.457168
vn -0.499446 0.820295 0.278692
vn 0.009679 0.778687 0.627338
vn 0.075781 0.694419 0.71557
vn 0.241205 0.862231 0.445396
vn 0.369928 0.759433 0.535178
vn 0.638051 0.766445 -0.073847
vn 0.573083 0.819312 -0.017409
vn 0.745951 0.657262 0.10754
vn 0.622947 0.734907 0.268046
vn 0.313773 0.786341 -0.53218
vn 0.316529 0.792187 -0.521774
vn -0.392179 0.919769 -0.01485
vn -0.831013 0.506041 -0.230956
vn -0.189272 0.981913 -0.004745
vn -0.495281 0.866311 0.064819
vn -0.314688 0.909931 -0.27018
vn 0.095862 0.697074 -0.710562
vn -0.369905 0.925933 0.076281
vn -0.386037 0.747669 -0.540339
vn 0.211112 0.958585 0.191171
vn 0.514879 0.706954 0.484887
vn 0.275784 0.956162 -0.098473
vn 0.723338 0.690304 0.016193
vn 0.24804 0.967224 0.054341
vn -0.058709 0.943303 0.3267
vn 0.50949 0.807299 0.297804
vn 0.181026 0.611472 0.77028
vn 0.134347 0.970973 -0.197895
vn 0.156986 0.975668 -0.153058
vn -0.751413 0.62626 0.207792
vn -0.539867 0.841618 -0.014917
vn -0.219392 0.687276 -0.692473
vn -0.214803 0.69788 -0.683244
vn 0.633189 0.73044 -0.255988
vn 0.665985 0.699966 -0.257898
vn 0.411333 0.883416 0.224458
vn 0.296602 0.594891 0.747082
vn -0.178819 0.889242 0.421038
vn -0.401993 -0.164443 -0.900755
vn -0.401074 -0.161863 -0.901632
vn -0.881122 -0.157939 -0.445734
vn -0.882848 -0.182737 -0.43265
vn -0.849002 -0.148237 0.50717
vn -0.845334 -0.156998 0.51065
vn -0.342816 -0.148077 0.927659
vn -0.351468 -0.132347 0.926798
vn -0.191244 -0.169103 0.966866
vn -0.198536 -0.15071 0.968437
vn 0.967185 -0.148024 0.206497
vn 0.966364 -0.161337 0.20028
vn 0.959758 -0.13002 0.248917
vn 0.95984 -0.14841 0.238077
vn 0.803935 -0.159967 -0.572799
vn 0.806179 -0.154662 -0.571099
vn -0.122887 -0.165219 -0.978571
vn -0.113499 -0.143011 -0.983192
vn -0.359329 0.486571 -0.796324
vn -0.365748 0.478793 -0.798114
vn -0.776145 0.463054 -0.427996
vn -0.710328 0.533028 -0.459691
vn -0.775388 0.445965 0.447089
vn -0.772454 0.47728 0.418949
vn -0.282886 0.448618 0.847772
vn -0.260679 0.391578 0.882447
vn -0.144808 0.505642 0.850504
vn -0.122875 0.453267 0.882865
vn 0.871246 0.447013 0.202755
vn 0.83652 0.499728 0.224735
vn 0.882688 0.393012 0.25769
vn 0.842479 0.447933 0.299309
vn 0.711018 0.476871 -0.516767
vn 0.711437 0.460217 -0.531091
vn -0.142161 0.488353 -0.860989
vn -0.182658 0.409938 -0.893637
vn -0.251589 0.811495 -0.527427
vn -0.271832 0.799543 -0.535574
vn -0.516965 0.754865 -0.403641
vn -0.304664 0.826245 -0.473812
vn -0.575484 0.770115 0.275213
vn -0.542975 0.821515 0.174047
vn -0.096935 0.781892 0.615832
vn -0.050977 0.659077 0.750346
vn -0.006133 0.852309 0.523002
vn 0.056053 0.772297 0.632784
vn 0.596619 0.777421 0.199152
vn 0.430909 0.865273 0.256164
vn 0.666965 0.683636 0.29631
vn 0.509911 0.755051 0.412176
vn 0.460178 0.806917 -0.370299
vn 0.46785 0.778976 -0.417508
vn -0.208073 0.806379 -0.553587
vn -0.316725 0.651949 -0.688947
vn -0.114174 0.979536 -0.165754
vn -0.208901 0.9623 -0.174183
vn -0.1927 0.878401 -0.437353
vn 0.350224 0.657214 -0.667393
vn -0.301352 0.953497 0.005559
vn -0.19366 0.885477 -0.422405
vn 0.22335 0.937528 0.26675
vn 0.410636 0.586334 0.698276
vn 0.220286 0.974515 0.042369
vn 0.554377 0.782974 0.282166
vn 0.178112 0.959103 0.219993
vn -0.424505 0.804157 0.416085
vn 0.363276 0.838933 0.405244
vn -0.078325 0.638373 0.765732
vn 0.099653 0.979188 -0.176803
vn 0.077373 0.91961 -0.385137
vn -0.345189 0.928213 -0.138802
vn -0.680551 0.525641 -0.510443
vn -0.296607 0.867324 -0.399716
vn 0.134138 0.640934 -0.755785
vn 0.176594 0.790798 -0.586049
vn 0.717118 0.679304 0.155844
vn 0.590795 0.794187 0.142224
vn 0.016633 0.844322 0.535579
vn -0.100546 0.639902 0.761851
vn -0.509339 0.858826 0.054705
vn -0.758056 0.627264 -0.178581
vn -0.825974 -0.137547 -0.54667
vn -0.829202 -0.159691 -0.535652
vn -0.906096 -0.155152 0.393597
vn -0.905007 -0.158129 0.394915
vn -0.230488 -0.151624 0.96119
vn -0.24103 -0.132794 0.96139
vn -0.259708 -0.163684 0.951714
vn -0.264852 -0.151468 0.952319
vn 0.94035 -0.141593 0.309343
vn 0.940217 -0.159359 0.300994
vn 0.973373 -0.12627 0.191313
vn 0.973067 -0.140309 0.182903
vn 0.873163 -0.161064 -0.460049
vn 0.877446 -0.14971 -0.455714
vn -0.060775 -0.178083 -0.982137
vn -0.050701 -0.155216 -0.986579
vn -0.542231 -0.15471 -0.825863
vn -0.54386 -0.159842 -0.823812
vn -0.74383 0.412047 -0.526245
vn -0.684866 0.47766 -0.550272
vn -0.814786 0.463188 0.348685
vn -0.812841 0.473048 0.339875
vn -0.173459 0.455143 0.87336
vn -0.143747 0.384529 0.911852
vn -0.214454 0.490035 0.844911
vn -0.199868 0.455284 0.867623
vn 0.850582 0.430304 0.30224
vn 0.801272 0.50045 0.327891
vn 0.900903 0.385196 0.199994
vn 0.871982 0.429753 0.234434
vn 0.765989 0.482481 -0.424822
vn 0.769887 0.448225 -0.454278
vn -0.087167 0.517083 -0.851485
vn -0.127253 0.439442 -0.889211
vn -0.48077 0.461861 -0.745349
vn -0.466246 0.4792 -0.743628
vn -0.519554 0.702411 -0.486499
vn -0.313232 0.784775 -0.534803
vn -0.573153 0.787386 0.226979
vn -0.561483 0.803504 0.197782
vn -0.000174 0.775797 0.630983
vn 0.061836 0.621999 0.780573
vn -0.081987 0.832648 0.5477
vn -0.040687 0.779655 0.624887
vn 0.583659 0.758647 0.289477
vn 0.349291 0.871213 0.34494
vn 0.687984 0.686312 0.23591
vn 0.563267 0.753968 0.338028
vn 0.46318 0.821258 -0.333165
vn 0.485895 0.763066 -0.426189
vn -0.169021 0.825736 -0.538137
vn -0.272633 0.683 -0.67763
vn -0.3144 0.785037 -0.533732
vn -0.263767 0.813331 -0.518575
vn -0.204576 0.847837 -0.489205
vn 0.368112 0.653198 -0.661684
vn -0.244299 0.968382 0.050537
vn -0.214222 0.972412 -0.09232
vn 0.294127 0.9099 0.292525
vn 0.477832 0.490764 0.728579
vn 0.133454 0.98472 0.111878
vn 0.395885 0.866208 0.304892
vn 0.156936 0.94092 0.300068
vn -0.569357 0.701802 0.428143
vn 0.363923 0.869597 0.333709
vn -0.040555 0.710022 0.703011
vn 0.004464 0.975509 -0.219915
vn -0.02484 0.809531 -0.586551
vn -0.324736 0.933208 -0.153847
vn -0.650776 0.551299 -0.522072
vn -0.073997 0.965067 -0.251337
vn 0.159154 0.96309 -0.217088
vn 0.231203 0.639451 -0.733245
vn 0.348673 0.88113 -0.319433
vn 0.719809 0.603285 0.343399
vn 0.381534 0.858674 0.342214
vn -0.220935 0.768149 0.600945
vn -0.240042 0.709154 0.662933
vn -0.626302 0.746922 -0.223279
vn -0.719049 0.624089 -0.305747
vn -0.076967 0.849223 -0.522394
vn -0.961774 -0.138608 0.236175
vn -0.96253 -0.135624 0.234825
vn -0.2606 -0.151483 0.953489
vn -0.272319 -0.131177 0.953224
vn -0.438449 -0.15202 0.885806
vn -0.440606 -0.147306 0.885532
vn 0.922741 -0.132097 0.362077
vn 0.923494 -0.1514 0.352474
vn 0.989272 -0.114235 0.091057
vn 0.988718 -0.122535 0.086149
vn 0.926163 -0.139972 -0.350187
vn 0.930393 -0.125611 -0.344371
vn 0.184688 -0.193098 -0.963641
vn 0.196205 -0.171396 -0.965467
vn -0.657228 -0.147056 -0.739207
vn -0.660784 -0.158533 -0.733643
vn -0.819266 -0.12354 -0.559947
vn -0.822852 -0.141592 -0.550332
vn -0.878545 0.423702 0.220534
vn -0.881473 0.413549 0.227998
vn -0.196415 0.455328 0.868388
vn -0.164635 0.379825 0.91029
vn -0.388352 0.459063 0.799027
vn -0.383169 0.446287 0.808709
vn 0.840992 0.406899 0.356603
vn 0.782174 0.489264 0.385777
vn 0.929274 0.355702 0.099632
vn 0.914184 0.386529 0.12191
vn 0.834038 0.433737 -0.340958
vn 0.842066 0.387852 -0.374828
vn 0.122035 0.552477 -0.824546
vn 0.088239 0.487307 -0.868761
vn -0.581902 0.444129 -0.681278
vn -0.542777 0.488587 -0.683137
vn -0.749132 0.377692 -0.544197
vn -0.696576 0.438179 -0.568138
vn -0.626152 0.759816 0.174965
vn -0.642187 0.73996 0.200138
vn -0.000332 0.776206 0.630479
vn 0.062761 0.611338 0.788877
vn -0.242212 0.798427 0.551223
vn -0.227123 0.780013 0.583091
vn 0.576641 0.740306 0.345589
vn 0.270418 0.877227 0.39667
vn 0.730152 0.670276 0.132694
vn 0.645248 0.735383 0.207044
vn 0.518827 0.795915 -0.311991
vn 0.567701 0.704795 -0.425418
vn -0.03988 0.85847 -0.51131
vn -0.12439 0.752452 -0.646794
vn -0.361832 0.772502 -0.521841
vn -0.207461 0.845649 -0.49177
vn -0.534937 0.675481 -0.507511
vn -0.32196 0.769123 -0.552079
vn -0.209832 0.971835 0.107268
vn -0.259466 0.934985 0.241826
vn 0.327975 0.897409 0.295108
vn 0.497629 0.46175 0.73427
vn -0.009101 0.984494 0.175185
vn 0.120112 0.957119 0.26362
vn 0.105384 0.930918 0.349695
vn -0.706871 0.596999 0.379376
vn 0.358351 0.908404 0.215377
vn -0.033057 0.832926 0.552396
vn -0.066833 0.96259 -0.262591
vn -0.025938 0.714158 -0.699504
vn -0.283235 0.946814 -0.152712
vn -0.599437 0.632574 -0.490433
vn -0.010334 0.952981 -0.302855
vn 0.561397 0.80618 -0.186835
vn -0.183162 0.850828 -0.492486
vn 0.465565 0.644762 -0.606244
vn 0.525044 0.850432 0.033073
vn 0.70833 0.54864 0.444144
vn 0.002686 0.88618 0.463333
vn -0.496684 0.674118 0.54669
vn -0.473476 0.752308 0.458098
vn -0.671954 0.636686 -0.378297
vn -0.654072 0.660978 -0.367829
vn 0.262901 0.809123 -0.52555
vn 0.446298 0.645228 -0.62008
vn -0.586558 -0.126468 0.799972
vn -0.594517 -0.10953 0.796588
vn -0.734367 -0.11678 0.668631
vn -0.733496 -0.119106 0.669176
vn 0.72137 -0.14539 0.677117
vn 0.728469 -0.167314 0.664333
vn 0.973289 -0.112087 0.200364
vn 0.97335 -0.115567 0.198074
vn 0.976174 -0.121261 -0.179944
vn 0.979172 -0.106208 -0.173036
vn 0.682683 -0.156214 -0.713822
vn 0.68841 -0.142828 -0.71112
vn -0.431722 -0.147002 -0.889947
vn -0.440918 -0.164027 -0.882432
vn -0.591061 -0.12817 -0.796379
vn -0.598757 -0.143488 -0.787973
vn -0.991224 -0.128512 -0.030989
vn -0.992047 -0.120936 -0.034879
vn -0.519039 0.393114 0.758986
vn -0.507549 0.327219 0.79707
vn -0.690923 0.363334 0.624991
vn -0.692019 0.370045 0.61982
vn 0.628134 0.441254 0.640892
vn 0.537479 0.529576 0.656252
vn 0.915431 0.351822 0.195466
vn 0.907495 0.366733 0.20484
vn 0.903342 0.382839 -0.19341
vn 0.917299 0.327937 -0.225876
vn 0.594649 0.472461 -0.650518
vn 0.590277 0.431844 -0.681971
vn -0.36271 0.443993 -0.819336
vn -0.294021 0.509402 -0.80874
vn -0.523766 0.39093 -0.756864
vn -0.464153 0.441584 -0.767832
vn -0.917213 0.398077 -0.015959
vn -0.929162 0.369673 0.000062
vn -0.284076 0.730172 0.62141
vn -0.291824 0.566217 0.770868
vn -0.548724 0.684013 0.480653
vn -0.550565 0.695507 0.461679
vn 0.341072 0.769093 0.540524
vn -0.014504 0.867503 0.497221
vn 0.711978 0.67876 0.179922
vn 0.664692 0.717213 0.209259
vn 0.624955 0.741672 -0.243627
vn 0.715459 0.606073 -0.347554
vn 0.329929 0.819862 -0.467945
vn 0.328405 0.749749 -0.574479
vn -0.153087 0.768483 -0.621287
vn 0.087818 0.852245 -0.515719
vn -0.314609 0.693883 -0.647726
vn -0.099863 0.762073 -0.639744
vn -0.674266 0.737561 0.037002
vn -0.736177 0.671349 0.085631
vn 0.171965 0.914035 0.367381
vn 0.128993 0.47775 0.868974
vn -0.289036 0.934006 0.209979
vn -0.34063 0.930578 0.134151
vn -0.131161 0.903182 0.408729
vn -0.82823 0.51292 0.225717
vn 0.289511 0.944545 0.154978
vn -0.005693 0.948438 0.316911
vn 0.016334 0.941047 -0.33788
vn 0.311799 0.584918 -0.748767
vn -0.101106 0.975581 -0.194985
vn -0.240685 0.792805 -0.559938
vn 0.198428 0.918544 -0.341911
vn 0.79202 0.610033 -0.023741
vn 0.043147 0.858507 -0.510984
vn 0.648215 0.60606 -0.460986
vn -0.22732 0.962409 0.148643
vn -0.484959 0.77655 0.402225
vn 0.406287 0.57722 0.708342
vn -0.572875 0.723742 0.384723
vn -0.765623 0.543456 0.344205
vn -0.64385 0.755548 0.120847
vn -0.412959 0.624958 -0.66249
vn -0.253885 0.796029 -0.549436
vn 0.682978 0.644857 -0.343075
vn 0.716349 0.60008 -0.356018
vn 0.400083 0.801987 0.443567
vn -0.434371 -0.094749 0.895737
vn -0.431323 -0.101426 0.896478
vn 0.569536 -0.136121 0.810617
vn 0.579773 -0.156816 0.799545
vn 0.991309 -0.130734 -0.014632
vn 0.99148 -0.12954 -0.013639
vn 0.824317 -0.124902 -0.552178
vn 0.831499 -0.108227 -0.544882
vn 0.504123 -0.123417 -0.854768
vn 0.506498 -0.117982 -0.854131
vn -0.458088 -0.121219 -0.880603
vn -0.467412 -0.139071 -0.873032
vn -0.592072 -0.115794 -0.797523
vn -0.597818 -0.125988 -0.791669
vn -0.985227 -0.150233 0.082211
vn -0.987919 -0.13659 0.073213
vn -0.314309 -0.101246 0.943906
vn -0.319698 -0.089236 0.943308
vn -0.424503 0.298855 0.854683
vn -0.434615 0.321244 0.841375
vn 0.492591 0.409255 0.768027
vn 0.413631 0.471554 0.778811
vn 0.915333 0.402354 -0.016603
vn 0.917398 0.397413 -0.021072
vn 0.745112 0.387922 -0.542517
vn 0.743295 0.321598 -0.58659
vn 0.462199 0.384893 -0.798893
vn 0.457165 0.365601 -0.810763
vn -0.399878 0.37326 -0.837123
vn -0.331496 0.438464 -0.83538
vn -0.538429 0.356176 -0.763697
vn -0.499806 0.385291 -0.775722
vn -0.884742 0.454216 0.104497
vn -0.902717 0.405819 0.142877
vn -0.281101 0.320738 0.904494
vn -0.26675 0.268582 0.925585
vn -0.392247 0.586394 0.70872
vn -0.421509 0.636653 0.645758
vn 0.26723 0.699815 0.662456
vn 0.011105 0.762204 0.647242
vn 0.678008 0.734665 -0.023929
vn 0.689831 0.722955 -0.038335
vn 0.471262 0.717138 -0.513443
vn 0.518133 0.547318 -0.657253
vn 0.317292 0.727098 -0.608814
vn 0.30909 0.683801 -0.660969
vn -0.207436 0.678035 -0.705151
vn 0.050066 0.778015 -0.626247
vn -0.367462 0.64784 -0.667289
vn -0.233417 0.685837 -0.689307
vn -0.589985 0.78704 0.180238
vn -0.670777 0.682805 0.289544
vn -0.153942 0.635269 0.756793
vn -0.13594 0.480765 0.866248
vn -0.339117 0.851212 0.400547
vn -0.528656 0.841831 0.10883
vn -0.087643 0.824817 0.558566
vn -0.682664 0.534306 0.498485
vn 0.271046 0.961674 -0.04145
vn 0.334824 0.933856 -0.125724
vn -0.048493 0.882565 -0.467683
vn 0.1379 0.42598 -0.894162
vn 0.026156 0.970745 -0.238683
vn -0.060654 0.875554 -0.479299
vn 0.149879 0.851449 -0.502565
vn 0.798693 0.564967 -0.207126
vn -0.064258 0.836684 -0.543904
vn 0.384949 0.647752 -0.657444
vn -0.134499 0.934084 0.330752
vn -0.361273 0.600991 0.712946
vn 0.146416 0.897724 0.415517
vn 0.156848 0.429892 0.889152
vn -0.597222 0.596641 0.536046
vn -0.650798 0.533126 0.540591
vn -0.493114 0.863675 -0.104426
vn -0.285864 0.526962 -0.80037
vn 0.051677 0.789001 -0.612215
vn 0.655758 0.569442 -0.495699
vn 0.607129 0.678376 -0.413763
vn 0.263248 0.648224 0.714497
vn 0.280425 0.520967 0.806198
vn -0.265482 0.61764 0.740297
vn -0.265482 0.61764 0.740297
vn -0.939457 -0.004911 0.342632
vn -0.939457 -0.004911 0.342632
vn -0.672259 -0.627462 -0.392885
vn -0.672259 -0.627462 -0.392885
vn 0.268914 -0.627462 -0.730737
vn 0.268914 -0.627462 -0.730737
vn 0.942889 -0.004911 -0.333072
vn 0.942889 -0.004911 -0.333072
vn 0.675691 0.61764 0.402446
vn 0.675691 0.61764 0.402446
vn 0.24288 -0.695136 0.676605
vn 0.24288 -0.695136 0.676605
vn 0.24288 -0.695136 0.676605
vn 0.24288 -0.695136 0.676605
vn 0.24288 -0.695136 0.676605
vn 0.24288 -0.695136 0.676605
vn 0.639903 0.599758 0.480432
vn 0.639903 0.599758 0.480432
vn 0.036093 -0.005303 0.999334
vn 0.036093 -0.005303 0.999334
vn -0.598633 -0.610364 0.518742
vn -0.598633 -0.610364 0.518742
vn -0.629549 -0.610364 -0.480752
vn -0.629549 -0.610364 -0.480752
vn -0.02574 -0.005303 -0.999655
vn -0.02574 -0.005303 -0.999655
vn 0.608986 0.599758 -0.519063
vn 0.608986 0.599758 -0.519063
vn 0.69835 -0.715431 -0.021601
vn 0.69835 -0.715431 -0.021601
vn 0.69835 -0.715431 -0.021601
vn 0.69835 -0.715431 -0.021601
vn 0.69835 -0.715431 -0.021601
vn 0.69835 -0.715431 -0.021601
vn 0.570184 0.605844 -0.554836
vn 0.570184 0.605844 -0.554836
vn 0.993479 -0.005356 0.113893
vn 0.993479 -0.005356 0.113893
vn 0.423931 -0.616556 0.663431
vn 0.423931 -0.616556 0.663431
vn -0.568912 -0.616556 0.54424
vn -0.568912 -0.616556 0.54424
vn -0.992207 -0.005356 -0.124489
vn -0.992207 -0.005356 -0.124489
vn -0.422658 0.605844 -0.674028
vn -0.422658 0.605844 -0.674028
vn 0.084124 -0.708438 -0.700742
vn 0.084124 -0.708438 -0.700742
vn 0.084124 -0.708438 -0.700742
vn 0.084124 -0.708438 -0.700742
vn 0.084124 -0.708438 -0.700742
vn 0.084124 -0.708438 -0.700742
vn -0.224385 0.623662 -0.748797
vn -0.224385 0.623662 -0.748797
vn 0.548131 -0.005219 -0.836376
vn 0.548131 -0.005219 -0.836376
vn 0.767922 -0.6341 -0.090626
vn 0.767922 -0.6341 -0.090626
vn 0.215197 -0.6341 0.742703
vn 0.215197 -0.6341 0.742703
vn -0.557319 -0.005219 0.830282
vn -0.557319 -0.005219 0.830282
vn -0.77711 0.623662 0.084532
vn -0.77711 0.623662 0.084532
vn -0.605172 -0.687494 -0.401395
vn -0.605172 -0.687494 -0.401395
vn -0.605172 -0.687494 -0.401395
vn -0.605172 -0.687494 -0.401395
vn -0.605172 -0.687494 -0.401395
vn -0.605172 -0.687494 -0.401395
vn -0.770905 0.63089 0.087652
vn -0.770905 0.63089 0.087652
vn -0.730562 -0.005251 -0.682826
vn -0.730562 -0.005251 -0.682826
vn 0.036439 -0.641391 -0.766348
vn 0.036439 -0.641391 -0.766348
vn 0.763095 -0.641391 -0.079391
vn 0.763095 -0.641391 -0.079391
vn 0.722752 -0.005251 0.691088
vn 0.722752 -0.005251 0.691088
vn -0.044249 0.63089 0.77461
vn -0.044249 0.63089 0.77461
vn -0.504636 -0.678529 0.533799
vn -0.504636 -0.678529 0.533799
vn -0.504636 -0.678529 0.533799
vn -0.504636 -0.678529 0.533799
vn -0.504636 -0.678529 0.533799
vn -0.504636 -0.678529 0.533799
vn 0.121147 0.86576 -0.485574
vn 0.121147 0.86576 -0.485574
vn 0.278105 -0.000107 -0.960551
vn 0.278105 -0.000107 -0.960551
vn 0.151304 -0.865975 -0.47665
vn 0.151304 -0.865975 -0.47665
vn -0.132454 -0.865975 0.482228
vn -0.132454 -0.865975 0.482228
vn -0.289412 -0.000107 0.957205
vn -0.289412 -0.000107 0.957205
vn -0.162611 0.86576 0.473304
vn -0.162611 0.86576 0.473304
vn -0.958736 -0.018158 -0.283717
vn -0.958736 -0.018158 -0.283717
vn -0.958736 -0.018158 -0.283717
vn -0.958736 -0.018158 -0.283717
vn -0.958736 -0.018158 -0.283717
vn -0.958736 -0.018158 -0.283717
vn -0.48402 0.866008 -0.12552
vn -0.48402 0.866008 -0.12552
vn -0.97235 0.000077 -0.233529
vn -0.97235 0.000077 -0.233529
vn -0.489672 -0.865854 -0.102555
vn -0.489672 -0.865854 -0.102555
vn 0.481335 -0.865854 0.136428
vn 0.481335 -0.865854 0.136428
vn 0.969665 0.000077 0.244437
vn 0.969665 0.000077 0.244437
vn 0.486988 0.866008 0.113462
vn 0.486988 0.866008 0.113462
vn -0.238964 0.013655 0.970932
vn -0.238964 0.013655 0.970932
vn -0.238964 0.013655 0.970932
vn -0.238964 0.013655 0.970932
vn -0.238964 0.013655 0.970932
vn -0.238964 0.013655 0.970932
vn 0.084183 0.949902 0.300998
vn 0.084183 0.949902 0.300998
vn 0.256084 0.937849 0.234223
vn 0.256084 0.937849 0.234223
vn 0.210364 0.93873 0.273008
vn 0.210364 0.93873 0.273008
vn 0.270512 0.946805 0.174311
vn 0.270512 0.946805 0.174311
vn 0.316344 0.944364 -0.090016
vn 0.316344 0.944364 -0.090016
vn 0.302186 0.939591 -0.160785
vn 0.302186 0.939591 -0.160785
vn 0.32269 0.938303 -0.124333
vn 0.32269 0.938303 -0.124333
vn 0.159442 0.950562 -0.266476
vn 0.159442 0.950562 -0.266476
vn -0.054747 0.938692 -0.340383
vn -0.054747 0.938692 -0.340383
vn -0.022626 0.939861 -0.340807
vn -0.022626 0.939861 -0.340807
vn -0.075765 0.943433 -0.322792
vn -0.075765 0.943433 -0.322792
vn -0.280515 0.947625 -0.152703
vn -0.280515 0.947625 -0.152703
vn -0.343436 0.938426 -0.037522
vn -0.343436 0.938426 -0.037522
vn -0.33223 0.937889 -0.09994
vn -0.33223 0.937889 -0.09994
vn -0.306305 0.949427 0.069038
vn -0.306305 0.949427 0.069038
vn -0.176553 0.941064 0.288493
vn -0.176553 0.941064 0.288493
vn -0.165101 0.940264 0.297732
vn -0.165101 0.940264 0.297732
vn -0.164524 0.940295 0.297954
vn -0.164524 0.940295 0.297954
vn 0.036161 0.990947 0.129296
vn 0.036161 0.990947 0.129296
vn 0.111151 0.98859 0.101663
vn 0.111151 0.98859 0.101663
vn 0.091237 0.988765 0.118407
vn 0.091237 0.988765 0.118407
vn 0.11651 0.990348 0.075076
vn 0.11651 0.990348 0.075076
vn 0.136536 0.989873 -0.038852
vn 0.136536 0.989873 -0.038852
vn 0.130964 0.988935 -0.069682
vn 0.130964 0.988935 -0.069682
vn 0.140006 0.98868 -0.053945
vn 0.140006 0.98868 -0.053945
vn 0.068451 0.991074 -0.114402
vn 0.068451 0.991074 -0.114402
vn -0.023745 0.988757 -0.147633
vn -0.023745 0.988757 -0.147633
vn -0.009804 0.988988 -0.147667
vn -0.009804 0.988988 -0.147667
vn -0.032727 0.989691 -0.139431
vn -0.032727 0.989691 -0.139431
vn -0.120733 0.990507 -0.065723
vn -0.120733 0.990507 -0.065723
vn -0.148992 0.988704 -0.016278
vn -0.148992 0.988704 -0.016278
vn -0.144197 0.988598 -0.043377
vn -0.144197 0.988598 -0.043377
vn -0.131629 0.990855 0.029668
vn -0.131629 0.990855 0.029668
vn -0.076419 0.989226 0.124871
vn -0.076419 0.989226 0.124871
vn -0.071512 0.989068 0.128959
vn -0.071512 0.989068 0.128959
vn -0.07126 0.989074 0.129051
vn -0.07126 0.989074 0.129051
vn 0 1 0
vn 0 1 0
vn 0 1 0
vn 0 1 0
vn 0 1 0
vn 0 1 0
vn 0 1 0
vn 0 1 0
vn 0 1 0
vn 0 1 0
vn 0 1 0
vn 0 1 0
vn 0 1 0
vn 0 1 0
vn 0 1 0
vn 0 1 0
vn 0 1 0
vn 0 1 0
vn 0.035181 -0.454917 0.889839
vn 0.035181 -0.454917 0.889839
vn 0.75956 -0.628335 0.168119
vn 0.75956 -0.628335 0.168119
vn 0.67975 -0.625649 -0.382757
vn 0.67975 -0.625649 -0.382757
vn 0.401038 -0.633609 -0.661595
vn 0.401038 -0.633609 -0.661595
vn -0.453855 -0.629937 -0.630234
vn -0.453855 -0.629937 -0.630234
vn -0.569847 -0.636237 -0.520073
vn -0.569847 -0.636237 -0.520073
vn -0.684557 -0.651182 0.327634
vn -0.684557 -0.651182 0.327634
vn -0.083196 -0.456574 0.885787
vn -0.083196 -0.456574 0.885787
vn 0.03602 -0.410686 0.911065
vn 0.03602 -0.410686 0.911065
vn 0.837009 -0.514873 0.185261
vn 0.837009 -0.514873 0.185261
vn 0.773773 -0.459827 -0.4357
vn 0.773773 -0.459827 -0.4357
vn 0.467767 -0.430939 -0.771677
vn 0.467767 -0.430939 -0.771677
vn -0.535558 -0.40013 -0.743689
vn -0.535558 -0.40013 -0.743689
vn -0.672388 -0.413907 -0.613657
vn -0.672388 -0.413907 -0.613657
vn -0.777336 -0.507282 0.372039
vn -0.777336 -0.507282 0.372039
vn -0.085378 -0.407899 0.909026
vn -0.085378 -0.407899 0.909026
vn 0.038697 -0.201331 0.978759
vn 0.038697 -0.201331 0.978759
vn 0.971371 -0.101057 0.215001
vn 0.971371 -0.101057 0.215001
vn 0.869883 0.058148 -0.489819
vn 0.869883 0.058148 -0.489819
vn 0.511538 0.161812 -0.843887
vn 0.511538 0.161812 -0.843887
vn -0.568422 0.232083 -0.789325
vn -0.568422 0.232083 -0.789325
vn -0.7212 0.215952 -0.658206
vn -0.7212 0.215952 -0.658206
vn -0.902008 -0.003286 0.431708
vn -0.902008 -0.003286 0.431708
vn -0.09179 -0.190972 0.977294
vn -0.09179 -0.190972 0.977294
vn 0.039475 -0.039597 0.998436
vn 0.039475 -0.039597 0.998436
vn 0.941075 0.266441 0.208295
vn 0.941075 0.266441 0.208295
vn 0.774326 0.4586 -0.436012
vn 0.774326 0.4586 -0.436012
vn 0.427522 0.565506 -0.705285
vn 0.427522 0.565506 -0.705285
vn -0.457462 0.622249 -0.635243
vn -0.457462 0.622249 -0.635243
vn -0.58363 0.61291 -0.532652
vn -0.58363 0.61291 -0.532652
vn -0.82173 0.412415 0.393286
vn -0.82173 0.412415 0.393286
vn -0.09349 -0.021674 0.995384
vn -0.09349 -0.021674 0.995384
vn 0.039078 -0.146727 0.988405
vn 0.039078 -0.146727 0.988405
vn 0.954886 0.20862 0.211352
vn 0.954886 0.20862 0.211352
vn 0.770443 0.467134 -0.433825
vn 0.770443 0.467134 -0.433825
vn 0.41542 0.598132 -0.685321
vn 0.41542 0.598132 -0.685321
vn -0.437108 0.663711 -0.60698
vn -0.437108 0.663711 -0.60698
vn -0.560279 0.651628 -0.51134
vn -0.560279 0.651628 -0.51134
vn -0.829071 0.393943 0.3968
vn -0.829071 0.393943 0.3968
vn -0.092781 -0.124707 0.987846
vn -0.092781 -0.124707 0.987846
vn 0.039145 -0.13488 0.990088
vn 0.039145 -0.13488 0.990088
vn 0.955083 0.207671 0.211396
vn 0.955083 0.207671 0.211396
vn 0.775218 0.456609 -0.436515
vn 0.775218 0.456609 -0.436515
vn 0.420301 0.585304 -0.693373
vn 0.420301 0.585304 -0.693373
vn -0.44375 0.650677 -0.616202
vn -0.44375 0.650677 -0.616202
vn -0.568339 0.638706 -0.518696
vn -0.568339 0.638706 -0.518696
vn -0.831862 0.386644 0.398136
vn -0.831862 0.386644 0.398136
vn -0.092905 -0.113672 0.989165
vn -0.092905 -0.113672 0.989165
vn 0 1 0
vn 0 1 0
vn 0 1 0
vn 0 1 0
vn 0 1 0
vn 0 1 0
vn 0 1 0
vn 0 1 0
vn 0.039502 0.012963 0.999135
vn 0.039502 0.012963 0.999135
vn 0.939994 0.270415 0.208056
vn 0.939994 0.270415 0.208056
vn 0.789812 0.422387 -0.444732
vn 0.789812 0.422387 -0.444732
vn 0.444614 0.514122 -0.733483
vn 0.444614 0.514122 -0.733483
vn -0.481989 0.56544 -0.669302
vn -0.481989 0.56544 -0.669302
vn -0.613008 0.557872 -0.559464
vn -0.613008 0.557872 -0.559464
vn -0.829989 0.391561 0.397239
vn -0.829989 0.391561 0.397239
vn -0.093477 0.027323 0.995246
vn -0.093477 0.027323 0.995246
vn 0.038062 0.267846 0.96271
vn 0.038062 0.267846 0.96271
vn 0.904732 0.375978 0.200251
vn 0.904732 0.375978 0.200251
vn 0.812622 0.360928 -0.457576
vn 0.812622 0.360928 -0.457576
vn 0.483245 0.361838 -0.797212
vn 0.483245 0.361838 -0.797212
vn -0.544752 0.361965 -0.756457
vn -0.544752 0.361965 -0.756457
vn -0.686116 0.370319 -0.626186
vn -0.686116 0.370319 -0.626186
vn -0.825286 0.403594 0.394988
vn -0.825286 0.403594 0.394988
vn -0.090061 0.269155 0.958877
vn -0.090061 0.269155 0.958877
vn 0.034027 0.508043 0.860659
vn 0.86054 0.472432 0.19047
vn 0.842088 0.257006 -0.474168
vn 0.515627 0.102731 -0.850632
vn -0.584376 -0.002645 -0.811479
vn -0.738136 0.036538 -0.673662
vn -0.82724 0.398645 0.395924
vn -0.081056 0.498656 0.863002
vn 0.04294 -0.36109 0.931542
vn 0.04294 -0.36109 0.931542
vn 0.777294 -0.585641 0.229868
vn 0.777294 -0.585641 0.229868
vn 0.6588 -0.60319 -0.449604
vn 0.6588 -0.60319 -0.449604
vn 0.43508 -0.611244 -0.661125
vn 0.43508 -0.611244 -0.661125
vn -0.454295 -0.607994 -0.651122
vn -0.454295 -0.607994 -0.651122
vn -0.620309 -0.605943 -0.498046
vn -0.620309 -0.605943 -0.498046
vn -0.754726 -0.588856 0.289201
vn -0.754726 -0.588856 0.289201
vn -0.05991 -0.361382 0.930491
vn -0.05991 -0.361382 0.930491
vn 0.043853 -0.304952 0.951357
vn 0.043853 -0.304952 0.951357
vn 0.853825 -0.455222 0.2525
vn 0.853825 -0.455222 0.2525
vn 0.744128 -0.434023 -0.507836
vn 0.744128 -0.434023 -0.507836
vn 0.496846 -0.427959 -0.75498
vn 0.496846 -0.427959 -0.75498
vn -0.520043 -0.417132 -0.745356
vn -0.520043 -0.417132 -0.745356
vn -0.706839 -0.422255 -0.567521
vn -0.706839 -0.422255 -0.567521
vn -0.834842 -0.447999 0.3199
vn -0.834842 -0.447999 0.3199
vn -0.061208 -0.304167 0.95065
vn -0.061208 -0.304167 0.95065
vn 0.045752 -0.112917 0.992551
vn 0.045752 -0.112917 0.992551
vn 0.958176 -0.040084 0.28336
vn 0.958176 -0.040084 0.28336
vn 0.82412 0.067083 -0.562428
vn 0.82412 0.067083 -0.562428
vn 0.54659 0.106745 -0.830569
vn 0.54659 0.106745 -0.830569
vn -0.56727 0.131006 -0.813045
vn -0.56727 0.131006 -0.813045
vn -0.774804 0.112613 -0.622091
vn -0.774804 0.112613 -0.622091
vn -0.933785 -0.00381 0.357814
vn -0.933785 -0.00381 0.357814
vn -0.063861 -0.110202 0.991855
vn -0.063861 -0.110202 0.991855
vn 0.046047 0.001726 0.998938
vn 0.046047 0.001726 0.998938
vn 0.915452 0.297752 0.270725
vn 0.915452 0.297752 0.270725
vn 0.732654 0.461749 -0.500006
vn 0.732654 0.461749 -0.500006
vn 0.471441 0.514341 -0.716377
vn 0.471441 0.514341 -0.716377
vn -0.482516 0.537503 -0.69157
vn -0.482516 0.537503 -0.69157
vn -0.668295 0.515238 -0.536574
vn -0.668295 0.515238 -0.536574
vn -0.874451 0.350797 0.335078
vn -0.874451 0.350797 0.335078
vn -0.064251 0.006542 0.997912
vn -0.064251 0.006542 0.997912
vn 0.045608 -0.137723 0.98942
vn 0.045608 -0.137723 0.98942
vn 0.929984 0.24391 0.275023
vn 0.929984 0.24391 0.275023
vn 0.715491 0.499643 -0.488293
vn 0.715491 0.499643 -0.488293
vn 0.451066 0.571615 -0.685416
vn 0.451066 0.571615 -0.685416
vn -0.458137 0.599123 -0.656629
vn -0.458137 0.599123 -0.656629
vn -0.6422 0.567197 -0.515622
vn -0.6422 0.567197 -0.515622
vn -0.886487 0.314246 0.33969
vn -0.886487 0.314246 0.33969
vn -0.063696 -0.13138 0.989284
vn -0.063696 -0.13138 0.989284
vn 0.045338 -0.174826 0.983555
vn 0.045338 -0.174826 0.983555
vn 0.934774 0.223112 0.276439
vn 0.934774 0.223112 0.276439
vn 0.713844 0.503083 -0.487169
vn 0.713844 0.503083 -0.487169
vn 0.447898 0.579801 -0.680602
vn 0.447898 0.579801 -0.680602
vn -0.454118 0.608398 -0.650868
vn -0.454118 0.608398 -0.650868
vn -0.638402 0.574205 -0.512573
vn -0.638402 0.574205 -0.512573
vn -0.891367 0.297995 0.34156
vn -0.891367 0.297995 0.34156
vn -0.063337 -0.168213 0.983714
vn -0.063337 -0.168213 0.983714
vn 0 1 0
vn 0 1 0
vn 0 1 0
vn 0 1 0
vn 0 1 0
vn 0 1 0
vn 0 1 0
vn 0 1 0
vn 0.045878 -0.085612 0.995272
vn 0.045878 -0.085612 0.995272
vn 0.929483 0.245979 0.274875
vn 0.929483 0.245979 0.274875
vn 0.732312 0.462543 -0.499773
vn 0.732312 0.462543 -0.499773
vn 0.466945 0.527738 -0.709545
vn 0.466945 0.527738 -0.709545
vn -0.476244 0.554324 -0.682581
vn -0.476244 0.554324 -0.682581
vn -0.663401 0.525536 -0.532645
vn -0.663401 0.525536 -0.532645
vn -0.888272 0.308414 0.340373
vn -0.888272 0.308414 0.340373
vn -0.064047 -0.080027 0.994733
vn -0.064047 -0.080027 0.994733
vn 0.04566 0.129277 0.990557
vn 0.04566 0.129277 0.990557
vn 0.91289 0.306186 0.269968
vn 0.91289 0.306186 0.269968
vn 0.768447 0.366685 -0.524434
vn 0.768447 0.366685 -0.524434
vn 0.505881 0.39137 -0.76871
vn 0.505881 0.39137 -0.76871
vn -0.522483 0.407715 -0.748853
vn -0.522483 0.407715 -0.748853
vn -0.714486 0.400529 -0.573661
vn -0.714486 0.400529 -0.573661
vn -0.877767 0.341168 0.336348
vn -0.877767 0.341168 0.336348
vn -0.063691 0.131948 0.989208
vn -0.063691 0.131948 0.989208
vn 0.042465 0.386655 0.921246
vn 0.891259 0.369038 0.263571
vn 0.810149 0.194852 -0.552893
vn 0.544806 0.133561 -0.827858
vn -0.567895 0.122457 -0.813941
vn -0.769013 0.165484 -0.617441
vn -0.867766 0.369343 0.332516
vn -0.059283 0.385629 0.920747
vn 0.454002 -0.544286 0.705432
vn 0.454002 -0.544286 0.705432
vn 0.687737 -0.574048 0.444394
vn 0.687737 -0.574048 0.444394
vn 0.731743 -0.65188 -0.199007
vn 0.731743 -0.65188 -0.199007
vn 0.035678 -0.55516 -0.830978
vn 0.035678 -0.55516 -0.830978
vn -0.059839 -0.554688 -0.829904
vn -0.059839 -0.554688 -0.829904
vn -0.693932 -0.661106 -0.285302
vn -0.693932 -0.661106 -0.285302
vn -0.636408 -0.557697 0.532879
vn -0.636408 -0.557697 0.532879
vn -0.487472 -0.534878 0.690128
vn -0.487472 -0.534878 0.690128
vn 0.494373 -0.406849 0.76816
vn 0.494373 -0.406849 0.76816
vn 0.759137 -0.427891 0.490531
vn 0.759137 -0.427891 0.490531
vn 0.839889 -0.492353 -0.228419
vn 0.839889 -0.492353 -0.228419
vn 0.039391 -0.39587 -0.917461
vn 0.039391 -0.39587 -0.917461
vn -0.066035 -0.396093 -0.915833
vn -0.066035 -0.396093 -0.915833
vn -0.796058 -0.509089 -0.32729
vn -0.796058 -0.509089 -0.32729
vn -0.694747 -0.422989 0.581728
vn -0.694747 -0.422989 0.581728
vn -0.527635 -0.404489 0.746987
vn -0.527635 -0.404489 0.746987
vn 0.541125 -0.015304 0.840803
vn 0.541125 -0.015304 0.840803
vn 0.839886 0.007647 0.542709
vn 0.839886 0.007647 0.542709
vn 0.963487 0.055054 -0.262033
vn 0.963487 0.055054 -0.262033
vn 0.042797 0.067646 -0.996791
vn 0.042797 0.067646 -0.996791
vn -0.071764 0.065047 -0.995298
vn -0.071764 0.065047 -0.995298
vn -0.924691 0.020306 -0.380176
vn -0.924691 0.020306 -0.380176
vn -0.766292 -0.033226 0.641633
vn -0.766292 -0.033226 0.641633
vn -0.576502 -0.038886 0.81617
vn -0.576502 -0.038886 0.81617
vn 0.518889 0.284095 0.806253
vn 0.518889 0.284095 0.806253
vn 0.787346 0.34821 0.508759
vn 0.787346 0.34821 0.508759
vn 0.842832 0.486922 -0.229219
vn 0.842832 0.486922 -0.229219
vn 0.038449 0.443356 -0.895521
vn 0.038449 0.443356 -0.895521
vn -0.064595 0.439613 -0.895861
vn -0.064595 0.439613 -0.895861
vn -0.824415 0.45327 -0.338949
vn -0.824415 0.45327 -0.338949
vn -0.738258 0.269912 0.618161
vn -0.738258 0.269912 0.618161
vn -0.56024 0.238845 0.793148
vn -0.56024 0.238845 0.793148
vn 0.528006 0.219368 0.820419
vn 0.528006 0.219368 0.820419
vn 0.797802 0.31266 0.515515
vn 0.797802 0.31266 0.515515
vn 0.833275 0.504278 -0.22662
vn 0.833275 0.504278 -0.22662
vn 0.037218 0.497183 -0.866847
vn 0.037218 0.497183 -0.866847
vn -0.062585 0.492617 -0.867993
vn -0.062585 0.492617 -0.867993
vn -0.821331 0.459768 -0.337681
vn -0.821331 0.459768 -0.337681
vn -0.750822 0.202555 0.62868
vn -0.750822 0.202555 0.62868
vn -0.569629 0.15868 0.806439
vn -0.569629 0.15868 0.806439
vn 0.532552 0.177939 0.827482
vn 0.532552 0.177939 0.827482
vn 0.804355 0.287878 0.519749
vn 0.804355 0.287878 0.519749
vn 0.830481 0.509205 -0.22586
vn 0.830481 0.509205 -0.22586
vn 0.03661 0.521122 -0.852697
vn 0.03661 0.521122 -0.852697
vn -0.061595 0.516177 -0.854264
vn -0.061595 0.516177 -0.854264
vn -0.8219 0.458578 -0.337915
vn -0.8219 0.458578 -0.337915
vn -0.756886 0.159605 0.633758
vn -0.756886 0.159605 0.633758
vn -0.573515 0.108768 0.811942
vn -0.573515 0.108768 0.811942
vn 0 1 0
vn 0 1 0
vn 0 1 0
vn 0 1 0
vn 0 1 0
vn 0 1 0
vn 0 1 0
vn 0 1 0
vn 0.532742 0.175986 0.827777
vn 0.532742 0.175986 0.827777
vn 0.806038 0.281125 0.520837
vn 0.806038 0.281125 0.520837
vn 0.838259 0.495328 -0.227975
vn 0.838259 0.495328 -0.227975
vn 0.037022 0.505061 -0.862289
vn 0.037022 0.505061 -0.862289
vn -0.062275 0.500156 -0.863693
vn -0.062275 0.500156 -0.863693
vn -0.828134 0.445274 -0.340478
vn -0.828134 0.445274 -0.340478
vn -0.757107 0.157814 0.633943
vn -0.757107 0.157814 0.633943
vn -0.573473 0.109435 0.811882
vn -0.573473 0.109435 0.811882
vn 0.528409 0.216032 0.821045
vn 0.528409 0.216032 0.821045
vn 0.803158 0.292576 0.518976
vn 0.803158 0.292576 0.518976
vn 0.85867 0.456235 -0.233527
vn 0.85867 0.456235 -0.233527
vn 0.03857 0.437585 -0.89835
vn 0.03857 0.437585 -0.89835
vn -0.064814 0.433327 -0.898903
vn -0.064814 0.433327 -0.898903
vn -0.841484 0.414985 -0.345966
vn -0.841484 0.414985 -0.345966
vn -0.751249 0.199842 0.629038
vn -0.751249 0.199842 0.629038
vn -0.569091 0.164375 0.805678
vn -0.569091 0.164375 0.805678
vn 0.520828 0.27171 0.809266
vn 0.800891 0.301258 0.517511
vn 0.895966 0.371308 -0.24367
vn 0.041001 0.293888 -0.95496
vn -0.068795 0.291431 -0.954115
vn -0.867097 0.347925 -0.356497
vn -0.740627 0.258639 0.620144
vn -0.559425 0.24452 0.791993
vn 0.435351 -0.569649 0.697115
vn 0.435351 -0.569649 0.697115
vn 0.676406 -0.613642 0.407332
vn 0.676406 -0.613642 0.407332
vn 0.704562 -0.688409 -0.172294
vn 0.704562 -0.688409 -0.172294
vn 0.032899 -0.581479 -0.812896
vn 0.032899 -0.581479 -0.812896
vn -0.067509 -0.576463 -0.81433
vn -0.067509 -0.576463 -0.81433
vn -0.691204 -0.653543 -0.308414
vn -0.691204 -0.653543 -0.308414
vn -0.636295 -0.532114 0.558555
vn -0.636295 -0.532114 0.558555
vn -0.498765 -0.514041 0.69785
vn -0.498765 -0.514041 0.69785
vn 0.478467 -0.429039 0.766156
vn 0.478467 -0.429039 0.766156
vn 0.755698 -0.470979 0.455081
vn 0.755698 -0.470979 0.455081
vn 0.815388 -0.543492 -0.199395
vn 0.815388 -0.543492 -0.199395
vn 0.036515 -0.429675 -0.902245
vn 0.036515 -0.429675 -0.902245
vn -0.074824 -0.424 -0.902566
vn -0.074824 -0.424 -0.902566
vn -0.794507 -0.493034 -0.354508
vn -0.794507 -0.493034 -0.354508
vn -0.694009 -0.383673 0.609218
vn -0.694009 -0.383673 0.609218
vn -0.540149 -0.370242 0.755752
vn -0.540149 -0.370242 0.755752
vn 0.529588 -0.020184 0.848015
vn 0.529588 -0.020184 0.848015
vn 0.856443 -0.022539 0.51575
vn 0.856443 -0.022539 0.51575
vn 0.971359 -0.006268 -0.237536
vn 0.971359 -0.006268 -0.237536
vn 0.04041 0.037206 -0.99849
vn 0.04041 0.037206 -0.99849
vn -0.082548 0.041252 -0.995733
vn -0.082548 0.041252 -0.995733
vn -0.911483 0.061574 -0.406703
vn -0.911483 0.061574 -0.406703
vn -0.751241 0.027415 0.659458
vn -0.751241 0.027415 0.659458
vn -0.581382 0.017427 0.813444
vn -0.581382 0.017427 0.813444
vn 0.506029 0.295575 0.81029
vn 0.506029 0.295575 0.81029
vn 0.804115 0.344836 0.484238
vn 0.804115 0.344836 0.484238
vn 0.86335 0.458316 -0.211124
vn 0.86335 0.458316 -0.211124
vn 0.036471 0.431942 -0.901163
vn 0.036471 0.431942 -0.901163
vn -0.074515 0.431896 -0.89884
vn -0.074515 0.431896 -0.89884
vn -0.796084 0.489975 -0.355212
vn -0.796084 0.489975 -0.355212
vn -0.710943 0.324159 0.624084
vn -0.710943 0.324159 0.624084
vn -0.555826 0.293704 0.777686
vn -0.555826 0.293704 0.777686
vn 0.515518 0.229821 0.825484
vn 0.515518 0.229821 0.825484
vn 0.813218 0.314405 0.48972
vn 0.813218 0.314405 0.48972
vn 0.851413 0.481401 -0.208205
vn 0.851413 0.481401 -0.208205
vn 0.035233 0.490779 -0.870571
vn 0.035233 0.490779 -0.870571
vn -0.072078 0.488753 -0.86944
vn -0.072078 0.488753 -0.86944
vn -0.793941 0.494126 -0.354255
vn -0.793941 0.494126 -0.354255
vn -0.727762 0.249472 0.638847
vn -0.727762 0.249472 0.638847
vn -0.568782 0.207766 0.795814
vn -0.568782 0.207766 0.795814
vn 0.520687 0.183644 0.833762
vn 0.520687 0.183644 0.833762
vn 0.819632 0.290827 0.493582
vn 0.819632 0.290827 0.493582
vn 0.846346 0.490779 -0.206965
vn 0.846346 0.490779 -0.206965
vn 0.034528 0.520539 -0.853139
vn 0.034528 0.520539 -0.853139
vn -0.070694 0.517511 -0.852751
vn -0.070694 0.517511 -0.852751
vn -0.794786 0.492495 -0.354632
vn -0.794786 0.492495 -0.354632
vn -0.736757 0.197264 0.646743
vn -0.736757 0.197264 0.646743
vn -0.575014 0.148612 0.804533
vn -0.575014 0.148612 0.804533
vn 0 1 0
vn 0 1 0
vn 0 1 0
vn 0 1 0
vn 0 1 0
vn 0 1 0
vn 0 1 0
vn 0 1 0
vn 0.521614 0.174024 0.835245
vn 0.521614 0.174024 0.835245
vn 0.822464 0.27972 0.495288
vn 0.822464 0.27972 0.495288
vn 0.852818 0.478758 -0.208548
vn 0.852818 0.478758 -0.208548
vn 0.034772 0.51051 -0.859168
vn 0.034772 0.51051 -0.859168
vn -0.071187 0.507531 -0.858688
vn -0.071187 0.507531 -0.858688
vn -0.800513 0.481244 -0.357188
vn -0.800513 0.481244 -0.357188
vn -0.738077 0.188323 0.647902
vn -0.738077 0.188323 0.647902
vn -0.575711 0.140394 0.80551
vn -0.575711 0.140394 0.80551
vn 0.518403 0.205393 0.830104
vn 0.518403 0.205393 0.830104
vn 0.822085 0.281233 0.49506
vn 0.822085 0.281233 0.49506
vn 0.873417 0.437636 -0.213585
vn 0.873417 0.437636 -0.213585
vn 0.036132 0.449045 -0.892778
vn 0.036132 0.449045 -0.892778
vn -0.073885 0.447486 -0.891234
vn -0.073885 0.447486 -0.891234
vn -0.81285 0.455773 -0.362693
vn -0.81285 0.455773 -0.362693
vn -0.731662 0.228381 0.642271
vn -0.731662 0.228381 0.642271
vn -0.570876 0.190024 0.798744
vn -0.570876 0.190024 0.798744
vn 0.512453 0.253072 0.820577
vn 0.823613 0.275074 0.49598
vn 0.911964 0.344367 -0.223012
vn 0.038452 0.30959 -0.950092
vn -0.078502 0.311691 -0.946935
vn -0.83833 0.396587 -0.374062
vn -0.718982 0.291081 0.63114
vn -0.559921 0.269715 0.783417
vn 0.518087 -0.458432 0.722098
vn 0.518087 -0.458432 0.722098
vn 0.609855 -0.468809 0.63898
vn 0.609855 -0.468809 0.63898
vn 0.695131 -0.565825 -0.443436
vn 0.695131 -0.565825 -0.443436
vn 0.139978 -0.477985 -0.867143
vn 0.139978 -0.477985 -0.867143
vn -0.044194 -0.487369 -0.872077
vn -0.044194 -0.487369 -0.872077
vn -0.803524 -0.585678 -0.106442
vn -0.803524 -0.585678 -0.106442
vn -0.775156 -0.554094 0.303501
vn -0.775156 -0.554094 0.303501
vn -0.388677 -0.517621 0.762233
vn -0.388677 -0.517621 0.762233
vn 0.531408 -0.411121 0.740665
vn 0.531408 -0.411121 0.740665
vn 0.627367 -0.417528 0.657329
vn 0.627367 -0.417528 0.657329
vn 0.765145 -0.419898 -0.488098
vn 0.765145 -0.419898 -0.488098
vn 0.153126 -0.276983 -0.948595
vn 0.153126 -0.276983 -0.948595
vn -0.048682 -0.273545 -0.960626
vn -0.048682 -0.273545 -0.960626
vn -0.915435 -0.383762 -0.121267
vn -0.915435 -0.383762 -0.121267
vn -0.857246 -0.390478 0.335643
vn -0.857246 -0.390478 0.335643
vn -0.413139 -0.415794 0.810204
vn -0.413139 -0.415794 0.810204
vn 0.572741 -0.18635 0.798274
vn 0.572741 -0.18635 0.798274
vn 0.678825 -0.18256 0.711244
vn 0.678825 -0.18256 0.711244
vn 0.84294 0.017428 -0.537725
vn 0.84294 0.017428 -0.537725
vn 0.157239 0.162647 -0.974075
vn 0.157239 0.162647 -0.974075
vn -0.049724 0.186513 -0.981193
vn -0.049724 0.186513 -0.981193
vn -0.980795 0.145466 -0.129925
vn -0.980795 0.145466 -0.129925
vn -0.929801 0.054195 0.36405
vn -0.929801 0.054195 0.36405
vn -0.452488 -0.088467 0.887371
vn -0.452488 -0.088467 0.887371
vn 0.582795 0.023269 0.812286
vn 0.582795 0.023269 0.812286
vn 0.689956 0.036984 0.722906
vn 0.689956 0.036984 0.722906
vn 0.784137 0.367307 -0.500214
vn 0.784137 0.367307 -0.500214
vn 0.141665 0.457991 -0.877596
vn 0.141665 0.457991 -0.877596
vn -0.044239 0.485785 -0.872958
vn -0.044239 0.485785 -0.872958
vn -0.856243 0.503967 -0.113426
vn -0.856243 0.503967 -0.113426
vn -0.856059 0.39347 0.335178
vn -0.856059 0.39347 0.335178
vn -0.445106 0.199836 0.872895
vn -0.445106 0.199836 0.872895
vn 0.582948 -0.004025 0.8125
vn 0.582948 -0.004025 0.8125
vn 0.690396 0.009702 0.723367
vn 0.690396 0.009702 0.723367
vn 0.786607 0.3598 -0.50179
vn 0.786607 0.3598 -0.50179
vn 0.141156 0.46414 -0.874442
vn 0.141156 0.46414 -0.874442
vn -0.044022 0.493421 -0.868676
vn -0.044022 0.493421 -0.868676
vn -0.853738 0.508273 -0.113094
vn -0.853738 0.508273 -0.113094
vn -0.856664 0.391949 0.335415
vn -0.856664 0.391949 0.335415
vn -0.446486 0.184313 0.875602
vn -0.446486 0.184313 0.875602
vn 0.58199 0.057445 0.811164
vn 0.58199 0.057445 0.811164
vn 0.688721 0.070268 0.721613
vn 0.688721 0.070268 0.721613
vn 0.788037 0.355372 -0.502702
vn 0.788037 0.355372 -0.502702
vn 0.144341 0.423823 -0.89417
vn 0.144341 0.423823 -0.89417
vn -0.045235 0.448572 -0.892601
vn -0.045235 0.448572 -0.892601
vn -0.874908 0.470216 -0.115899
vn -0.874908 0.470216 -0.115899
vn -0.864733 0.370951 0.338574
vn -0.864733 0.370951 0.338574
vn -0.444543 0.205821 0.871791
vn -0.444543 0.205821 0.871791
vn 0 1 0
vn 0 1 0
vn 0 1 0
vn 0 1 0
vn 0 1 0
vn 0 1 0
vn 0 1 0
vn 0 1 0
vn 0.571233 0.199508 0.796172
vn 0.571233 0.199508 0.796172
vn 0.675023 0.210067 0.70726
vn 0.675023 0.210067 0.70726
vn 0.788815 0.352936 -0.503198
vn 0.788815 0.352936 -0.503198
vn 0.150484 0.329105 -0.932226
vn 0.150484 0.329105 -0.932226
vn -0.047596 0.340045 -0.939204
vn -0.047596 0.340045 -0.939204
vn -0.916434 0.381329 -0.121399
vn -0.916434 0.381329 -0.121399
vn -0.879432 0.328691 0.344329
vn -0.879432 0.328691 0.344329
vn -0.438591 0.260455 0.860117
vn -0.438591 0.260455 0.860117
vn 0.540383 0.375123 0.753173
vn 0.540383 0.375123 0.753173
vn 0.638003 0.382227 0.668472
vn 0.638003 0.382227 0.668472
vn 0.790181 0.348609 -0.504069
vn 0.790181 0.348609 -0.504069
vn 0.156771 0.179568 -0.971174
vn 0.156771 0.179568 -0.971174
vn -0.049923 0.164427 -0.985125
vn -0.049923 0.164427 -0.985125
vn -0.962857 0.237986 -0.127549
vn -0.962857 0.237986 -0.127549
vn -0.89764 0.265933 0.351458
vn -0.89764 0.265933 0.351458
vn -0.428637 0.331161 0.840597
vn -0.428637 0.331161 0.840597
vn 0.499992 0.51417 0.696877
vn 0.590616 0.517911 0.618822
vn 0.797633 0.323852 -0.508823
vn 0.15935 -0.011982 -0.987149
vn -0.050525 -0.058692 -0.996997
vn -0.990405 0.043411 -0.131198
vn -0.916899 0.174403 0.358999
vn -0.419367 0.384396 0.822418
vn 0.521262 -0.428253 0.738164
vn 0.521262 -0.428253 0.738164
vn 0.610782 -0.437823 0.65974
vn 0.610782 -0.437823 0.65974
vn 0.685414 -0.552124 -0.474728
vn 0.685414 -0.552124 -0.474728
vn 0.162277 -0.490703 -0.856082
vn 0.162277 -0.490703 -0.856082
vn -0.051464 -0.508251 -0.85967
vn -0.051464 -0.508251 -0.85967
vn -0.794156 -0.60136 -0.087644
vn -0.794156 -0.60136 -0.087644
vn -0.777209 -0.571006 0.264383
vn -0.777209 -0.571006 0.264383
vn -0.368004 -0.51516 0.774069
vn -0.368004 -0.51516 0.774069
vn 0.537387 -0.36345 0.760999
vn 0.537387 -0.36345 0.760999
vn 0.631078 -0.37024 0.681662
vn 0.631078 -0.37024 0.681662
vn 0.750448 -0.408248 -0.519771
vn 0.750448 -0.408248 -0.519771
vn 0.176895 -0.312798 -0.933202
vn 0.176895 -0.312798 -0.933202
vn -0.056649 -0.318368 -0.946273
vn -0.056649 -0.318368 -0.946273
vn -0.904541 -0.414535 -0.099826
vn -0.904541 -0.414535 -0.099826
vn -0.865227 -0.405901 0.294324
vn -0.865227 -0.405901 0.294324
vn -0.393479 -0.400207 0.827653
vn -0.393479 -0.400207 0.827653
vn 0.573831 -0.101916 0.812607
vn 0.573831 -0.101916 0.812607
vn 0.675966 -0.099775 0.730148
vn 0.675966 -0.099775 0.730148
vn 0.821884 0.021494 -0.569249
vn 0.821884 0.021494 -0.569249
vn 0.185363 0.096982 -0.977873
vn 0.185363 0.096982 -0.977873
vn -0.059371 0.113699 -0.99174
vn -0.059371 0.113699 -0.99174
vn -0.990082 0.088307 -0.109267
vn -0.990082 0.088307 -0.109267
vn -0.945865 0.042596 0.321754
vn -0.945865 0.042596 0.321754
vn -0.428887 -0.047031 0.902133
vn -0.428887 -0.047031 0.902133
vn 0.57152 0.135433 0.809335
vn 0.57152 0.135433 0.809335
vn 0.672104 0.145723 0.725976
vn 0.672104 0.145723 0.725976
vn 0.765552 0.364396 -0.530232
vn 0.765552 0.364396 -0.530232
vn 0.171433 0.39077 -0.904384
vn 0.171433 0.39077 -0.904384
vn -0.054339 0.416129 -0.907681
vn -0.054339 0.416129 -0.907681
vn -0.886898 0.451476 -0.097879
vn -0.886898 0.451476 -0.097879
vn -0.872996 0.386897 0.296966
vn -0.872996 0.386897 0.296966
vn -0.415145 0.255206 0.873227
vn -0.415145 0.255206 0.873227
vn 0.572229 0.126123 0.810338
vn 0.572229 0.126123 0.810338
vn 0.67302 0.136248 0.726966
vn 0.67302 0.136248 0.726966
vn 0.767693 0.357668 -0.531715
vn 0.767693 0.357668 -0.531715
vn 0.17168 0.387624 -0.90569
vn 0.17168 0.387624 -0.90569
vn -0.054411 0.413459 -0.908895
vn -0.054411 0.413459 -0.908895
vn -0.888762 0.447751 -0.098085
vn -0.888762 0.447751 -0.098085
vn -0.87486 0.382171 0.297601
vn -0.87486 0.382171 0.297601
vn -0.415977 0.247747 0.874977
vn -0.415977 0.247747 0.874977
vn 0.566751 0.186165 0.802581
vn 0.566751 0.186165 0.802581
vn 0.666142 0.196269 0.719537
vn 0.666142 0.196269 0.719537
vn 0.767806 0.35731 -0.531793
vn 0.767806 0.35731 -0.531793
vn 0.174635 0.347501 -0.921274
vn 0.174635 0.347501 -0.921274
vn -0.055644 0.364621 -0.929492
vn -0.055644 0.364621 -0.929492
vn -0.910308 0.401555 -0.100463
vn -0.910308 0.401555 -0.100463
vn -0.885995 0.352388 0.301389
vn -0.885995 0.352388 0.301389
vn -0.414097 0.26428 0.871022
vn -0.414097 0.26428 0.871022
vn 0 1 0
vn 0 1 0
vn 0 1 0
vn 0 1 0
vn 0 1 0
vn 0 1 0
vn 0 1 0
vn 0 1 0
vn 0.550042 0.301229 0.778919
vn 0.550042 0.301229 0.778919
vn 0.645652 0.311064 0.697404
vn 0.645652 0.311064 0.697404
vn 0.766429 0.361658 -0.530839
vn 0.766429 0.361658 -0.530839
vn 0.179431 0.267938 -0.94658
vn 0.179431 0.267938 -0.94658
vn -0.057625 0.2648 -0.96258
vn -0.057625 0.2648 -0.96258
vn -0.945807 0.307498 -0.10438
vn -0.945807 0.307498 -0.10438
vn -0.904224 0.296255 0.307589
vn -0.904224 0.296255 0.307589
vn -0.409503 0.300611 0.861359
vn -0.409503 0.300611 0.861359
vn 0.520328 0.431654 0.73684
vn 0.520328 0.431654 0.73684
vn 0.60986 0.4406 0.658743
vn 0.60986 0.4406 0.658743
vn 0.765189 0.365523 -0.52998
vn 0.765189 0.365523 -0.52998
vn 0.18401 0.154324 -0.970734
vn 0.18401 0.154324 -0.970734
vn -0.059327 0.119956 -0.991005
vn -0.059327 0.119956 -0.991005
vn -0.979725 0.168667 -0.108124
vn -0.979725 0.168667 -0.108124
vn -0.924247 0.21661 0.314401
vn -0.924247 0.21661 0.314401
vn -0.403103 0.344351 0.847898
vn -0.403103 0.344351 0.847898
vn 0.489635 0.528666 0.693376
vn 0.573397 0.536295 0.619357
vn 0.770293 0.3493 -0.533515
vn 0.186222 0.014317 -0.982403
vn -0.059673 -0.053435 -0.996787
vn -0.993945 -0.006445 -0.109693
vn -0.941069 0.109134 0.320123
vn -0.399079 0.368904 0.839432
vn 0.248635 -0.178387 0.952029
vn 0.248635 -0.178387 0.952029
vn 0.726781 -0.350057 0.590972
vn 0.726781 -0.350057 0.590972
vn 0.572999 -0.506188 -0.644551
vn 0.572999 -0.506188 -0.644551
vn 0.47717 -0.504707 -0.71943
vn 0.47717 -0.504707 -0.71943
vn -0.317929 -0.509155 -0.799802
vn -0.317929 -0.509155 -0.799802
vn -0.894132 -0.393274 -0.21416
vn -0.894132 -0.393274 -0.21416
vn -0.93414 -0.34985 0.070619
vn -0.93414 -0.34985 0.070619
vn -0.088095 -0.163027 0.982681
vn -0.088095 -0.163027 0.982681
vn 0.252425 -0.045596 0.966542
vn 0.252425 -0.045596 0.966542
vn 0.755092 -0.22989 0.613993
vn 0.755092 -0.22989 0.613993
vn 0.593835 -0.448498 -0.667989
vn 0.593835 -0.448498 -0.667989
vn 0.494006 -0.448564 -0.744814
vn 0.494006 -0.448564 -0.744814
vn -0.335251 -0.419901 -0.84338
vn -0.335251 -0.419901 -0.84338
vn -0.942778 -0.245313 -0.225811
vn -0.942778 -0.245313 -0.225811
vn -0.980275 -0.183216 0.074107
vn -0.980275 -0.183216 0.074107
vn -0.089282 -0.012606 0.995927
vn -0.089282 -0.012606 0.995927
vn 0.248896 0.172583 0.95303
vn 0.248896 0.172583 0.95303
vn 0.771683 0.103784 0.627483
vn 0.771683 0.103784 0.627483
vn 0.657693 -0.141788 -0.739822
vn 0.657693 -0.141788 -0.739822
vn 0.546085 -0.15464 -0.823333
vn 0.546085 -0.15464 -0.823333
vn -0.365156 -0.151044 -0.918611
vn -0.365156 -0.151044 -0.918611
vn -0.972406 -0.013424 -0.232908
vn -0.972406 -0.013424 -0.232908
vn -0.996234 0.042954 0.075313
vn -0.996234 0.042954 0.075313
vn -0.087751 0.184831 0.978845
vn -0.087751 0.184831 0.978845
vn 0.242025 0.287433 0.926718
vn 0.242025 0.287433 0.926718
vn 0.718721 0.376691 0.584418
vn 0.718721 0.376691 0.584418
vn 0.642035 0.257307 -0.722208
vn 0.642035 0.257307 -0.722208
vn 0.53786 0.230422 -0.810933
vn 0.53786 0.230422 -0.810933
vn -0.366917 0.11563 -0.923039
vn -0.366917 0.11563 -0.923039
vn -0.9694 0.079697 -0.232188
vn -0.9694 0.079697 -0.232188
vn -0.99201 0.101451 0.074994
vn -0.99201 0.101451 0.074994
vn -0.086488 0.24854 0.964753
vn -0.086488 0.24854 0.964753
vn 0.247159 0.208044 0.946377
vn 0.247159 0.208044 0.946377
vn 0.700295 0.430499 0.569436
vn 0.700295 0.430499 0.569436
vn 0.591676 0.454915 -0.665561
vn 0.591676 0.454915 -0.665561
vn 0.500188 0.425551 -0.754134
vn 0.500188 0.425551 -0.754134
vn -0.364202 0.167085 -0.916209
vn -0.364202 0.167085 -0.916209
vn -0.968262 -0.093191 -0.231915
vn -0.968262 -0.093191 -0.231915
vn -0.989939 -0.120084 0.074837
vn -0.989939 -0.120084 0.074837
vn -0.088905 0.092749 0.991712
vn -0.088905 0.092749 0.991712
vn 0.250206 0.139803 0.958046
vn 0.250206 0.139803 0.958046
vn 0.684771 0.470159 0.556812
vn 0.684771 0.470159 0.556812
vn 0.542366 0.577603 -0.610093
vn 0.542366 0.577603 -0.610093
vn 0.461729 0.54971 -0.69615
vn 0.461729 0.54971 -0.69615
vn -0.361411 0.206783 -0.909188
vn -0.361411 0.206783 -0.909188
vn -0.946723 -0.228686 -0.226756
vn -0.946723 -0.228686 -0.226756
vn -0.954517 -0.289294 0.07216
vn -0.954517 -0.289294 0.07216
vn -0.089219 -0.039813 0.995216
vn -0.089219 -0.039813 0.995216
vn 0.251012 0.114987 0.96113
vn 0.251012 0.114987 0.96113
vn 0.68056 0.480209 0.553388
vn 0.68056 0.480209 0.553388
vn 0.526941 0.60909 -0.592742
vn 0.526941 0.60909 -0.592742
vn 0.449479 0.581996 -0.67768
vn 0.449479 0.581996 -0.67768
vn -0.360623 0.216631 -0.907206
vn -0.360623 0.216631 -0.907206
vn -0.935689 -0.272506 -0.224113
vn -0.935689 -0.272506 -0.224113
vn -0.937186 -0.341559 0.070849
vn -0.937186 -0.341559 0.070849
vn -0.088968 -0.084763 0.992421
vn -0.088968 -0.084763 0.992421
vn 0 1 0
vn 0 1 0
vn 0 1 0
vn 0 1 0
vn 0 1 0
vn 0 1 0
vn 0 1 0
vn 0 1 0
vn 0.249741 0.152272 0.956265
vn 0.249741 0.152272 0.956265
vn 0.692754 0.450311 0.563304
vn 0.692754 0.450311 0.563304
vn 0.560219 0.537619 -0.630175
vn 0.560219 0.537619 -0.630175
vn 0.475812 0.508887 -0.717382
vn 0.475812 0.508887 -0.717382
vn -0.363028 0.184866 -0.913256
vn -0.363028 0.184866 -0.913256
vn -0.953162 -0.1984 -0.228298
vn -0.953162 -0.1984 -0.228298
vn -0.965594 -0.2496 0.072997
vn -0.965594 -0.2496 0.072997
vn -0.089286 -0.008382 0.995971
vn -0.089286 -0.008382 0.995971
vn 0.245173 0.242069 0.938772
vn 0.721131 0.36896 0.586378
vn 0.634085 0.298647 -0.713265
vn 0.53212 0.270551 -0.802278
vn -0.367414 0.103408 -0.924291
vn -0.972493 -0.001198 -0.232929
vn -0.99714 0.005362 0.075382
vn -0.087837 0.179628 0.979805
vn 0.047048 -0.126436 0.990858
vn 0.047048 -0.126436 0.990858
vn 0.943371 -0.302892 0.135308
vn 0.943371 -0.302892 0.135308
vn 0.86529 -0.349557 -0.35928
vn 0.86529 -0.349557 -0.35928
vn 0.425054 -0.404312 -0.809853
vn 0.425054 -0.404312 -0.809853
vn -0.537708 -0.392923 -0.745977
vn -0.537708 -0.392923 -0.745977
vn -0.640753 -0.390873 -0.660798
vn -0.640753 -0.390873 -0.660798
vn -0.813574 -0.29766 0.499497
vn -0.813574 -0.29766 0.499497
vn -0.146998 -0.129401 0.980636
vn -0.146998 -0.129401 0.980636
vn 0.047079 -0.121132 0.991519
vn 0.047079 -0.121132 0.991519
vn 0.956775 -0.256415 0.137231
vn 0.956775 -0.256415 0.137231
vn 0.889072 -0.270696 -0.369154
vn 0.889072 -0.270696 -0.369154
vn 0.446534 -0.277098 -0.850779
vn 0.446534 -0.277098 -0.850779
vn -0.569731 -0.225095 -0.790404
vn -0.569731 -0.225095 -0.790404
vn -0.678842 -0.221506 -0.700078
vn -0.678842 -0.221506 -0.700078
vn -0.837751 -0.183376 0.514341
vn -0.837751 -0.183376 0.514341
vn -0.147284 -0.113665 0.982541
vn -0.147284 -0.113665 0.982541
vn 0.047421 -0.018046 0.998712
vn 0.047421 -0.018046 0.998712
vn 0.9864 -0.083659 0.14148
vn 0.9864 -0.083659 0.14148
vn 0.921373 -0.068659 -0.382566
vn 0.921373 -0.068659 -0.382566
vn 0.464645 -0.019379 -0.885285
vn 0.464645 -0.019379 -0.885285
vn -0.583256 0.071136 -0.809167
vn -0.583256 0.071136 -0.809167
vn -0.693941 0.07931 -0.71565
vn -0.693941 0.07931 -0.71565
vn -0.850029 0.071376 0.521878
vn -0.850029 0.071376 0.521878
vn -0.148245 -0.000663 0.988951
vn -0.148245 -0.000663 0.988951
vn 0.047269 0.082123 0.995501
vn 0.047269 0.082123 0.995501
vn 0.987334 0.071529 0.141614
vn 0.987334 0.071529 0.141614
vn 0.918993 0.099249 -0.381578
vn 0.918993 0.099249 -0.381578
vn 0.457599 0.174539 -0.87186
vn 0.457599 0.174539 -0.87186
vn -0.562839 0.271108 -0.780841
vn -0.562839 0.271108 -0.780841
vn -0.66793 0.281763 -0.688825
vn -0.66793 0.281763 -0.688825
vn -0.822685 0.260908 0.505091
vn -0.822685 0.260908 0.505091
vn -0.14744 0.104052 0.983583
vn -0.14744 0.104052 0.983583
vn 0.047181 0.102172 0.993647
vn 0.047181 0.102172 0.993647
vn 0.986179 0.086273 0.141448
vn 0.986179 0.086273 0.141448
vn 0.918721 0.10216 -0.381465
vn 0.918721 0.10216 -0.381465
vn 0.458661 0.161112 -0.873884
vn 0.458661 0.161112 -0.873884
vn -0.56665 0.246795 -0.78613
vn -0.56665 0.246795 -0.78613
vn -0.672566 0.258006 -0.693606
vn -0.672566 0.258006 -0.693606
vn -0.823278 0.258318 0.505455
vn -0.823278 0.258318 0.505455
vn -0.147154 0.121096 0.981673
vn -0.147154 0.121096 0.981673
vn 0.046531 0.193608 0.979975
vn 0.046531 0.193608 0.979975
vn 0.977634 0.156743 0.140222
vn 0.977634 0.156743 0.140222
vn 0.916795 0.12075 -0.380665
vn 0.916795 0.12075 -0.380665
vn 0.462101 0.106265 -0.880438
vn 0.462101 0.106265 -0.880438
vn -0.579052 0.139117 -0.803334
vn -0.579052 0.139117 -0.803334
vn -0.687957 0.152828 -0.709478
vn -0.687957 0.152828 -0.709478
vn -0.82455 0.252672 0.506235
vn -0.82455 0.252672 0.506235
vn -0.145264 0.199511 0.969068
vn -0.145264 0.199511 0.969068
vn 0 1 0
vn 0 1 0
vn 0 1 0
vn 0 1 0
vn 0 1 0
vn 0 1 0
vn 0 1 0
vn 0 1 0
vn 0.044825 0.326769 0.944041
vn 0.044825 0.326769 0.944041
vn 0.955158 0.262496 0.136999
vn 0.955158 0.262496 0.136999
vn 0.913092 0.150085 -0.379128
vn 0.913092 0.150085 -0.379128
vn 0.464646 0.019244 -0.885287
vn 0.464646 0.019244 -0.885287
vn -0.584325 -0.03755 -0.81065
vn -0.584325 -0.03755 -0.81065
vn -0.695987 -0.0206 -0.717759
vn -0.695987 -0.0206 -0.717759
vn -0.826371 0.244342 0.507354
vn -0.826371 0.244342 0.507354
vn -0.140708 0.314789 0.938674
vn -0.140708 0.314789 0.938674
vn 0.042343 0.450501 0.891771
vn 0.042343 0.450501 0.891771
vn 0.921351 0.36558 0.13215
vn 0.921351 0.36558 0.13215
vn 0.908465 0.18002 -0.377206
vn 0.908465 0.18002 -0.377206
vn 0.463381 -0.076192 -0.882878
vn 0.463381 -0.076192 -0.882878
vn -0.569785 -0.224694 -0.790479
vn -0.569785 -0.224694 -0.790479
vn -0.681189 -0.206102 -0.702498
vn -0.681189 -0.206102 -0.702498
vn -0.828544 0.23399 0.508688
vn -0.828544 0.23399 0.508688
vn -0.134239 0.424303 0.895515
vn -0.134239 0.424303 0.895515
vn 0.040378 0.524629 0.850373
vn 0.894456 0.428358 0.128292
vn 0.905921 0.194471 -0.37615
vn 0.459235 -0.153353 -0.874978
vn -0.546392 -0.356165 -0.758025
vn -0.655156 -0.338032 -0.675652
vn -0.831687 0.218099 0.510617
vn -0.129126 0.491226 0.861408
vn 0.441809 -0.209812 0.872229
vn 0.441809 -0.209812 0.872229
vn 0.867743 -0.366969 0.335196
vn 0.867743 -0.366969 0.335196
vn 0.864614 -0.489683 -0.112488
vn 0.864614 -0.489683 -0.112488
vn 0.042704 -0.556591 -0.829688
vn 0.042704 -0.556591 -0.829688
vn -0.135316 -0.549269 -0.824617
vn -0.135316 -0.549269 -0.824617
vn -0.705271 -0.544727 -0.453723
vn -0.705271 -0.544727 -0.453723
vn -0.67479 -0.203499 0.709399
vn -0.67479 -0.203499 0.709399
vn -0.573891 -0.171041 0.800871
vn -0.573891 -0.171041 0.800871
vn 0.45062 -0.074233 0.889624
vn 0.45062 -0.074233 0.889624
vn 0.908438 -0.227154 0.350916
vn 0.908438 -0.227154 0.350916
vn 0.926301 -0.356992 -0.120513
vn 0.926301 -0.356992 -0.120513
vn 0.045513 -0.464758 -0.884267
vn 0.045513 -0.464758 -0.884267
vn -0.143875 -0.458869 -0.876778
vn -0.143875 -0.458869 -0.876778
vn -0.758016 -0.433132 -0.487656
vn -0.758016 -0.433132 -0.487656
vn -0.686576 -0.087358 0.72179
vn -0.686576 -0.087358 0.72179
vn -0.581512 -0.057459 0.811506
vn -0.581512 -0.057459 0.811506
vn 0.445992 0.160719 0.880489
vn 0.445992 0.160719 0.880489
vn 0.924167 0.135915 0.356992
vn 0.924167 0.135915 0.356992
vn 0.988511 0.079414 -0.128607
vn 0.988511 0.079414 -0.128607
vn 0.051047 -0.117256 -0.991789
vn 0.051047 -0.117256 -0.991789
vn -0.160462 -0.13433 -0.977859
vn -0.160462 -0.13433 -0.977859
vn -0.833313 -0.134869 -0.536097
vn -0.833313 -0.134869 -0.536097
vn -0.688677 0.039353 0.723999
vn -0.688677 0.039353 0.723999
vn -0.581426 0.059967 0.811386
vn -0.581426 0.059967 0.811386
vn 0.43412 0.277498 0.85705
vn 0.43412 0.277498 0.85705
vn 0.848033 0.416568 0.327583
vn 0.848033 0.416568 0.327583
vn 0.877463 0.465861 -0.114159
vn 0.877463 0.465861 -0.114159
vn 0.049185 0.290511 -0.955607
vn 0.049185 0.290511 -0.955607
vn -0.157155 0.241063 -0.957701
vn -0.157155 0.241063 -0.957701
vn -0.834891 0.120282 -0.537112
vn -0.834891 0.120282 -0.537112
vn -0.68918 0.009497 0.724528
vn -0.68918 0.009497 0.724528
vn -0.582333 0.021985 0.812653
vn -0.582333 0.021985 0.812653
vn 0.445181 0.171381 0.878887
vn 0.445181 0.171381 0.878887
vn 0.82639 0.463871 0.319222
vn 0.82639 0.463871 0.319222
vn 0.81249 0.573311 -0.105706
vn 0.81249 0.573311 -0.105706
vn 0.045762 0.455398 -0.889111
vn 0.045762 0.455398 -0.889111
vn -0.149207 0.388547 -0.909268
vn -0.149207 0.388547 -0.909268
vn -0.836756 0.100298 -0.538312
vn -0.836756 0.100298 -0.538312
vn -0.669604 -0.236829 0.703948
vn -0.669604 -0.236829 0.703948
vn -0.567285 -0.22688 0.791652
vn -0.567285 -0.22688 0.791652
vn 0.449273 0.106988 0.886965
vn 0.449273 0.106988 0.886965
vn 0.814357 0.487714 0.314574
vn 0.814357 0.487714 0.314574
vn 0.776093 0.622482 -0.100971
vn 0.776093 0.622482 -0.100971
vn 0.043548 0.531273 -0.846081
vn 0.043548 0.531273 -0.846081
vn -0.143797 0.459802 -0.876302
vn -0.143797 0.459802 -0.876302
vn -0.837801 0.087091 -0.538984
vn -0.837801 0.087091 -0.538984
vn -0.642563 -0.361642 0.67552
vn -0.642563 -0.361642 0.67552
vn -0.54485 -0.353576 0.760344
vn -0.54485 -0.353576 0.760344
vn 0.448367 0.124214 0.885177
vn 0.448367 0.124214 0.885177
vn 0.820354 0.476026 0.316891
vn 0.820354 0.476026 0.316891
vn 0.790683 0.603522 -0.102869
vn 0.790683 0.603522 -0.102869
vn 0.044404 0.503715 -0.862728
vn 0.044404 0.503715 -0.862728
vn -0.145955 0.433097 -0.889452
vn -0.145955 0.433097 -0.889452
vn -0.837895 0.085813 -0.539044
vn -0.837895 0.085813 -0.539044
vn -0.651853 -0.324762 0.685286
vn -0.651853 -0.324762 0.685286
vn -0.552635 -0.315963 0.771208
vn -0.552635 -0.315963 0.771208
vn 0.439711 0.230389 0.868087
vn 0.439711 0.230389 0.868087
vn 0.846286 0.420631 0.326908
vn 0.846286 0.420631 0.326908
vn 0.863092 0.492406 -0.112289
vn 0.863092 0.492406 -0.112289
vn 0.048397 0.336878 -0.940303
vn 0.048397 0.336878 -0.940303
vn -0.155458 0.279895 -0.94736
vn -0.155458 0.279895 -0.94736
vn -0.837032 0.096984 -0.538489
vn -0.837032 0.096984 -0.538489
vn -0.686656 -0.086024 0.721874
vn -0.686656 -0.086024 0.721874
vn -0.580886 -0.073794 0.810633
vn -0.580886 -0.073794 0.810633
vn 0.417307 0.383555 0.823857
vn 0.885739 0.313689 0.342148
vn 0.963116 0.238132 -0.125303
vn 0.051394 -0.017687 -0.998522
vn -0.161883 -0.024017 -0.986518
vn -0.83594 0.109492 -0.537787
vn -0.654092 0.315145 0.687639
vn -0.550142 0.328535 0.767729
vn 0.379941 -0.25184 0.890068
vn 0.379941 -0.25184 0.890068
vn 0.883974 -0.399326 0.243166
vn 0.883974 -0.399326 0.243166
vn 0.884867 -0.459542 -0.076365
vn 0.884867 -0.459542 -0.076365
vn 0.067166 -0.483217 -0.872921
vn 0.067166 -0.483217 -0.872921
vn -0.201152 -0.461612 -0.863975
vn -0.201152 -0.461612 -0.863975
vn -0.705577 -0.45647 -0.54203
vn -0.705577 -0.45647 -0.54203
vn -0.655811 -0.193557 0.72969
vn -0.655811 -0.193557 0.72969
vn -0.554932 -0.174036 0.813488
vn -0.554932 -0.174036 0.813488
vn 0.3899 -0.116975 0.913398
vn 0.3899 -0.116975 0.913398
vn 0.920239 -0.298461 0.253142
vn 0.920239 -0.298461 0.253142
vn 0.925925 -0.369158 -0.079908
vn 0.925925 -0.369158 -0.079908
vn 0.069863 -0.413154 -0.907977
vn 0.069863 -0.413154 -0.907977
vn -0.209251 -0.385281 -0.898761
vn -0.209251 -0.385281 -0.898761
vn -0.746425 -0.337715 -0.57341
vn -0.746425 -0.337715 -0.57341
vn -0.667813 -0.043688 0.743045
vn -0.667813 -0.043688 0.743045
vn -0.563313 -0.027861 0.825774
vn -0.563313 -0.027861 0.825774
vn 0.389264 0.12998 0.911909
vn 0.389264 0.12998 0.911909
vn 0.963233 0.044429 0.264969
vn 0.963233 0.044429 0.264969
vn 0.996294 -0.002453 -0.085981
vn 0.996294 -0.002453 -0.085981
vn 0.076096 -0.126952 -0.988986
vn 0.076096 -0.126952 -0.988986
vn -0.22499 -0.124618 -0.966359
vn -0.22499 -0.124618 -0.966359
vn -0.790732 -0.075841 -0.607447
vn -0.790732 -0.075841 -0.607447
vn -0.664802 0.10435 0.739695
vn -0.664802 0.10435 0.739695
vn -0.559778 0.115229 0.820592
vn -0.559778 0.115229 0.820592
vn 0.377548 0.274194 0.884463
vn 0.377548 0.274194 0.884463
vn 0.895329 0.371118 0.246289
vn 0.895329 0.371118 0.246289
vn 0.919974 0.383854 -0.079394
vn 0.919974 0.383854 -0.079394
vn 0.074949 0.213487 -0.974067
vn 0.074949 0.213487 -0.974067
vn -0.223887 0.158608 -0.961623
vn -0.223887 0.158608 -0.961623
vn -0.788142 0.110699 -0.605457
vn -0.788142 0.110699 -0.605457
vn -0.666086 0.084056 0.741123
vn -0.666086 0.084056 0.741123
vn -0.560969 0.095265 0.822337
vn -0.560969 0.095265 0.822337
vn 0.384169 0.206068 0.899972
vn 0.384169 0.206068 0.899972
vn 0.846063 0.479595 0.232737
vn 0.846063 0.479595 0.232737
vn 0.844286 0.530916 -0.072862
vn 0.844286 0.530916 -0.072862
vn 0.071345 0.367634 -0.92723
vn 0.071345 0.367634 -0.92723
vn -0.21875 0.263399 -0.939558
vn -0.21875 0.263399 -0.939558
vn -0.792015 0.050228 -0.608432
vn -0.792015 0.050228 -0.608432
vn -0.658642 -0.170693 0.73284
vn -0.658642 -0.170693 0.73284
vn -0.556936 -0.152546 0.816426
vn -0.556936 -0.152546 0.816426
vn 0.388036 0.151957 0.909031
vn 0.388036 0.151957 0.909031
vn 0.806469 0.548081 0.221846
vn 0.806469 0.548081 0.221846
vn 0.784447 0.616489 -0.067698
vn 0.784447 0.616489 -0.067698
vn 0.067881 0.465921 -0.882219
vn 0.067881 0.465921 -0.882219
vn -0.213614 0.335509 -0.917498
vn -0.213614 0.335509 -0.917498
vn -0.793011 0.00339 -0.609198
vn -0.793011 0.00339 -0.609198
vn -0.627544 -0.344454 0.69824
vn -0.627544 -0.344454 0.69824
vn -0.533152 -0.323901 0.78156
vn -0.533152 -0.323901 0.78156
vn 0.388837 0.138029 0.910908
vn 0.388837 0.138029 0.910908
vn 0.79971 0.558631 0.219987
vn 0.79971 0.558631 0.219987
vn 0.773966 0.629695 -0.066794
vn 0.773966 0.629695 -0.066794
vn 0.067227 0.481771 -0.873715
vn 0.067227 0.481771 -0.873715
vn -0.212674 0.346928 -0.913461
vn -0.212674 0.346928 -0.913461
vn -0.792981 -0.009332 -0.609175
vn -0.792981 -0.009332 -0.609175
vn -0.618889 -0.377879 0.68861
vn -0.618889 -0.377879 0.68861
vn -0.526363 -0.357158 0.771608
vn -0.526363 -0.357158 0.771608
vn 0.38638 0.177235 0.905151
vn 0.38638 0.177235 0.905151
vn 0.836844 0.496688 0.230201
vn 0.836844 0.496688 0.230201
vn 0.828386 0.555577 -0.07149
vn 0.828386 0.555577 -0.07149
vn 0.070465 0.395412 -0.915797
vn 0.070465 0.395412 -0.915797
vn -0.21767 0.280261 -0.934919
vn -0.21767 0.280261 -0.934919
vn -0.792822 0.02209 -0.609052
vn -0.792822 0.02209 -0.609052
vn -0.648527 -0.242334 0.721586
vn -0.648527 -0.242334 0.721586
vn -0.549356 -0.222888 0.805313
vn -0.549356 -0.222888 0.805313
vn 0.379421 0.256876 0.88885
vn 0.909329 0.332492 0.250141
vn 0.937422 0.338667 -0.0809
vn 0.075603 0.169797 -0.982575
vn -0.225069 0.121811 -0.966699
vn -0.789988 0.087294 -0.606876
vn -0.665816 0.088719 0.740823
vn -0.560717 0.09982 0.821969
vn 0.541325 -0.386054 0.746947
vn 0.541325 -0.386054 0.746947
vn 0.655919 -0.401034 0.639486
vn 0.655919 -0.401034 0.639486
vn 0.749121 -0.522529 -0.407162
vn 0.749121 -0.522529 -0.407162
vn 0.105957 -0.439957 -0.891746
vn 0.105957 -0.439957 -0.891746
vn -0.036801 -0.444291 -0.895126
vn -0.036801 -0.444291 -0.895126
vn -0.837901 -0.524473 -0.151161
vn -0.837901 -0.524473 -0.151161
vn -0.794319 -0.467034 0.388506
vn -0.794319 -0.467034 0.388506
vn -0.446883 -0.425628 0.786852
vn -0.446883 -0.425628 0.786852
vn 0.530607 -0.427086 0.732157
vn 0.530607 -0.427086 0.732157
vn 0.646289 -0.430451 0.630097
vn 0.646289 -0.430451 0.630097
vn 0.814821 -0.374075 -0.442871
vn 0.814821 -0.374075 -0.442871
vn 0.116402 -0.163499 -0.979652
vn 0.116402 -0.163499 -0.979652
vn -0.040593 -0.153207 -0.98736
vn -0.040593 -0.153207 -0.98736
vn -0.943153 -0.285504 -0.170149
vn -0.943153 -0.285504 -0.170149
vn -0.846842 -0.33362 0.414195
vn -0.846842 -0.33362 0.414195
vn -0.454535 -0.390994 0.800326
vn -0.454535 -0.390994 0.800326
vn 0.548492 -0.355464 0.756837
vn 0.548492 -0.355464 0.756837
vn 0.672936 -0.341644 0.656076
vn 0.672936 -0.341644 0.656076
vn 0.878372 0.02323 -0.477412
vn 0.878372 0.02323 -0.477412
vn 0.111855 0.318238 -0.941389
vn 0.111855 0.318238 -0.941389
vn -0.038577 0.34361 -0.93832
vn -0.038577 0.34361 -0.93832
vn -0.955782 0.238221 -0.172427
vn -0.955782 0.238221 -0.172427
vn -0.898239 0.012336 0.439334
vn -0.898239 0.012336 0.439334
vn -0.48325 -0.206068 0.850885
vn -0.48325 -0.206068 0.850885
vn 0.564954 -0.27042 0.779551
vn 0.564954 -0.27042 0.779551
vn 0.69482 -0.241531 0.677412
vn 0.69482 -0.241531 0.677412
vn 0.828914 0.331548 -0.45053
vn 0.828914 0.331548 -0.45053
vn 0.09671 0.572865 -0.813925
vn 0.09671 0.572865 -0.813925
vn -0.032988 0.595912 -0.802372
vn -0.032988 0.595912 -0.802372
vn -0.825754 0.544002 -0.14897
vn -0.825754 0.544002 -0.14897
vn -0.861436 0.283559 0.421333
vn -0.861436 0.283559 0.421333
vn -0.493648 -0.02853 0.869194
vn -0.493648 -0.02853 0.869194
vn 0.566467 -0.261062 0.78164
vn 0.566467 -0.261062 0.78164
vn 0.696384 -0.232582 0.678937
vn 0.696384 -0.232582 0.678937
vn 0.829949 0.328175 -0.451093
vn 0.829949 0.328175 -0.451093
vn 0.097328 0.565295 -0.819127
vn 0.097328 0.565295 -0.819127
vn -0.033218 0.588265 -0.807986
vn -0.033218 0.588265 -0.807986
vn -0.829884 0.537473 -0.149715
vn -0.829884 0.537473 -0.149715
vn -0.862091 0.281082 0.421653
vn -0.862091 0.281082 0.421653
vn -0.49371 -0.023736 0.869303
vn -0.49371 -0.023736 0.869303
vn 0 1 0
vn 0 1 0
vn 0 1 0
vn 0 1 0
vn 0 1 0
vn 0 1 0
vn 0 1 0
vn 0 1 0
vn 0.585672 -0.062433 0.80814
vn 0.585672 -0.062433 0.80814
vn 0.715416 -0.041031 0.697493
vn 0.715416 -0.041031 0.697493
vn 0.833881 0.315001 -0.45323
vn 0.833881 0.315001 -0.45323
vn 0.105501 0.447765 -0.887905
vn 0.105501 0.447765 -0.887905
vn -0.03634 0.466238 -0.883913
vn -0.03634 0.466238 -0.883913
vn -0.877365 0.452965 -0.158281
vn -0.877365 0.452965 -0.158281
vn -0.862427 0.279802 0.421818
vn -0.862427 0.279802 0.421818
vn -0.491603 0.095273 0.865592
vn -0.491603 0.095273 0.865592
vn 0.561151 0.29251 0.774304
vn 0.561151 0.29251 0.774304
vn 0.683891 0.296189 0.666757
vn 0.683891 0.296189 0.666757
vn 0.840083 0.292875 -0.456601
vn 0.840083 0.292875 -0.456601
vn 0.116198 0.17362 -0.977934
vn 0.116198 0.17362 -0.977934
vn -0.040466 0.171896 -0.984284
vn -0.040466 0.171896 -0.984284
vn -0.947273 0.271053 -0.170892
vn -0.947273 0.271053 -0.170892
vn -0.862646 0.278965 0.421925
vn -0.862646 0.278965 0.421925
vn -0.471953 0.294467 0.830993
vn -0.471953 0.294467 0.830993
vn 0.472956 0.591959 0.652608
vn 0.472956 0.591959 0.652608
vn 0.581495 0.583489 0.566926
vn 0.581495 0.583489 0.566926
vn 0.847247 0.264796 -0.460495
vn 0.847247 0.264796 -0.460495
vn 0.115614 -0.199643 -0.973024
vn 0.115614 -0.199643 -0.973024
vn -0.039959 -0.231814 -0.971939
vn -0.039959 -0.231814 -0.971939
vn -0.983996 0.015456 -0.177517
vn -0.983996 0.015456 -0.177517
vn -0.863277 0.276534 0.422233
vn -0.863277 0.276534 0.422233
vn -0.431896 0.484936 0.760463
vn -0.431896 0.484936 0.760463
vn 0.398755 0.733655 0.550222
vn 0.49466 0.723001 0.482267
vn 0.855364 0.228503 -0.464907
vn 0.104289 -0.467704 -0.877711
vn -0.035364 -0.508766 -0.860178
vn -0.961377 -0.213716 -0.173437
vn -0.866506 0.263725 0.423812
vn -0.395536 0.598765 0.696442
vn 0.350521 -0.409631 0.842222
vn 0.350521 -0.409631 0.842222
vn 0.615275 -0.48641 0.620356
vn 0.615275 -0.48641 0.620356
vn 0.587368 -0.485624 -0.647432
vn 0.587368 -0.485624 -0.647432
vn 0.421632 -0.444326 -0.790443
vn 0.421632 -0.444326 -0.790443
vn -0.232619 -0.389831 -0.891022
vn -0.232619 -0.389831 -0.891022
vn -0.947538 -0.301774 -0.105375
vn -0.947538 -0.301774 -0.105375
vn -0.951712 -0.300183 0.064303
vn -0.951712 -0.300183 0.064303
vn -0.161398 -0.361389 0.91834
vn -0.161398 -0.361389 0.91834
vn 0.364315 -0.317819 0.875366
vn 0.364315 -0.317819 0.875366
vn 0.641126 -0.413639 0.646421
vn 0.641126 -0.413639 0.646421
vn 0.606511 -0.430356 -0.668534
vn 0.606511 -0.430356 -0.668534
vn 0.435073 -0.381371 -0.81564
vn 0.435073 -0.381371 -0.81564
vn -0.243956 -0.2594 -0.93445
vn -0.243956 -0.2594 -0.93445
vn -0.990595 -0.081157 -0.110163
vn -0.990595 -0.081157 -0.110163
vn -0.994834 -0.076078 0.067217
vn -0.994834 -0.076078 0.067217
vn -0.169118 -0.213168 0.962267
vn -0.169118 -0.213168 0.962267
vn 0.383635 -0.055989 0.921786
vn 0.383635 -0.055989 0.921786
vn 0.697705 -0.135436 0.703467
vn 0.697705 -0.135436 0.703467
vn 0.662114 -0.170191 -0.729822
vn 0.662114 -0.170191 -0.729822
vn 0.466706 -0.129074 -0.874943
vn 0.466706 -0.129074 -0.874943
vn -0.252423 0.037774 -0.96688
vn -0.252423 0.037774 -0.96688
vn -0.966901 0.231389 -0.107528
vn -0.966901 0.231389 -0.107528
vn -0.96927 0.237122 0.065489
vn -0.96927 0.237122 0.065489
vn -0.172585 0.076871 0.981991
vn -0.172585 0.076871 0.981991
vn 0.377969 0.179893 0.908173
vn 0.377969 0.179893 0.908173
vn 0.69456 0.164841 0.700296
vn 0.69456 0.164841 0.700296
vn 0.665361 0.139343 -0.733402
vn 0.665361 0.139343 -0.733402
vn 0.465513 0.147241 -0.872707
vn 0.465513 0.147241 -0.872707
vn -0.244166 0.256286 -0.935254
vn -0.244166 0.256286 -0.935254
vn -0.926579 0.361709 -0.103044
vn -0.926579 0.361709 -0.103044
vn -0.928955 0.364833 0.062765
vn -0.928955 0.364833 0.062765
vn -0.167013 0.262798 0.950286
vn -0.167013 0.262798 0.950286
vn 0.375134 0.216382 0.901362
vn 0.375134 0.216382 0.901362
vn 0.680269 0.258445 0.685887
vn 0.680269 0.258445 0.685887
vn 0.647582 0.266684 -0.713805
vn 0.647582 0.266684 -0.713805
vn 0.456172 0.246062 -0.855196
vn 0.456172 0.246062 -0.855196
vn -0.245291 0.238855 -0.939564
vn -0.245291 0.238855 -0.939564
vn -0.971694 0.210078 -0.108061
vn -0.971694 0.210078 -0.108061
vn -0.975832 0.208336 0.065933
vn -0.975832 0.208336 0.065933
vn -0.169339 0.20725 0.963521
vn -0.169339 0.20725 0.963521
vn 0.371544 0.254911 0.892735
vn 0.371544 0.254911 0.892735
vn 0.658967 0.352596 0.664409
vn 0.658967 0.352596 0.664409
vn 0.618422 0.391013 -0.681662
vn 0.618422 0.391013 -0.681662
vn 0.441658 0.345514 -0.827985
vn 0.441658 0.345514 -0.827985
vn -0.246459 0.219217 -0.944035
vn -0.246459 0.219217 -0.944035
vn -0.993551 0.025467 -0.110492
vn -0.993551 0.025467 -0.110492
vn -0.997575 0.017357 0.067402
vn -0.997575 0.017357 0.067402
vn -0.171295 0.1439 0.974654
vn -0.171295 0.1439 0.974654
vn 0.368835 0.28029 0.886227
vn 0.368835 0.28029 0.886227
vn 0.641423 0.41271 0.64672
vn 0.641423 0.41271 0.64672
vn 0.593921 0.467635 -0.654656
vn 0.593921 0.467635 -0.654656
vn 0.429458 0.409095 -0.805113
vn 0.429458 0.409095 -0.805113
vn -0.24733 0.203259 -0.947372
vn -0.24733 0.203259 -0.947372
vn -0.987694 -0.111337 -0.10984
vn -0.987694 -0.111337 -0.10984
vn -0.990065 -0.123676 0.066894
vn -0.990065 -0.123676 0.066894
vn -0.172303 0.095634 0.980391
vn -0.172303 0.095634 0.980391
vn 0.368902 0.279695 0.886387
vn 0.368902 0.279695 0.886387
vn 0.64 0.417142 0.645285
vn 0.64 0.417142 0.645285
vn 0.591374 0.474731 -0.651849
vn 0.591374 0.474731 -0.651849
vn 0.428317 0.41446 -0.802974
vn 0.428317 0.41446 -0.802974
vn -0.247718 0.195707 -0.94886
vn -0.247718 0.195707 -0.94886
vn -0.984478 -0.137173 -0.109483
vn -0.984478 -0.137173 -0.109483
vn -0.986428 -0.15006 0.066649
vn -0.986428 -0.15006 0.066649
vn -0.172498 0.083085 0.981499
vn -0.172498 0.083085 0.981499
vn 0.372956 0.240536 0.896128
vn 0.660749 0.345804 0.666206
vn 0.618646 0.390225 -0.68191
vn 0.442316 0.341688 -0.82922
vn -0.247855 0.192966 -0.949385
vn -0.99342 -0.03018 -0.110477
vn -0.996952 -0.039359 0.06736
vn -0.172038 0.110461 0.978878
vn 0.50379 -0.429547 0.749456
vn 0.50379 -0.429547 0.749456
vn 0.709361 -0.485078 0.511377
vn 0.709361 -0.485078 0.511377
vn 0.750959 -0.614449 -0.241893
vn 0.750959 -0.614449 -0.241893
vn 0.043363 -0.513104 -0.85723
vn 0.043363 -0.513104 -0.85723
vn -0.049347 -0.506873 -0.860607
vn -0.049347 -0.506873 -0.860607
vn -0.802582 -0.524344 -0.284475
vn -0.802582 -0.524344 -0.284475
vn -0.736193 -0.374732 0.563556
vn -0.736193 -0.374732 0.563556
vn -0.530505 -0.3494 0.772324
vn -0.530505 -0.3494 0.772324
vn 0.514447 -0.386839 0.76531
vn 0.514447 -0.386839 0.76531
vn 0.738987 -0.412423 0.532735
vn 0.738987 -0.412423 0.532735
vn 0.847007 -0.456227 -0.272831
vn 0.847007 -0.456227 -0.272831
vn 0.048425 -0.284986 -0.957308
vn 0.048425 -0.284986 -0.957308
vn -0.055006 -0.276976 -0.959301
vn -0.055006 -0.276976 -0.959301
vn -0.887975 -0.335316 -0.314743
vn -0.887975 -0.335316 -0.314743
vn -0.757054 -0.301695 0.579525
vn -0.757054 -0.301695 0.579525
vn -0.538694 -0.307839 0.784247
vn -0.538694 -0.307839 0.784247
vn 0.540935 -0.244588 0.804715
vn 0.540935 -0.244588 0.804715
vn 0.794587 -0.201275 0.572817
vn 0.794587 -0.201275 0.572817
vn 0.951608 0.022045 -0.306524
vn 0.951608 0.022045 -0.306524
vn 0.04879 0.259444 -0.964525
vn 0.04879 0.259444 -0.964525
vn -0.055175 0.266469 -0.962263
vn -0.055175 0.266469 -0.962263
vn -0.929425 0.166259 -0.329434
vn -0.929425 0.166259 -0.329434
vn -0.790592 -0.093277 0.605198
vn -0.790592 -0.093277 0.605198
vn -0.558347 -0.165861 0.812858
vn -0.558347 -0.165861 0.812858
vn 0.550226 -0.165081 0.818535
vn 0.550226 -0.165081 0.818535
vn 0.810377 -0.044731 0.584199
vn 0.810377 -0.044731 0.584199
vn 0.866624 0.413569 -0.27915
vn 0.866624 0.413569 -0.27915
vn 0.040202 0.60561 -0.794745
vn 0.040202 0.60561 -0.794745
vn -0.045408 0.608927 -0.791926
vn -0.045408 0.608927 -0.791926
vn -0.811658 0.508374 -0.287692
vn -0.811658 0.508374 -0.287692
vn -0.793307 0.043355 0.607276
vn -0.793307 0.043355 0.607276
vn -0.563673 -0.094179 0.820611
vn -0.563673 -0.094179 0.820611
vn 0.537292 -0.269154 0.799295
vn 0.537292 -0.269154 0.799295
vn 0.805164 -0.121649 0.580442
vn 0.805164 -0.121649 0.580442
vn 0.85235 0.445108 -0.274552
vn 0.85235 0.445108 -0.274552
vn 0.03767 0.66635 -0.744687
vn 0.03767 0.66635 -0.744687
vn -0.042557 0.668826 -0.7422
vn -0.042557 0.668826 -0.7422
vn -0.798585 0.531169 -0.283058
vn -0.798585 0.531169 -0.283058
vn -0.793218 -0.045871 0.607208
vn -0.793218 -0.045871 0.607208
vn -0.5539 -0.207222 0.806383
vn -0.5539 -0.207222 0.806383
vn 0.542755 -0.231269 0.807423
vn 0.542755 -0.231269 0.807423
vn 0.80753 -0.094863 0.582147
vn 0.80753 -0.094863 0.582147
vn 0.860337 0.42781 -0.277125
vn 0.860337 0.42781 -0.277125
vn 0.038792 0.640627 -0.766871
vn 0.038792 0.640627 -0.766871
vn -0.043821 0.643447 -0.764236
vn -0.043821 0.643447 -0.764236
vn -0.80617 0.51811 -0.285747
vn -0.80617 0.51811 -0.285747
vn -0.793978 -0.013814 0.60779
vn -0.793978 -0.013814 0.60779
vn -0.558374 -0.165582 0.812897
vn -0.558374 -0.165582 0.812897
vn 0 1 0
vn 0 1 0
vn 0 1 0
vn 0 1 0
vn 0 1 0
vn 0 1 0
vn 0 1 0
vn 0 1 0
vn 0.557709 -0.024753 0.829668
vn 0.557709 -0.024753 0.829668
vn 0.810227 0.04867 0.584092
vn 0.810227 0.04867 0.584092
vn 0.891289 0.35097 -0.287095
vn 0.891289 0.35097 -0.287095
vn 0.044069 0.488936 -0.871206
vn 0.044069 0.488936 -0.871206
vn -0.049776 0.493881 -0.868104
vn -0.049776 0.493881 -0.868104
vn -0.836339 0.461151 -0.29644
vn -0.836339 0.461151 -0.29644
vn -0.784884 0.151536 0.600828
vn -0.784884 0.151536 0.600828
vn -0.565324 0.055272 0.823015
vn -0.565324 0.055272 0.823015
vn 0.531713 0.302668 0.790995
vn 0.531713 0.302668 0.790995
vn 0.78106 0.270006 0.563065
vn 0.78106 0.270006 0.563065
vn 0.930135 0.212329 -0.299608
vn 0.930135 0.212329 -0.299608
vn 0.050152 0.120491 -0.991447
vn 0.050152 0.120491 -0.991447
vn -0.056761 0.12973 -0.989923
vn -0.056761 0.12973 -0.989923
vn -0.880437 0.356992 -0.312071
vn -0.880437 0.356992 -0.312071
vn -0.73156 0.388858 0.560009
vn -0.73156 0.388858 0.560009
vn -0.52309 0.382688 0.761529
vn -0.52309 0.382688 0.761529
vn 0.459392 0.567372 0.683409
vn 0.717294 0.467012 0.517097
vn 0.951423 0.029546 -0.306465
vn 0.047279 -0.352382 -0.934661
vn -0.053777 -0.342768 -0.93788
vn -0.921164 0.211778 -0.326506
vn -0.647091 0.579572 0.495348
vn -0.441223 0.626669 0.642346
vn 0.134813 -0.453701 0.880898
vn 0.134813 -0.453701 0.880898
vn 0.581189 -0.729474 0.360676
vn 0.581189 -0.729474 0.360676
vn 0.431308 -0.783785 -0.446826
vn 0.431308 -0.783785 -0.446826
vn 0.365142 -0.780685 -0.507151
vn 0.365142 -0.780685 -0.507151
vn -0.29781 -0.764353 -0.571903
vn -0.29781 -0.764353 -0.571903
vn -0.659972 -0.701228 -0.269658
vn -0.659972 -0.701228 -0.269658
vn -0.747952 -0.655402 0.104951
vn -0.747952 -0.655402 0.104951
vn -0.04348 -0.433875 0.899923
vn -0.04348 -0.433875 0.899923
vn 0.146052 -0.260608 0.954333
vn 0.146052 -0.260608 0.954333
vn 0.69586 -0.573842 0.431839
vn 0.69586 -0.573842 0.431839
vn 0.510238 -0.678413 -0.528596
vn 0.510238 -0.678413 -0.528596
vn 0.430311 -0.676483 -0.597664
vn 0.430311 -0.676483 -0.597664
vn -0.35195 -0.647556 -0.675872
vn -0.35195 -0.647556 -0.675872
vn -0.772239 -0.551442 -0.315529
vn -0.772239 -0.551442 -0.315529
vn -0.870837 -0.476143 0.122194
vn -0.870837 -0.476143 0.122194
vn -0.046877 -0.237588 0.970234
vn -0.046877 -0.237588 0.970234
vn 0.150347 0.11083 0.982401
vn 0.150347 0.11083 0.982401
vn 0.847598 0.069971 0.526005
vn 0.847598 0.069971 0.526005
vn 0.693382 -0.056788 -0.718329
vn 0.693382 -0.056788 -0.718329
vn 0.583014 -0.066253 -0.809756
vn 0.583014 -0.066253 -0.809756
vn -0.460669 -0.071921 -0.884653
vn -0.460669 -0.071921 -0.884653
vn -0.925512 -0.020642 -0.378155
vn -0.925512 -0.020642 -0.378155
vn -0.989796 0.03186 0.138887
vn -0.989796 0.03186 0.138887
vn -0.047955 0.112058 0.992544
vn -0.047955 0.112058 0.992544
vn 0.145861 0.26524 0.953086
vn 0.145861 0.26524 0.953086
vn 0.704802 0.55852 0.437389
vn 0.704802 0.55852 0.437389
vn 0.545121 0.619612 -0.564734
vn 0.545121 0.619612 -0.564734
vn 0.462659 0.610755 -0.642593
vn 0.462659 0.610755 -0.642593
vn -0.393611 0.523184 -0.755877
vn -0.393611 0.523184 -0.755877
vn -0.848199 0.400563 -0.346565
vn -0.848199 0.400563 -0.346565
vn -0.933319 0.334313 0.130962
vn -0.933319 0.334313 0.130962
vn -0.046967 0.229784 0.972108
vn -0.046967 0.229784 0.972108
vn 0.151269 0.011405 0.988427
vn 0.151269 0.011405 0.988427
vn 0.70201 0.56337 0.435656
vn 0.70201 0.56337 0.435656
vn 0.459559 0.74976 -0.476094
vn 0.459559 0.74976 -0.476094
vn 0.389121 0.745984 -0.540456
vn 0.389121 0.745984 -0.540456
vn -0.364823 0.613248 -0.700594
vn -0.364823 0.613248 -0.700594
vn -0.871462 0.337296 -0.35607
vn -0.871462 0.337296 -0.35607
vn -0.984224 0.110593 0.138105
vn -0.984224 0.110593 0.138105
vn -0.04814 -0.070156 0.996374
vn -0.04814 -0.070156 0.996374
vn 0.150017 -0.128906 0.980244
vn 0.150017 -0.128906 0.980244
vn 0.701968 0.563443 0.43563
vn 0.701968 0.563443 0.43563
vn 0.42149 0.794782 -0.436655
vn 0.42149 0.794782 -0.436655
vn 0.35634 0.792509 -0.494925
vn 0.35634 0.792509 -0.494925
vn -0.350572 0.651048 -0.673228
vn -0.350572 0.651048 -0.673228
vn -0.883444 0.298715 -0.360966
vn -0.883444 0.298715 -0.360966
vn -0.99009 -0.020522 0.138928
vn -0.99009 -0.020522 0.138928
vn -0.046988 -0.227991 0.972529
vn -0.046988 -0.227991 0.972529
vn 0 1 0
vn 0 1 0
vn 0 1 0
vn 0 1 0
vn 0 1 0
vn 0 1 0
vn 0 1 0
vn 0 1 0
vn 0.150922 -0.068728 0.986154
vn 0.150922 -0.068728 0.986154
vn 0.706487 0.555565 0.438434
vn 0.706487 0.555565 0.438434
vn 0.442579 0.770648 -0.458503
vn 0.442579 0.770648 -0.458503
vn 0.374404 0.767729 -0.520014
vn 0.374404 0.767729 -0.520014
vn -0.35982 0.62695 -0.690987
vn -0.35982 0.62695 -0.690987
vn -0.880817 0.307635 -0.359893
vn -0.880817 0.307635 -0.359893
vn -0.989775 0.032519 0.138884
vn -0.989775 0.032519 0.138884
vn -0.047639 -0.159773 0.986004
vn -0.047639 -0.159773 0.986004
vn 0.147942 0.20889 0.966684
vn 0.147942 0.20889 0.966684
vn 0.71677 0.53701 0.444815
vn 0.71677 0.53701 0.444815
vn 0.541759 0.625695 -0.561251
vn 0.541759 0.625695 -0.561251
vn 0.459476 0.617753 -0.638172
vn 0.459476 0.617753 -0.638172
vn -0.395748 0.515571 -0.75998
vn -0.395748 0.515571 -0.75998
vn -0.861638 0.365563 -0.352056
vn -0.861638 0.365563 -0.352056
vn -0.951868 0.275876 0.133565
vn -0.951868 0.275876 0.133565
vn -0.047585 0.166534 0.984887
vn -0.047585 0.166534 0.984887
vn 0.126731 0.546087 0.828087
vn 0.737253 0.497119 0.457527
vn 0.687333 0.143323 -0.712062
vn 0.580127 0.119272 -0.805746
vn -0.446151 0.258629 -0.856773
vn -0.831078 0.440455 -0.33957
vn -0.819789 0.560993 0.115032
vn -0.039839 0.564354 0.824571
vn 0.257419 -0.67921 0.68732
vn 0.257419 -0.67921 0.68732
vn 0.583135 -0.802769 0.124561
vn 0.583135 -0.802769 0.124561
vn 0.566749 -0.822955 -0.039254
vn 0.566749 -0.822955 -0.039254
vn 0.062269 -0.784367 -0.617164
vn 0.062269 -0.784367 -0.617164
vn -0.182789 -0.744257 -0.642394
vn -0.182789 -0.744257 -0.642394
vn -0.512895 -0.74017 -0.434842
vn -0.512895 -0.74017 -0.434842
vn -0.566469 -0.518702 0.64036
vn -0.566469 -0.518702 0.64036
vn -0.469478 -0.501769 0.726511
vn -0.469478 -0.501769 0.726511
vn 0.307605 -0.48043 0.82132
vn 0.307605 -0.48043 0.82132
vn 0.662061 -0.735986 0.14142
vn 0.662061 -0.735986 0.14142
vn 0.637075 -0.769537 -0.044125
vn 0.637075 -0.769537 -0.044125
vn 0.069878 -0.717946 -0.692583
vn 0.069878 -0.717946 -0.692583
vn -0.209344 -0.64412 -0.73572
vn -0.209344 -0.64412 -0.73572
vn -0.632711 -0.558502 -0.536425
vn -0.632711 -0.558502 -0.536425
vn -0.656281 -0.137476 0.741887
vn -0.656281 -0.137476 0.741887
vn -0.538017 -0.131753 0.832574
vn -0.538017 -0.131753 0.832574
vn 0.346547 0.154041 0.925298
vn 0.346547 0.154041 0.925298
vn 0.963974 -0.168392 0.20591
vn 0.963974 -0.168392 0.20591
vn 0.969669 -0.235014 -0.06716
vn 0.969669 -0.235014 -0.06716
vn 0.097463 -0.23951 -0.96599
vn 0.097463 -0.23951 -0.96599
vn -0.270737 -0.146234 -0.951481
vn -0.270737 -0.146234 -0.951481
vn -0.761782 0.050603 -0.645854
vn -0.761782 0.050603 -0.645854
vn -0.623876 0.33674 0.705255
vn -0.623876 0.33674 0.705255
vn -0.512363 0.329898 0.792875
vn -0.512363 0.329898 0.792875
vn 0.295358 0.539297 0.788621
vn 0.295358 0.539297 0.788621
vn 0.764174 0.624015 0.163232
vn 0.764174 0.624015 0.163232
vn 0.771688 0.633751 -0.053448
vn 0.771688 0.633751 -0.053448
vn 0.087318 0.493352 -0.865436
vn 0.087318 0.493352 -0.865436
vn -0.247098 0.429908 -0.868402
vn -0.247098 0.429908 -0.868402
vn -0.684287 0.441786 -0.580152
vn -0.684287 0.441786 -0.580152
vn -0.613872 0.376297 0.693946
vn -0.613872 0.376297 0.693946
vn -0.502613 0.377395 0.777787
vn -0.502613 0.377395 0.777787
vn 0.310559 0.464726 0.829206
vn 0.310559 0.464726 0.829206
vn 0.603576 0.786812 0.128927
vn 0.603576 0.786812 0.128927
vn 0.580477 0.813283 -0.040205
vn 0.580477 0.813283 -0.040205
vn 0.072966 0.686784 -0.72319
vn 0.072966 0.686784 -0.72319
vn -0.231306 0.534497 -0.812902
vn -0.231306 0.534497 -0.812902
vn -0.736646 0.259422 -0.624543
vn -0.736646 0.259422 -0.624543
vn -0.647321 -0.213315 0.731759
vn -0.647321 -0.213315 0.731759
vn -0.534249 -0.176273 0.826744
vn -0.534249 -0.176273 0.826744
vn 0.322926 0.390235 0.862227
vn 0.322926 0.390235 0.862227
vn 0.500342 0.859207 0.106876
vn 0.500342 0.859207 0.106876
vn 0.466655 0.883849 -0.032321
vn 0.466655 0.883849 -0.032321
vn 0.062239 0.784601 -0.61687
vn 0.062239 0.784601 -0.61687
vn -0.217481 0.607061 -0.764316
vn -0.217481 0.607061 -0.764316
vn -0.760626 0.074737 -0.644874
vn -0.760626 0.074737 -0.644874
vn -0.529039 -0.602043 0.598048
vn -0.529039 -0.602043 0.598048
vn -0.448334 -0.563605 0.693791
vn -0.448334 -0.563605 0.693791
vn 0.328248 0.352295 0.876437
vn 0.328248 0.352295 0.876437
vn 0.467907 0.878108 0.099947
vn 0.467907 0.878108 0.099947
vn 0.432192 0.901284 -0.029934
vn 0.432192 0.901284 -0.029934
vn 0.058666 0.811462 -0.581453
vn 0.058666 0.811462 -0.581453
vn -0.212561 0.629897 -0.747026
vn -0.212561 0.629897 -0.747026
vn -0.762719 -0.010274 -0.646648
vn -0.762719 -0.010274 -0.646648
vn -0.474161 -0.698471 0.536012
vn -0.474161 -0.698471 0.536012
vn -0.40523 -0.665244 0.627088
vn -0.40523 -0.665244 0.627088
vn 0 1 0
vn 0 1 0
vn 0 1 0
vn 0 1 0
vn 0 1 0
vn 0 1 0
vn 0 1 0
vn 0 1 0
vn 0.324934 0.376437 0.86759
vn 0.324934 0.376437 0.86759
vn 0.512639 0.851593 0.109502
vn 0.512639 0.851593 0.109502
vn 0.478802 0.877296 -0.033162
vn 0.478802 0.877296 -0.033162
vn 0.063634 0.773414 -0.630699
vn 0.063634 0.773414 -0.630699
vn -0.220747 0.59111 -0.775796
vn -0.220747 0.59111 -0.775796
vn -0.761284 0.062168 -0.645432
vn -0.761284 0.062168 -0.645432
vn -0.532952 -0.594131 0.602471
vn -0.532952 -0.594131 0.602471
vn -0.451235 -0.55569 0.69828
vn -0.451235 -0.55569 0.69828
vn 0.313829 0.446508 0.837939
vn 0.684721 0.713979 0.14626
vn 0.670377 0.740566 -0.046431
vn 0.080807 0.593314 -0.800905
vn -0.243662 0.455334 -0.856329
vn -0.734676 0.26885 -0.622873
vn -0.661911 -0.04465 0.748252
vn -0.542665 -0.017484 0.839767
vn 0.271648 -0.474592 0.837239
vn 0.271648 -0.474592 0.837239
vn 0.593667 -0.600411 0.535786
vn 0.593667 -0.600411 0.535786
vn 0.543959 -0.570175 -0.615637
vn 0.543959 -0.570175 -0.615637
vn 0.441665 -0.537208 -0.718568
vn 0.441665 -0.537208 -0.718568
vn -0.289217 -0.426736 -0.856884
vn -0.289217 -0.426736 -0.856884
vn -0.941805 -0.292746 -0.165239
vn -0.941805 -0.292746 -0.165239
vn -0.954365 -0.292529 0.06012
vn -0.954365 -0.292529 0.06012
vn -0.110179 -0.407817 0.906391
vn -0.110179 -0.407817 0.906391
vn 0.288716 -0.353302 0.889843
vn 0.288716 -0.353302 0.889843
vn 0.640759 -0.504988 0.578286
vn 0.640759 -0.504988 0.578286
vn 0.574237 -0.497873 -0.649904
vn 0.574237 -0.497873 -0.649904
vn 0.464586 -0.461343 -0.755859
vn 0.464586 -0.461343 -0.755859
vn -0.306383 -0.286587 -0.907743
vn -0.306383 -0.286587 -0.907743
vn -0.981936 -0.078243 -0.17228
vn -0.981936 -0.078243 -0.17228
vn -0.995565 -0.070121 0.062715
vn -0.995565 -0.070121 0.062715
vn -0.116868 -0.249028 0.961419
vn -0.116868 -0.249028 0.961419
vn 0.308264 -0.04797 0.950091
vn 0.308264 -0.04797 0.950091
vn 0.729795 -0.183279 0.658641
vn 0.729795 -0.183279 0.658641
vn 0.647503 -0.209068 -0.732824
vn 0.647503 -0.209068 -0.732824
vn 0.515696 -0.173541 -0.839012
vn 0.515696 -0.173541 -0.839012
vn -0.31888 0.07571 -0.944767
vn -0.31888 0.07571 -0.944767
vn -0.942302 0.291092 -0.165326
vn -0.942302 0.291092 -0.165326
vn -0.951448 0.301918 0.059936
vn -0.951448 0.301918 0.059936
vn -0.120253 0.083035 0.989265
vn -0.120253 0.083035 0.989265
vn 0.302373 0.200179 0.931933
vn 0.302373 0.200179 0.931933
vn 0.733735 0.152076 0.662197
vn 0.733735 0.152076 0.662197
vn 0.656678 0.128124 -0.743208
vn 0.656678 0.128124 -0.743208
vn 0.51799 0.146514 -0.842745
vn 0.51799 0.146514 -0.842745
vn -0.299319 0.352091 -0.886814
vn -0.299319 0.352091 -0.886814
vn -0.863163 0.481679 -0.151441
vn -0.863163 0.481679 -0.151441
vn -0.87139 0.487511 0.054893
vn -0.87139 0.487511 0.054893
vn -0.115028 0.302186 0.946283
vn -0.115028 0.302186 0.946283
vn 0.303371 0.183638 0.93501
vn 0.303371 0.183638 0.93501
vn 0.728216 0.194342 0.657216
vn 0.728216 0.194342 0.657216
vn 0.644561 0.228861 -0.729495
vn 0.644561 0.228861 -0.729495
vn 0.50875 0.236785 -0.827712
vn 0.50875 0.236785 -0.827712
vn -0.29887 0.355806 -0.885482
vn -0.29887 0.355806 -0.885482
vn -0.901322 0.403252 -0.158136
vn -0.901322 0.403252 -0.158136
vn -0.914781 0.399818 0.057626
vn -0.914781 0.399818 0.057626
vn -0.1171 0.24143 0.963327
vn -0.1171 0.24143 0.963327
vn 0 1 0
vn 0 1 0
vn 0 1 0
vn 0 1 0
vn 0 1 0
vn 0 1 0
vn 0 1 0
vn 0 1 0
vn 0.304448 0.163864 0.938328
vn 0.304448 0.163864 0.938328
vn 0.720336 0.241827 0.650104
vn 0.720336 0.241827 0.650104
vn 0.623388 0.337065 -0.705532
vn 0.623388 0.337065 -0.705532
vn 0.493524 0.334249 -0.802939
vn 0.493524 0.334249 -0.802939
vn -0.298381 0.359798 -0.884033
vn -0.298381 0.359798 -0.884033
vn -0.93987 0.299086 -0.164899
vn -0.93987 0.299086 -0.164899
vn -0.957599 0.28172 0.060324
vn -0.957599 0.28172 0.060324
vn -0.118982 0.166675 0.978807
vn -0.118982 0.166675 0.978807
vn 0.305416 0.143694 0.941314
vn 0.305416 0.143694 0.941314
vn 0.712937 0.278788 0.643427
vn 0.712937 0.278788 0.643427
vn 0.601085 0.419406 -0.68029
vn 0.601085 0.419406 -0.68029
vn 0.477817 0.409101 -0.777385
vn 0.477817 0.409101 -0.777385
vn -0.298279 0.360621 -0.883732
vn -0.298279 0.360621 -0.883732
vn -0.965972 0.195383 -0.169479
vn -0.965972 0.195383 -0.169479
vn -0.984551 0.163746 0.062022
vn -0.984551 0.163746 0.062022
vn -0.120111 0.096133 0.988095
vn -0.120111 0.096133 0.988095
vn 0.306206 0.124816 0.943747
vn 0.306206 0.124816 0.943747
vn 0.710465 0.290015 0.641195
vn 0.710465 0.290015 0.641195
vn 0.589854 0.454324 -0.667579
vn 0.589854 0.454324 -0.667579
vn 0.470018 0.440819 -0.764697
vn 0.470018 0.440819 -0.764697
vn -0.29913 0.35366 -0.886254
vn -0.29913 0.35366 -0.886254
vn -0.97703 0.126605 -0.171419
vn -0.97703 0.126605 -0.171419
vn -0.994268 0.086648 0.062634
vn -0.994268 0.086648 0.062634
vn -0.120526 0.048735 0.991513
vn -0.120526 0.048735 0.991513
vn 0.307156 0.097254 0.946677
vn 0.718464 0.251729 0.648415
vn 0.601051 0.419518 -0.680252
vn 0.478196 0.407483 -0.778001
vn -0.302518 0.324266 -0.89629
vn -0.979346 0.106573 -0.171825
vn -0.995726 0.067786 0.062726
vn -0.120627 0.026656 0.99234
vn 0.069506 -0.441698 0.894467
vn 0.069506 -0.441698 0.894467
vn 0.593143 -0.763666 0.254944
vn 0.593143 -0.763666 0.254944
vn 0.458694 -0.7964 -0.394142
vn 0.458694 -0.7964 -0.394142
vn 0.352115 -0.794261 -0.495141
vn 0.352115 -0.794261 -0.495141
vn -0.348711 -0.75857 -0.550429
vn -0.348711 -0.75857 -0.550429
vn -0.585612 -0.723985 -0.364559
vn -0.585612 -0.723985 -0.364559
vn -0.719599 -0.669302 0.184964
vn -0.719599 -0.669302 0.184964
vn -0.03741 -0.427866 0.903068
vn -0.03741 -0.427866 0.903068
vn 0.074331 -0.281905 0.956559
vn 0.074331 -0.281905 0.956559
vn 0.712436 -0.6314 0.306218
vn 0.712436 -0.6314 0.306218
vn 0.552809 -0.684664 -0.475012
vn 0.552809 -0.684664 -0.475012
vn 0.423885 -0.681931 -0.596063
vn 0.423885 -0.681931 -0.596063
vn -0.41921 -0.621614 -0.66171
vn -0.41921 -0.621614 -0.66171
vn -0.698189 -0.568876 -0.434641
vn -0.698189 -0.568876 -0.434641
vn -0.846351 -0.486173 0.217544
vn -0.846351 -0.486173 0.217544
vn -0.039894 -0.266356 0.963049
vn -0.039894 -0.266356 0.963049
vn 0.076955 0.115518 0.99032
vn 0.076955 0.115518 0.99032
vn 0.918087 -0.037385 0.394611
vn 0.918087 -0.037385 0.394611
vn 0.75171 -0.133104 -0.645922
vn 0.75171 -0.133104 -0.645922
vn 0.574589 -0.13043 -0.807982
vn 0.574589 -0.13043 -0.807982
vn -0.535164 -0.003778 -0.84474
vn -0.535164 -0.003778 -0.84474
vn -0.847016 0.067303 -0.52729
vn -0.847016 0.067303 -0.52729
vn -0.955279 0.164777 0.245542
vn -0.955279 0.164777 0.245542
vn -0.041042 0.129345 0.99075
vn -0.041042 0.129345 0.99075
vn 0.072927 0.337511 0.938492
vn 0.072927 0.337511 0.938492
vn 0.802863 0.486134 0.345086
vn 0.802863 0.486134 0.345086
vn 0.660633 0.491248 -0.567662
vn 0.660633 0.491248 -0.567662
vn 0.502715 0.497544 -0.706914
vn 0.502715 0.497544 -0.706914
vn -0.443383 0.559998 -0.699867
vn -0.443383 0.559998 -0.699867
vn -0.698102 0.569023 -0.434587
vn -0.698102 0.569023 -0.434587
vn -0.79412 0.572458 0.204118
vn -0.79412 0.572458 0.204118
vn -0.038845 0.345233 0.937713
vn -0.038845 0.345233 0.937713
vn 0.07652 0.156416 0.984723
vn 0.07652 0.156416 0.984723
vn 0.820395 0.450122 0.352621
vn 0.820395 0.450122 0.352621
vn 0.618105 0.579533 -0.531119
vn 0.618105 0.579533 -0.531119
vn 0.464631 0.597695 -0.65336
vn 0.464631 0.597695 -0.65336
vn -0.416401 0.628169 -0.657277
vn -0.416401 0.628169 -0.657277
vn -0.679683 0.599165 -0.423121
vn -0.679683 0.599165 -0.423121
vn -0.831682 0.512451 0.213773
vn -0.831682 0.512451 0.213773
vn -0.040855 0.160231 0.986234
vn -0.040855 0.160231 0.986234
vn 0 1 0
vn 0 1 0
vn 0 1 0
vn 0 1 0
vn 0 1 0
vn 0 1 0
vn 0 1 0
vn 0 1 0
vn 0.07742 0.037291 0.996301
vn 0.07742 0.037291 0.996301
vn 0.832922 0.421986 0.358006
vn 0.832922 0.421986 0.358006
vn 0.595593 0.619157 -0.511775
vn 0.595593 0.619157 -0.511775
vn 0.444334 0.642004 -0.624818
vn 0.444334 0.642004 -0.624818
vn -0.402621 0.65879 -0.635525
vn -0.402621 0.65879 -0.635525
vn -0.671574 0.611722 -0.418073
vn -0.671574 0.611722 -0.418073
vn -0.855748 0.468309 0.219959
vn -0.855748 0.468309 0.219959
vn -0.041359 0.038176 0.998415
vn -0.041359 0.038176 0.998415
vn 0.077405 0.041893 0.996119
vn 0.077405 0.041893 0.996119
vn 0.838349 0.409058 0.360338
vn 0.838349 0.409058 0.360338
vn 0.605396 0.602403 -0.520199
vn 0.605396 0.602403 -0.520199
vn 0.452158 0.625528 -0.635821
vn 0.452158 0.625528 -0.635821
vn -0.409059 0.644793 -0.645688
vn -0.409059 0.644793 -0.645688
vn -0.679813 0.598962 -0.423202
vn -0.679813 0.598962 -0.423202
vn -0.859916 0.460099 0.22103
vn -0.859916 0.460099 0.22103
vn -0.041351 0.04329 0.998206
vn -0.041351 0.04329 0.998206
vn 0.076142 0.184613 0.979857
vn 0.076142 0.184613 0.979857
vn 0.837373 0.411418 0.359919
vn 0.837373 0.411418 0.359919
vn 0.653313 0.507979 -0.561373
vn 0.653313 0.507979 -0.561373
vn 0.493374 0.524646 -0.693778
vn 0.493374 0.524646 -0.693778
vn -0.439963 0.569338 -0.694469
vn -0.439963 0.569338 -0.694469
vn -0.708133 0.551556 -0.440832
vn -0.708133 0.551556 -0.440832
vn -0.843154 0.49206 0.216722
vn -0.843154 0.49206 0.216722
vn -0.040633 0.190333 0.980878
vn -0.040633 0.190333 0.980878
vn 0.071023 0.399487 0.913983
vn 0.841081 0.402356 0.361513
vn 0.730171 0.270558 -0.627414
vn 0.559286 0.262057 -0.786464
vn -0.495383 0.378358 -0.781947
vn -0.761917 0.441031 -0.474314
vn -0.818758 0.534178 0.210451
vn -0.037743 0.410399 0.911125
vn 0.036495 -0.464534 0.884803
vn 0.036495 -0.464534 0.884803
vn 0.68176 -0.721316 0.122092
vn 0.68176 -0.721316 0.122092
vn 0.595175 -0.749595 -0.28961
vn 0.595175 -0.749595 -0.28961
vn 0.312495 -0.773383 -0.551567
vn 0.312495 -0.773383 -0.551567
vn -0.385211 -0.754385 -0.531522
vn -0.385211 -0.754385 -0.531522
vn -0.470238 -0.753539 -0.459407
vn -0.470238 -0.753539 -0.459407
vn -0.620016 -0.707854 0.338412
vn -0.620016 -0.707854 0.338412
vn -0.105357 -0.463729 0.87969
vn -0.105357 -0.463729 0.87969
vn 0.03824 -0.372836 0.927109
vn 0.03824 -0.372836 0.927109
vn 0.77901 -0.611294 0.139508
vn 0.77901 -0.611294 0.139508
vn 0.702524 -0.62418 -0.341845
vn 0.702524 -0.62418 -0.341845
vn 0.382998 -0.629544 -0.676008
vn 0.382998 -0.629544 -0.676008
vn -0.482104 -0.570142 -0.665217
vn -0.482104 -0.570142 -0.665217
vn -0.589108 -0.567193 -0.575538
vn -0.589108 -0.567193 -0.575538
vn -0.740411 -0.537098 0.404126
vn -0.740411 -0.537098 0.404126
vn -0.110785 -0.363435 0.925009
vn -0.110785 -0.363435 0.925009
vn 0.041211 -0.005829 0.999133
vn 0.041211 -0.005829 0.999133
vn 0.977691 -0.116035 0.175088
vn 0.977691 -0.116035 0.175088
vn 0.895182 -0.094385 -0.435592
vn 0.895182 -0.094385 -0.435592
vn 0.492725 -0.029592 -0.869682
vn 0.492725 -0.029592 -0.869682
vn -0.582566 0.120254 -0.803838
vn -0.582566 0.120254 -0.803838
vn -0.708592 0.136598 -0.69227
vn -0.708592 0.136598 -0.69227
vn -0.868971 0.141184 0.474295
vn -0.868971 0.141184 0.474295
vn -0.118899 0.016939 0.992762
vn -0.118899 0.016939 0.992762
vn 0.039522 0.283419 0.958181
vn 0.039522 0.283419 0.958181
vn 0.916484 0.364855 0.164127
vn 0.916484 0.364855 0.164127
vn 0.817487 0.41651 -0.397786
vn 0.817487 0.41651 -0.397786
vn 0.424674 0.507739 -0.749569
vn 0.424674 0.507739 -0.749569
vn -0.464625 0.610832 -0.641099
vn -0.464625 0.610832 -0.641099
vn -0.559431 0.623159 -0.546544
vn -0.559431 0.623159 -0.546544
vn -0.700837 0.602081 0.382526
vn -0.700837 0.602081 0.382526
vn -0.113 0.311481 0.94351
vn -0.113 0.311481 0.94351
vn 0.040256 0.214119 0.975978
vn 0.040256 0.214119 0.975978
vn 0.932927 0.318959 0.167072
vn 0.932927 0.318959 0.167072
vn 0.820942 0.408021 -0.399467
vn 0.820942 0.408021 -0.399467
vn 0.418959 0.526917 -0.739481
vn 0.418959 0.526917 -0.739481
vn -0.450868 0.640069 -0.622117
vn -0.450868 0.640069 -0.622117
vn -0.543715 0.649777 -0.531191
vn -0.543715 0.649777 -0.531191
vn -0.706423 0.593547 0.385575
vn -0.706423 0.593547 0.385575
vn -0.115174 0.248906 0.961655
vn -0.115174 0.248906 0.961655
vn 0 1 0
vn 0 1 0
vn 0 1 0
vn 0 1 0
vn 0 1 0
vn 0 1 0
vn 0 1 0
vn 0 1 0
vn 0.039885 0.25167 0.966991
vn 0.039885 0.25167 0.966991
vn 0.927754 0.334168 0.166145
vn 0.927754 0.334168 0.166145
vn 0.82528 0.39705 -0.401578
vn 0.82528 0.39705 -0.401578
vn 0.427509 0.497853 -0.754572
vn 0.427509 0.497853 -0.754572
vn -0.466206 0.607323 -0.643281
vn -0.466206 0.607323 -0.643281
vn -0.561741 0.619084 -0.548801
vn -0.561741 0.619084 -0.548801
vn -0.710792 0.586739 0.387959
vn -0.710792 0.586739 0.387959
vn -0.114099 0.281723 0.952688
vn -0.114099 0.281723 0.952688
vn 0.037945 0.390179 0.919957
vn 0.037945 0.390179 0.919957
vn 0.898115 0.409293 0.160838
vn 0.898115 0.409293 0.160838
vn 0.830956 0.382127 -0.40434
vn 0.830956 0.382127 -0.40434
vn 0.450262 0.407019 -0.794733
vn 0.450262 0.407019 -0.794733
vn -0.512776 0.48626 -0.707539
vn -0.512776 0.48626 -0.707539
vn -0.616492 0.507131 -0.602292
vn -0.616492 0.507131 -0.602292
vn -0.714449 0.580946 0.389955
vn -0.714449 0.580946 0.389955
vn -0.108733 0.40488 0.907882
vn -0.108733 0.40488 0.907882
vn 0.034063 0.562869 0.825844
vn 0.034063 0.562869 0.825844
vn 0.845047 0.512829 0.151334
vn 0.845047 0.512829 0.151334
vn 0.839067 0.35954 -0.408286
vn 0.839067 0.35954 -0.408286
vn 0.478622 0.23927 -0.84479
vn 0.478622 0.23927 -0.84479
vn -0.571526 0.226855 -0.788603
vn -0.571526 0.226855 -0.788603
vn -0.68925 0.267399 -0.673374
vn -0.68925 0.267399 -0.673374
vn -0.719538 0.572735 0.392733
vn -0.719538 0.572735 0.392733
vn -0.098459 0.56077 0.822097
vn -0.098459 0.56077 0.822097
vn 0.029819 0.690252 0.722955
vn 0.793009 0.592426 0.142015
vn 0.856281 0.305247 -0.416663
vn 0.492881 -0.015592 -0.869957
vn -0.57837 -0.169144 -0.798047
vn -0.710754 -0.112523 -0.694382
vn -0.737536 0.542207 0.402557
vn -0.087341 0.678634 0.729265
vn 0.114108 -0.66734 0.73596
vn 0.114108 -0.66734 0.73596
vn 0.442767 -0.852896 0.276632
vn 0.442767 -0.852896 0.276632
vn 0.330217 -0.879355 -0.343061
vn 0.330217 -0.879355 -0.343061
vn 0.279641 -0.877903 -0.388699
vn 0.279641 -0.877903 -0.388699
vn -0.215683 -0.883286 -0.416278
vn -0.215683 -0.883286 -0.416278
vn -0.4742 -0.859276 -0.191779
vn -0.4742 -0.859276 -0.191779
vn -0.535334 -0.841386 0.07408
vn -0.535334 -0.841386 0.07408
vn -0.03658 -0.661971 0.748636
vn -0.03658 -0.661971 0.748636
vn 0.138781 -0.423731 0.895093
vn 0.138781 -0.423731 0.895093
vn 0.585046 -0.723956 0.365525
vn 0.585046 -0.723956 0.365525
vn 0.410324 -0.806174 -0.426284
vn 0.410324 -0.806174 -0.426284
vn 0.345493 -0.806232 -0.480233
vn 0.345493 -0.806232 -0.480233
vn -0.27077 -0.80844 -0.522599
vn -0.27077 -0.80844 -0.522599
vn -0.608438 -0.754489 -0.246069
vn -0.608438 -0.754489 -0.246069
vn -0.702788 -0.70472 0.097252
vn -0.702788 -0.70472 0.097252
vn -0.044487 -0.411219 0.910451
vn -0.044487 -0.411219 0.910451
vn 0.146211 0.298923 0.94301
vn 0.146211 0.298923 0.94301
vn 0.832784 0.189083 0.520306
vn 0.832784 0.189083 0.520306
vn 0.683508 -0.169064 -0.710094
vn 0.683508 -0.169064 -0.710094
vn 0.572832 -0.194613 -0.796234
vn 0.572832 -0.194613 -0.796234
vn -0.449724 -0.21058 -0.867989
vn -0.449724 -0.21058 -0.867989
vn -0.925002 -0.06651 -0.374095
vn -0.925002 -0.06651 -0.374095
vn -0.98724 0.081821 0.136615
vn -0.98724 0.081821 0.136615
vn -0.046524 0.302101 0.95214
vn -0.046524 0.302101 0.95214
vn 0.119634 0.624757 0.7716
vn 0.119634 0.624757 0.7716
vn 0.549401 0.761797 0.343254
vn 0.549401 0.761797 0.343254
vn 0.50639 0.68323 -0.526086
vn 0.50639 0.68323 -0.526086
vn 0.436212 0.66489 -0.606333
vn 0.436212 0.66489 -0.606333
vn -0.3635 0.612913 -0.701573
vn -0.3635 0.612913 -0.701573
vn -0.743212 0.597738 -0.300575
vn -0.743212 0.597738 -0.300575
vn -0.770199 0.628835 0.10658
vn -0.770199 0.628835 0.10658
vn -0.038631 0.611104 0.790607
vn -0.038631 0.611104 0.790607
vn 0.136065 0.459732 0.877572
vn 0.136065 0.459732 0.877572
vn 0.550221 0.760974 0.343767
vn 0.550221 0.760974 0.343767
vn 0.426321 0.788725 -0.442903
vn 0.426321 0.788725 -0.442903
vn 0.366125 0.779077 -0.508912
vn 0.366125 0.779077 -0.508912
vn -0.336714 0.681387 -0.649874
vn -0.336714 0.681387 -0.649874
vn -0.778497 0.542968 -0.314845
vn -0.778497 0.542968 -0.314845
vn -0.871625 0.475102 0.120616
vn -0.871625 0.475102 0.120616
vn -0.044608 0.405691 0.912921
vn -0.044608 0.405691 0.912921
vn 0 1 0
vn 0 1 0
vn 0 1 0
vn 0 1 0
vn 0 1 0
vn 0 1 0
vn 0 1 0
vn 0 1 0
vn 0.147772 0.264202 0.95308
vn 0.147772 0.264202 0.95308
vn 0.553023 0.758145 0.345517
vn 0.553023 0.758145 0.345517
vn 0.372666 0.843343 -0.387161
vn 0.372666 0.843343 -0.387161
vn 0.318979 0.837656 -0.443379
vn 0.318979 0.837656 -0.443379
vn -0.316467 0.725794 -0.610796
vn -0.316467 0.725794 -0.610796
vn -0.810204 0.486007 -0.327668
vn -0.810204 0.486007 -0.327668
vn -0.947238 0.292503 0.131079
vn -0.947238 0.292503 0.131079
vn -0.04818 0.15945 0.98603
vn -0.04818 0.15945 0.98603
vn 0.151704 0.14013 0.978442
vn 0.151704 0.14013 0.978442
vn 0.559997 0.750994 0.349874
vn 0.559997 0.750994 0.349874
vn 0.353074 0.860693 -0.366807
vn 0.353074 0.860693 -0.366807
vn 0.301691 0.85623 -0.419349
vn 0.301691 0.85623 -0.419349
vn -0.309902 0.739058 -0.598125
vn -0.309902 0.739058 -0.598125
vn -0.831164 0.442915 -0.336145
vn -0.831164 0.442915 -0.336145
vn -0.975992 0.170879 0.135058
vn -0.975992 0.170879 0.135058
vn -0.048802 0.010371 0.998755
vn -0.048802 0.010371 0.998755
vn 0.151113 0.165144 0.974624
vn 0.151113 0.165144 0.974624
vn 0.574499 0.735606 0.358935
vn 0.574499 0.735606 0.358935
vn 0.372814 0.843206 -0.387315
vn 0.372814 0.843206 -0.387315
vn 0.318712 0.837954 -0.443008
vn 0.318712 0.837954 -0.443008
vn -0.322652 0.71281 -0.622734
vn -0.322652 0.71281 -0.622734
vn -0.839269 0.424759 -0.339423
vn -0.839269 0.424759 -0.339423
vn -0.974175 0.181135 0.134807
vn -0.974175 0.181135 0.134807
vn -0.048752 0.046279 0.997738
vn -0.048752 0.046279 0.997738
vn 0.145443 0.314466 0.93806
vn 0.612152 0.692094 0.38246
vn 0.456782 0.752432 -0.474549
vn 0.391365 0.742228 -0.543995
vn -0.366179 0.605333 -0.706743
vn -0.847882 0.404365 -0.342906
vn -0.947357 0.292111 0.131096
vn -0.047333 0.243673 0.968702
vn 0.037701 -0.526242 0.849499
vn 0.037701 -0.526242 0.849499
vn 0.807216 -0.576426 0.127026
vn 0.807216 -0.576426 0.127026
vn 0.747166 -0.575916 -0.331758
vn 0.747166 -0.575916 -0.331758
vn 0.370263 -0.629822 -0.68281
vn 0.370263 -0.629822 -0.68281
vn -0.416502 -0.703613 -0.575721
vn -0.416502 -0.703613 -0.575721
vn -0.489502 -0.718257 -0.494464
vn -0.489502 -0.718257 -0.494464
vn -0.570066 -0.750683 0.333916
vn -0.570066 -0.750683 0.333916
vn -0.11344 -0.548681 0.8283
vn -0.11344 -0.548681 0.8283
vn 0.039482 -0.454978 0.889627
vn 0.039482 -0.454978 0.889627
vn 0.889001 -0.436012 0.139896
vn 0.889001 -0.436012 0.139896
vn 0.839533 -0.395255 -0.372771
vn 0.839533 -0.395255 -0.372771
vn 0.433409 -0.416344 -0.799258
vn 0.433409 -0.416344 -0.799258
vn -0.505073 -0.507433 -0.69815
vn -0.505073 -0.507433 -0.69815
vn -0.596021 -0.531299 -0.602063
vn -0.596021 -0.531299 -0.602063
vn -0.669142 -0.631367 0.39195
vn -0.669142 -0.631367 0.39195
vn -0.119597 -0.472365 0.873252
vn -0.119597 -0.472365 0.873252
vn 0.043806 -0.154281 0.987055
vn 0.043806 -0.154281 0.987055
vn 0.98524 0.072559 0.15504
vn 0.98524 0.072559 0.15504
vn 0.901804 0.16252 -0.40042
vn 0.901804 0.16252 -0.40042
vn 0.466199 0.20864 -0.859726
vn 0.466199 0.20864 -0.859726
vn -0.582215 0.115557 -0.804781
vn -0.582215 0.115557 -0.804781
vn -0.700695 0.089713 -0.707798
vn -0.700695 0.089713 -0.707798
vn -0.855277 -0.132372 0.500979
vn -0.855277 -0.132372 0.500979
vn -0.133793 -0.166565 0.976911
vn -0.133793 -0.166565 0.976911
vn 0.044012 0.120878 0.991691
vn 0.044012 0.120878 0.991691
vn 0.880059 0.454222 0.138489
vn 0.880059 0.454222 0.138489
vn 0.772641 0.534162 -0.343069
vn 0.772641 0.534162 -0.343069
vn 0.38303 0.595277 -0.706352
vn 0.38303 0.595277 -0.706352
vn -0.486754 0.557111 -0.672828
vn -0.486754 0.557111 -0.672828
vn -0.588793 0.547341 -0.594761
vn -0.588793 0.547341 -0.594761
vn -0.800903 0.372117 0.46913
vn -0.800903 0.372117 0.46913
vn -0.134743 0.117845 0.983848
vn -0.134743 0.117845 0.983848
vn 0.044225 0.071242 0.996478
vn 0.044225 0.071242 0.996478
vn 0.894394 0.42456 0.140744
vn 0.894394 0.42456 0.140744
vn 0.777961 0.524836 -0.345432
vn 0.777961 0.524836 -0.345432
vn 0.380257 0.60305 -0.701239
vn 0.380257 0.60305 -0.701239
vn -0.478057 0.578617 -0.660806
vn -0.478057 0.578617 -0.660806
vn -0.578784 0.5685 -0.584651
vn -0.578784 0.5685 -0.584651
vn -0.803973 0.363117 0.470928
vn -0.803973 0.363117 0.470928
vn -0.135328 0.072859 0.988118
vn -0.135328 0.072859 0.988118
vn 0 1 0
vn 0 1 0
vn 0 1 0
vn 0 1 0
vn 0 1 0
vn 0 1 0
vn 0 1 0
vn 0 1 0
vn 0.044018 0.119872 0.991813
vn 0.044018 0.119872 0.991813
vn 0.884237 0.44583 0.139146
vn 0.884237 0.44583 0.139146
vn 0.779658 0.521814 -0.346185
vn 0.779658 0.521814 -0.346185
vn 0.388784 0.578627 -0.716964
vn 0.388784 0.578627 -0.716964
vn -0.495514 0.53416 -0.684937
vn -0.495514 0.53416 -0.684937
vn -0.599294 0.523808 -0.605369
vn -0.599294 0.523808 -0.605369
vn -0.807619 0.352082 0.473063
vn -0.807619 0.352082 0.473063
vn -0.134787 0.115115 0.984165
vn -0.134787 0.115115 0.984165
vn 0.042803 0.260813 0.96444
vn 0.042803 0.260813 0.96444
vn 0.848236 0.512522 0.133481
vn 0.848236 0.512522 0.133481
vn 0.778188 0.524434 -0.345532
vn 0.778188 0.524434 -0.345532
vn 0.408959 0.513791 -0.754169
vn 0.408959 0.513791 -0.754169
vn -0.537497 0.398868 -0.742968
vn -0.537497 0.398868 -0.742968
vn -0.648061 0.389201 -0.65463
vn -0.648061 0.389201 -0.65463
vn -0.81222 0.337569 0.475758
vn -0.81222 0.337569 0.475758
vn -0.131717 0.240187 0.961749
vn -0.131717 0.240187 0.961749
vn 0.039801 0.440612 0.896815
vn 0.039801 0.440612 0.896815
vn 0.792997 0.596308 0.124788
vn 0.792997 0.596308 0.124788
vn 0.775994 0.528311 -0.344558
vn 0.775994 0.528311 -0.344558
vn 0.437014 0.399416 -0.805906
vn 0.437014 0.399416 -0.805906
vn -0.580131 0.142836 -0.801901
vn -0.580131 0.142836 -0.801901
vn -0.696881 0.137181 -0.703945
vn -0.696881 0.137181 -0.703945
vn -0.818728 0.315748 0.47957
vn -0.818728 0.315748 0.47957
vn -0.12412 0.40404 0.906281
vn -0.12412 0.40404 0.906281
vn 0.036085 0.581027 0.813084
vn 0.743507 0.658413 0.117
vn 0.783585 0.514724 -0.347928
vn 0.465004 0.220063 -0.857522
vn -0.574071 -0.201899 -0.793523
vn -0.689154 -0.20114 -0.696139
vn -0.83267 0.262247 0.487737
vn -0.114523 0.536325 0.836206
vn 0.258303 -0.780905 0.568742
vn 0.258303 -0.780905 0.568742
vn 0.562471 -0.808138 0.174755
vn 0.562471 -0.808138 0.174755
vn 0.568191 -0.820978 -0.056163
vn 0.568191 -0.820978 -0.056163
vn 0.044781 -0.740177 -0.670919
vn 0.044781 -0.740177 -0.670919
vn -0.140237 -0.724956 -0.674368
vn -0.140237 -0.724956 -0.674368
vn -0.494666 -0.791437 -0.359073
vn -0.494666 -0.791437 -0.359073
vn -0.463884 -0.7254 0.508534
vn -0.463884 -0.7254 0.508534
vn -0.398321 -0.717326 0.571651
vn -0.398321 -0.717326 0.571651
vn 0.317655 -0.640233 0.699426
vn 0.317655 -0.640233 0.699426
vn 0.685455 -0.696274 0.212965
vn 0.685455 -0.696274 0.212965
vn 0.693118 -0.717561 -0.068512
vn 0.693118 -0.717561 -0.068512
vn 0.052591 -0.613517 -0.787928
vn 0.052591 -0.613517 -0.787928
vn -0.164677 -0.58804 -0.79189
vn -0.164677 -0.58804 -0.79189
vn -0.620151 -0.64247 -0.450162
vn -0.620151 -0.64247 -0.450162
vn -0.56769 -0.538916 0.622332
vn -0.56769 -0.538916 0.622332
vn -0.484351 -0.531242 0.695116
vn -0.484351 -0.531242 0.695116
vn 0.413459 -0.016648 0.910371
vn 0.413459 -0.016648 0.910371
vn 0.95453 -0.030378 0.296564
vn 0.95453 -0.030378 0.296564
vn 0.994922 -0.021425 -0.098344
vn 0.994922 -0.021425 -0.098344
vn 0.066524 0.047122 -0.996672
vn 0.066524 0.047122 -0.996672
vn -0.203215 0.061307 -0.977213
vn -0.203215 0.061307 -0.977213
vn -0.805777 0.092777 -0.584907
vn -0.805777 0.092777 -0.584907
vn -0.673194 0.046687 0.737991
vn -0.673194 0.046687 0.737991
vn -0.571279 0.038107 0.819871
vn -0.571279 0.038107 0.819871
vn 0.358451 0.498593 0.789251
vn 0.358451 0.498593 0.789251
vn 0.753706 0.614078 0.23417
vn 0.753706 0.614078 0.23417
vn 0.744833 0.663177 -0.073624
vn 0.744833 0.663177 -0.073624
vn 0.051914 0.626387 -0.777782
vn 0.051914 0.626387 -0.777782
vn -0.162149 0.604747 -0.779737
vn -0.162149 0.604747 -0.779737
vn -0.632142 0.62437 -0.458866
vn -0.632142 0.62437 -0.458866
vn -0.617112 0.401878 0.676511
vn -0.617112 0.401878 0.676511
vn -0.527849 0.384064 0.757543
vn -0.527849 0.384064 0.757543
vn 0.375499 0.418831 0.826789
vn 0.375499 0.418831 0.826789
vn 0.707711 0.671414 0.21988
vn 0.707711 0.671414 0.21988
vn 0.668195 0.741049 -0.066048
vn 0.668195 0.741049 -0.066048
vn 0.046812 0.711285 -0.701343
vn 0.046812 0.711285 -0.701343
vn -0.150854 0.671573 -0.725419
vn -0.150854 0.671573 -0.725419
vn -0.652838 0.590957 -0.47389
vn -0.652838 0.590957 -0.47389
vn -0.668362 0.128262 0.732694
vn -0.668362 0.128262 0.732694
vn -0.568159 0.111035 0.815394
vn -0.568159 0.111035 0.815394
vn 0 1 0
vn 0 1 0
vn 0 1 0
vn 0 1 0
vn 0 1 0
vn 0 1 0
vn 0 1 0
vn 0 1 0
vn 0.390462 0.329232 0.859736
vn 0.390462 0.329232 0.859736
vn 0.667156 0.715499 0.20728
vn 0.667156 0.715499 0.20728
vn 0.604631 0.794261 -0.059765
vn 0.604631 0.794261 -0.059765
vn 0.042478 0.770181 -0.636409
vn 0.042478 0.770181 -0.636409
vn -0.140869 0.721995 -0.677406
vn -0.140869 0.721995 -0.677406
vn -0.67399 0.553515 -0.489243
vn -0.67399 0.553515 -0.489243
vn -0.664432 -0.167287 0.728386
vn -0.664432 -0.167287 0.728386
vn -0.562443 -0.179167 0.807191
vn -0.562443 -0.179167 0.807191
vn 0.399756 0.25582 0.880199
vn 0.399756 0.25582 0.880199
vn 0.645951 0.736525 0.200692
vn 0.645951 0.736525 0.200692
vn 0.571176 0.818884 -0.056458
vn 0.571176 0.818884 -0.056458
vn 0.040135 0.798008 -0.601308
vn 0.040135 0.798008 -0.601308
vn -0.13543 0.746683 -0.651247
vn -0.13543 0.746683 -0.651247
vn -0.691446 0.5196 -0.501915
vn -0.691446 0.5196 -0.501915
vn -0.631327 -0.349902 0.692094
vn -0.631327 -0.349902 0.692094
vn -0.534001 -0.357095 0.766372
vn -0.534001 -0.357095 0.766372
vn 0.403214 0.221828 0.887812
vn 0.403214 0.221828 0.887812
vn 0.655074 0.727637 0.203526
vn 0.655074 0.727637 0.203526
vn 0.57813 0.813941 -0.057146
vn 0.57813 0.813941 -0.057146
vn 0.040509 0.793737 -0.60691
vn 0.040509 0.793737 -0.60691
vn -0.136875 0.740296 -0.6582
vn -0.136875 0.740296 -0.6582
vn -0.703269 0.494778 -0.510497
vn -0.703269 0.494778 -0.510497
vn -0.622066 -0.384693 0.681942
vn -0.622066 -0.384693 0.681942
vn -0.526251 -0.390713 0.75525
vn -0.526251 -0.390713 0.75525
vn 0.404222 0.210822 0.890033
vn 0.714125 0.663926 0.221873
vn 0.647828 0.75909 -0.064035
vn 0.044929 0.738149 -0.67314
vn -0.148966 0.681666 -0.716339
vn -0.718879 0.459247 -0.521828
vn -0.646348 -0.28315 0.708562
vn -0.546971 -0.290895 0.784986
vn 0.116527 -0.671033 0.732213
vn 0.116527 -0.671033 0.732213
vn 0.756249 -0.65251 0.048156
vn 0.756249 -0.65251 0.048156
vn 0.757532 -0.645695 -0.096034
vn 0.757532 -0.645695 -0.096034
vn 0.209013 -0.638119 -0.741025
vn 0.209013 -0.638119 -0.741025
vn -0.375395 -0.637407 -0.672897
vn -0.375395 -0.637407 -0.672897
vn -0.494635 -0.671698 -0.551505
vn -0.494635 -0.671698 -0.551505
vn -0.491991 -0.724721 0.482415
vn -0.491991 -0.724721 0.482415
vn -0.269065 -0.671551 0.690379
vn -0.269065 -0.671551 0.690379
vn 0.129761 -0.564215 0.815367
vn 0.129761 -0.564215 0.815367
vn 0.813711 -0.578956 0.051815
vn 0.813711 -0.578956 0.051815
vn 0.817229 -0.566925 -0.103602
vn 0.817229 -0.566925 -0.103602
vn 0.239195 -0.472891 -0.848033
vn 0.239195 -0.472891 -0.848033
vn -0.445466 -0.404919 -0.798499
vn -0.445466 -0.404919 -0.798499
vn -0.601891 -0.432854 -0.671093
vn -0.601891 -0.432854 -0.671093
vn -0.597787 -0.546881 0.586151
vn -0.597787 -0.546881 0.586151
vn -0.309458 -0.523224 0.794023
vn -0.309458 -0.523224 0.794023
vn 0.155602 -0.140731 0.977744
vn 0.155602 -0.140731 0.977744
vn 0.981825 -0.179198 0.06252
vn 0.981825 -0.179198 0.06252
vn 0.979915 -0.155996 -0.124226
vn 0.979915 -0.155996 -0.124226
vn 0.270685 0.075867 -0.959674
vn 0.270685 0.075867 -0.959674
vn -0.477421 0.199275 -0.855779
vn -0.477421 0.199275 -0.855779
vn -0.651937 0.215882 -0.726893
vn -0.651937 0.215882 -0.726893
vn -0.713013 0.053143 0.699134
vn -0.713013 0.053143 0.699134
vn -0.362834 -0.04043 0.930976
vn -0.362834 -0.04043 0.930976
vn 0.15111 0.274919 0.949518
vn 0.15111 0.274919 0.949518
vn 0.965244 0.254018 0.061464
vn 0.965244 0.254018 0.061464
vn 0.953701 0.275384 -0.120903
vn 0.953701 0.275384 -0.120903
vn 0.238506 0.477591 -0.845589
vn 0.238506 0.477591 -0.845589
vn -0.405778 0.553438 -0.727359
vn -0.405778 0.553438 -0.727359
vn -0.542464 0.583017 -0.604834
vn -0.542464 0.583017 -0.604834
vn -0.621294 0.492816 0.609201
vn -0.621294 0.492816 0.609201
vn -0.338409 0.362666 0.868305
vn -0.338409 0.362666 0.868305
vn 0.150438 0.28947 0.945291
vn 0.150438 0.28947 0.945291
vn 0.954469 0.292053 0.060778
vn 0.954469 0.292053 0.060778
vn 0.942911 0.310853 -0.119535
vn 0.942911 0.310853 -0.119535
vn 0.238321 0.478846 -0.844932
vn 0.238321 0.478846 -0.844932
vn -0.41124 0.536185 -0.737148
vn -0.41124 0.536185 -0.737148
vn -0.551609 0.563441 -0.61503
vn -0.551609 0.563441 -0.61503
vn -0.627422 0.477345 0.615209
vn -0.627422 0.477345 0.615209
vn -0.339094 0.357775 0.870064
vn -0.339094 0.357775 0.870064
vn 0.148055 0.335529 0.930323
vn 0.148055 0.335529 0.930323
vn 0.911858 0.406377 0.058065
vn 0.911858 0.406377 0.058065
vn 0.901457 0.41751 -0.11428
vn 0.901457 0.41751 -0.11428
vn 0.237714 0.482917 -0.842783
vn 0.237714 0.482917 -0.842783
vn -0.428726 0.474987 -0.768493
vn -0.428726 0.474987 -0.768493
vn -0.581086 0.492512 -0.647897
vn -0.581086 0.492512 -0.647897
vn -0.646763 0.423698 0.634174
vn -0.646763 0.423698 0.634174
vn -0.341285 0.341616 0.875684
vn -0.341285 0.341616 0.875684
vn 0.143794 0.403644 0.903546
vn 0.143794 0.403644 0.903546
vn 0.830942 0.553838 0.052912
vn 0.830942 0.553838 0.052912
vn 0.824608 0.555961 -0.104538
vn 0.824608 0.555961 -0.104538
vn 0.236752 0.489291 -0.839371
vn 0.236752 0.489291 -0.839371
vn -0.454075 0.362397 -0.813931
vn -0.454075 0.362397 -0.813931
vn -0.623653 0.357119 -0.695358
vn -0.623653 0.357119 -0.695358
vn -0.674267 0.329021 0.661142
vn -0.674267 0.329021 0.661142
vn -0.344592 0.315438 0.884169
vn -0.344592 0.315438 0.884169
vn 0.138007 0.478488 0.867181
vn 0.138007 0.478488 0.867181
vn 0.729281 0.682637 0.046438
vn 0.729281 0.682637 0.046438
vn 0.728496 0.678797 -0.092353
vn 0.728496 0.678797 -0.092353
vn 0.235571 0.496964 -0.835184
vn 0.235571 0.496964 -0.835184
vn -0.477302 0.200482 -0.855564
vn -0.477302 0.200482 -0.855564
vn -0.659469 0.156357 -0.735291
vn -0.659469 0.156357 -0.735291
vn -0.699779 0.198741 0.686157
vn -0.699779 0.198741 0.686157
vn -0.348341 0.282492 0.893788
vn -0.348341 0.282492 0.893788
vn 0.131765 0.545083 0.827963
vn 0.636685 0.770058 0.040542
vn 0.640246 0.76387 -0.081166
vn 0.234367 0.504632 -0.830915
vn -0.487116 0.017767 -0.873157
vn -0.666098 -0.068813 -0.742683
vn -0.712943 0.054952 0.699066
vn -0.351785 0.248014 0.902627
vn 0.06761 -0.503186 0.86153
vn 0.06761 -0.503186 0.86153
vn 0.7751 -0.628414 0.065699
vn 0.7751 -0.628414 0.065699
vn 0.745366 -0.63547 -0.20151
vn 0.745366 -0.63547 -0.20151
vn 0.291402 -0.663862 -0.688746
vn 0.291402 -0.663862 -0.688746
vn -0.432721 -0.638518 -0.636434
vn -0.432721 -0.638518 -0.636434
vn -0.509679 -0.646171 -0.568059
vn -0.509679 -0.646171 -0.568059
vn -0.609475 -0.637177 0.471748
vn -0.609475 -0.637177 0.471748
vn -0.199044 -0.501293 0.842073
vn -0.199044 -0.501293 0.842073
vn 0.071276 -0.412329 0.908243
vn 0.071276 -0.412329 0.908243
vn 0.83539 -0.545078 0.070809
vn 0.83539 -0.545078 0.070809
vn 0.81365 -0.538133 -0.219971
vn 0.81365 -0.538133 -0.219971
vn 0.336118 -0.505864 -0.794435
vn 0.336118 -0.505864 -0.794435
vn -0.512036 -0.413129 -0.753089
vn -0.512036 -0.413129 -0.753089
vn -0.607047 -0.416815 -0.676579
vn -0.607047 -0.416815 -0.676579
vn -0.705727 -0.451176 0.54625
vn -0.705727 -0.451176 0.54625
vn -0.212291 -0.385125 0.898115
vn -0.212291 -0.385125 0.898115
vn 0.078015 -0.075162 0.994115
vn 0.078015 -0.075162 0.994115
vn 0.978606 -0.188283 0.082948
vn 0.978606 -0.188283 0.082948
vn 0.95278 -0.160809 -0.257585
vn 0.95278 -0.160809 -0.257585
vn 0.38964 -0.007504 -0.920937
vn 0.38964 -0.007504 -0.920937
vn -0.554269 0.16801 -0.815204
vn -0.554269 0.16801 -0.815204
vn -0.656606 0.182522 -0.731816
vn -0.656606 0.182522 -0.731816
vn -0.785111 0.11962 0.607694
vn -0.785111 0.11962 0.607694
vn -0.230012 -0.014063 0.973086
vn -0.230012 -0.014063 0.973086
vn 0.076524 0.208015 0.975128
vn 0.076524 0.208015 0.975128
vn 0.984165 0.156401 0.083419
vn 0.984165 0.156401 0.083419
vn 0.946667 0.195758 -0.255932
vn 0.946667 0.195758 -0.255932
vn 0.357722 0.396444 -0.845498
vn 0.357722 0.396444 -0.845498
vn -0.473004 0.540642 -0.695682
vn -0.473004 0.540642 -0.695682
vn -0.554018 0.558379 -0.617477
vn -0.554018 0.558379 -0.617477
vn -0.679383 0.511773 0.525858
vn -0.679383 0.511773 0.525858
vn -0.220741 0.281382 0.933862
vn -0.220741 0.281382 0.933862
vn 0.076947 0.180755 0.980514
vn 0.076947 0.180755 0.980514
vn 0.988938 0.122375 0.083824
vn 0.988938 0.122375 0.083824
vn 0.95094 0.172106 -0.257087
vn 0.95094 0.172106 -0.257087
vn 0.356219 0.405263 -0.841944
vn 0.356219 0.405263 -0.841944
vn -0.4643 0.564005 -0.682879
vn -0.4643 0.564005 -0.682879
vn -0.54332 0.581471 -0.605553
vn -0.54332 0.581471 -0.605553
vn -0.676423 0.518006 0.523567
vn -0.676423 0.518006 0.523567
vn -0.221794 0.265269 0.938318
vn -0.221794 0.265269 0.938318
vn 0.076513 0.2087 0.974982
vn 0.076513 0.2087 0.974982
vn 0.984029 0.157257 0.083408
vn 0.984029 0.157257 0.083408
vn 0.946552 0.196353 -0.255901
vn 0.946552 0.196353 -0.255901
vn 0.35776 0.396219 -0.845588
vn 0.35776 0.396219 -0.845588
vn -0.473224 0.540032 -0.696005
vn -0.473224 0.540032 -0.696005
vn -0.554289 0.557776 -0.617778
vn -0.554289 0.557776 -0.617778
vn -0.679458 0.511614 0.525916
vn -0.679458 0.511614 0.525916
vn -0.220713 0.281788 0.933746
vn -0.220713 0.281788 0.933746
vn 0.074858 0.290682 0.953887
vn 0.074858 0.290682 0.953887
vn 0.962239 0.259698 0.081561
vn 0.962239 0.259698 0.081561
vn 0.930024 0.268026 -0.251432
vn 0.930024 0.268026 -0.251432
vn 0.362324 0.367894 -0.856374
vn 0.362324 0.367894 -0.856374
vn -0.499789 0.45812 -0.735076
vn -0.499789 0.45812 -0.735076
vn -0.587201 0.476315 -0.654461
vn -0.587201 0.476315 -0.654461
vn -0.688648 0.491571 0.53303
vn -0.688648 0.491571 0.53303
vn -0.217097 0.330646 0.918446
vn -0.217097 0.330646 0.918446
vn 0.071453 0.407268 0.910509
vn 0.071453 0.407268 0.910509
vn 0.911583 0.40379 0.077267
vn 0.911583 0.40379 0.077267
vn 0.896064 0.372 -0.242251
vn 0.896064 0.372 -0.242251
vn 0.369 0.321228 -0.872153
vn 0.369 0.321228 -0.872153
vn -0.535994 0.302083 -0.788325
vn -0.535994 0.302083 -0.788325
vn -0.632885 0.319217 -0.705377
vn -0.632885 0.319217 -0.705377
vn -0.702805 0.458414 0.543987
vn -0.702805 0.458414 0.543987
vn -0.210598 0.402305 0.890954
vn -0.210598 0.402305 0.890954
vn 0.066486 0.52709 0.847205
vn 0.834347 0.546684 0.070721
vn 0.845464 0.482644 -0.228572
vn 0.376181 0.260654 -0.889127
vn -0.560752 0.073231 -0.824739
vn -0.665393 0.085248 -0.741609
vn -0.719486 0.414973 0.556899
vn -0.201671 0.481041 0.853187
vn 0.075236 -0.704068 0.706136
vn 0.075236 -0.704068 0.706136
vn 0.731447 -0.680138 0.04896
vn 0.731447 -0.680138 0.04896
vn 0.734471 -0.662208 -0.148438
vn 0.734471 -0.662208 -0.148438
vn 0.260736 -0.646823 -0.716685
vn 0.260736 -0.646823 -0.716685
vn -0.405435 -0.65671 -0.635889
vn -0.405435 -0.65671 -0.635889
vn -0.484094 -0.682243 -0.547903
vn -0.484094 -0.682243 -0.547903
vn -0.478547 -0.774668 0.413378
vn -0.478547 -0.774668 0.413378
vn -0.199948 -0.70932 0.675933
vn -0.199948 -0.70932 0.675933
vn 0.082686 -0.625217 0.776059
vn 0.082686 -0.625217 0.776059
vn 0.797094 -0.601493 0.053354
vn 0.797094 -0.601493 0.053354
vn 0.807337 -0.567084 -0.163164
vn 0.807337 -0.567084 -0.163164
vn 0.306427 -0.443485 -0.842273
vn 0.306427 -0.443485 -0.842273
vn -0.496677 -0.382728 -0.778993
vn -0.496677 -0.382728 -0.778993
vn -0.60325 -0.412216 -0.682764
vn -0.60325 -0.412216 -0.682764
vn -0.588019 -0.629468 0.507941
vn -0.588019 -0.629468 0.507941
vn -0.225951 -0.604562 0.763839
vn -0.225951 -0.604562 0.763839
vn 0.101926 -0.272869 0.956637
vn 0.101926 -0.272869 0.956637
vn 0.979932 -0.188231 0.065593
vn 0.979932 -0.188231 0.065593
vn 0.973641 -0.115341 -0.196774
vn 0.973641 -0.115341 -0.196774
vn 0.335035 0.19919 -0.92091
vn 0.335035 0.19919 -0.92091
vn -0.50948 0.319238 -0.799073
vn -0.50948 0.319238 -0.799073
vn -0.627963 0.317048 -0.710735
vn -0.627963 0.317048 -0.710735
vn -0.756387 -0.031182 0.653381
vn -0.756387 -0.031182 0.653381
vn -0.277994 -0.198878 0.93977
vn -0.277994 -0.198878 0.93977
vn 0.10517 0.120854 0.987083
vn 0.10517 0.120854 0.987083
vn 0.966956 0.24659 0.064724
vn 0.966956 0.24659 0.064724
vn 0.929309 0.317979 -0.187815
vn 0.929309 0.317979 -0.187815
vn 0.276063 0.589907 -0.758814
vn 0.276063 0.589907 -0.758814
vn -0.401838 0.664315 -0.630247
vn -0.401838 0.664315 -0.630247
vn -0.489258 0.673789 -0.553747
vn -0.489258 0.673789 -0.553747
vn -0.66225 0.48391 0.572063
vn -0.66225 0.48391 0.572063
vn -0.276801 0.21858 0.935737
vn -0.276801 0.21858 0.935737
vn 0.105255 0.114025 0.987886
vn 0.105255 0.114025 0.987886
vn 0.969504 0.236328 0.064895
vn 0.969504 0.236328 0.064895
vn 0.93194 0.309859 -0.188347
vn 0.93194 0.309859 -0.188347
vn 0.275828 0.590847 -0.758168
vn 0.275828 0.590847 -0.758168
vn -0.399692 0.668779 -0.626881
vn -0.399692 0.668779 -0.626881
vn -0.486444 0.67842 -0.550562
vn -0.486444 0.67842 -0.550562
vn -0.661016 0.486846 0.570998
vn -0.661016 0.486846 0.570998
vn -0.276949 0.216225 0.93624
vn -0.276949 0.216225 0.93624
vn 0.104458 0.166994 0.980409
vn 0.104458 0.166994 0.980409
vn 0.947183 0.314365 0.0634
vn 0.947183 0.314365 0.0634
vn 0.910015 0.371547 -0.183915
vn 0.910015 0.371547 -0.183915
vn 0.27767 0.583421 -0.763229
vn 0.27767 0.583421 -0.763229
vn -0.416703 0.631835 -0.653562
vn -0.416703 0.631835 -0.653562
vn -0.508801 0.639921 -0.575867
vn -0.508801 0.639921 -0.575867
vn -0.670593 0.463412 0.57927
vn -0.670593 0.463412 0.57927
vn -0.275746 0.234564 0.932172
vn -0.275746 0.234564 0.932172
vn 0.101945 0.272231 0.956816
vn 0.101945 0.272231 0.956816
vn 0.887395 0.457167 0.059399
vn 0.887395 0.457167 0.059399
vn 0.857143 0.485075 -0.17323
vn 0.857143 0.485075 -0.17323
vn 0.2815 0.567499 -0.773759
vn 0.2815 0.567499 -0.773759
vn -0.452882 0.538856 -0.710305
vn -0.452882 0.538856 -0.710305
vn -0.556629 0.541541 -0.629998
vn -0.556629 0.541541 -0.629998
vn -0.689738 0.41143 0.595808
vn -0.689738 0.41143 0.595808
vn -0.272974 0.271894 0.9228
vn -0.272974 0.271894 0.9228
vn 0.096926 0.403767 0.909713
vn 0.096926 0.403767 0.909713
vn 0.79087 0.60969 0.052938
vn 0.79087 0.60969 0.052938
vn 0.776518 0.610239 -0.156935
vn 0.776518 0.610239 -0.156935
vn 0.286834 0.544171 -0.788419
vn 0.286834 0.544171 -0.788419
vn -0.500049 0.367222 -0.784282
vn -0.500049 0.367222 -0.784282
vn -0.618723 0.35608 -0.700277
vn -0.618723 0.35608 -0.700277
vn -0.713918 0.331673 0.616696
vn -0.713918 0.331673 0.616696
vn -0.268555 0.321973 0.907861
vn -0.268555 0.321973 0.907861
vn 0.090008 0.527484 0.844783
vn 0.685247 0.726865 0.045868
vn 0.688048 0.712218 -0.139055
vn 0.292831 0.516119 -0.804904
vn -0.533949 0.116503 -0.837452
vn -0.65986 0.082581 -0.746837
vn -0.736119 0.231934 0.635873
vn -0.262888 0.375621 0.888706
vn -0.944806 0.298275 -0.135551
vn 0.355013 0.298275 0.886001
vn 0.589793 0.298275 -0.750451
vn 0 1 0
vn 0.081617 0.298275 -0.950984
vn -0.864385 0.298275 0.40481
vn 0.782768 0.298275 0.546174
vn 0 1 0
vn -0.895202 0.298275 0.331128
vn 0.734366 0.298275 0.609703
vn 0.160836 0.298275 -0.940832
vn 0 1 0
vn -0.860214 0.298275 -0.413599
vn 0.07192 0.298275 0.951767
vn 0.788294 0.298275 -0.538167
vn 0 1 0
vn -0.362833 0.298275 0.882828
vn 0.945967 0.298275 -0.127192
vn -0.583135 0.298275 -0.755636
vn 0 1 0
vn -0.129968 0.298275 0.94559
vn 0.883889 0.298275 -0.360239
vn -0.753921 0.298275 -0.585351
vn 0 1 0
vn 0.050665 0.298275 -0.953134
vn -0.850771 0.298275 0.43269
vn 0.800106 0.298275 0.520445
vn 0 1 0
vn -0.576197 0.298275 0.76094
vn 0.947091 0.298275 0.118532
vn -0.370894 0.298275 -0.879471
vn 0 1 0
vn 0.756186 0.298275 0.582421
vn 0.126298 0.298275 -0.946087
vn -0.882485 0.298275 0.363666
vn 0 1 0
vn 0.710516 0.298275 -0.637337
vn -0.907208 0.298275 -0.296657
vn 0.196692 0.298275 0.933994
vn 0 1 0
vn -0.720766 0.298275 -0.625723
vn -0.181509 0.298275 0.937063
vn 0.902275 0.298275 -0.31134
vn 0 1 0
vn -0.618678 0.298275 0.726821
vn 0.938785 0.298275 0.172381
vn -0.320106 0.298275 -0.899202
vn 0 1 0
vn -0.012734 0.298275 0.954395
vn 0.832897 0.298275 -0.46617
vn -0.820163 0.298275 -0.488225
vn 0 1 0
vn -0.926152 0.298275 0.230814
vn 0.662967 0.298275 0.686664
vn 0.263185 0.298275 -0.917478
vn 0 1 0
s off
g stones-and-logs
usemtl pigment_ff757575
f 1//1 2//1 3//1
f 1//2 3//2 4//2
f 2//3 5//3 6//3
f 2//4 6//4 3//4
f 5//5 7//5 8//5
f 5//6 8//6 6//6
f 7//7 9//7 10//7
f 7//8 10//8 8//8
f 9//9 11//9 12//9
f 9//10 12//10 10//10
f 11//11 13//11 14//11
f 11//12 14//12 12//12
f 13//13 15//13 16//13
f 13//14 16//14 14//14
f 15//15 17//15 18//15
f 15//16 18//16 16//16
f 17//17 1//17 4//17
f 17//18 4//18 18//18
f 4//19 3//19 19//19
f 4//20 19//20 20//20
f 3//21 6//21 21//21
f 3//22 21//22 19//22
f 6//23 8//23 22//23
f 6//24 22//24 21//24
f 8//25 10//25 23//25
f 8//26 23//26 22//26
f 10//27 12//27 24//27
f 10//28 24//28 23//28
f 12//29 14//29 25//29
f 12//30 25//30 24//30
f 14//31 16//31 26//31
f 14//32 26//32 25//32
f 16//33 18//33 27//33
f 16//34 27//34 26//34
f 18//35 4//35 20//35
f 18//36 20//36 27//36
f 20//37 19//37 28//37
f 20//38 28//38 29//38
f 19//39 21//39 30//39
f 19//40 30//40 28//40
f 21//41 22//41 31//41
f 21//42 31//42 30//42
f 22//43 23//43 32//43
f 22//44 32//44 31//44
f 23//45 24//45 33//45
f 23//46 33//46 32//46
f 24//47 25//47 34//47
f 24//48 34//48 33//48
f 25//49 26//49 35//49
f 25//50 35//50 34//50
f 26//51 27//51 36//51
f 26//52 36//52 35//52
f 27//53 20//53 29//53
f 27//54 29//54 36//54
f 29//55 28//55 37//55
f 29//56 37//56 38//56
f 28//57 30//57 39//57
f 28//58 39//58 37//58
f 30//59 31//59 40//59
f 30//60 40//60 39//60
f 31//61 32//61 41//61
f 31//62 41//62 40//62
f 32//63 33//63 42//63
f 32//64 42//64 41//64
f 33//65 34//65 43//65
f 33//66 43//66 42//66
f 34//67 35//67 44//67
f 34//68 44//68 43//68
f 35//69 36//69 45//69
f 35//70 45//70 44//70
f 36//71 29//71 38//71
f 36//72 38//72 45//72
f 46//73 38//73 37//73
f 46//74 37//74 39//74
f 46//75 39//75 40//75
f 46//76 40//76 41//76
f 46//77 41//77 42//77
f 46//78 42//78 43//78
f 46//79 43//79 44//79
f 46//80 44//80 45//80
f 46//81 45//81 38//81
f 47//82 48//82 49//82
f 47//83 49//83 50//83
f 48//84 51//84 52//84
f 48//85 52//85 49//85
f 51//86 53//86 54//86
f 51//87 54//87 52//87
f 53//88 55//88 56//88
f 53//89 56//89 54//89
f 55//90 57//90 58//90
f 55//91 58//91 56//91
f 57//92 59//92 60//92
f 57//93 60//93 58//93
f 59//94 61//94 62//94
f 59//95 62//95 60//95
f 61//96 63//96 64//96
f 61//97 64//97 62//97
f 63//98 47//98 50//98
f 63//99 50//99 64//99
f 50//100 49//100 65//100
f 50//101 65//101 66//101
f 49//102 52//102 67//102
f 49//103 67//103 65//103
f 52//104 54//104 68//104
f 52//105 68//105 67//105
f 54//106 56//106 69//106
f 54//107 69//107 68//107
f 56//108 58//108 70//108
f 56//109 70//109 69//109
f 58//110 60//110 71//110
f 58//111 71//111 70//111
f 60//112 62//112 72//112
f 60//113 72//113 71//113
f 62//114 64//114 73//114
f 62//115 73//115 72//115
f 64//116 50//116 66//116
f 64//117 66//117 73//117
f 66//118 65//118 74//118
f 66//119 74//119 75//119
f 65//120 67//120 76//120
f 65//121 76//121 74//121
f 67//122 68//122 77//122
f 67//123 77//123 76//123
f 68//124 69//124 78//124
f 68//125 78//125 77//125
f 69//126 70//126 79//126
f 69//127 79//127 78//127
f 70//128 71//128 80//128
f 70//129 80//129 79//129
f 71//130 72//130 81//130
f 71//131 81//131 80//131
f 72//132 73//132 82//132
f 72//133 82//133 81//133
f 73//134 66//134 75//134
f 73//135 75//135 82//135
f 75//136 74//136 83//136
f 75//137 83//137 84//137
f 74//138 76//138 85//138
f 74//139 85//139 83//139
f 76//140 77//140 86//140
f 76//141 86//141 85//141
f 77//142 78//142 87//142
f 77//143 87//143 86//143
f 78//144 79//144 88//144
f 78//145 88//145 87//145
f 79//146 80//146 89//146
f 79//147 89//147 88//147
f 80//148 81//148 90//148
f 80//149 90//149 89//149
f 81//150 82//150 91//150
f 81//151 91//151 90//151
f 82//152 75//152 84//152
f 82//153 84//153 91//153
f 92//154 84//154 83//154
f 92//155 83//155 85//155
f 92//156 85//156 86//156
f 92//157 86//157 87//157
f 92//158 87//158 88//158
f 92//159 88//159 89//159
f 92//160 89//160 90//160
f 92//161 90//161 91//161
f 92//162 91//162 84//162
f 93//163 94//163 95//163
f 93//164 95//164 96//164
f 94//165 97//165 98//165
f 94//166 98//166 95//166
f 97//167 99//167 100//167
f 97//168 100//168 98//168
f 99//169 101//169 102//169
f 99//170 102//170 100//170
f 101//171 103//171 104//171
f 101//172 104//172 102//172
f 103//173 105//173 106//173
f 103//174 106//174 104//174
f 105//175 107//175 108//175
f 105//176 108//176 106//176
f 107//177 109//177 110//177
f 107//178 110//178 108//178
f 109//179 93//179 96//179
f 109//180 96//180 110//180
f 96//181 95//181 111//181
f 96//182 111//182 112//182
f 95//183 98//183 113//183
f 95//184 113//184 111//184
f 98//185 100//185 114//185
f 98//186 114//186 113//186
f 100//187 102//187 115//187
f 100//188 115//188 114//188
f 102//189 104//189 116//189
f 102//190 116//190 115//190
f 104//191 106//191 117//191
f 104//192 117//192 116//192
f 106//193 108//193 118//193
f 106//194 118//194 117//194
f 108//195 110//195 119//195
f 108//196 119//196 118//196
f 110//197 96//197 112//197
f 110//198 112//198 119//198
f 112//199 111//199 120//199
f 112//200 120//200 121//200
f 111//201 113//201 122//201
f 111//202 122//202 120//202
f 113//203 114//203 123//203
f 113//204 123//204 122//204
f 114//205 115//205 124//205
f 114//206 124//206 123//206
f 115//207 116//207 125//207
f 115//208 125//208 124//208
f 116//209 117//209 126//209
f 116//210 126//210 125//210
f 117//211 118//211 127//211
f 117//212 127//212 126//212
f 118//213 119//213 128//213
f 118//214 128//214 127//214
f 119//215 112//215 121//215
f 119//216 121//216 128//216
f 121//217 120//217 129//217
f 121//218 129//218 130//218
f 120//219 122//219 131//219
f 120//220 131//220 129//220
f 122//221 123//221 132//221
f 122//222 132//222 131//222
f 123//223 124//223 133//223
f 123//224 133//224 132//224
f 124//225 125//225 134//225
f 124//226 134//226 133//226
f 125//227 126//227 135//227
f 125//228 135//228 134//228
f 126//229 127//229 136//229
f 126//230 136//230 135//230
f 127//231 128//231 137//231
f 127//232 137//232 136//232
f 128//233 121//233 130//233
f 128//234 130//234 137//234
f 138//235 130//235 129//235
f 138//236 129//236 131//236
f 138//237 131//237 132//237
f 138//238 132//238 133//238
f 138//239 133//239 134//239
f 138//240 134//240 135//240
f 138//241 135//241 136//241
f 138//242 136//242 137//242
f 138//243 137//243 130//243
f 139//244 140//244 141//244
f 139//245 141//245 142//245
f 140//246 143//246 144//246
f 140//247 144//247 141//247
f 143//248 145//248 146//248
f 143//249 146//249 144//249
f 145//250 147//250 148//250
f 145//251 148//251 146//251
f 147//252 149//252 150//252
f 147//253 150//253 148//253
f 149//254 151//254 152//254
f 149//255 152//255 150//255
f 151//256 153//256 154//256
f 151//257 154//257 152//257
f 153//258 155//258 156//258
f 153//259 156//259 154//259
f 155//260 139//260 142//260
f 155//261 142//261 156//261
f 142//262 141//262 157//262
f 142//263 157//263 158//263
f 141//264 144//264 159//264
f 141//265 159//265 157//265
f 144//266 146//266 160//266
f 144//267 160//267 159//267
f 146//268 148//268 161//268
f 146//269 161//269 160//269
f 148//270 150//270 162//270
f 148//271 162//271 161//271
f 150//272 152//272 163//272
f 150//273 163//273 162//273
f 152//274 154//274 164//274
f 152//275 164//275 163//275
f 154//276 156//276 165//276
f 154//277 165//277 164//277
f 156//278 142//278 158//278
f 156//279 158//279 165//279
f 158//280 157//280 166//280
f 158//281 166//281 167//281
f 157//282 159//282 168//282
f 157//283 168//283 166//283
f 159//284 160//284 169//284
f 159//285 169//285 168//285
f 160//286 161//286 170//286
f 160//287 170//287 169//287
f 161//288 162//288 171//288
f 161//289 171//289 170//289
f 162//290 163//290 172//290
f 162//291 172//291 171//291
f 163//292 164//292 173//292
f 163//293 173//293 172//293
f 164//294 165//294 174//294
f 164//295 174//295 173//295
f 165//296 158//296 167//296
f 165//297 167//297 174//297
f 167//298 166//298 175//298
f 167//299 175//299 176//299
f 166//300 168//300 177//300
f 166//301 177//301 175//301
f 168//302 169//302 178//302
f 168//303 178//303 177//303
f 169//304 170//304 179//304
f 169//305 179//305 178//305
f 170//306 171//306 180//306
f 170//307 180//307 179//307
f 171//308 172//308 181//308
f 171//309 181//309 180//309
f 172//310 173//310 182//310
f 172//311 182//311 181//311
f 173//312 174//312 183//312
f 173//313 183//313 182//313
f 174//314 167//314 176//314
f 174//315 176//315 183//315
f 184//316 176//316 175//316
f 184//317 175//317 177//317
f 184//318 177//318 178//318
f 184//319 178//319 179//319
f 184//320 179//320 180//320
f 184//321 180//321 181//321
f 184//322 181//322 182//322
f 184//323 182//323 183//323
f 184//324 183//324 176//324
f 185//325 186//325 187//325
f 185//326 187//326 188//326
f 186//327 189//327 190//327
f 186//328 190//328 187//328
f 189//329 191//329 192//329
f 189//330 192//330 190//330
f 191//331 193//331 194//331
f 191//332 194//332 192//332
f 193//333 195//333 196//333
f 193//334 196//334 194//334
f 195//335 197//335 198//335
f 195//336 198//336 196//336
f 197//337 199//337 200//337
f 197//338 200//338 198//338
f 199//339 201//339 202//339
f 199//340 202//340 200//340
f 201//341 185//341 188//341
f 201//342 188//342 202//342
f 188//343 187//343 203//343
f 188//344 203//344 204//344
f 187//345 190//345 205//345
f 187//346 205//346 203//346
f 190//347 192//347 206//347
f 190//348 206//348 205//348
f 192//349 194//349 207//349
f 192//350 207//350 206//350
f 194//351 196//351 208//351
f 194//352 208//352 207//352
f 196//353 198//353 209//353
f 196//354 209//354 208//354
f 198//355 200//355 210//355
f 198//356 210//356 209//356
f 200//357 202//357 211//357
f 200//358 211//358 210//358
f 202//359 188//359 204//359
f 202//360 204//360 211//360
f 204//361 203//361 212//361
f 204//362 212//362 213//362
f 203//363 205//363 214//363
f 203//364 214//364 212//364
f 205//365 206//365 215//365
f 205//366 215//366 214//366
f 206//367 207//367 216//367
f 206//368 216//368 215//368
f 207//369 208//369 217//369
f 207//370 217//370 216//370
f 208//371 209//371 218//371
f 208//372 218//372 217//372
f 209//373 210//373 219//373
f 209//374 219//374 218//374
f 210//375 211//375 220//375
f 210//376 220//376 219//376
f 211//377 204//377 213//377
f 211//378 213//378 220//378
f 213//379 212//379 221//379
f 213//380 221//380 222//380
f 212//381 214//381 223//381
f 212//382 223//382 221//382
f 214//383 215//383 224//383
f 214//384 224//384 223//384
f 215//385 216//385 225//385
f 215//386 225//386 224//386
f 216//387 217//387 226//387
f 216//388 226//388 225//388
f 217//389 218//389 227//389
f 217//390 227//390 226//390
f 218//391 219//391 228//391
f 218//392 228//392 227//392
f 219//393 220//393 229//393
f 219//394 229//394 228//394
f 220//395 213//395 222//395
f 220//396 222//396 229//396
f 230//397 222//397 221//397
f 230//398 221//398 223//398
f 230//399 223//399 224//399
f 230//400 224//400 225//400
f 230//401 225//401 226//401
f 230//402 226//402 227//402
f 230//403 227//403 228//403
f 230//404 228//404 229//404
f 230//405 229//405 222//405
f 231//406 232//406 233//406
f 231//407 233//407 234//407
f 232//408 235//408 236//408
f 232//409 236//409 233//409
f 235//410 237//410 238//410
f 235//411 238//411 236//411
f 237//412 239//412 240//412
f 237//413 240//413 238//413
f 239//414 241//414 242//414
f 239//415 242//415 240//415
f 241//416 243//416 244//416
f 241//417 244//417 242//417
f 243//418 245//418 246//418
f 243//419 246//419 244//419
f 245//420 247//420 248//420
f 245//421 248//421 246//421
f 247//422 231//422 234//422
f 247//423 234//423 248//423
f 234//424 233//424 249//424
f 234//425 249//425 250//425
f 233//426 236//426 251//426
f 233//427 251//427 249//427
f 236//428 238//428 252//428
f 236//429 252//429 251//429
f 238//430 240//430 253//430
f 238//431 253//431 252//431
f 240//432 242//432 254//432
f 240//433 254//433 253//433
f 242//434 244//434 255//434
f 242//435 255//435 254//435
f 244//436 246//436 256//436
f 244//437 256//437 255//437
f 246//438 248//438 257//438
f 246//439 257//439 256//439
f 248//440 234//440 250//440
f 248//441 250//441 257//441
f 250//442 249//442 258//442
f 250//443 258//443 259//443
f 249//444 251//444 260//444
f 249//445 260//445 258//445
f 251//446 252//446 261//446
f 251//447 261//447 260//447
f 252//448 253//448 262//448
f 252//449 262//449 261//449
f 253//450 254//450 263//450
f 253//451 263//451 262//451
f 254//452 255//452 264//452
f 254//453 264//453 263//453
f 255//454 256//454 265//454
f 255//455 265//455 264//455
f 256//456 257//456 266//456
f 256//457 266//457 265//457
f 257//458 250//458 259//458
f 257//459 259//459 266//459
f 259//460 258//460 267//460
f 259//461 267//461 268//461
f 258//462 260//462 269//462
f 258//463 269//463 267//463
f 260//464 261//464 270//464
f 260//465 270//465 269//465
f 261//466 262//466 271//466
f 261//467 271//467 270//467
f 262//468 263//468 272//468
f 262//469 272//469 271//469
f 263//470 264//470 273//470
f 263//471 273//471 272//471
f 264//472 265//472 274//472
f 264//473 274//473 273//473
f 265//474 266//474 275//474
f 265//475 275//475 274//475
f 266//476 259//476 268//476
f 266//477 268//477 275//477
f 276//478 268//478 267//478
f 276//479 267//479 269//479
f 276//480 269//480 270//480
f 276//481 270//481 271//481
f 276//482 271//482 272//482
f 276//483 272//483 273//483
f 276//484 273//484 274//484
f 276//485 274//485 275//485
f 276//486 275//486 268//486
f 277//487 278//487 279//487
f 277//488 279//488 280//488
f 278//489 281//489 282//489
f 278//490 282//490 279//490
f 281//491 283//491 284//491
f 281//492 284//492 282//492
f 283//493 285//493 286//493
f 283//494 286//494 284//494
f 285//495 287//495 288//495
f 285//496 288//496 286//496
f 287//497 289//497 290//497
f 287//498 290//498 288//498
f 289//499 291//499 292//499
f 289//500 292//500 290//500
f 291//501 293//501 294//501
f 291//502 294//502 292//502
f 293//503 277//503 280//503
f 293//504 280//504 294//504
f 280//505 279//505 295//505
f 280//506 295//506 296//506
f 279//507 282//507 297//507
f 279//508 297//508 295//508
f 282//509 284//509 298//509
f 282//510 298//510 297//510
f 284//511 286//511 299//511
f 284//512 299//512 298//512
f 286//513 288//513 300//513
f 286//514 300//514 299//514
f 288//515 290//515 301//515
f 288//516 301//516 300//516
f 290//517 292//517 302//517
f 290//518 302//518 301//518
f 292//519 294//519 303//519
f 292//520 303//520 302//520
f 294//521 280//521 296//521
f 294//522 296//522 303//522
f 296//523 295//523 304//523
f 296//524 304//524 305//524
f 295//525 297//525 306//525
f 295//526 306//526 304//526
f 297//527 298//527 307//527
f 297//528 307//528 306//528
f 298//529 299//529 308//529
f 298//530 308//530 307//530
f 299//531 300//531 309//531
f 299//532 309//532 308//532
f 300//533 301//533 310//533
f 300//534 310//534 309//534
f 301//535 302//535 311//535
f 301//536 311//536 310//536
f 302//537 303//537 312//537
f 302//538 312//538 311//538
f 303//539 296//539 305//539
f 303//540 305//540 312//540
f 305//541 304//541 313//541
f 305//542 313//542 314//542
f 304//543 306//543 315//543
f 304//544 315//544 313//544
f 306//545 307//545 316//545
f 306//546 316//546 315//546
f 307//547 308//547 317//547
f 307//548 317//548 316//548
f 308//549 309//549 318//549
f 308//550 318//550 317//550
f 309//551 310//551 319//551
f 309//552 319//552 318//552
f 310//553 311//553 320//553
f 310//554 320//554 319//554
f 311//555 312//555 321//555
f 311//556 321//556 320//556
f 312//557 305//557 314//557
f 312//558 314//558 321//558
f 322//559 314//559 313//559
f 322//560 313//560 315//560
f 322//561 315//561 316//561
f 322//562 316//562 317//562
f 322//563 317//563 318//563
f 322//564 318//564 319//564
f 322//565 319//565 320//565
f 322//566 320//566 321//566
f 322//567 321//567 314//567
f 323//568 324//568 325//568
f 323//569 325//569 326//569
f 324//570 327//570 328//570
f 324//571 328//571 325//571
f 327//572 329//572 330//572
f 327//573 330//573 328//573
f 329//574 331//574 332//574
f 329//575 332//575 330//575
f 331//576 333//576 334//576
f 331//577 334//577 332//577
f 333//578 335//578 336//578
f 333//579 336//579 334//579
f 335//580 337//580 338//580
f 335//581 338//581 336//581
f 337//582 339//582 340//582
f 337//583 340//583 338//583
f 339//584 323//584 326//584
f 339//585 326//585 340//585
f 326//586 325//586 341//586
f 326//587 341//587 342//587
f 325//588 328//588 343//588
f 325//589 343//589 341//589
f 328//590 330//590 344//590
f 328//591 344//591 343//591
f 330//592 332//592 345//592
f 330//593 345//593 344//593
f 332//594 334//594 346//594
f 332//595 346//595 345//595
f 334//596 336//596 347//596
f 334//597 347//597 346//597
f 336//598 338//598 348//598
f 336//599 348//599 347//599
f 338//600 340//600 349//600
f 338//601 349//601 348//601
f 340//602 326//602 342//602
f 340//603 342//603 349//603
f 342//604 341//604 350//604
f 342//605 350//605 351//605
f 341//606 343//606 352//606
f 341//607 352//607 350//607
f 343//608 344//608 353//608
f 343//609 353//609 352//609
f 344//610 345//610 354//610
f 344//611 354//611 353//611
f 345//612 346//612 355//612
f 345//613 355//613 354//613
f 346//614 347//614 356//614
f 346//615 356//615 355//615
f 347//616 348//616 357//616
f 347//617 357//617 356//617
f 348//618 349//618 358//618
f 348//619 358//619 357//619
f 349//620 342//620 351//620
f 349//621 351//621 358//621
f 351//622 350//622 359//622
f 351//623 359//623 360//623
f 350//624 352//624 361//624
f 350//625 361//625 359//625
f 352//626 353//626 362//626
f 352//627 362//627 361//627
f 353//628 354//628 363//628
f 353//629 363//629 362//629
f 354//630 355//630 364//630
f 354//631 364//631 363//631
f 355//632 356//632 365//632
f 355//633 365//633 364//633
f 356//634 357//634 366//634
f 356//635 366//635 365//635
f 357//636 358//636 367//636
f 357//637 367//637 366//637
f 358//638 351//638 360//638
f 358//639 360//639 367//639
f 368//640 360//640 359//640
f 368//641 359//641 361//641
f 368//642 361//642 362//642
f 368//643 362//643 363//643
f 368//644 363//644 364//644
f 368//645 364//645 365//645
f 368//646 365//646 366//646
f 368//647 366//647 367//647
f 368//648 367//648 360//648
f 369//649 370//649 371//649
f 369//650 371//650 372//650
f 370//651 373//651 374//651
f 370//652 374//652 371//652
f 373//653 375//653 376//653
f 373//654 376//654 374//654
f 375//655 377//655 378//655
f 375//656 378//656 376//656
f 377//657 379//657 380//657
f 377//658 380//658 378//658
f 379//659 381//659 382//659
f 379//660 382//660 380//660
f 381//661 383//661 384//661
f 381//662 384//662 382//662
f 383//663 385//663 386//663
f 383//664 386//664 384//664
f 385//665 369//665 372//665
f 385//666 372//666 386//666
f 372//667 371//667 387//667
f 372//668 387//668 388//668
f 371//669 374//669 389//669
f 371//670 389//670 387//670
f 374//671 376//671 390//671
f 374//672 390//672 389//672
f 376//673 378//673 391//673
f 376//674 391//674 390//674
f 378//675 380//675 392//675
f 378//676 392//676 391//676
f 380//677 382//677 393//677
f 380//678 393//678 392//678
f 382//679 384//679 394//679
f 382//680 394//680 393//680
f 384//681 386//681 395//681
f 384//682 395//682 394//682
f 386//683 372//683 388//683
f 386//684 388//684 395//684
f 388//685 387//685 396//685
f 388//686 396//686 397//686
f 387//687 389//687 398//687
f 387//688 398//688 396//688
f 389//689 390//689 399//689
f 389//690 399//690 398//690
f 390//691 391//691 400//691
f 390//692 400//692 399//692
f 391//693 392//693 401//693
f 391//694 401//694 400//694
f 392//695 393//695 402//695
f 392//696 402//696 401//696
f 393//697 394//697 403//697
f 393//698 403//698 402//698
f 394//699 395//699 404//699
f 394//700 404//700 403//700
f 395//701 388//701 397//701
f 395//702 397//702 404//702
f 397//703 396//703 405//703
f 397//704 405//704 406//704
f 396//705 398//705 407//705
f 396//706 407//706 405//706
f 398//707 399//707 408//707
f 398//708 408//708 407//708
f 399//709 400//709 409//709
f 399//710 409//710 408//710
f 400//711 401//711 410//711
f 400//712 410//712 409//712
f 401//713 402//713 411//713
f 401//714 411//714 410//714
f 402//715 403//715 412//715
f 402//716 412//716 411//716
f 403//717 404//717 413//717
f 403//718 413//718 412//718
f 404//719 397//719 406//719
f 404//720 406//720 413//720
f 414//721 406//721 405//721
f 414//722 405//722 407//722
f 414//723 407//723 408//723
f 414//724 408//724 409//724
f 414//725 409//725 410//725
f 414//726 410//726 411//726
f 414//727 411//727 412//727
f 414//728 412//728 413//728
f 414//729 413//729 406//729
f 415//730 416//730 417//730
f 415//731 417//731 418//731
f 416//732 419//732 420//732
f 416//733 420//733 417//733
f 419//734 421//734 422//734
f 419//735 422//735 420//735
f 421//736 423//736 424//736
f 421//737 424//737 422//737
f 423//738 425//738 426//738
f 423//739 426//739 424//739
f 425//740 427//740 428//740
f 425//741 428//741 426//741
f 427//742 429//742 430//742
f 427//743 430//743 428//743
f 429//744 431//744 432//744
f 429//745 432//745 430//745
f 431//746 415//746 418//746
f 431//747 418//747 432//747
f 418//748 417//748 433//748
f 418//749 433//749 434//749
f 417//750 420//750 435//750
f 417//751 435//751 433//751
f 420//752 422//752 436//752
f 420//753 436//753 435//753
f 422//754 424//754 437//754
f 422//755 437//755 436//755
f 424//756 426//756 438//756
f 424//757 438//757 437//757
f 426//758 428//758 439//758
f 426//759 439//759 438//759
f 428//760 430//760 440//760
f 428//761 440//761 439//761
f 430//762 432//762 441//762
f 430//763 441//763 440//763
f 432//764 418//764 434//764
f 432//765 434//765 441//765
f 434//766 433//766 442//766
f 434//767 442//767 443//767
f 433//768 435//768 444//768
f 433//769 444//769 442//769
f 435//770 436//770 445//770
f 435//771 445//771 444//771
f 436//772 437//772 446//772
f 436//773 446//773 445//773
f 437//774 438//774 447//774
f 437//775 447//775 446//775
f 438//776 439//776 448//776
f 438//777 448//777 447//777
f 439//778 440//778 449//778
f 439//779 449//779 448//779
f 440//780 441//780 450//780
f 440//781 450//781 449//781
f 441//782 434//782 443//782
f 441//783 443//783 450//783
f 443//784 442//784 451//784
f 443//785 451//785 452//785
f 442//786 444//786 453//786
f 442//787 453//787 451//787
f 444//788 445//788 454//788
f 444//789 454//789 453//789
f 445//790 446//790 455//790
f 445//791 455//791 454//791
f 446//792 447//792 456//792
f 446//793 456//793 455//793
f 447//794 448//794 457//794
f 447//795 457//795 456//795
f 448//796 449//796 458//796
f 448//797 458//797 457//797
f 449//798 450//798 459//798
f 449//799 459//799 458//799
f 450//800 443//800 452//800
f 450//801 452//801 459//801
f 460//802 452//802 451//802
f 460//803 451//803 453//803
f 460//804 453//804 454//804
f 460//805 454//805 455//805
f 460//806 455//806 456//806
f 460//807 456//807 457//807
f 460//808 457//808 458//808
f 460//809 458//809 459//809
f 460//810 459//810 452//810
f 461//811 462//811 463//811
f 461//812 463//812 464//812
f 462//813 465//813 466//813
f 462//814 466//814 463//814
f 465//815 467//815 468//815
f 465//816 468//816 466//816
f 467//817 469//817 470//817
f 467//818 470//818 468//818
f 469//819 471//819 472//819
f 469//820 472//820 470//820
f 471//821 473//821 474//821
f 471//822 474//822 472//822
f 473//823 475//823 476//823
f 473//824 476//824 474//824
f 475//825 477//825 478//825
f 475//826 478//826 476//826
f 477//827 461//827 464//827
f 477//828 464//828 478//828
f 464//829 463//829 479//829
f 464//830 479//830 480//830
f 463//831 466//831 481//831
f 463//832 481//832 479//832
f 466//833 468//833 482//833
f 466//834 482//834 481//834
f 468//835 470//835 483//835
f 468//836 483//836 482//836
f 470//837 472//837 484//837
f 470//838 484//838 483//838
f 472//839 474//839 485//839
f 472//840 485//840 484//840
f 474//841 476//841 486//841
f 474//842 486//842 485//842
f 476//843 478//843 487//843
f 476//844 487//844 486//844
f 478//845 464//845 480//845
f 478//846 480//846 487//846
f 480//847 479//847 488//847
f 480//848 488//848 489//848
f 479//849 481//849 490//849
f 479//850 490//850 488//850
f 481//851 482//851 491//851
f 481//852 491//852 490//852
f 482//853 483//853 492//853
f 482//854 492//854 491//854
f 483//855 484//855 493//855
f 483//856 493//856 492//856
f 484//857 485//857 494//857
f 484//858 494//858 493//858
f 485//859 486//859 495//859
f 485//860 495//860 494//860
f 486//861 487//861 496//861
f 486//862 496//862 495//862
f 487//863 480//863 489//863
f 487//864 489//864 496//864
f 489//865 488//865 497//865
f 489//866 497//866 498//866
f 488//867 490//867 499//867
f 488//868 499//868 497//868
f 490//869 491//869 500//869
f 490//870 500//870 499//870
f 491//871 492//871 501//871
f 491//872 501//872 500//872
f 492//873 493//873 502//873
f 492//874 502//874 501//874
f 493//875 494//875 503//875
f 493//876 503//876 502//876
f 494//877 495//877 504//877
f 494//878 504//878 503//878
f 495//879 496//879 505//879
f 495//880 505//880 504//880
f 496//881 489//881 498//881
f 496//882 498//882 505//882
f 506//883 498//883 497//883
f 506//884 497//884 499//884
f 506//885 499//885 500//885
f 506//886 500//886 501//886
f 506//887 501//887 502//887
f 506//888 502//888 503//888
f 506//889 503//889 504//889
f 506//890 504//890 505//890
f 506//891 505//891 498//891
usemtl pigment_ff215e9f
f 507//892 508//892 509//892
f 507//893 509//893 510//893
f 508//894 511//894 512//894
f 508//895 512//895 509//895
f 511//896 513//896 514//896
f 511//897 514//897 512//897
f 513//898 515//898 516//898
f 513//899 516//899 514//899
f 515//900 517//900 518//900
f 515//901 518//901 516//901
f 517//902 507//902 510//902
f 517//903 510//903 518//903
f 519//904 510//904 509//904
f 519//905 509//905 512//905
f 519//906 512//906 514//906
f 519//907 514//907 516//907
f 519//908 516//908 518//908
f 519//909 518//909 510//909
f 520//910 521//910 522//910
f 520//911 522//911 523//911
f 521//912 524//912 525//912
f 521//913 525//913 522//913
f 524//914 526//914 527//914
f 524//915 527//915 525//915
f 526//916 528//916 529//916
f 526//917 529//917 527//917
f 528//918 530//918 531//918
f 528//919 531//919 529//919
f 530//920 520//920 523//920
f 530//921 523//921 531//921
f 532//922 523//922 522//922
f 532//923 522//923 525//923
f 532//924 525//924 527//924
f 532//925 527//925 529//925
f 532//926 529//926 531//926
f 532//927 531//927 523//927
f 533//928 534//928 535//928
f 533//929 535//929 536//929
f 534//930 537//930 538//930
f 534//931 538//931 535//931
f 537//932 539//932 540//932
f 537//933 540//933 538//933
f 539//934 541//934 542//934
f 539//935 542//935 540//935
f 541//936 543//936 544//936
f 541//937 544//937 542//937
f 543//938 533//938 536//938
f 543//939 536//939 544//939
f 545//940 536//940 535//940
f 545//941 535//941 538//941
f 545//942 538//942 540//942
f 545//943 540//943 542//943
f 545//944 542//944 544//944
f 545//945 544//945 536//945
f 546//946 547//946 548//946
f 546//947 548//947 549//947
f 547//948 550//948 551//948
f 547//949 551//949 548//949
f 550//950 552//950 553//950
f 550//951 553//951 551//951
f 552//952 554//952 555//952
f 552//953 555//953 553//953
f 554//954 556//954 557//954
f 554//955 557//955 555//955
f 556//956 546//956 549//956
f 556//957 549//957 557//957
f 558//958 549//958 548//958
f 558//959 548//959 551//959
f 558//960 551//960 553//960
f 558//961 553//961 555//961
f 558//962 555//962 557//962
f 558//963 557//963 549//963
f 559//964 560//964 561//964
f 559//965 561//965 562//965
f 560//966 563//966 564//966
f 560//967 564//967 561//967
f 563//968 565//968 566//968
f 563//969 566//969 564//969
f 565//970 567//970 568//970
f 565//971 568//971 566//971
f 567//972 569//972 570//972
f 567//973 570//973 568//973
f 569//974 559//974 562//974
f 569//975 562//975 570//975
f 571//976 562//976 561//976
f 571//977 561//977 564//977
f 571//978 564//978 566//978
f 571//979 566//979 568//979
f 571//980 568//980 570//980
f 571//981 570//981 562//981
f 572//982 573//982 574//982
f 572//983 574//983 575//983
f 573//984 576//984 577//984
f 573//985 577//985 574//985
f 576//986 578//986 579//986
f 576//987 579//987 577//987
f 578//988 580//988 581//988
f 578//989 581//989 579//989
f 580//990 582//990 583//990
f 580//991 583//991 581//991
f 582//992 572//992 575//992
f 582//993 575//993 583//993
f 584//994 575//994 574//994
f 584//995 574//995 577//995
f 584//996 577//996 579//996
f 584//997 579//997 581//997
f 584//998 581//998 583//998
f 584//999 583//999 575//999
f 585//1000 586//1000 587//1000
f 585//1001 587//1001 588//1001
f 586//1002 589//1002 590//1002
f 586//1003 590//1003 587//1003
f 589//1004 591//1004 592//1004
f 589//1005 592//1005 590//1005
f 591//1006 593//1006 594//1006
f 591//1007 594//1007 592//1007
f 593//1008 595//1008 596//1008
f 593//1009 596//1009 594//1009
f 595//1010 585//1010 588//1010
f 595//1011 588//1011 596//1011
f 597//1012 588//1012 587//1012
f 597//1013 587//1013 590//1013
f 597//1014 590//1014 592//1014
f 597//1015 592//1015 594//1015
f 597//1016 594//1016 596//1016
f 597//1017 596//1017 588//1017
g flames-embers-sparks-state-00
usemtl pigment_ff2364ff
f 598//1018 599//1018 600//1018
usemtl pigment_ff10008a
f 598//1019 600//1019 601//1019
f 599//1020 602//1020 603//1020
usemtl pigment_ff2364ff
f 599//1021 603//1021 600//1021
usemtl pigment_ff10008a
f 602//1022 604//1022 605//1022
f 602//1023 605//1023 603//1023
usemtl pigment_ff2364ff
f 604//1024 606//1024 607//1024
usemtl pigment_ff10008a
f 604//1025 607//1025 605//1025
usemtl pigment_ff2bb3e5
f 606//1026 608//1026 609//1026
usemtl pigment_ff10008a
f 606//1027 609//1027 607//1027
f 608//1028 610//1028 611//1028
f 608//1029 611//1029 609//1029
usemtl pigment_ff2364ff
f 610//1030 612//1030 613//1030
usemtl pigment_ff10008a
f 610//1031 613//1031 611//1031
f 612//1032 614//1032 615//1032
f 612//1033 615//1033 613//1033
usemtl pigment_ff2364ff
f 614//1034 616//1034 617//1034
usemtl pigment_ff10008a
f 614//1035 617//1035 615//1035
f 616//1036 618//1036 619//1036
usemtl pigment_ff2364ff
f 616//1037 619//1037 617//1037
usemtl pigment_ff10008a
f 618//1038 620//1038 621//1038
f 618//1039 621//1039 619//1039
f 620//1040 622//1040 623//1040
usemtl pigment_ff2364ff
f 620//1041 623//1041 621//1041
usemtl pigment_ff10008a
f 622//1042 624//1042 625//1042
f 622//1043 625//1043 623//1043
f 624//1044 626//1044 627//1044
usemtl pigment_ff2364ff
f 624//1045 627//1045 625//1045
usemtl pigment_ff10008a
f 626//1046 628//1046 629//1046
f 626//1047 629//1047 627//1047
f 628//1048 630//1048 631//1048
f 628//1049 631//1049 629//1049
f 630//1050 632//1050 633//1050
usemtl pigment_ff2364ff
f 630//1051 633//1051 631//1051
usemtl pigment_ff2bb3e5
f 632//1052 598//1052 601//1052
usemtl pigment_ff10008a
f 632//1053 601//1053 633//1053
f 601//1054 600//1054 634//1054
f 601//1055 634//1055 635//1055
f 600//1056 603//1056 636//1056
usemtl pigment_ff2364ff
f 600//1057 636//1057 634//1057
f 603//1058 605//1058 637//1058
f 603//1059 637//1059 636//1059
usemtl pigment_ff10008a
f 605//1060 607//1060 638//1060
f 605//1061 638//1061 637//1061
usemtl pigment_ff2364ff
f 607//1062 609//1062 639//1062
f 607//1063 639//1063 638//1063
f 609//1064 611//1064 640//1064
usemtl pigment_ff2bb3e5
f 609//1065 640//1065 639//1065
f 611//1066 613//1066 641//1066
usemtl pigment_ff2364ff
f 611//1067 641//1067 640//1067
usemtl pigment_ff10008a
f 613//1068 615//1068 642//1068
f 613//1069 642//1069 641//1069
usemtl pigment_ff2bb3e5
f 615//1070 617//1070 643//1070
f 615//1071 643//1071 642//1071
f 617//1072 619//1072 644//1072
usemtl pigment_ff10008a
f 617//1073 644//1073 643//1073
usemtl pigment_ff2364ff
f 619//1074 621//1074 645//1074
f 619//1075 645//1075 644//1075
f 621//1076 623//1076 646//1076
f 621//1077 646//1077 645//1077
f 623//1078 625//1078 647//1078
usemtl pigment_ff10008a
f 623//1079 647//1079 646//1079
usemtl pigment_ff2364ff
f 625//1080 627//1080 648//1080
usemtl pigment_ff10008a
f 625//1081 648//1081 647//1081
f 627//1082 629//1082 649//1082
usemtl pigment_ff2bb3e5
f 627//1083 649//1083 648//1083
f 629//1084 631//1084 650//1084
usemtl pigment_ff2364ff
f 629//1085 650//1085 649//1085
f 631//1086 633//1086 651//1086
usemtl pigment_ff10008a
f 631//1087 651//1087 650//1087
f 633//1088 601//1088 635//1088
usemtl pigment_ff2364ff
f 633//1089 635//1089 651//1089
usemtl pigment_ff2bb3e5
f 652//1090 635//1090 634//1090
usemtl pigment_ff2364ff
f 652//1091 634//1091 636//1091
usemtl pigment_ff10008a
f 652//1092 636//1092 637//1092
f 652//1093 637//1093 638//1093
usemtl pigment_ff2364ff
f 652//1094 638//1094 639//1094
usemtl pigment_ff10008a
f 652//1095 639//1095 640//1095
f 652//1096 640//1096 641//1096
usemtl pigment_ff2bb3e5
f 652//1097 641//1097 642//1097
usemtl pigment_ff10008a
f 652//1098 642//1098 643//1098
f 652//1099 643//1099 644//1099
f 652//1100 644//1100 645//1100
f 652//1101 645//1101 646//1101
f 652//1102 646//1102 647//1102
f 652//1103 647//1103 648//1103
f 652//1104 648//1104 649//1104
f 652//1105 649//1105 650//1105
f 652//1106 650//1106 651//1106
usemtl pigment_ff2364ff
f 652//1107 651//1107 635//1107
usemtl pigment_ff2bb3e5
f 653//1108 654//1108 655//1108
f 653//1109 655//1109 656//1109
f 654//1110 657//1110 658//1110
f 654//1111 658//1111 655//1111
f 657//1112 659//1112 660//1112
f 657//1113 660//1113 658//1113
f 659//1114 661//1114 662//1114
f 659//1115 662//1115 660//1115
f 661//1116 663//1116 664//1116
f 661//1117 664//1117 662//1117
f 663//1118 665//1118 666//1118
f 663//1119 666//1119 664//1119
f 665//1120 667//1120 668//1120
f 665//1121 668//1121 666//1121
f 667//1122 653//1122 656//1122
f 667//1123 656//1123 668//1123
f 656//1124 655//1124 669//1124
f 656//1125 669//1125 670//1125
f 655//1126 658//1126 671//1126
f 655//1127 671//1127 669//1127
f 658//1128 660//1128 672//1128
f 658//1129 672//1129 671//1129
f 660//1130 662//1130 673//1130
f 660//1131 673//1131 672//1131
f 662//1132 664//1132 674//1132
f 662//1133 674//1133 673//1133
f 664//1134 666//1134 675//1134
f 664//1135 675//1135 674//1135
f 666//1136 668//1136 676//1136
f 666//1137 676//1137 675//1137
f 668//1138 656//1138 670//1138
f 668//1139 670//1139 676//1139
f 670//1140 669//1140 677//1140
f 670//1141 677//1141 678//1141
f 669//1142 671//1142 679//1142
f 669//1143 679//1143 677//1143
f 671//1144 672//1144 680//1144
f 671//1145 680//1145 679//1145
f 672//1146 673//1146 681//1146
f 672//1147 681//1147 680//1147
f 673//1148 674//1148 682//1148
f 673//1149 682//1149 681//1149
f 674//1150 675//1150 683//1150
f 674//1151 683//1151 682//1151
f 675//1152 676//1152 684//1152
f 675//1153 684//1153 683//1153
f 676//1154 670//1154 678//1154
f 676//1155 678//1155 684//1155
f 678//1156 677//1156 685//1156
f 678//1157 685//1157 686//1157
f 677//1158 679//1158 687//1158
f 677//1159 687//1159 685//1159
f 679//1160 680//1160 688//1160
f 679//1161 688//1161 687//1161
f 680//1162 681//1162 689//1162
f 680//1163 689//1163 688//1163
f 681//1164 682//1164 690//1164
f 681//1165 690//1165 689//1165
f 682//1166 683//1166 691//1166
f 682//1167 691//1167 690//1167
f 683//1168 684//1168 692//1168
f 683//1169 692//1169 691//1169
f 684//1170 678//1170 686//1170
f 684//1171 686//1171 692//1171
f 686//1172 685//1172 693//1172
f 686//1173 693//1173 694//1173
f 685//1174 687//1174 695//1174
f 685//1175 695//1175 693//1175
f 687//1176 688//1176 696//1176
f 687//1177 696//1177 695//1177
f 688//1178 689//1178 697//1178
f 688//1179 697//1179 696//1179
f 689//1180 690//1180 698//1180
f 689//1181 698//1181 697//1181
f 690//1182 691//1182 699//1182
f 690//1183 699//1183 698//1183
f 691//1184 692//1184 700//1184
f 691//1185 700//1185 699//1185
f 692//1186 686//1186 694//1186
f 692//1187 694//1187 700//1187
f 694//1188 693//1188 701//1188
f 694//1189 701//1189 702//1189
f 693//1190 695//1190 703//1190
f 693//1191 703//1191 701//1191
f 695//1192 696//1192 704//1192
f 695//1193 704//1193 703//1193
f 696//1194 697//1194 705//1194
f 696//1195 705//1195 704//1195
f 697//1196 698//1196 706//1196
f 697//1197 706//1197 705//1197
f 698//1198 699//1198 707//1198
f 698//1199 707//1199 706//1199
f 699//1200 700//1200 708//1200
f 699//1201 708//1201 707//1201
f 700//1202 694//1202 702//1202
f 700//1203 702//1203 708//1203
f 709//1204 702//1204 701//1204
f 709//1205 701//1205 703//1205
f 709//1206 703//1206 704//1206
f 709//1207 704//1207 705//1207
f 709//1208 705//1208 706//1208
f 709//1209 706//1209 707//1209
f 709//1210 707//1210 708//1210
f 709//1211 708//1211 702//1211
usemtl pigment_ff2364ff
f 702//1212 701//1212 710//1212
f 702//1213 710//1213 711//1213
f 701//1214 703//1214 712//1214
f 701//1215 712//1215 710//1215
f 703//1216 704//1216 713//1216
f 703//1217 713//1217 712//1217
f 704//1218 705//1218 714//1218
f 704//1219 714//1219 713//1219
f 705//1220 706//1220 715//1220
f 705//1221 715//1221 714//1221
f 706//1222 707//1222 716//1222
f 706//1223 716//1223 715//1223
f 707//1224 708//1224 717//1224
f 707//1225 717//1225 716//1225
f 708//1226 702//1226 711//1226
f 708//1227 711//1227 717//1227
f 711//1228 710//1228 718//1228
f 711//1229 718//1229 719//1229
f 710//1230 712//1230 720//1230
f 710//1231 720//1231 718//1231
f 712//1232 713//1232 721//1232
f 712//1233 721//1233 720//1233
f 713//1234 714//1234 722//1234
f 713//1235 722//1235 721//1235
f 714//1236 715//1236 723//1236
f 714//1237 723//1237 722//1237
f 715//1238 716//1238 724//1238
f 715//1239 724//1239 723//1239
f 716//1240 717//1240 725//1240
f 716//1241 725//1241 724//1241
f 717//1242 711//1242 719//1242
f 717//1243 719//1243 725//1243
f 719//1244 718//1244 726//1244
f 718//1245 720//1245 726//1245
f 720//1246 721//1246 726//1246
f 721//1247 722//1247 726//1247
f 722//1248 723//1248 726//1248
f 723//1249 724//1249 726//1249
f 724//1250 725//1250 726//1250
f 725//1251 719//1251 726//1251
usemtl pigment_ff2bb3e5
f 727//1252 728//1252 729//1252
f 727//1253 729//1253 730//1253
f 728//1254 731//1254 732//1254
f 728//1255 732//1255 729//1255
f 731//1256 733//1256 734//1256
f 731//1257 734//1257 732//1257
f 733//1258 735//1258 736//1258
f 733//1259 736//1259 734//1259
f 735//1260 737//1260 738//1260
f 735//1261 738//1261 736//1261
f 737//1262 739//1262 740//1262
f 737//1263 740//1263 738//1263
f 739//1264 741//1264 742//1264
f 739//1265 742//1265 740//1265
f 741//1266 727//1266 730//1266
f 741//1267 730//1267 742//1267
f 730//1268 729//1268 743//1268
f 730//1269 743//1269 744//1269
f 729//1270 732//1270 745//1270
f 729//1271 745//1271 743//1271
f 732//1272 734//1272 746//1272
f 732//1273 746//1273 745//1273
f 734//1274 736//1274 747//1274
f 734//1275 747//1275 746//1275
f 736//1276 738//1276 748//1276
f 736//1277 748//1277 747//1277
f 738//1278 740//1278 749//1278
f 738//1279 749//1279 748//1279
f 740//1280 742//1280 750//1280
f 740//1281 750//1281 749//1281
f 742//1282 730//1282 744//1282
f 742//1283 744//1283 750//1283
f 744//1284 743//1284 751//1284
f 744//1285 751//1285 752//1285
f 743//1286 745//1286 753//1286
f 743//1287 753//1287 751//1287
f 745//1288 746//1288 754//1288
f 745//1289 754//1289 753//1289
f 746//1290 747//1290 755//1290
f 746//1291 755//1291 754//1291
f 747//1292 748//1292 756//1292
f 747//1293 756//1293 755//1293
f 748//1294 749//1294 757//1294
f 748//1295 757//1295 756//1295
f 749//1296 750//1296 758//1296
f 749//1297 758//1297 757//1297
f 750//1298 744//1298 752//1298
f 750//1299 752//1299 758//1299
f 752//1300 751//1300 759//1300
f 752//1301 759//1301 760//1301
f 751//1302 753//1302 761//1302
f 751//1303 761//1303 759//1303
f 753//1304 754//1304 762//1304
f 753//1305 762//1305 761//1305
f 754//1306 755//1306 763//1306
f 754//1307 763//1307 762//1307
f 755//1308 756//1308 764//1308
f 755//1309 764//1309 763//1309
f 756//1310 757//1310 765//1310
f 756//1311 765//1311 764//1311
f 757//1312 758//1312 766//1312
f 757//1313 766//1313 765//1313
f 758//1314 752//1314 760//1314
f 758//1315 760//1315 766//1315
f 760//1316 759//1316 767//1316
f 760//1317 767//1317 768//1317
f 759//1318 761//1318 769//1318
f 759//1319 769//1319 767//1319
f 761//1320 762//1320 770//1320
f 761//1321 770//1321 769//1321
f 762//1322 763//1322 771//1322
f 762//1323 771//1323 770//1323
f 763//1324 764//1324 772//1324
f 763//1325 772//1325 771//1325
f 764//1326 765//1326 773//1326
f 764//1327 773//1327 772//1327
f 765//1328 766//1328 774//1328
f 765//1329 774//1329 773//1329
f 766//1330 760//1330 768//1330
f 766//1331 768//1331 774//1331
f 768//1332 767//1332 775//1332
f 768//1333 775//1333 776//1333
f 767//1334 769//1334 777//1334
f 767//1335 777//1335 775//1335
f 769//1336 770//1336 778//1336
f 769//1337 778//1337 777//1337
f 770//1338 771//1338 779//1338
f 770//1339 779//1339 778//1339
f 771//1340 772//1340 780//1340
f 771//1341 780//1341 779//1341
f 772//1342 773//1342 781//1342
f 772//1343 781//1343 780//1343
f 773//1344 774//1344 782//1344
f 773//1345 782//1345 781//1345
f 774//1346 768//1346 776//1346
f 774//1347 776//1347 782//1347
f 783//1348 776//1348 775//1348
f 783//1349 775//1349 777//1349
f 783//1350 777//1350 778//1350
f 783//1351 778//1351 779//1351
f 783//1352 779//1352 780//1352
f 783//1353 780//1353 781//1353
f 783//1354 781//1354 782//1354
f 783//1355 782//1355 776//1355
usemtl pigment_ff2364ff
f 776//1356 775//1356 784//1356
f 776//1357 784//1357 785//1357
f 775//1358 777//1358 786//1358
f 775//1359 786//1359 784//1359
f 777//1360 778//1360 787//1360
f 777//1361 787//1361 786//1361
f 778//1362 779//1362 788//1362
f 778//1363 788//1363 787//1363
f 779//1364 780//1364 789//1364
f 779//1365 789//1365 788//1365
f 780//1366 781//1366 790//1366
f 780//1367 790//1367 789//1367
f 781//1368 782//1368 791//1368
f 781//1369 791//1369 790//1369
f 782//1370 776//1370 785//1370
f 782//1371 785//1371 791//1371
f 785//1372 784//1372 792//1372
f 785//1373 792//1373 793//1373
f 784//1374 786//1374 794//1374
f 784//1375 794//1375 792//1375
f 786//1376 787//1376 795//1376
f 786//1377 795//1377 794//1377
f 787//1378 788//1378 796//1378
f 787//1379 796//1379 795//1379
f 788//1380 789//1380 797//1380
f 788//1381 797//1381 796//1381
f 789//1382 790//1382 798//1382
f 789//1383 798//1383 797//1383
f 790//1384 791//1384 799//1384
f 790//1385 799//1385 798//1385
f 791//1386 785//1386 793//1386
f 791//1387 793//1387 799//1387
f 793//1388 792//1388 800//1388
f 792//1389 794//1389 800//1389
f 794//1390 795//1390 800//1390
f 795//1391 796//1391 800//1391
f 796//1392 797//1392 800//1392
f 797//1393 798//1393 800//1393
f 798//1394 799//1394 800//1394
f 799//1395 793//1395 800//1395
usemtl pigment_ff2bb3e5
f 801//1396 802//1396 803//1396
f 801//1397 803//1397 804//1397
f 802//1398 805//1398 806//1398
f 802//1399 806//1399 803//1399
f 805//1400 807//1400 808//1400
f 805//1401 808//1401 806//1401
f 807//1402 809//1402 810//1402
f 807//1403 810//1403 808//1403
f 809//1404 811//1404 812//1404
f 809//1405 812//1405 810//1405
f 811//1406 813//1406 814//1406
f 811//1407 814//1407 812//1407
f 813//1408 815//1408 816//1408
f 813//1409 816//1409 814//1409
f 815//1410 801//1410 804//1410
f 815//1411 804//1411 816//1411
f 804//1412 803//1412 817//1412
f 804//1413 817//1413 818//1413
f 803//1414 806//1414 819//1414
f 803//1415 819//1415 817//1415
f 806//1416 808//1416 820//1416
f 806//1417 820//1417 819//1417
f 808//1418 810//1418 821//1418
f 808//1419 821//1419 820//1419
f 810//1420 812//1420 822//1420
f 810//1421 822//1421 821//1421
f 812//1422 814//1422 823//1422
f 812//1423 823//1423 822//1423
f 814//1424 816//1424 824//1424
f 814//1425 824//1425 823//1425
f 816//1426 804//1426 818//1426
f 816//1427 818//1427 824//1427
f 818//1428 817//1428 825//1428
f 818//1429 825//1429 826//1429
f 817//1430 819//1430 827//1430
f 817//1431 827//1431 825//1431
f 819//1432 820//1432 828//1432
f 819//1433 828//1433 827//1433
f 820//1434 821//1434 829//1434
f 820//1435 829//1435 828//1435
f 821//1436 822//1436 830//1436
f 821//1437 830//1437 829//1437
f 822//1438 823//1438 831//1438
f 822//1439 831//1439 830//1439
f 823//1440 824//1440 832//1440
f 823//1441 832//1441 831//1441
f 824//1442 818//1442 826//1442
f 824//1443 826//1443 832//1443
f 826//1444 825//1444 833//1444
f 826//1445 833//1445 834//1445
f 825//1446 827//1446 835//1446
f 825//1447 835//1447 833//1447
f 827//1448 828//1448 836//1448
f 827//1449 836//1449 835//1449
f 828//1450 829//1450 837//1450
f 828//1451 837//1451 836//1451
f 829//1452 830//1452 838//1452
f 829//1453 838//1453 837//1453
f 830//1454 831//1454 839//1454
f 830//1455 839//1455 838//1455
f 831//1456 832//1456 840//1456
f 831//1457 840//1457 839//1457
f 832//1458 826//1458 834//1458
f 832//1459 834//1459 840//1459
f 834//1460 833//1460 841//1460
f 834//1461 841//1461 842//1461
f 833//1462 835//1462 843//1462
f 833//1463 843//1463 841//1463
f 835//1464 836//1464 844//1464
f 835//1465 844//1465 843//1465
f 836//1466 837//1466 845//1466
f 836//1467 845//1467 844//1467
f 837//1468 838//1468 846//1468
f 837//1469 846//1469 845//1469
f 838//1470 839//1470 847//1470
f 838//1471 847//1471 846//1471
f 839//1472 840//1472 848//1472
f 839//1473 848//1473 847//1473
f 840//1474 834//1474 842//1474
f 840//1475 842//1475 848//1475
f 842//1476 841//1476 849//1476
f 842//1477 849//1477 850//1477
f 841//1478 843//1478 851//1478
f 841//1479 851//1479 849//1479
f 843//1480 844//1480 852//1480
f 843//1481 852//1481 851//1481
f 844//1482 845//1482 853//1482
f 844//1483 853//1483 852//1483
f 845//1484 846//1484 854//1484
f 845//1485 854//1485 853//1485
f 846//1486 847//1486 855//1486
f 846//1487 855//1487 854//1487
f 847//1488 848//1488 856//1488
f 847//1489 856//1489 855//1489
f 848//1490 842//1490 850//1490
f 848//1491 850//1491 856//1491
f 857//1492 850//1492 849//1492
f 857//1493 849//1493 851//1493
f 857//1494 851//1494 852//1494
f 857//1495 852//1495 853//1495
f 857//1496 853//1496 854//1496
f 857//1497 854//1497 855//1497
f 857//1498 855//1498 856//1498
f 857//1499 856//1499 850//1499
usemtl pigment_ff2364ff
f 850//1500 849//1500 858//1500
f 850//1501 858//1501 859//1501
f 849//1502 851//1502 860//1502
f 849//1503 860//1503 858//1503
f 851//1504 852//1504 861//1504
f 851//1505 861//1505 860//1505
f 852//1506 853//1506 862//1506
f 852//1507 862//1507 861//1507
f 853//1508 854//1508 863//1508
f 853//1509 863//1509 862//1509
f 854//1510 855//1510 864//1510
f 854//1511 864//1511 863//1511
f 855//1512 856//1512 865//1512
f 855//1513 865//1513 864//1513
f 856//1514 850//1514 859//1514
f 856//1515 859//1515 865//1515
f 859//1516 858//1516 866//1516
f 859//1517 866//1517 867//1517
f 858//1518 860//1518 868//1518
f 858//1519 868//1519 866//1519
f 860//1520 861//1520 869//1520
f 860//1521 869//1521 868//1521
f 861//1522 862//1522 870//1522
f 861//1523 870//1523 869//1523
f 862//1524 863//1524 871//1524
f 862//1525 871//1525 870//1525
f 863//1526 864//1526 872//1526
f 863//1527 872//1527 871//1527
f 864//1528 865//1528 873//1528
f 864//1529 873//1529 872//1529
f 865//1530 859//1530 867//1530
f 865//1531 867//1531 873//1531
f 867//1532 866//1532 874//1532
f 866//1533 868//1533 874//1533
f 868//1534 869//1534 874//1534
f 869//1535 870//1535 874//1535
f 870//1536 871//1536 874//1536
f 871//1537 872//1537 874//1537
f 872//1538 873//1538 874//1538
f 873//1539 867//1539 874//1539
usemtl pigment_ff2bb3e5
f 875//1540 876//1540 877//1540
f 875//1541 877//1541 878//1541
f 876//1542 879//1542 880//1542
f 876//1543 880//1543 877//1543
f 879//1544 881//1544 882//1544
f 879//1545 882//1545 880//1545
f 881//1546 883//1546 884//1546
f 881//1547 884//1547 882//1547
f 883//1548 885//1548 886//1548
f 883//1549 886//1549 884//1549
f 885//1550 887//1550 888//1550
f 885//1551 888//1551 886//1551
f 887//1552 889//1552 890//1552
f 887//1553 890//1553 888//1553
f 889//1554 875//1554 878//1554
f 889//1555 878//1555 890//1555
f 878//1556 877//1556 891//1556
f 878//1557 891//1557 892//1557
f 877//1558 880//1558 893//1558
f 877//1559 893//1559 891//1559
f 880//1560 882//1560 894//1560
f 880//1561 894//1561 893//1561
f 882//1562 884//1562 895//1562
f 882//1563 895//1563 894//1563
f 884//1564 886//1564 896//1564
f 884//1565 896//1565 895//1565
f 886//1566 888//1566 897//1566
f 886//1567 897//1567 896//1567
f 888//1568 890//1568 898//1568
f 888//1569 898//1569 897//1569
f 890//1570 878//1570 892//1570
f 890//1571 892//1571 898//1571
f 892//1572 891//1572 899//1572
f 892//1573 899//1573 900//1573
f 891//1574 893//1574 901//1574
f 891//1575 901//1575 899//1575
f 893//1576 894//1576 902//1576
f 893//1577 902//1577 901//1577
f 894//1578 895//1578 903//1578
f 894//1579 903//1579 902//1579
f 895//1580 896//1580 904//1580
f 895//1581 904//1581 903//1581
f 896//1582 897//1582 905//1582
f 896//1583 905//1583 904//1583
f 897//1584 898//1584 906//1584
f 897//1585 906//1585 905//1585
f 898//1586 892//1586 900//1586
f 898//1587 900//1587 906//1587
f 900//1588 899//1588 907//1588
f 900//1589 907//1589 908//1589
f 899//1590 901//1590 909//1590
f 899//1591 909//1591 907//1591
f 901//1592 902//1592 910//1592
f 901//1593 910//1593 909//1593
f 902//1594 903//1594 911//1594
f 902//1595 911//1595 910//1595
f 903//1596 904//1596 912//1596
f 903//1597 912//1597 911//1597
f 904//1598 905//1598 913//1598
f 904//1599 913//1599 912//1599
f 905//1600 906//1600 914//1600
f 905//1601 914//1601 913//1601
f 906//1602 900//1602 908//1602
f 906//1603 908//1603 914//1603
f 908//1604 907//1604 915//1604
f 908//1605 915//1605 916//1605
f 907//1606 909//1606 917//1606
f 907//1607 917//1607 915//1607
f 909//1608 910//1608 918//1608
f 909//1609 918//1609 917//1609
f 910//1610 911//1610 919//1610
f 910//1611 919//1611 918//1611
f 911//1612 912//1612 920//1612
f 911//1613 920//1613 919//1613
f 912//1614 913//1614 921//1614
f 912//1615 921//1615 920//1615
f 913//1616 914//1616 922//1616
f 913//1617 922//1617 921//1617
f 914//1618 908//1618 916//1618
f 914//1619 916//1619 922//1619
f 916//1620 915//1620 923//1620
f 916//1621 923//1621 924//1621
f 915//1622 917//1622 925//1622
f 915//1623 925//1623 923//1623
f 917//1624 918//1624 926//1624
f 917//1625 926//1625 925//1625
f 918//1626 919//1626 927//1626
f 918//1627 927//1627 926//1627
f 919//1628 920//1628 928//1628
f 919//1629 928//1629 927//1629
f 920//1630 921//1630 929//1630
f 920//1631 929//1631 928//1631
f 921//1632 922//1632 930//1632
f 921//1633 930//1633 929//1633
f 922//1634 916//1634 924//1634
f 922//1635 924//1635 930//1635
f 931//1636 924//1636 923//1636
f 931//1637 923//1637 925//1637
f 931//1638 925//1638 926//1638
f 931//1639 926//1639 927//1639
f 931//1640 927//1640 928//1640
f 931//1641 928//1641 929//1641
f 931//1642 929//1642 930//1642
f 931//1643 930//1643 924//1643
usemtl pigment_ff2364ff
f 924//1644 923//1644 932//1644
f 924//1645 932//1645 933//1645
f 923//1646 925//1646 934//1646
f 923//1647 934//1647 932//1647
f 925//1648 926//1648 935//1648
f 925//1649 935//1649 934//1649
f 926//1650 927//1650 936//1650
f 926//1651 936//1651 935//1651
f 927//1652 928//1652 937//1652
f 927//1653 937//1653 936//1653
f 928//1654 929//1654 938//1654
f 928//1655 938//1655 937//1655
f 929//1656 930//1656 939//1656
f 929//1657 939//1657 938//1657
f 930//1658 924//1658 933//1658
f 930//1659 933//1659 939//1659
f 933//1660 932//1660 940//1660
f 933//1661 940//1661 941//1661
f 932//1662 934//1662 942//1662
f 932//1663 942//1663 940//1663
f 934//1664 935//1664 943//1664
f 934//1665 943//1665 942//1665
f 935//1666 936//1666 944//1666
f 935//1667 944//1667 943//1667
f 936//1668 937//1668 945//1668
f 936//1669 945//1669 944//1669
f 937//1670 938//1670 946//1670
f 937//1671 946//1671 945//1671
f 938//1672 939//1672 947//1672
f 938//1673 947//1673 946//1673
f 939//1674 933//1674 941//1674
f 939//1675 941//1675 947//1675
f 941//1676 940//1676 948//1676
f 940//1677 942//1677 948//1677
f 942//1678 943//1678 948//1678
f 943//1679 944//1679 948//1679
f 944//1680 945//1680 948//1680
f 945//1681 946//1681 948//1681
f 946//1682 947//1682 948//1682
f 947//1683 941//1683 948//1683
usemtl pigment_ff2bb3e5
f 949//1684 950//1684 951//1684
f 949//1685 951//1685 952//1685
f 950//1686 953//1686 954//1686
f 950//1687 954//1687 951//1687
f 953//1688 955//1688 956//1688
f 953//1689 956//1689 954//1689
f 955//1690 957//1690 958//1690
f 955//1691 958//1691 956//1691
f 957//1692 959//1692 960//1692
f 957//1693 960//1693 958//1693
f 959//1694 961//1694 962//1694
f 959//1695 962//1695 960//1695
f 961//1696 963//1696 964//1696
f 961//1697 964//1697 962//1697
f 963//1698 949//1698 952//1698
f 963//1699 952//1699 964//1699
f 952//1700 951//1700 965//1700
f 952//1701 965//1701 966//1701
f 951//1702 954//1702 967//1702
f 951//1703 967//1703 965//1703
f 954//1704 956//1704 968//1704
f 954//1705 968//1705 967//1705
f 956//1706 958//1706 969//1706
f 956//1707 969//1707 968//1707
f 958//1708 960//1708 970//1708
f 958//1709 970//1709 969//1709
f 960//1710 962//1710 971//1710
f 960//1711 971//1711 970//1711
f 962//1712 964//1712 972//1712
f 962//1713 972//1713 971//1713
f 964//1714 952//1714 966//1714
f 964//1715 966//1715 972//1715
f 966//1716 965//1716 973//1716
f 966//1717 973//1717 974//1717
f 965//1718 967//1718 975//1718
f 965//1719 975//1719 973//1719
f 967//1720 968//1720 976//1720
f 967//1721 976//1721 975//1721
f 968//1722 969//1722 977//1722
f 968//1723 977//1723 976//1723
f 969//1724 970//1724 978//1724
f 969//1725 978//1725 977//1725
f 970//1726 971//1726 979//1726
f 970//1727 979//1727 978//1727
f 971//1728 972//1728 980//1728
f 971//1729 980//1729 979//1729
f 972//1730 966//1730 974//1730
f 972//1731 974//1731 980//1731
f 974//1732 973//1732 981//1732
f 974//1733 981//1733 982//1733
f 973//1734 975//1734 983//1734
f 973//1735 983//1735 981//1735
f 975//1736 976//1736 984//1736
f 975//1737 984//1737 983//1737
f 976//1738 977//1738 985//1738
f 976//1739 985//1739 984//1739
f 977//1740 978//1740 986//1740
f 977//1741 986//1741 985//1741
f 978//1742 979//1742 987//1742
f 978//1743 987//1743 986//1743
f 979//1744 980//1744 988//1744
f 979//1745 988//1745 987//1745
f 980//1746 974//1746 982//1746
f 980//1747 982//1747 988//1747
f 982//1748 981//1748 989//1748
f 982//1749 989//1749 990//1749
f 981//1750 983//1750 991//1750
f 981//1751 991//1751 989//1751
f 983//1752 984//1752 992//1752
f 983//1753 992//1753 991//1753
f 984//1754 985//1754 993//1754
f 984//1755 993//1755 992//1755
f 985//1756 986//1756 994//1756
f 985//1757 994//1757 993//1757
f 986//1758 987//1758 995//1758
f 986//1759 995//1759 994//1759
f 987//1760 988//1760 996//1760
f 987//1761 996//1761 995//1761
f 988//1762 982//1762 990//1762
f 988//1763 990//1763 996//1763
f 990//1764 989//1764 997//1764
f 990//1765 997//1765 998//1765
f 989//1766 991//1766 999//1766
f 989//1767 999//1767 997//1767
f 991//1768 992//1768 1000//1768
f 991//1769 1000//1769 999//1769
f 992//1770 993//1770 1001//1770
f 992//1771 1001//1771 1000//1771
f 993//1772 994//1772 1002//1772
f 993//1773 1002//1773 1001//1773
f 994//1774 995//1774 1003//1774
f 994//1775 1003//1775 1002//1775
f 995//1776 996//1776 1004//1776
f 995//1777 1004//1777 1003//1777
f 996//1778 990//1778 998//1778
f 996//1779 998//1779 1004//1779
f 1005//1780 998//1780 997//1780
f 1005//1781 997//1781 999//1781
f 1005//1782 999//1782 1000//1782
f 1005//1783 1000//1783 1001//1783
f 1005//1784 1001//1784 1002//1784
f 1005//1785 1002//1785 1003//1785
f 1005//1786 1003//1786 1004//1786
f 1005//1787 1004//1787 998//1787
usemtl pigment_ff2364ff
f 998//1788 997//1788 1006//1788
f 998//1789 1006//1789 1007//1789
f 997//1790 999//1790 1008//1790
f 997//1791 1008//1791 1006//1791
f 999//1792 1000//1792 1009//1792
f 999//1793 1009//1793 1008//1793
f 1000//1794 1001//1794 1010//1794
f 1000//1795 1010//1795 1009//1795
f 1001//1796 1002//1796 1011//1796
f 1001//1797 1011//1797 1010//1797
f 1002//1798 1003//1798 1012//1798
f 1002//1799 1012//1799 1011//1799
f 1003//1800 1004//1800 1013//1800
f 1003//1801 1013//1801 1012//1801
f 1004//1802 998//1802 1007//1802
f 1004//1803 1007//1803 1013//1803
f 1007//1804 1006//1804 1014//1804
f 1007//1805 1014//1805 1015//1805
f 1006//1806 1008//1806 1016//1806
f 1006//1807 1016//1807 1014//1807
f 1008//1808 1009//1808 1017//1808
f 1008//1809 1017//1809 1016//1809
f 1009//1810 1010//1810 1018//1810
f 1009//1811 1018//1811 1017//1811
f 1010//1812 1011//1812 1019//1812
f 1010//1813 1019//1813 1018//1813
f 1011//1814 1012//1814 1020//1814
f 1011//1815 1020//1815 1019//1815
f 1012//1816 1013//1816 1021//1816
f 1012//1817 1021//1817 1020//1817
f 1013//1818 1007//1818 1015//1818
f 1013//1819 1015//1819 1021//1819
f 1015//1820 1014//1820 1022//1820
f 1014//1821 1016//1821 1022//1821
f 1016//1822 1017//1822 1022//1822
f 1017//1823 1018//1823 1022//1823
f 1018//1824 1019//1824 1022//1824
f 1019//1825 1020//1825 1022//1825
f 1020//1826 1021//1826 1022//1826
f 1021//1827 1015//1827 1022//1827
usemtl pigment_ff2bb3e5
f 1023//1828 1024//1828 1025//1828
f 1023//1829 1025//1829 1026//1829
f 1024//1830 1027//1830 1028//1830
f 1024//1831 1028//1831 1025//1831
f 1027//1832 1029//1832 1030//1832
f 1027//1833 1030//1833 1028//1833
f 1029//1834 1031//1834 1032//1834
f 1029//1835 1032//1835 1030//1835
f 1031//1836 1033//1836 1034//1836
f 1031//1837 1034//1837 1032//1837
f 1033//1838 1035//1838 1036//1838
f 1033//1839 1036//1839 1034//1839
f 1035//1840 1037//1840 1038//1840
f 1035//1841 1038//1841 1036//1841
f 1037//1842 1023//1842 1026//1842
f 1037//1843 1026//1843 1038//1843
f 1026//1844 1025//1844 1039//1844
f 1026//1845 1039//1845 1040//1845
f 1025//1846 1028//1846 1041//1846
f 1025//1847 1041//1847 1039//1847
f 1028//1848 1030//1848 1042//1848
f 1028//1849 1042//1849 1041//1849
f 1030//1850 1032//1850 1043//1850
f 1030//1851 1043//1851 1042//1851
f 1032//1852 1034//1852 1044//1852
f 1032//1853 1044//1853 1043//1853
f 1034//1854 1036//1854 1045//1854
f 1034//1855 1045//1855 1044//1855
f 1036//1856 1038//1856 1046//1856
f 1036//1857 1046//1857 1045//1857
f 1038//1858 1026//1858 1040//1858
f 1038//1859 1040//1859 1046//1859
f 1040//1860 1039//1860 1047//1860
f 1040//1861 1047//1861 1048//1861
f 1039//1862 1041//1862 1049//1862
f 1039//1863 1049//1863 1047//1863
f 1041//1864 1042//1864 1050//1864
f 1041//1865 1050//1865 1049//1865
f 1042//1866 1043//1866 1051//1866
f 1042//1867 1051//1867 1050//1867
f 1043//1868 1044//1868 1052//1868
f 1043//1869 1052//1869 1051//1869
f 1044//1870 1045//1870 1053//1870
f 1044//1871 1053//1871 1052//1871
f 1045//1872 1046//1872 1054//1872
f 1045//1873 1054//1873 1053//1873
f 1046//1874 1040//1874 1048//1874
f 1046//1875 1048//1875 1054//1875
f 1048//1876 1047//1876 1055//1876
f 1048//1877 1055//1877 1056//1877
f 1047//1878 1049//1878 1057//1878
f 1047//1879 1057//1879 1055//1879
f 1049//1880 1050//1880 1058//1880
f 1049//1881 1058//1881 1057//1881
f 1050//1882 1051//1882 1059//1882
f 1050//1883 1059//1883 1058//1883
f 1051//1884 1052//1884 1060//1884
f 1051//1885 1060//1885 1059//1885
f 1052//1886 1053//1886 1061//1886
f 1052//1887 1061//1887 1060//1887
f 1053//1888 1054//1888 1062//1888
f 1053//1889 1062//1889 1061//1889
f 1054//1890 1048//1890 1056//1890
f 1054//1891 1056//1891 1062//1891
f 1056//1892 1055//1892 1063//1892
f 1056//1893 1063//1893 1064//1893
f 1055//1894 1057//1894 1065//1894
f 1055//1895 1065//1895 1063//1895
f 1057//1896 1058//1896 1066//1896
f 1057//1897 1066//1897 1065//1897
f 1058//1898 1059//1898 1067//1898
f 1058//1899 1067//1899 1066//1899
f 1059//1900 1060//1900 1068//1900
f 1059//1901 1068//1901 1067//1901
f 1060//1902 1061//1902 1069//1902
f 1060//1903 1069//1903 1068//1903
f 1061//1904 1062//1904 1070//1904
f 1061//1905 1070//1905 1069//1905
f 1062//1906 1056//1906 1064//1906
f 1062//1907 1064//1907 1070//1907
f 1064//1908 1063//1908 1071//1908
f 1064//1909 1071//1909 1072//1909
f 1063//1910 1065//1910 1073//1910
f 1063//1911 1073//1911 1071//1911
f 1065//1912 1066//1912 1074//1912
f 1065//1913 1074//1913 1073//1913
f 1066//1914 1067//1914 1075//1914
f 1066//1915 1075//1915 1074//1915
f 1067//1916 1068//1916 1076//1916
f 1067//1917 1076//1917 1075//1917
f 1068//1918 1069//1918 1077//1918
f 1068//1919 1077//1919 1076//1919
f 1069//1920 1070//1920 1078//1920
f 1069//1921 1078//1921 1077//1921
f 1070//1922 1064//1922 1072//1922
f 1070//1923 1072//1923 1078//1923
f 1079//1924 1072//1924 1071//1924
f 1079//1925 1071//1925 1073//1925
f 1079//1926 1073//1926 1074//1926
f 1079//1927 1074//1927 1075//1927
f 1079//1928 1075//1928 1076//1928
f 1079//1929 1076//1929 1077//1929
f 1079//1930 1077//1930 1078//1930
f 1079//1931 1078//1931 1072//1931
usemtl pigment_ff2364ff
f 1072//1932 1071//1932 1080//1932
f 1072//1933 1080//1933 1081//1933
f 1071//1934 1073//1934 1082//1934
f 1071//1935 1082//1935 1080//1935
f 1073//1936 1074//1936 1083//1936
f 1073//1937 1083//1937 1082//1937
f 1074//1938 1075//1938 1084//1938
f 1074//1939 1084//1939 1083//1939
f 1075//1940 1076//1940 1085//1940
f 1075//1941 1085//1941 1084//1941
f 1076//1942 1077//1942 1086//1942
f 1076//1943 1086//1943 1085//1943
f 1077//1944 1078//1944 1087//1944
f 1077//1945 1087//1945 1086//1945
f 1078//1946 1072//1946 1081//1946
f 1078//1947 1081//1947 1087//1947
f 1081//1948 1080//1948 1088//1948
f 1081//1949 1088//1949 1089//1949
f 1080//1950 1082//1950 1090//1950
f 1080//1951 1090//1951 1088//1951
f 1082//1952 1083//1952 1091//1952
f 1082//1953 1091//1953 1090//1953
f 1083//1954 1084//1954 1092//1954
f 1083//1955 1092//1955 1091//1955
f 1084//1956 1085//1956 1093//1956
f 1084//1957 1093//1957 1092//1957
f 1085//1958 1086//1958 1094//1958
f 1085//1959 1094//1959 1093//1959
f 1086//1960 1087//1960 1095//1960
f 1086//1961 1095//1961 1094//1961
f 1087//1962 1081//1962 1089//1962
f 1087//1963 1089//1963 1095//1963
f 1089//1964 1088//1964 1096//1964
f 1088//1965 1090//1965 1096//1965
f 1090//1966 1091//1966 1096//1966
f 1091//1967 1092//1967 1096//1967
f 1092//1968 1093//1968 1096//1968
f 1093//1969 1094//1969 1096//1969
f 1094//1970 1095//1970 1096//1970
f 1095//1971 1089//1971 1096//1971
f 1097//1972 1098//1972 1099//1972
f 1097//1973 1099//1973 1100//1973
f 1098//1974 1101//1974 1102//1974
f 1098//1975 1102//1975 1099//1975
f 1101//1976 1103//1976 1104//1976
f 1101//1977 1104//1977 1102//1977
f 1103//1978 1105//1978 1106//1978
f 1103//1979 1106//1979 1104//1979
f 1105//1980 1107//1980 1108//1980
f 1105//1981 1108//1981 1106//1981
f 1107//1982 1109//1982 1110//1982
f 1107//1983 1110//1983 1108//1983
f 1109//1984 1111//1984 1112//1984
f 1109//1985 1112//1985 1110//1985
f 1111//1986 1097//1986 1100//1986
f 1111//1987 1100//1987 1112//1987
f 1100//1988 1099//1988 1113//1988
f 1100//1989 1113//1989 1114//1989
f 1099//1990 1102//1990 1115//1990
f 1099//1991 1115//1991 1113//1991
f 1102//1992 1104//1992 1116//1992
f 1102//1993 1116//1993 1115//1993
f 1104//1994 1106//1994 1117//1994
f 1104//1995 1117//1995 1116//1995
f 1106//1996 1108//1996 1118//1996
f 1106//1997 1118//1997 1117//1997
f 1108//1998 1110//1998 1119//1998
f 1108//1999 1119//1999 1118//1999
f 1110//2000 1112//2000 1120//2000
f 1110//2001 1120//2001 1119//2001
f 1112//2002 1100//2002 1114//2002
f 1112//2003 1114//2003 1120//2003
f 1114//2004 1113//2004 1121//2004
f 1114//2005 1121//2005 1122//2005
f 1113//2006 1115//2006 1123//2006
f 1113//2007 1123//2007 1121//2007
f 1115//2008 1116//2008 1124//2008
f 1115//2009 1124//2009 1123//2009
f 1116//2010 1117//2010 1125//2010
f 1116//2011 1125//2011 1124//2011
f 1117//2012 1118//2012 1126//2012
f 1117//2013 1126//2013 1125//2013
f 1118//2014 1119//2014 1127//2014
f 1118//2015 1127//2015 1126//2015
f 1119//2016 1120//2016 1128//2016
f 1119//2017 1128//2017 1127//2017
f 1120//2018 1114//2018 1122//2018
f 1120//2019 1122//2019 1128//2019
f 1122//2020 1121//2020 1129//2020
f 1122//2021 1129//2021 1130//2021
f 1121//2022 1123//2022 1131//2022
f 1121//2023 1131//2023 1129//2023
f 1123//2024 1124//2024 1132//2024
f 1123//2025 1132//2025 1131//2025
f 1124//2026 1125//2026 1133//2026
f 1124//2027 1133//2027 1132//2027
f 1125//2028 1126//2028 1134//2028
f 1125//2029 1134//2029 1133//2029
f 1126//2030 1127//2030 1135//2030
f 1126//2031 1135//2031 1134//2031
f 1127//2032 1128//2032 1136//2032
f 1127//2033 1136//2033 1135//2033
f 1128//2034 1122//2034 1130//2034
f 1128//2035 1130//2035 1136//2035
f 1130//2036 1129//2036 1137//2036
f 1130//2037 1137//2037 1138//2037
f 1129//2038 1131//2038 1139//2038
f 1129//2039 1139//2039 1137//2039
f 1131//2040 1132//2040 1140//2040
f 1131//2041 1140//2041 1139//2041
f 1132//2042 1133//2042 1141//2042
f 1132//2043 1141//2043 1140//2043
f 1133//2044 1134//2044 1142//2044
f 1133//2045 1142//2045 1141//2045
f 1134//2046 1135//2046 1143//2046
f 1134//2047 1143//2047 1142//2047
f 1135//2048 1136//2048 1144//2048
f 1135//2049 1144//2049 1143//2049
f 1136//2050 1130//2050 1138//2050
f 1136//2051 1138//2051 1144//2051
f 1138//2052 1137//2052 1145//2052
f 1138//2053 1145//2053 1146//2053
f 1137//2054 1139//2054 1147//2054
f 1137//2055 1147//2055 1145//2055
f 1139//2056 1140//2056 1148//2056
f 1139//2057 1148//2057 1147//2057
f 1140//2058 1141//2058 1149//2058
f 1140//2059 1149//2059 1148//2059
f 1141//2060 1142//2060 1150//2060
f 1141//2061 1150//2061 1149//2061
f 1142//2062 1143//2062 1151//2062
f 1142//2063 1151//2063 1150//2063
f 1143//2064 1144//2064 1152//2064
f 1143//2065 1152//2065 1151//2065
f 1144//2066 1138//2066 1146//2066
f 1144//2067 1146//2067 1152//2067
f 1146//2068 1145//2068 1153//2068
f 1146//2069 1153//2069 1154//2069
f 1145//2070 1147//2070 1155//2070
f 1145//2071 1155//2071 1153//2071
f 1147//2072 1148//2072 1156//2072
f 1147//2073 1156//2073 1155//2073
f 1148//2074 1149//2074 1157//2074
f 1148//2075 1157//2075 1156//2075
f 1149//2076 1150//2076 1158//2076
f 1149//2077 1158//2077 1157//2077
f 1150//2078 1151//2078 1159//2078
f 1150//2079 1159//2079 1158//2079
f 1151//2080 1152//2080 1160//2080
f 1151//2081 1160//2081 1159//2081
f 1152//2082 1146//2082 1154//2082
f 1152//2083 1154//2083 1160//2083
f 1161//2084 1154//2084 1153//2084
f 1161//2085 1153//2085 1155//2085
f 1161//2086 1155//2086 1156//2086
f 1161//2087 1156//2087 1157//2087
f 1161//2088 1157//2088 1158//2088
f 1161//2089 1158//2089 1159//2089
f 1161//2090 1159//2090 1160//2090
f 1161//2091 1160//2091 1154//2091
usemtl pigment_ff10008a
f 1154//2092 1153//2092 1162//2092
f 1154//2093 1162//2093 1163//2093
f 1153//2094 1155//2094 1164//2094
f 1153//2095 1164//2095 1162//2095
f 1155//2096 1156//2096 1165//2096
f 1155//2097 1165//2097 1164//2097
f 1156//2098 1157//2098 1166//2098
f 1156//2099 1166//2099 1165//2099
f 1157//2100 1158//2100 1167//2100
f 1157//2101 1167//2101 1166//2101
f 1158//2102 1159//2102 1168//2102
f 1158//2103 1168//2103 1167//2103
f 1159//2104 1160//2104 1169//2104
f 1159//2105 1169//2105 1168//2105
f 1160//2106 1154//2106 1163//2106
f 1160//2107 1163//2107 1169//2107
f 1163//2108 1162//2108 1170//2108
f 1162//2109 1164//2109 1170//2109
f 1164//2110 1165//2110 1170//2110
f 1165//2111 1166//2111 1170//2111
f 1166//2112 1167//2112 1170//2112
f 1167//2113 1168//2113 1170//2113
f 1168//2114 1169//2114 1170//2114
f 1169//2115 1163//2115 1170//2115
usemtl pigment_ff2bb3e5
f 1171//2116 1172//2116 1173//2116
f 1171//2117 1173//2117 1174//2117
f 1172//2118 1175//2118 1176//2118
f 1172//2119 1176//2119 1173//2119
f 1175//2120 1177//2120 1178//2120
f 1175//2121 1178//2121 1176//2121
f 1177//2122 1179//2122 1180//2122
f 1177//2123 1180//2123 1178//2123
f 1179//2124 1181//2124 1182//2124
f 1179//2125 1182//2125 1180//2125
f 1181//2126 1183//2126 1184//2126
f 1181//2127 1184//2127 1182//2127
f 1183//2128 1185//2128 1186//2128
f 1183//2129 1186//2129 1184//2129
f 1185//2130 1171//2130 1174//2130
f 1185//2131 1174//2131 1186//2131
f 1174//2132 1173//2132 1187//2132
f 1174//2133 1187//2133 1188//2133
f 1173//2134 1176//2134 1189//2134
f 1173//2135 1189//2135 1187//2135
f 1176//2136 1178//2136 1190//2136
f 1176//2137 1190//2137 1189//2137
f 1178//2138 1180//2138 1191//2138
f 1178//2139 1191//2139 1190//2139
f 1180//2140 1182//2140 1192//2140
f 1180//2141 1192//2141 1191//2141
f 1182//2142 1184//2142 1193//2142
f 1182//2143 1193//2143 1192//2143
f 1184//2144 1186//2144 1194//2144
f 1184//2145 1194//2145 1193//2145
f 1186//2146 1174//2146 1188//2146
f 1186//2147 1188//2147 1194//2147
f 1188//2148 1187//2148 1195//2148
f 1188//2149 1195//2149 1196//2149
f 1187//2150 1189//2150 1197//2150
f 1187//2151 1197//2151 1195//2151
f 1189//2152 1190//2152 1198//2152
f 1189//2153 1198//2153 1197//2153
f 1190//2154 1191//2154 1199//2154
f 1190//2155 1199//2155 1198//2155
f 1191//2156 1192//2156 1200//2156
f 1191//2157 1200//2157 1199//2157
f 1192//2158 1193//2158 1201//2158
f 1192//2159 1201//2159 1200//2159
f 1193//2160 1194//2160 1202//2160
f 1193//2161 1202//2161 1201//2161
f 1194//2162 1188//2162 1196//2162
f 1194//2163 1196//2163 1202//2163
f 1196//2164 1195//2164 1203//2164
f 1196//2165 1203//2165 1204//2165
f 1195//2166 1197//2166 1205//2166
f 1195//2167 1205//2167 1203//2167
f 1197//2168 1198//2168 1206//2168
f 1197//2169 1206//2169 1205//2169
f 1198//2170 1199//2170 1207//2170
f 1198//2171 1207//2171 1206//2171
f 1199//2172 1200//2172 1208//2172
f 1199//2173 1208//2173 1207//2173
f 1200//2174 1201//2174 1209//2174
f 1200//2175 1209//2175 1208//2175
f 1201//2176 1202//2176 1210//2176
f 1201//2177 1210//2177 1209//2177
f 1202//2178 1196//2178 1204//2178
f 1202//2179 1204//2179 1210//2179
f 1204//2180 1203//2180 1211//2180
f 1204//2181 1211//2181 1212//2181
f 1203//2182 1205//2182 1213//2182
f 1203//2183 1213//2183 1211//2183
f 1205//2184 1206//2184 1214//2184
f 1205//2185 1214//2185 1213//2185
f 1206//2186 1207//2186 1215//2186
f 1206//2187 1215//2187 1214//2187
f 1207//2188 1208//2188 1216//2188
f 1207//2189 1216//2189 1215//2189
f 1208//2190 1209//2190 1217//2190
f 1208//2191 1217//2191 1216//2191
f 1209//2192 1210//2192 1218//2192
f 1209//2193 1218//2193 1217//2193
f 1210//2194 1204//2194 1212//2194
f 1210//2195 1212//2195 1218//2195
f 1212//2196 1211//2196 1219//2196
f 1212//2197 1219//2197 1220//2197
f 1211//2198 1213//2198 1221//2198
f 1211//2199 1221//2199 1219//2199
f 1213//2200 1214//2200 1222//2200
f 1213//2201 1222//2201 1221//2201
f 1214//2202 1215//2202 1223//2202
f 1214//2203 1223//2203 1222//2203
f 1215//2204 1216//2204 1224//2204
f 1215//2205 1224//2205 1223//2205
f 1216//2206 1217//2206 1225//2206
f 1216//2207 1225//2207 1224//2207
f 1217//2208 1218//2208 1226//2208
f 1217//2209 1226//2209 1225//2209
f 1218//2210 1212//2210 1220//2210
f 1218//2211 1220//2211 1226//2211
f 1227//2212 1220//2212 1219//2212
f 1227//2213 1219//2213 1221//2213
f 1227//2214 1221//2214 1222//2214
f 1227//2215 1222//2215 1223//2215
f 1227//2216 1223//2216 1224//2216
f 1227//2217 1224//2217 1225//2217
f 1227//2218 1225//2218 1226//2218
f 1227//2219 1226//2219 1220//2219
usemtl pigment_ff2364ff
f 1220//2220 1219//2220 1228//2220
f 1220//2221 1228//2221 1229//2221
f 1219//2222 1221//2222 1230//2222
f 1219//2223 1230//2223 1228//2223
f 1221//2224 1222//2224 1231//2224
f 1221//2225 1231//2225 1230//2225
f 1222//2226 1223//2226 1232//2226
f 1222//2227 1232//2227 1231//2227
f 1223//2228 1224//2228 1233//2228
f 1223//2229 1233//2229 1232//2229
f 1224//2230 1225//2230 1234//2230
f 1224//2231 1234//2231 1233//2231
f 1225//2232 1226//2232 1235//2232
f 1225//2233 1235//2233 1234//2233
f 1226//2234 1220//2234 1229//2234
f 1226//2235 1229//2235 1235//2235
f 1229//2236 1228//2236 1236//2236
f 1229//2237 1236//2237 1237//2237
f 1228//2238 1230//2238 1238//2238
f 1228//2239 1238//2239 1236//2239
f 1230//2240 1231//2240 1239//2240
f 1230//2241 1239//2241 1238//2241
f 1231//2242 1232//2242 1240//2242
f 1231//2243 1240//2243 1239//2243
f 1232//2244 1233//2244 1241//2244
f 1232//2245 1241//2245 1240//2245
f 1233//2246 1234//2246 1242//2246
f 1233//2247 1242//2247 1241//2247
f 1234//2248 1235//2248 1243//2248
f 1234//2249 1243//2249 1242//2249
f 1235//2250 1229//2250 1237//2250
f 1235//2251 1237//2251 1243//2251
f 1237//2252 1236//2252 1244//2252
f 1236//2253 1238//2253 1244//2253
f 1238//2254 1239//2254 1244//2254
f 1239//2255 1240//2255 1244//2255
f 1240//2256 1241//2256 1244//2256
f 1241//2257 1242//2257 1244//2257
f 1242//2258 1243//2258 1244//2258
f 1243//2259 1237//2259 1244//2259
f 1245//2260 1246//2260 1247//2260
f 1245//2261 1247//2261 1248//2261
f 1246//2262 1249//2262 1250//2262
f 1246//2263 1250//2263 1247//2263
f 1249//2264 1251//2264 1252//2264
f 1249//2265 1252//2265 1250//2265
f 1251//2266 1253//2266 1254//2266
f 1251//2267 1254//2267 1252//2267
f 1253//2268 1255//2268 1256//2268
f 1253//2269 1256//2269 1254//2269
f 1255//2270 1257//2270 1258//2270
f 1255//2271 1258//2271 1256//2271
f 1257//2272 1259//2272 1260//2272
f 1257//2273 1260//2273 1258//2273
f 1259//2274 1245//2274 1248//2274
f 1259//2275 1248//2275 1260//2275
f 1248//2276 1247//2276 1261//2276
f 1248//2277 1261//2277 1262//2277
f 1247//2278 1250//2278 1263//2278
f 1247//2279 1263//2279 1261//2279
f 1250//2280 1252//2280 1264//2280
f 1250//2281 1264//2281 1263//2281
f 1252//2282 1254//2282 1265//2282
f 1252//2283 1265//2283 1264//2283
f 1254//2284 1256//2284 1266//2284
f 1254//2285 1266//2285 1265//2285
f 1256//2286 1258//2286 1267//2286
f 1256//2287 1267//2287 1266//2287
f 1258//2288 1260//2288 1268//2288
f 1258//2289 1268//2289 1267//2289
f 1260//2290 1248//2290 1262//2290
f 1260//2291 1262//2291 1268//2291
f 1262//2292 1261//2292 1269//2292
f 1262//2293 1269//2293 1270//2293
f 1261//2294 1263//2294 1271//2294
f 1261//2295 1271//2295 1269//2295
f 1263//2296 1264//2296 1272//2296
f 1263//2297 1272//2297 1271//2297
f 1264//2298 1265//2298 1273//2298
f 1264//2299 1273//2299 1272//2299
f 1265//2300 1266//2300 1274//2300
f 1265//2301 1274//2301 1273//2301
f 1266//2302 1267//2302 1275//2302
f 1266//2303 1275//2303 1274//2303
f 1267//2304 1268//2304 1276//2304
f 1267//2305 1276//2305 1275//2305
f 1268//2306 1262//2306 1270//2306
f 1268//2307 1270//2307 1276//2307
f 1270//2308 1269//2308 1277//2308
f 1270//2309 1277//2309 1278//2309
f 1269//2310 1271//2310 1279//2310
f 1269//2311 1279//2311 1277//2311
f 1271//2312 1272//2312 1280//2312
f 1271//2313 1280//2313 1279//2313
f 1272//2314 1273//2314 1281//2314
f 1272//2315 1281//2315 1280//2315
f 1273//2316 1274//2316 1282//2316
f 1273//2317 1282//2317 1281//2317
f 1274//2318 1275//2318 1283//2318
f 1274//2319 1283//2319 1282//2319
f 1275//2320 1276//2320 1284//2320
f 1275//2321 1284//2321 1283//2321
f 1276//2322 1270//2322 1278//2322
f 1276//2323 1278//2323 1284//2323
f 1278//2324 1277//2324 1285//2324
f 1278//2325 1285//2325 1286//2325
f 1277//2326 1279//2326 1287//2326
f 1277//2327 1287//2327 1285//2327
f 1279//2328 1280//2328 1288//2328
f 1279//2329 1288//2329 1287//2329
f 1280//2330 1281//2330 1289//2330
f 1280//2331 1289//2331 1288//2331
f 1281//2332 1282//2332 1290//2332
f 1281//2333 1290//2333 1289//2333
f 1282//2334 1283//2334 1291//2334
f 1282//2335 1291//2335 1290//2335
f 1283//2336 1284//2336 1292//2336
f 1283//2337 1292//2337 1291//2337
f 1284//2338 1278//2338 1286//2338
f 1284//2339 1286//2339 1292//2339
f 1286//2340 1285//2340 1293//2340
f 1286//2341 1293//2341 1294//2341
f 1285//2342 1287//2342 1295//2342
f 1285//2343 1295//2343 1293//2343
f 1287//2344 1288//2344 1296//2344
f 1287//2345 1296//2345 1295//2345
f 1288//2346 1289//2346 1297//2346
f 1288//2347 1297//2347 1296//2347
f 1289//2348 1290//2348 1298//2348
f 1289//2349 1298//2349 1297//2349
f 1290//2350 1291//2350 1299//2350
f 1290//2351 1299//2351 1298//2351
f 1291//2352 1292//2352 1300//2352
f 1291//2353 1300//2353 1299//2353
f 1292//2354 1286//2354 1294//2354
f 1292//2355 1294//2355 1300//2355
f 1294//2356 1293//2356 1301//2356
f 1294//2357 1301//2357 1302//2357
f 1293//2358 1295//2358 1303//2358
f 1293//2359 1303//2359 1301//2359
f 1295//2360 1296//2360 1304//2360
f 1295//2361 1304//2361 1303//2361
f 1296//2362 1297//2362 1305//2362
f 1296//2363 1305//2363 1304//2363
f 1297//2364 1298//2364 1306//2364
f 1297//2365 1306//2365 1305//2365
f 1298//2366 1299//2366 1307//2366
f 1298//2367 1307//2367 1306//2367
f 1299//2368 1300//2368 1308//2368
f 1299//2369 1308//2369 1307//2369
f 1300//2370 1294//2370 1302//2370
f 1300//2371 1302//2371 1308//2371
f 1302//2372 1301//2372 1309//2372
f 1302//2373 1309//2373 1310//2373
f 1301//2374 1303//2374 1311//2374
f 1301//2375 1311//2375 1309//2375
f 1303//2376 1304//2376 1312//2376
f 1303//2377 1312//2377 1311//2377
f 1304//2378 1305//2378 1313//2378
f 1304//2379 1313//2379 1312//2379
f 1305//2380 1306//2380 1314//2380
f 1305//2381 1314//2381 1313//2381
f 1306//2382 1307//2382 1315//2382
f 1306//2383 1315//2383 1314//2383
f 1307//2384 1308//2384 1316//2384
f 1307//2385 1316//2385 1315//2385
f 1308//2386 1302//2386 1310//2386
f 1308//2387 1310//2387 1316//2387
f 1310//2388 1309//2388 1317//2388
f 1309//2389 1311//2389 1317//2389
f 1311//2390 1312//2390 1317//2390
f 1312//2391 1313//2391 1317//2391
f 1313//2392 1314//2392 1317//2392
f 1314//2393 1315//2393 1317//2393
f 1315//2394 1316//2394 1317//2394
f 1316//2395 1310//2395 1317//2395
f 1318//2396 1319//2396 1320//2396
f 1318//2397 1320//2397 1321//2397
f 1319//2398 1322//2398 1323//2398
f 1319//2399 1323//2399 1320//2399
f 1322//2400 1324//2400 1325//2400
f 1322//2401 1325//2401 1323//2401
f 1324//2402 1326//2402 1327//2402
f 1324//2403 1327//2403 1325//2403
f 1326//2404 1328//2404 1329//2404
f 1326//2405 1329//2405 1327//2405
f 1328//2406 1330//2406 1331//2406
f 1328//2407 1331//2407 1329//2407
f 1330//2408 1332//2408 1333//2408
f 1330//2409 1333//2409 1331//2409
f 1332//2410 1318//2410 1321//2410
f 1332//2411 1321//2411 1333//2411
f 1321//2412 1320//2412 1334//2412
f 1321//2413 1334//2413 1335//2413
f 1320//2414 1323//2414 1336//2414
f 1320//2415 1336//2415 1334//2415
f 1323//2416 1325//2416 1337//2416
f 1323//2417 1337//2417 1336//2417
f 1325//2418 1327//2418 1338//2418
f 1325//2419 1338//2419 1337//2419
f 1327//2420 1329//2420 1339//2420
f 1327//2421 1339//2421 1338//2421
f 1329//2422 1331//2422 1340//2422
f 1329//2423 1340//2423 1339//2423
f 1331//2424 1333//2424 1341//2424
f 1331//2425 1341//2425 1340//2425
f 1333//2426 1321//2426 1335//2426
f 1333//2427 1335//2427 1341//2427
f 1335//2428 1334//2428 1342//2428
f 1335//2429 1342//2429 1343//2429
f 1334//2430 1336//2430 1344//2430
f 1334//2431 1344//2431 1342//2431
f 1336//2432 1337//2432 1345//2432
f 1336//2433 1345//2433 1344//2433
f 1337//2434 1338//2434 1346//2434
f 1337//2435 1346//2435 1345//2435
f 1338//2436 1339//2436 1347//2436
f 1338//2437 1347//2437 1346//2437
f 1339//2438 1340//2438 1348//2438
f 1339//2439 1348//2439 1347//2439
f 1340//2440 1341//2440 1349//2440
f 1340//2441 1349//2441 1348//2441
f 1341//2442 1335//2442 1343//2442
f 1341//2443 1343//2443 1349//2443
f 1343//2444 1342//2444 1350//2444
f 1343//2445 1350//2445 1351//2445
f 1342//2446 1344//2446 1352//2446
f 1342//2447 1352//2447 1350//2447
f 1344//2448 1345//2448 1353//2448
f 1344//2449 1353//2449 1352//2449
f 1345//2450 1346//2450 1354//2450
f 1345//2451 1354//2451 1353//2451
f 1346//2452 1347//2452 1355//2452
f 1346//2453 1355//2453 1354//2453
f 1347//2454 1348//2454 1356//2454
f 1347//2455 1356//2455 1355//2455
f 1348//2456 1349//2456 1357//2456
f 1348//2457 1357//2457 1356//2457
f 1349//2458 1343//2458 1351//2458
f 1349//2459 1351//2459 1357//2459
f 1351//2460 1350//2460 1358//2460
f 1351//2461 1358//2461 1359//2461
f 1350//2462 1352//2462 1360//2462
f 1350//2463 1360//2463 1358//2463
f 1352//2464 1353//2464 1361//2464
f 1352//2465 1361//2465 1360//2465
f 1353//2466 1354//2466 1362//2466
f 1353//2467 1362//2467 1361//2467
f 1354//2468 1355//2468 1363//2468
f 1354//2469 1363//2469 1362//2469
f 1355//2470 1356//2470 1364//2470
f 1355//2471 1364//2471 1363//2471
f 1356//2472 1357//2472 1365//2472
f 1356//2473 1365//2473 1364//2473
f 1357//2474 1351//2474 1359//2474
f 1357//2475 1359//2475 1365//2475
f 1359//2476 1358//2476 1366//2476
f 1359//2477 1366//2477 1367//2477
f 1358//2478 1360//2478 1368//2478
f 1358//2479 1368//2479 1366//2479
f 1360//2480 1361//2480 1369//2480
f 1360//2481 1369//2481 1368//2481
f 1361//2482 1362//2482 1370//2482
f 1361//2483 1370//2483 1369//2483
f 1362//2484 1363//2484 1371//2484
f 1362//2485 1371//2485 1370//2485
f 1363//2486 1364//2486 1372//2486
f 1363//2487 1372//2487 1371//2487
f 1364//2488 1365//2488 1373//2488
f 1364//2489 1373//2489 1372//2489
f 1365//2490 1359//2490 1367//2490
f 1365//2491 1367//2491 1373//2491
f 1367//2492 1366//2492 1374//2492
f 1367//2493 1374//2493 1375//2493
f 1366//2494 1368//2494 1376//2494
f 1366//2495 1376//2495 1374//2495
f 1368//2496 1369//2496 1377//2496
f 1368//2497 1377//2497 1376//2497
f 1369//2498 1370//2498 1378//2498
f 1369//2499 1378//2499 1377//2499
f 1370//2500 1371//2500 1379//2500
f 1370//2501 1379//2501 1378//2501
f 1371//2502 1372//2502 1380//2502
f 1371//2503 1380//2503 1379//2503
f 1372//2504 1373//2504 1381//2504
f 1372//2505 1381//2505 1380//2505
f 1373//2506 1367//2506 1375//2506
f 1373//2507 1375//2507 1381//2507
f 1375//2508 1374//2508 1382//2508
f 1375//2509 1382//2509 1383//2509
f 1374//2510 1376//2510 1384//2510
f 1374//2511 1384//2511 1382//2511
f 1376//2512 1377//2512 1385//2512
f 1376//2513 1385//2513 1384//2513
f 1377//2514 1378//2514 1386//2514
f 1377//2515 1386//2515 1385//2515
f 1378//2516 1379//2516 1387//2516
f 1378//2517 1387//2517 1386//2517
f 1379//2518 1380//2518 1388//2518
f 1379//2519 1388//2519 1387//2519
f 1380//2520 1381//2520 1389//2520
f 1380//2521 1389//2521 1388//2521
f 1381//2522 1375//2522 1383//2522
f 1381//2523 1383//2523 1389//2523
f 1383//2524 1382//2524 1390//2524
f 1382//2525 1384//2525 1390//2525
f 1384//2526 1385//2526 1390//2526
f 1385//2527 1386//2527 1390//2527
f 1386//2528 1387//2528 1390//2528
f 1387//2529 1388//2529 1390//2529
f 1388//2530 1389//2530 1390//2530
f 1389//2531 1383//2531 1390//2531
usemtl pigment_ff2bb3e5
f 1391//2532 1392//2532 1393//2532
f 1391//2533 1393//2533 1394//2533
f 1392//2534 1395//2534 1396//2534
f 1392//2535 1396//2535 1393//2535
f 1395//2536 1397//2536 1398//2536
f 1395//2537 1398//2537 1396//2537
f 1397//2538 1399//2538 1400//2538
f 1397//2539 1400//2539 1398//2539
f 1399//2540 1401//2540 1402//2540
f 1399//2541 1402//2541 1400//2541
f 1401//2542 1403//2542 1404//2542
f 1401//2543 1404//2543 1402//2543
f 1403//2544 1405//2544 1406//2544
f 1403//2545 1406//2545 1404//2545
f 1405//2546 1391//2546 1394//2546
f 1405//2547 1394//2547 1406//2547
f 1394//2548 1393//2548 1407//2548
f 1394//2549 1407//2549 1408//2549
f 1393//2550 1396//2550 1409//2550
f 1393//2551 1409//2551 1407//2551
f 1396//2552 1398//2552 1410//2552
f 1396//2553 1410//2553 1409//2553
f 1398//2554 1400//2554 1411//2554
f 1398//2555 1411//2555 1410//2555
f 1400//2556 1402//2556 1412//2556
f 1400//2557 1412//2557 1411//2557
f 1402//2558 1404//2558 1413//2558
f 1402//2559 1413//2559 1412//2559
f 1404//2560 1406//2560 1414//2560
f 1404//2561 1414//2561 1413//2561
f 1406//2562 1394//2562 1408//2562
f 1406//2563 1408//2563 1414//2563
f 1408//2564 1407//2564 1415//2564
f 1408//2565 1415//2565 1416//2565
f 1407//2566 1409//2566 1417//2566
f 1407//2567 1417//2567 1415//2567
f 1409//2568 1410//2568 1418//2568
f 1409//2569 1418//2569 1417//2569
f 1410//2570 1411//2570 1419//2570
f 1410//2571 1419//2571 1418//2571
f 1411//2572 1412//2572 1420//2572
f 1411//2573 1420//2573 1419//2573
f 1412//2574 1413//2574 1421//2574
f 1412//2575 1421//2575 1420//2575
f 1413//2576 1414//2576 1422//2576
f 1413//2577 1422//2577 1421//2577
f 1414//2578 1408//2578 1416//2578
f 1414//2579 1416//2579 1422//2579
f 1416//2580 1415//2580 1423//2580
f 1416//2581 1423//2581 1424//2581
f 1415//2582 1417//2582 1425//2582
f 1415//2583 1425//2583 1423//2583
f 1417//2584 1418//2584 1426//2584
f 1417//2585 1426//2585 1425//2585
f 1418//2586 1419//2586 1427//2586
f 1418//2587 1427//2587 1426//2587
f 1419//2588 1420//2588 1428//2588
f 1419//2589 1428//2589 1427//2589
f 1420//2590 1421//2590 1429//2590
f 1420//2591 1429//2591 1428//2591
f 1421//2592 1422//2592 1430//2592
f 1421//2593 1430//2593 1429//2593
f 1422//2594 1416//2594 1424//2594
f 1422//2595 1424//2595 1430//2595
f 1424//2596 1423//2596 1431//2596
f 1424//2597 1431//2597 1432//2597
f 1423//2598 1425//2598 1433//2598
f 1423//2599 1433//2599 1431//2599
f 1425//2600 1426//2600 1434//2600
f 1425//2601 1434//2601 1433//2601
f 1426//2602 1427//2602 1435//2602
f 1426//2603 1435//2603 1434//2603
f 1427//2604 1428//2604 1436//2604
f 1427//2605 1436//2605 1435//2605
f 1428//2606 1429//2606 1437//2606
f 1428//2607 1437//2607 1436//2607
f 1429//2608 1430//2608 1438//2608
f 1429//2609 1438//2609 1437//2609
f 1430//2610 1424//2610 1432//2610
f 1430//2611 1432//2611 1438//2611
f 1439//2612 1432//2612 1431//2612
f 1439//2613 1431//2613 1433//2613
f 1439//2614 1433//2614 1434//2614
f 1439//2615 1434//2615 1435//2615
f 1439//2616 1435//2616 1436//2616
f 1439//2617 1436//2617 1437//2617
f 1439//2618 1437//2618 1438//2618
f 1439//2619 1438//2619 1432//2619
usemtl pigment_ff2364ff
f 1432//2620 1431//2620 1440//2620
f 1432//2621 1440//2621 1441//2621
f 1431//2622 1433//2622 1442//2622
f 1431//2623 1442//2623 1440//2623
f 1433//2624 1434//2624 1443//2624
f 1433//2625 1443//2625 1442//2625
f 1434//2626 1435//2626 1444//2626
f 1434//2627 1444//2627 1443//2627
f 1435//2628 1436//2628 1445//2628
f 1435//2629 1445//2629 1444//2629
f 1436//2630 1437//2630 1446//2630
f 1436//2631 1446//2631 1445//2631
f 1437//2632 1438//2632 1447//2632
f 1437//2633 1447//2633 1446//2633
f 1438//2634 1432//2634 1441//2634
f 1438//2635 1441//2635 1447//2635
f 1441//2636 1440//2636 1448//2636
f 1441//2637 1448//2637 1449//2637
f 1440//2638 1442//2638 1450//2638
f 1440//2639 1450//2639 1448//2639
f 1442//2640 1443//2640 1451//2640
f 1442//2641 1451//2641 1450//2641
f 1443//2642 1444//2642 1452//2642
f 1443//2643 1452//2643 1451//2643
f 1444//2644 1445//2644 1453//2644
f 1444//2645 1453//2645 1452//2645
f 1445//2646 1446//2646 1454//2646
f 1445//2647 1454//2647 1453//2647
f 1446//2648 1447//2648 1455//2648
f 1446//2649 1455//2649 1454//2649
f 1447//2650 1441//2650 1449//2650
f 1447//2651 1449//2651 1455//2651
f 1449//2652 1448//2652 1456//2652
f 1449//2653 1456//2653 1457//2653
f 1448//2654 1450//2654 1458//2654
f 1448//2655 1458//2655 1456//2655
f 1450//2656 1451//2656 1459//2656
f 1450//2657 1459//2657 1458//2657
f 1451//2658 1452//2658 1460//2658
f 1451//2659 1460//2659 1459//2659
f 1452//2660 1453//2660 1461//2660
f 1452//2661 1461//2661 1460//2661
f 1453//2662 1454//2662 1462//2662
f 1453//2663 1462//2663 1461//2663
f 1454//2664 1455//2664 1463//2664
f 1454//2665 1463//2665 1462//2665
f 1455//2666 1449//2666 1457//2666
f 1455//2667 1457//2667 1463//2667
f 1457//2668 1456//2668 1464//2668
f 1456//2669 1458//2669 1464//2669
f 1458//2670 1459//2670 1464//2670
f 1459//2671 1460//2671 1464//2671
f 1460//2672 1461//2672 1464//2672
f 1461//2673 1462//2673 1464//2673
f 1462//2674 1463//2674 1464//2674
f 1463//2675 1457//2675 1464//2675
f 1465//2676 1466//2676 1467//2676
f 1465//2677 1467//2677 1468//2677
f 1466//2678 1469//2678 1470//2678
f 1466//2679 1470//2679 1467//2679
f 1469//2680 1471//2680 1472//2680
f 1469//2681 1472//2681 1470//2681
f 1471//2682 1473//2682 1474//2682
f 1471//2683 1474//2683 1472//2683
f 1473//2684 1475//2684 1476//2684
f 1473//2685 1476//2685 1474//2685
f 1475//2686 1477//2686 1478//2686
f 1475//2687 1478//2687 1476//2687
f 1477//2688 1479//2688 1480//2688
f 1477//2689 1480//2689 1478//2689
f 1479//2690 1465//2690 1468//2690
f 1479//2691 1468//2691 1480//2691
f 1468//2692 1467//2692 1481//2692
f 1468//2693 1481//2693 1482//2693
f 1467//2694 1470//2694 1483//2694
f 1467//2695 1483//2695 1481//2695
f 1470//2696 1472//2696 1484//2696
f 1470//2697 1484//2697 1483//2697
f 1472//2698 1474//2698 1485//2698
f 1472//2699 1485//2699 1484//2699
f 1474//2700 1476//2700 1486//2700
f 1474//2701 1486//2701 1485//2701
f 1476//2702 1478//2702 1487//2702
f 1476//2703 1487//2703 1486//2703
f 1478//2704 1480//2704 1488//2704
f 1478//2705 1488//2705 1487//2705
f 1480//2706 1468//2706 1482//2706
f 1480//2707 1482//2707 1488//2707
f 1482//2708 1481//2708 1489//2708
f 1482//2709 1489//2709 1490//2709
f 1481//2710 1483//2710 1491//2710
f 1481//2711 1491//2711 1489//2711
f 1483//2712 1484//2712 1492//2712
f 1483//2713 1492//2713 1491//2713
f 1484//2714 1485//2714 1493//2714
f 1484//2715 1493//2715 1492//2715
f 1485//2716 1486//2716 1494//2716
f 1485//2717 1494//2717 1493//2717
f 1486//2718 1487//2718 1495//2718
f 1486//2719 1495//2719 1494//2719
f 1487//2720 1488//2720 1496//2720
f 1487//2721 1496//2721 1495//2721
f 1488//2722 1482//2722 1490//2722
f 1488//2723 1490//2723 1496//2723
f 1490//2724 1489//2724 1497//2724
f 1490//2725 1497//2725 1498//2725
f 1489//2726 1491//2726 1499//2726
f 1489//2727 1499//2727 1497//2727
f 1491//2728 1492//2728 1500//2728
f 1491//2729 1500//2729 1499//2729
f 1492//2730 1493//2730 1501//2730
f 1492//2731 1501//2731 1500//2731
f 1493//2732 1494//2732 1502//2732
f 1493//2733 1502//2733 1501//2733
f 1494//2734 1495//2734 1503//2734
f 1494//2735 1503//2735 1502//2735
f 1495//2736 1496//2736 1504//2736
f 1495//2737 1504//2737 1503//2737
f 1496//2738 1490//2738 1498//2738
f 1496//2739 1498//2739 1504//2739
f 1498//2740 1497//2740 1505//2740
f 1498//2741 1505//2741 1506//2741
f 1497//2742 1499//2742 1507//2742
f 1497//2743 1507//2743 1505//2743
f 1499//2744 1500//2744 1508//2744
f 1499//2745 1508//2745 1507//2745
f 1500//2746 1501//2746 1509//2746
f 1500//2747 1509//2747 1508//2747
f 1501//2748 1502//2748 1510//2748
f 1501//2749 1510//2749 1509//2749
f 1502//2750 1503//2750 1511//2750
f 1502//2751 1511//2751 1510//2751
f 1503//2752 1504//2752 1512//2752
f 1503//2753 1512//2753 1511//2753
f 1504//2754 1498//2754 1506//2754
f 1504//2755 1506//2755 1512//2755
f 1506//2756 1505//2756 1513//2756
f 1506//2757 1513//2757 1514//2757
f 1505//2758 1507//2758 1515//2758
f 1505//2759 1515//2759 1513//2759
f 1507//2760 1508//2760 1516//2760
f 1507//2761 1516//2761 1515//2761
f 1508//2762 1509//2762 1517//2762
f 1508//2763 1517//2763 1516//2763
f 1509//2764 1510//2764 1518//2764
f 1509//2765 1518//2765 1517//2765
f 1510//2766 1511//2766 1519//2766
f 1510//2767 1519//2767 1518//2767
f 1511//2768 1512//2768 1520//2768
f 1511//2769 1520//2769 1519//2769
f 1512//2770 1506//2770 1514//2770
f 1512//2771 1514//2771 1520//2771
f 1514//2772 1513//2772 1521//2772
f 1514//2773 1521//2773 1522//2773
f 1513//2774 1515//2774 1523//2774
f 1513//2775 1523//2775 1521//2775
f 1515//2776 1516//2776 1524//2776
f 1515//2777 1524//2777 1523//2777
f 1516//2778 1517//2778 1525//2778
f 1516//2779 1525//2779 1524//2779
f 1517//2780 1518//2780 1526//2780
f 1517//2781 1526//2781 1525//2781
f 1518//2782 1519//2782 1527//2782
f 1518//2783 1527//2783 1526//2783
f 1519//2784 1520//2784 1528//2784
f 1519//2785 1528//2785 1527//2785
f 1520//2786 1514//2786 1522//2786
f 1520//2787 1522//2787 1528//2787
f 1522//2788 1521//2788 1529//2788
f 1522//2789 1529//2789 1530//2789
f 1521//2790 1523//2790 1531//2790
f 1521//2791 1531//2791 1529//2791
f 1523//2792 1524//2792 1532//2792
f 1523//2793 1532//2793 1531//2793
f 1524//2794 1525//2794 1533//2794
f 1524//2795 1533//2795 1532//2795
f 1525//2796 1526//2796 1534//2796
f 1525//2797 1534//2797 1533//2797
f 1526//2798 1527//2798 1535//2798
f 1526//2799 1535//2799 1534//2799
f 1527//2800 1528//2800 1536//2800
f 1527//2801 1536//2801 1535//2801
f 1528//2802 1522//2802 1530//2802
f 1528//2803 1530//2803 1536//2803
f 1530//2804 1529//2804 1537//2804
f 1529//2805 1531//2805 1537//2805
f 1531//2806 1532//2806 1537//2806
f 1532//2807 1533//2807 1537//2807
f 1533//2808 1534//2808 1537//2808
f 1534//2809 1535//2809 1537//2809
f 1535//2810 1536//2810 1537//2810
f 1536//2811 1530//2811 1537//2811
f 1538//2812 1539//2812 1540//2812
f 1538//2813 1540//2813 1541//2813
f 1539//2814 1542//2814 1543//2814
f 1539//2815 1543//2815 1540//2815
f 1542//2816 1544//2816 1545//2816
f 1542//2817 1545//2817 1543//2817
f 1544//2818 1546//2818 1547//2818
f 1544//2819 1547//2819 1545//2819
f 1546//2820 1548//2820 1549//2820
f 1546//2821 1549//2821 1547//2821
f 1548//2822 1550//2822 1551//2822
f 1548//2823 1551//2823 1549//2823
f 1550//2824 1552//2824 1553//2824
f 1550//2825 1553//2825 1551//2825
f 1552//2826 1538//2826 1541//2826
f 1552//2827 1541//2827 1553//2827
f 1541//2828 1540//2828 1554//2828
f 1541//2829 1554//2829 1555//2829
f 1540//2830 1543//2830 1556//2830
f 1540//2831 1556//2831 1554//2831
f 1543//2832 1545//2832 1557//2832
f 1543//2833 1557//2833 1556//2833
f 1545//2834 1547//2834 1558//2834
f 1545//2835 1558//2835 1557//2835
f 1547//2836 1549//2836 1559//2836
f 1547//2837 1559//2837 1558//2837
f 1549//2838 1551//2838 1560//2838
f 1549//2839 1560//2839 1559//2839
f 1551//2840 1553//2840 1561//2840
f 1551//2841 1561//2841 1560//2841
f 1553//2842 1541//2842 1555//2842
f 1553//2843 1555//2843 1561//2843
f 1555//2844 1554//2844 1562//2844
f 1555//2845 1562//2845 1563//2845
f 1554//2846 1556//2846 1564//2846
f 1554//2847 1564//2847 1562//2847
f 1556//2848 1557//2848 1565//2848
f 1556//2849 1565//2849 1564//2849
f 1557//2850 1558//2850 1566//2850
f 1557//2851 1566//2851 1565//2851
f 1558//2852 1559//2852 1567//2852
f 1558//2853 1567//2853 1566//2853
f 1559//2854 1560//2854 1568//2854
f 1559//2855 1568//2855 1567//2855
f 1560//2856 1561//2856 1569//2856
f 1560//2857 1569//2857 1568//2857
f 1561//2858 1555//2858 1563//2858
f 1561//2859 1563//2859 1569//2859
f 1563//2860 1562//2860 1570//2860
f 1563//2861 1570//2861 1571//2861
f 1562//2862 1564//2862 1572//2862
f 1562//2863 1572//2863 1570//2863
f 1564//2864 1565//2864 1573//2864
f 1564//2865 1573//2865 1572//2865
f 1565//2866 1566//2866 1574//2866
f 1565//2867 1574//2867 1573//2867
f 1566//2868 1567//2868 1575//2868
f 1566//2869 1575//2869 1574//2869
f 1567//2870 1568//2870 1576//2870
f 1567//2871 1576//2871 1575//2871
f 1568//2872 1569//2872 1577//2872
f 1568//2873 1577//2873 1576//2873
f 1569//2874 1563//2874 1571//2874
f 1569//2875 1571//2875 1577//2875
f 1571//2876 1570//2876 1578//2876
f 1571//2877 1578//2877 1579//2877
f 1570//2878 1572//2878 1580//2878
f 1570//2879 1580//2879 1578//2879
f 1572//2880 1573//2880 1581//2880
f 1572//2881 1581//2881 1580//2881
f 1573//2882 1574//2882 1582//2882
f 1573//2883 1582//2883 1581//2883
f 1574//2884 1575//2884 1583//2884
f 1574//2885 1583//2885 1582//2885
f 1575//2886 1576//2886 1584//2886
f 1575//2887 1584//2887 1583//2887
f 1576//2888 1577//2888 1585//2888
f 1576//2889 1585//2889 1584//2889
f 1577//2890 1571//2890 1579//2890
f 1577//2891 1579//2891 1585//2891
f 1579//2892 1578//2892 1586//2892
f 1579//2893 1586//2893 1587//2893
f 1578//2894 1580//2894 1588//2894
f 1578//2895 1588//2895 1586//2895
f 1580//2896 1581//2896 1589//2896
f 1580//2897 1589//2897 1588//2897
f 1581//2898 1582//2898 1590//2898
f 1581//2899 1590//2899 1589//2899
f 1582//2900 1583//2900 1591//2900
f 1582//2901 1591//2901 1590//2901
f 1583//2902 1584//2902 1592//2902
f 1583//2903 1592//2903 1591//2903
f 1584//2904 1585//2904 1593//2904
f 1584//2905 1593//2905 1592//2905
f 1585//2906 1579//2906 1587//2906
f 1585//2907 1587//2907 1593//2907
f 1594//2908 1587//2908 1586//2908
f 1594//2909 1586//2909 1588//2909
f 1594//2910 1588//2910 1589//2910
f 1594//2911 1589//2911 1590//2911
f 1594//2912 1590//2912 1591//2912
f 1594//2913 1591//2913 1592//2913
f 1594//2914 1592//2914 1593//2914
f 1594//2915 1593//2915 1587//2915
usemtl pigment_ff10008a
f 1587//2916 1586//2916 1595//2916
f 1587//2917 1595//2917 1596//2917
f 1586//2918 1588//2918 1597//2918
f 1586//2919 1597//2919 1595//2919
f 1588//2920 1589//2920 1598//2920
f 1588//2921 1598//2921 1597//2921
f 1589//2922 1590//2922 1599//2922
f 1589//2923 1599//2923 1598//2923
f 1590//2924 1591//2924 1600//2924
f 1590//2925 1600//2925 1599//2925
f 1591//2926 1592//2926 1601//2926
f 1591//2927 1601//2927 1600//2927
f 1592//2928 1593//2928 1602//2928
f 1592//2929 1602//2929 1601//2929
f 1593//2930 1587//2930 1596//2930
f 1593//2931 1596//2931 1602//2931
f 1596//2932 1595//2932 1603//2932
f 1596//2933 1603//2933 1604//2933
f 1595//2934 1597//2934 1605//2934
f 1595//2935 1605//2935 1603//2935
f 1597//2936 1598//2936 1606//2936
f 1597//2937 1606//2937 1605//2937
f 1598//2938 1599//2938 1607//2938
f 1598//2939 1607//2939 1606//2939
f 1599//2940 1600//2940 1608//2940
f 1599//2941 1608//2941 1607//2941
f 1600//2942 1601//2942 1609//2942
f 1600//2943 1609//2943 1608//2943
f 1601//2944 1602//2944 1610//2944
f 1601//2945 1610//2945 1609//2945
f 1602//2946 1596//2946 1604//2946
f 1602//2947 1604//2947 1610//2947
f 1604//2948 1603//2948 1611//2948
f 1603//2949 1605//2949 1611//2949
f 1605//2950 1606//2950 1611//2950
f 1606//2951 1607//2951 1611//2951
f 1607//2952 1608//2952 1611//2952
f 1608//2953 1609//2953 1611//2953
f 1609//2954 1610//2954 1611//2954
f 1610//2955 1604//2955 1611//2955
usemtl pigment_ff2bb3e5
f 1612//2956 1613//2956 1614//2956
f 1612//2957 1614//2957 1615//2957
f 1613//2958 1616//2958 1617//2958
f 1613//2959 1617//2959 1614//2959
f 1616//2960 1618//2960 1619//2960
f 1616//2961 1619//2961 1617//2961
f 1618//2962 1620//2962 1621//2962
f 1618//2963 1621//2963 1619//2963
f 1620//2964 1622//2964 1623//2964
f 1620//2965 1623//2965 1621//2965
f 1622//2966 1624//2966 1625//2966
f 1622//2967 1625//2967 1623//2967
f 1624//2968 1626//2968 1627//2968
f 1624//2969 1627//2969 1625//2969
f 1626//2970 1612//2970 1615//2970
f 1626//2971 1615//2971 1627//2971
f 1615//2972 1614//2972 1628//2972
f 1615//2973 1628//2973 1629//2973
f 1614//2974 1617//2974 1630//2974
f 1614//2975 1630//2975 1628//2975
f 1617//2976 1619//2976 1631//2976
f 1617//2977 1631//2977 1630//2977
f 1619//2978 1621//2978 1632//2978
f 1619//2979 1632//2979 1631//2979
f 1621//2980 1623//2980 1633//2980
f 1621//2981 1633//2981 1632//2981
f 1623//2982 1625//2982 1634//2982
f 1623//2983 1634//2983 1633//2983
f 1625//2984 1627//2984 1635//2984
f 1625//2985 1635//2985 1634//2985
f 1627//2986 1615//2986 1629//2986
f 1627//2987 1629//2987 1635//2987
f 1629//2988 1628//2988 1636//2988
f 1629//2989 1636//2989 1637//2989
f 1628//2990 1630//2990 1638//2990
f 1628//2991 1638//2991 1636//2991
f 1630//2992 1631//2992 1639//2992
f 1630//2993 1639//2993 1638//2993
f 1631//2994 1632//2994 1640//2994
f 1631//2995 1640//2995 1639//2995
f 1632//2996 1633//2996 1641//2996
f 1632//2997 1641//2997 1640//2997
f 1633//2998 1634//2998 1642//2998
f 1633//2999 1642//2999 1641//2999
f 1634//3000 1635//3000 1643//3000
f 1634//3001 1643//3001 1642//3001
f 1635//3002 1629//3002 1637//3002
f 1635//3003 1637//3003 1643//3003
f 1637//3004 1636//3004 1644//3004
f 1637//3005 1644//3005 1645//3005
f 1636//3006 1638//3006 1646//3006
f 1636//3007 1646//3007 1644//3007
f 1638//3008 1639//3008 1647//3008
f 1638//3009 1647//3009 1646//3009
f 1639//3010 1640//3010 1648//3010
f 1639//3011 1648//3011 1647//3011
f 1640//3012 1641//3012 1649//3012
f 1640//3013 1649//3013 1648//3013
f 1641//3014 1642//3014 1650//3014
f 1641//3015 1650//3015 1649//3015
f 1642//3016 1643//3016 1651//3016
f 1642//3017 1651//3017 1650//3017
f 1643//3018 1637//3018 1645//3018
f 1643//3019 1645//3019 1651//3019
f 1645//3020 1644//3020 1652//3020
f 1645//3021 1652//3021 1653//3021
f 1644//3022 1646//3022 1654//3022
f 1644//3023 1654//3023 1652//3023
f 1646//3024 1647//3024 1655//3024
f 1646//3025 1655//3025 1654//3025
f 1647//3026 1648//3026 1656//3026
f 1647//3027 1656//3027 1655//3027
f 1648//3028 1649//3028 1657//3028
f 1648//3029 1657//3029 1656//3029
f 1649//3030 1650//3030 1658//3030
f 1649//3031 1658//3031 1657//3031
f 1650//3032 1651//3032 1659//3032
f 1650//3033 1659//3033 1658//3033
f 1651//3034 1645//3034 1653//3034
f 1651//3035 1653//3035 1659//3035
f 1653//3036 1652//3036 1660//3036
f 1653//3037 1660//3037 1661//3037
f 1652//3038 1654//3038 1662//3038
f 1652//3039 1662//3039 1660//3039
f 1654//3040 1655//3040 1663//3040
f 1654//3041 1663//3041 1662//3041
f 1655//3042 1656//3042 1664//3042
f 1655//3043 1664//3043 1663//3043
f 1656//3044 1657//3044 1665//3044
f 1656//3045 1665//3045 1664//3045
f 1657//3046 1658//3046 1666//3046
f 1657//3047 1666//3047 1665//3047
f 1658//3048 1659//3048 1667//3048
f 1658//3049 1667//3049 1666//3049
f 1659//3050 1653//3050 1661//3050
f 1659//3051 1661//3051 1667//3051
f 1668//3052 1661//3052 1660//3052
f 1668//3053 1660//3053 1662//3053
f 1668//3054 1662//3054 1663//3054
f 1668//3055 1663//3055 1664//3055
f 1668//3056 1664//3056 1665//3056
f 1668//3057 1665//3057 1666//3057
f 1668//3058 1666//3058 1667//3058
f 1668//3059 1667//3059 1661//3059
usemtl pigment_ff2364ff
f 1661//3060 1660//3060 1669//3060
f 1661//3061 1669//3061 1670//3061
f 1660//3062 1662//3062 1671//3062
f 1660//3063 1671//3063 1669//3063
f 1662//3064 1663//3064 1672//3064
f 1662//3065 1672//3065 1671//3065
f 1663//3066 1664//3066 1673//3066
f 1663//3067 1673//3067 1672//3067
f 1664//3068 1665//3068 1674//3068
f 1664//3069 1674//3069 1673//3069
f 1665//3070 1666//3070 1675//3070
f 1665//3071 1675//3071 1674//3071
f 1666//3072 1667//3072 1676//3072
f 1666//3073 1676//3073 1675//3073
f 1667//3074 1661//3074 1670//3074
f 1667//3075 1670//3075 1676//3075
f 1670//3076 1669//3076 1677//3076
f 1670//3077 1677//3077 1678//3077
f 1669//3078 1671//3078 1679//3078
f 1669//3079 1679//3079 1677//3079
f 1671//3080 1672//3080 1680//3080
f 1671//3081 1680//3081 1679//3081
f 1672//3082 1673//3082 1681//3082
f 1672//3083 1681//3083 1680//3083
f 1673//3084 1674//3084 1682//3084
f 1673//3085 1682//3085 1681//3085
f 1674//3086 1675//3086 1683//3086
f 1674//3087 1683//3087 1682//3087
f 1675//3088 1676//3088 1684//3088
f 1675//3089 1684//3089 1683//3089
f 1676//3090 1670//3090 1678//3090
f 1676//3091 1678//3091 1684//3091
f 1678//3092 1677//3092 1685//3092
f 1677//3093 1679//3093 1685//3093
f 1679//3094 1680//3094 1685//3094
f 1680//3095 1681//3095 1685//3095
f 1681//3096 1682//3096 1685//3096
f 1682//3097 1683//3097 1685//3097
f 1683//3098 1684//3098 1685//3098
f 1684//3099 1678//3099 1685//3099
f 1686//3100 1687//3100 1688//3100
f 1686//3101 1688//3101 1689//3101
f 1687//3102 1690//3102 1691//3102
f 1687//3103 1691//3103 1688//3103
f 1690//3104 1692//3104 1693//3104
f 1690//3105 1693//3105 1691//3105
f 1692//3106 1694//3106 1695//3106
f 1692//3107 1695//3107 1693//3107
f 1694//3108 1696//3108 1697//3108
f 1694//3109 1697//3109 1695//3109
f 1696//3110 1698//3110 1699//3110
f 1696//3111 1699//3111 1697//3111
f 1698//3112 1700//3112 1701//3112
f 1698//3113 1701//3113 1699//3113
f 1700//3114 1686//3114 1689//3114
f 1700//3115 1689//3115 1701//3115
f 1689//3116 1688//3116 1702//3116
f 1689//3117 1702//3117 1703//3117
f 1688//3118 1691//3118 1704//3118
f 1688//3119 1704//3119 1702//3119
f 1691//3120 1693//3120 1705//3120
f 1691//3121 1705//3121 1704//3121
f 1693//3122 1695//3122 1706//3122
f 1693//3123 1706//3123 1705//3123
f 1695//3124 1697//3124 1707//3124
f 1695//3125 1707//3125 1706//3125
f 1697//3126 1699//3126 1708//3126
f 1697//3127 1708//3127 1707//3127
f 1699//3128 1701//3128 1709//3128
f 1699//3129 1709//3129 1708//3129
f 1701//3130 1689//3130 1703//3130
f 1701//3131 1703//3131 1709//3131
f 1703//3132 1702//3132 1710//3132
f 1703//3133 1710//3133 1711//3133
f 1702//3134 1704//3134 1712//3134
f 1702//3135 1712//3135 1710//3135
f 1704//3136 1705//3136 1713//3136
f 1704//3137 1713//3137 1712//3137
f 1705//3138 1706//3138 1714//3138
f 1705//3139 1714//3139 1713//3139
f 1706//3140 1707//3140 1715//3140
f 1706//3141 1715//3141 1714//3141
f 1707//3142 1708//3142 1716//3142
f 1707//3143 1716//3143 1715//3143
f 1708//3144 1709//3144 1717//3144
f 1708//3145 1717//3145 1716//3145
f 1709//3146 1703//3146 1711//3146
f 1709//3147 1711//3147 1717//3147
f 1711//3148 1710//3148 1718//3148
f 1711//3149 1718//3149 1719//3149
f 1710//3150 1712//3150 1720//3150
f 1710//3151 1720//3151 1718//3151
f 1712//3152 1713//3152 1721//3152
f 1712//3153 1721//3153 1720//3153
f 1713//3154 1714//3154 1722//3154
f 1713//3155 1722//3155 1721//3155
f 1714//3156 1715//3156 1723//3156
f 1714//3157 1723//3157 1722//3157
f 1715//3158 1716//3158 1724//3158
f 1715//3159 1724//3159 1723//3159
f 1716//3160 1717//3160 1725//3160
f 1716//3161 1725//3161 1724//3161
f 1717//3162 1711//3162 1719//3162
f 1717//3163 1719//3163 1725//3163
f 1719//3164 1718//3164 1726//3164
f 1719//3165 1726//3165 1727//3165
f 1718//3166 1720//3166 1728//3166
f 1718//3167 1728//3167 1726//3167
f 1720//3168 1721//3168 1729//3168
f 1720//3169 1729//3169 1728//3169
f 1721//3170 1722//3170 1730//3170
f 1721//3171 1730//3171 1729//3171
f 1722//3172 1723//3172 1731//3172
f 1722//3173 1731//3173 1730//3173
f 1723//3174 1724//3174 1732//3174
f 1723//3175 1732//3175 1731//3175
f 1724//3176 1725//3176 1733//3176
f 1724//3177 1733//3177 1732//3177
f 1725//3178 1719//3178 1727//3178
f 1725//3179 1727//3179 1733//3179
f 1727//3180 1726//3180 1734//3180
f 1727//3181 1734//3181 1735//3181
f 1726//3182 1728//3182 1736//3182
f 1726//3183 1736//3183 1734//3183
f 1728//3184 1729//3184 1737//3184
f 1728//3185 1737//3185 1736//3185
f 1729//3186 1730//3186 1738//3186
f 1729//3187 1738//3187 1737//3187
f 1730//3188 1731//3188 1739//3188
f 1730//3189 1739//3189 1738//3189
f 1731//3190 1732//3190 1740//3190
f 1731//3191 1740//3191 1739//3191
f 1732//3192 1733//3192 1741//3192
f 1732//3193 1741//3193 1740//3193
f 1733//3194 1727//3194 1735//3194
f 1733//3195 1735//3195 1741//3195
f 1735//3196 1734//3196 1742//3196
f 1735//3197 1742//3197 1743//3197
f 1734//3198 1736//3198 1744//3198
f 1734//3199 1744//3199 1742//3199
f 1736//3200 1737//3200 1745//3200
f 1736//3201 1745//3201 1744//3201
f 1737//3202 1738//3202 1746//3202
f 1737//3203 1746//3203 1745//3203
f 1738//3204 1739//3204 1747//3204
f 1738//3205 1747//3205 1746//3205
f 1739//3206 1740//3206 1748//3206
f 1739//3207 1748//3207 1747//3207
f 1740//3208 1741//3208 1749//3208
f 1740//3209 1749//3209 1748//3209
f 1741//3210 1735//3210 1743//3210
f 1741//3211 1743//3211 1749//3211
f 1750//3212 1743//3212 1742//3212
f 1750//3213 1742//3213 1744//3213
f 1750//3214 1744//3214 1745//3214
f 1750//3215 1745//3215 1746//3215
f 1750//3216 1746//3216 1747//3216
f 1750//3217 1747//3217 1748//3217
f 1750//3218 1748//3218 1749//3218
f 1750//3219 1749//3219 1743//3219
usemtl pigment_ff10008a
f 1743//3220 1742//3220 1751//3220
f 1743//3221 1751//3221 1752//3221
f 1742//3222 1744//3222 1753//3222
f 1742//3223 1753//3223 1751//3223
f 1744//3224 1745//3224 1754//3224
f 1744//3225 1754//3225 1753//3225
f 1745//3226 1746//3226 1755//3226
f 1745//3227 1755//3227 1754//3227
f 1746//3228 1747//3228 1756//3228
f 1746//3229 1756//3229 1755//3229
f 1747//3230 1748//3230 1757//3230
f 1747//3231 1757//3231 1756//3231
f 1748//3232 1749//3232 1758//3232
f 1748//3233 1758//3233 1757//3233
f 1749//3234 1743//3234 1752//3234
f 1749//3235 1752//3235 1758//3235
f 1752//3236 1751//3236 1759//3236
f 1751//3237 1753//3237 1759//3237
f 1753//3238 1754//3238 1759//3238
f 1754//3239 1755//3239 1759//3239
f 1755//3240 1756//3240 1759//3240
f 1756//3241 1757//3241 1759//3241
f 1757//3242 1758//3242 1759//3242
f 1758//3243 1752//3243 1759//3243
usemtl pigment_ff2bb3e5
f 1760//3244 1761//3244 1762//3244
f 1760//3245 1762//3245 1763//3245
f 1761//3246 1764//3246 1765//3246
f 1761//3247 1765//3247 1762//3247
f 1764//3248 1766//3248 1767//3248
f 1764//3249 1767//3249 1765//3249
f 1766//3250 1768//3250 1769//3250
f 1766//3251 1769//3251 1767//3251
f 1768//3252 1770//3252 1771//3252
f 1768//3253 1771//3253 1769//3253
f 1770//3254 1772//3254 1773//3254
f 1770//3255 1773//3255 1771//3255
f 1772//3256 1774//3256 1775//3256
f 1772//3257 1775//3257 1773//3257
f 1774//3258 1760//3258 1763//3258
f 1774//3259 1763//3259 1775//3259
f 1763//3260 1762//3260 1776//3260
f 1763//3261 1776//3261 1777//3261
f 1762//3262 1765//3262 1778//3262
f 1762//3263 1778//3263 1776//3263
f 1765//3264 1767//3264 1779//3264
f 1765//3265 1779//3265 1778//3265
f 1767//3266 1769//3266 1780//3266
f 1767//3267 1780//3267 1779//3267
f 1769//3268 1771//3268 1781//3268
f 1769//3269 1781//3269 1780//3269
f 1771//3270 1773//3270 1782//3270
f 1771//3271 1782//3271 1781//3271
f 1773//3272 1775//3272 1783//3272
f 1773//3273 1783//3273 1782//3273
f 1775//3274 1763//3274 1777//3274
f 1775//3275 1777//3275 1783//3275
f 1777//3276 1776//3276 1784//3276
f 1777//3277 1784//3277 1785//3277
f 1776//3278 1778//3278 1786//3278
f 1776//3279 1786//3279 1784//3279
f 1778//3280 1779//3280 1787//3280
f 1778//3281 1787//3281 1786//3281
f 1779//3282 1780//3282 1788//3282
f 1779//3283 1788//3283 1787//3283
f 1780//3284 1781//3284 1789//3284
f 1780//3285 1789//3285 1788//3285
f 1781//3286 1782//3286 1790//3286
f 1781//3287 1790//3287 1789//3287
f 1782//3288 1783//3288 1791//3288
f 1782//3289 1791//3289 1790//3289
f 1783//3290 1777//3290 1785//3290
f 1783//3291 1785//3291 1791//3291
f 1785//3292 1784//3292 1792//3292
f 1785//3293 1792//3293 1793//3293
f 1784//3294 1786//3294 1794//3294
f 1784//3295 1794//3295 1792//3295
f 1786//3296 1787//3296 1795//3296
f 1786//3297 1795//3297 1794//3297
f 1787//3298 1788//3298 1796//3298
f 1787//3299 1796//3299 1795//3299
f 1788//3300 1789//3300 1797//3300
f 1788//3301 1797//3301 1796//3301
f 1789//3302 1790//3302 1798//3302
f 1789//3303 1798//3303 1797//3303
f 1790//3304 1791//3304 1799//3304
f 1790//3305 1799//3305 1798//3305
f 1791//3306 1785//3306 1793//3306
f 1791//3307 1793//3307 1799//3307
f 1793//3308 1792//3308 1800//3308
f 1793//3309 1800//3309 1801//3309
f 1792//3310 1794//3310 1802//3310
f 1792//3311 1802//3311 1800//3311
f 1794//3312 1795//3312 1803//3312
f 1794//3313 1803//3313 1802//3313
f 1795//3314 1796//3314 1804//3314
f 1795//3315 1804//3315 1803//3315
f 1796//3316 1797//3316 1805//3316
f 1796//3317 1805//3317 1804//3317
f 1797//3318 1798//3318 1806//3318
f 1797//3319 1806//3319 1805//3319
f 1798//3320 1799//3320 1807//3320
f 1798//3321 1807//3321 1806//3321
f 1799//3322 1793//3322 1801//3322
f 1799//3323 1801//3323 1807//3323
f 1808//3324 1801//3324 1800//3324
f 1808//3325 1800//3325 1802//3325
f 1808//3326 1802//3326 1803//3326
f 1808//3327 1803//3327 1804//3327
f 1808//3328 1804//3328 1805//3328
f 1808//3329 1805//3329 1806//3329
f 1808//3330 1806//3330 1807//3330
f 1808//3331 1807//3331 1801//3331
usemtl pigment_ff2364ff
f 1801//3332 1800//3332 1809//3332
f 1801//3333 1809//3333 1810//3333
f 1800//3334 1802//3334 1811//3334
f 1800//3335 1811//3335 1809//3335
f 1802//3336 1803//3336 1812//3336
f 1802//3337 1812//3337 1811//3337
f 1803//3338 1804//3338 1813//3338
f 1803//3339 1813//3339 1812//3339
f 1804//3340 1805//3340 1814//3340
f 1804//3341 1814//3341 1813//3341
f 1805//3342 1806//3342 1815//3342
f 1805//3343 1815//3343 1814//3343
f 1806//3344 1807//3344 1816//3344
f 1806//3345 1816//3345 1815//3345
f 1807//3346 1801//3346 1810//3346
f 1807//3347 1810//3347 1816//3347
f 1810//3348 1809//3348 1817//3348
f 1810//3349 1817//3349 1818//3349
f 1809//3350 1811//3350 1819//3350
f 1809//3351 1819//3351 1817//3351
f 1811//3352 1812//3352 1820//3352
f 1811//3353 1820//3353 1819//3353
f 1812//3354 1813//3354 1821//3354
f 1812//3355 1821//3355 1820//3355
f 1813//3356 1814//3356 1822//3356
f 1813//3357 1822//3357 1821//3357
f 1814//3358 1815//3358 1823//3358
f 1814//3359 1823//3359 1822//3359
f 1815//3360 1816//3360 1824//3360
f 1815//3361 1824//3361 1823//3361
f 1816//3362 1810//3362 1818//3362
f 1816//3363 1818//3363 1824//3363
f 1818//3364 1817//3364 1825//3364
f 1818//3365 1825//3365 1826//3365
f 1817//3366 1819//3366 1827//3366
f 1817//3367 1827//3367 1825//3367
f 1819//3368 1820//3368 1828//3368
f 1819//3369 1828//3369 1827//3369
f 1820//3370 1821//3370 1829//3370
f 1820//3371 1829//3371 1828//3371
f 1821//3372 1822//3372 1830//3372
f 1821//3373 1830//3373 1829//3373
f 1822//3374 1823//3374 1831//3374
f 1822//3375 1831//3375 1830//3375
f 1823//3376 1824//3376 1832//3376
f 1823//3377 1832//3377 1831//3377
f 1824//3378 1818//3378 1826//3378
f 1824//3379 1826//3379 1832//3379
f 1826//3380 1825//3380 1833//3380
f 1825//3381 1827//3381 1833//3381
f 1827//3382 1828//3382 1833//3382
f 1828//3383 1829//3383 1833//3383
f 1829//3384 1830//3384 1833//3384
f 1830//3385 1831//3385 1833//3385
f 1831//3386 1832//3386 1833//3386
f 1832//3387 1826//3387 1833//3387
usemtl pigment_ff2bb3e5
f 1834//3388 1835//3388 1836//3388
f 1834//3389 1836//3389 1837//3389
f 1835//3390 1838//3390 1839//3390
f 1835//3391 1839//3391 1836//3391
f 1838//3392 1840//3392 1841//3392
f 1838//3393 1841//3393 1839//3393
f 1840//3394 1842//3394 1843//3394
f 1840//3395 1843//3395 1841//3395
f 1842//3396 1844//3396 1845//3396
f 1842//3397 1845//3397 1843//3397
f 1844//3398 1846//3398 1847//3398
f 1844//3399 1847//3399 1845//3399
f 1846//3400 1848//3400 1849//3400
f 1846//3401 1849//3401 1847//3401
f 1848//3402 1834//3402 1837//3402
f 1848//3403 1837//3403 1849//3403
f 1837//3404 1836//3404 1850//3404
f 1837//3405 1850//3405 1851//3405
f 1836//3406 1839//3406 1852//3406
f 1836//3407 1852//3407 1850//3407
f 1839//3408 1841//3408 1853//3408
f 1839//3409 1853//3409 1852//3409
f 1841//3410 1843//3410 1854//3410
f 1841//3411 1854//3411 1853//3411
f 1843//3412 1845//3412 1855//3412
f 1843//3413 1855//3413 1854//3413
f 1845//3414 1847//3414 1856//3414
f 1845//3415 1856//3415 1855//3415
f 1847//3416 1849//3416 1857//3416
f 1847//3417 1857//3417 1856//3417
f 1849//3418 1837//3418 1851//3418
f 1849//3419 1851//3419 1857//3419
f 1851//3420 1850//3420 1858//3420
f 1851//3421 1858//3421 1859//3421
f 1850//3422 1852//3422 1860//3422
f 1850//3423 1860//3423 1858//3423
f 1852//3424 1853//3424 1861//3424
f 1852//3425 1861//3425 1860//3425
f 1853//3426 1854//3426 1862//3426
f 1853//3427 1862//3427 1861//3427
f 1854//3428 1855//3428 1863//3428
f 1854//3429 1863//3429 1862//3429
f 1855//3430 1856//3430 1864//3430
f 1855//3431 1864//3431 1863//3431
f 1856//3432 1857//3432 1865//3432
f 1856//3433 1865//3433 1864//3433
f 1857//3434 1851//3434 1859//3434
f 1857//3435 1859//3435 1865//3435
f 1859//3436 1858//3436 1866//3436
f 1859//3437 1866//3437 1867//3437
f 1858//3438 1860//3438 1868//3438
f 1858//3439 1868//3439 1866//3439
f 1860//3440 1861//3440 1869//3440
f 1860//3441 1869//3441 1868//3441
f 1861//3442 1862//3442 1870//3442
f 1861//3443 1870//3443 1869//3443
f 1862//3444 1863//3444 1871//3444
f 1862//3445 1871//3445 1870//3445
f 1863//3446 1864//3446 1872//3446
f 1863//3447 1872//3447 1871//3447
f 1864//3448 1865//3448 1873//3448
f 1864//3449 1873//3449 1872//3449
f 1865//3450 1859//3450 1867//3450
f 1865//3451 1867//3451 1873//3451
f 1867//3452 1866//3452 1874//3452
f 1867//3453 1874//3453 1875//3453
f 1866//3454 1868//3454 1876//3454
f 1866//3455 1876//3455 1874//3455
f 1868//3456 1869//3456 1877//3456
f 1868//3457 1877//3457 1876//3457
f 1869//3458 1870//3458 1878//3458
f 1869//3459 1878//3459 1877//3459
f 1870//3460 1871//3460 1879//3460
f 1870//3461 1879//3461 1878//3461
f 1871//3462 1872//3462 1880//3462
f 1871//3463 1880//3463 1879//3463
f 1872//3464 1873//3464 1881//3464
f 1872//3465 1881//3465 1880//3465
f 1873//3466 1867//3466 1875//3466
f 1873//3467 1875//3467 1881//3467
f 1882//3468 1875//3468 1874//3468
f 1882//3469 1874//3469 1876//3469
f 1882//3470 1876//3470 1877//3470
f 1882//3471 1877//3471 1878//3471
f 1882//3472 1878//3472 1879//3472
f 1882//3473 1879//3473 1880//3473
f 1882//3474 1880//3474 1881//3474
f 1882//3475 1881//3475 1875//3475
usemtl pigment_ff2364ff
f 1875//3476 1874//3476 1883//3476
f 1875//3477 1883//3477 1884//3477
f 1874//3478 1876//3478 1885//3478
f 1874//3479 1885//3479 1883//3479
f 1876//3480 1877//3480 1886//3480
f 1876//3481 1886//3481 1885//3481
f 1877//3482 1878//3482 1887//3482
f 1877//3483 1887//3483 1886//3483
f 1878//3484 1879//3484 1888//3484
f 1878//3485 1888//3485 1887//3485
f 1879//3486 1880//3486 1889//3486
f 1879//3487 1889//3487 1888//3487
f 1880//3488 1881//3488 1890//3488
f 1880//3489 1890//3489 1889//3489
f 1881//3490 1875//3490 1884//3490
f 1881//3491 1884//3491 1890//3491
f 1884//3492 1883//3492 1891//3492
f 1884//3493 1891//3493 1892//3493
f 1883//3494 1885//3494 1893//3494
f 1883//3495 1893//3495 1891//3495
f 1885//3496 1886//3496 1894//3496
f 1885//3497 1894//3497 1893//3497
f 1886//3498 1887//3498 1895//3498
f 1886//3499 1895//3499 1894//3499
f 1887//3500 1888//3500 1896//3500
f 1887//3501 1896//3501 1895//3501
f 1888//3502 1889//3502 1897//3502
f 1888//3503 1897//3503 1896//3503
f 1889//3504 1890//3504 1898//3504
f 1889//3505 1898//3505 1897//3505
f 1890//3506 1884//3506 1892//3506
f 1890//3507 1892//3507 1898//3507
f 1892//3508 1891//3508 1899//3508
f 1892//3509 1899//3509 1900//3509
f 1891//3510 1893//3510 1901//3510
f 1891//3511 1901//3511 1899//3511
f 1893//3512 1894//3512 1902//3512
f 1893//3513 1902//3513 1901//3513
f 1894//3514 1895//3514 1903//3514
f 1894//3515 1903//3515 1902//3515
f 1895//3516 1896//3516 1904//3516
f 1895//3517 1904//3517 1903//3517
f 1896//3518 1897//3518 1905//3518
f 1896//3519 1905//3519 1904//3519
f 1897//3520 1898//3520 1906//3520
f 1897//3521 1906//3521 1905//3521
f 1898//3522 1892//3522 1900//3522
f 1898//3523 1900//3523 1906//3523
f 1900//3524 1899//3524 1907//3524
f 1899//3525 1901//3525 1907//3525
f 1901//3526 1902//3526 1907//3526
f 1902//3527 1903//3527 1907//3527
f 1903//3528 1904//3528 1907//3528
f 1904//3529 1905//3529 1907//3529
f 1905//3530 1906//3530 1907//3530
f 1906//3531 1900//3531 1907//3531
usemtl pigment_ff2bb3e5
f 1908//3532 1909//3532 1910//3532
f 1908//3533 1910//3533 1911//3533
f 1909//3534 1912//3534 1913//3534
f 1909//3535 1913//3535 1910//3535
f 1912//3536 1914//3536 1915//3536
f 1912//3537 1915//3537 1913//3537
f 1914//3538 1916//3538 1917//3538
f 1914//3539 1917//3539 1915//3539
f 1916//3540 1918//3540 1919//3540
f 1916//3541 1919//3541 1917//3541
f 1918//3542 1920//3542 1921//3542
f 1918//3543 1921//3543 1919//3543
f 1920//3544 1922//3544 1923//3544
f 1920//3545 1923//3545 1921//3545
f 1922//3546 1908//3546 1911//3546
f 1922//3547 1911//3547 1923//3547
f 1911//3548 1910//3548 1924//3548
f 1911//3549 1924//3549 1925//3549
f 1910//3550 1913//3550 1926//3550
f 1910//3551 1926//3551 1924//3551
f 1913//3552 1915//3552 1927//3552
f 1913//3553 1927//3553 1926//3553
f 1915//3554 1917//3554 1928//3554
f 1915//3555 1928//3555 1927//3555
f 1917//3556 1919//3556 1929//3556
f 1917//3557 1929//3557 1928//3557
f 1919//3558 1921//3558 1930//3558
f 1919//3559 1930//3559 1929//3559
f 1921//3560 1923//3560 1931//3560
f 1921//3561 1931//3561 1930//3561
f 1923//3562 1911//3562 1925//3562
f 1923//3563 1925//3563 1931//3563
f 1925//3564 1924//3564 1932//3564
f 1925//3565 1932//3565 1933//3565
f 1924//3566 1926//3566 1934//3566
f 1924//3567 1934//3567 1932//3567
f 1926//3568 1927//3568 1935//3568
f 1926//3569 1935//3569 1934//3569
f 1927//3570 1928//3570 1936//3570
f 1927//3571 1936//3571 1935//3571
f 1928//3572 1929//3572 1937//3572
f 1928//3573 1937//3573 1936//3573
f 1929//3574 1930//3574 1938//3574
f 1929//3575 1938//3575 1937//3575
f 1930//3576 1931//3576 1939//3576
f 1930//3577 1939//3577 1938//3577
f 1931//3578 1925//3578 1933//3578
f 1931//3579 1933//3579 1939//3579
f 1933//3580 1932//3580 1940//3580
f 1933//3581 1940//3581 1941//3581
f 1932//3582 1934//3582 1942//3582
f 1932//3583 1942//3583 1940//3583
f 1934//3584 1935//3584 1943//3584
f 1934//3585 1943//3585 1942//3585
f 1935//3586 1936//3586 1944//3586
f 1935//3587 1944//3587 1943//3587
f 1936//3588 1937//3588 1945//3588
f 1936//3589 1945//3589 1944//3589
f 1937//3590 1938//3590 1946//3590
f 1937//3591 1946//3591 1945//3591
f 1938//3592 1939//3592 1947//3592
f 1938//3593 1947//3593 1946//3593
f 1939//3594 1933//3594 1941//3594
f 1939//3595 1941//3595 1947//3595
f 1941//3596 1940//3596 1948//3596
f 1941//3597 1948//3597 1949//3597
f 1940//3598 1942//3598 1950//3598
f 1940//3599 1950//3599 1948//3599
f 1942//3600 1943//3600 1951//3600
f 1942//3601 1951//3601 1950//3601
f 1943//3602 1944//3602 1952//3602
f 1943//3603 1952//3603 1951//3603
f 1944//3604 1945//3604 1953//3604
f 1944//3605 1953//3605 1952//3605
f 1945//3606 1946//3606 1954//3606
f 1945//3607 1954//3607 1953//3607
f 1946//3608 1947//3608 1955//3608
f 1946//3609 1955//3609 1954//3609
f 1947//3610 1941//3610 1949//3610
f 1947//3611 1949//3611 1955//3611
f 1956//3612 1949//3612 1948//3612
f 1956//3613 1948//3613 1950//3613
f 1956//3614 1950//3614 1951//3614
f 1956//3615 1951//3615 1952//3615
f 1956//3616 1952//3616 1953//3616
f 1956//3617 1953//3617 1954//3617
f 1956//3618 1954//3618 1955//3618
f 1956//3619 1955//3619 1949//3619
usemtl pigment_ff2364ff
f 1949//3620 1948//3620 1957//3620
f 1949//3621 1957//3621 1958//3621
f 1948//3622 1950//3622 1959//3622
f 1948//3623 1959//3623 1957//3623
f 1950//3624 1951//3624 1960//3624
f 1950//3625 1960//3625 1959//3625
f 1951//3626 1952//3626 1961//3626
f 1951//3627 1961//3627 1960//3627
f 1952//3628 1953//3628 1962//3628
f 1952//3629 1962//3629 1961//3629
f 1953//3630 1954//3630 1963//3630
f 1953//3631 1963//3631 1962//3631
f 1954//3632 1955//3632 1964//3632
f 1954//3633 1964//3633 1963//3633
f 1955//3634 1949//3634 1958//3634
f 1955//3635 1958//3635 1964//3635
f 1958//3636 1957//3636 1965//3636
f 1958//3637 1965//3637 1966//3637
f 1957//3638 1959//3638 1967//3638
f 1957//3639 1967//3639 1965//3639
f 1959//3640 1960//3640 1968//3640
f 1959//3641 1968//3641 1967//3641
f 1960//3642 1961//3642 1969//3642
f 1960//3643 1969//3643 1968//3643
f 1961//3644 1962//3644 1970//3644
f 1961//3645 1970//3645 1969//3645
f 1962//3646 1963//3646 1971//3646
f 1962//3647 1971//3647 1970//3647
f 1963//3648 1964//3648 1972//3648
f 1963//3649 1972//3649 1971//3649
f 1964//3650 1958//3650 1966//3650
f 1964//3651 1966//3651 1972//3651
f 1966//3652 1965//3652 1973//3652
f 1966//3653 1973//3653 1974//3653
f 1965//3654 1967//3654 1975//3654
f 1965//3655 1975//3655 1973//3655
f 1967//3656 1968//3656 1976//3656
f 1967//3657 1976//3657 1975//3657
f 1968//3658 1969//3658 1977//3658
f 1968//3659 1977//3659 1976//3659
f 1969//3660 1970//3660 1978//3660
f 1969//3661 1978//3661 1977//3661
f 1970//3662 1971//3662 1979//3662
f 1970//3663 1979//3663 1978//3663
f 1971//3664 1972//3664 1980//3664
f 1971//3665 1980//3665 1979//3665
f 1972//3666 1966//3666 1974//3666
f 1972//3667 1974//3667 1980//3667
f 1974//3668 1973//3668 1981//3668
f 1973//3669 1975//3669 1981//3669
f 1975//3670 1976//3670 1981//3670
f 1976//3671 1977//3671 1981//3671
f 1977//3672 1978//3672 1981//3672
f 1978//3673 1979//3673 1981//3673
f 1979//3674 1980//3674 1981//3674
f 1980//3675 1974//3675 1981//3675
usemtl pigment_ff2bb3e5
f 1982//3676 1983//3676 1984//3676
f 1982//3677 1984//3677 1985//3677
f 1983//3678 1986//3678 1987//3678
f 1983//3679 1987//3679 1984//3679
f 1986//3680 1988//3680 1989//3680
f 1986//3681 1989//3681 1987//3681
f 1988//3682 1990//3682 1991//3682
f 1988//3683 1991//3683 1989//3683
f 1990//3684 1992//3684 1993//3684
f 1990//3685 1993//3685 1991//3685
f 1992//3686 1994//3686 1995//3686
f 1992//3687 1995//3687 1993//3687
f 1994//3688 1996//3688 1997//3688
f 1994//3689 1997//3689 1995//3689
f 1996//3690 1982//3690 1985//3690
f 1996//3691 1985//3691 1997//3691
f 1985//3692 1984//3692 1998//3692
f 1985//3693 1998//3693 1999//3693
f 1984//3694 1987//3694 2000//3694
f 1984//3695 2000//3695 1998//3695
f 1987//3696 1989//3696 2001//3696
f 1987//3697 2001//3697 2000//3697
f 1989//3698 1991//3698 2002//3698
f 1989//3699 2002//3699 2001//3699
f 1991//3700 1993//3700 2003//3700
f 1991//3701 2003//3701 2002//3701
f 1993//3702 1995//3702 2004//3702
f 1993//3703 2004//3703 2003//3703
f 1995//3704 1997//3704 2005//3704
f 1995//3705 2005//3705 2004//3705
f 1997//3706 1985//3706 1999//3706
f 1997//3707 1999//3707 2005//3707
f 1999//3708 1998//3708 2006//3708
f 1999//3709 2006//3709 2007//3709
f 1998//3710 2000//3710 2008//3710
f 1998//3711 2008//3711 2006//3711
f 2000//3712 2001//3712 2009//3712
f 2000//3713 2009//3713 2008//3713
f 2001//3714 2002//3714 2010//3714
f 2001//3715 2010//3715 2009//3715
f 2002//3716 2003//3716 2011//3716
f 2002//3717 2011//3717 2010//3717
f 2003//3718 2004//3718 2012//3718
f 2003//3719 2012//3719 2011//3719
f 2004//3720 2005//3720 2013//3720
f 2004//3721 2013//3721 2012//3721
f 2005//3722 1999//3722 2007//3722
f 2005//3723 2007//3723 2013//3723
f 2007//3724 2006//3724 2014//3724
f 2007//3725 2014//3725 2015//3725
f 2006//3726 2008//3726 2016//3726
f 2006//3727 2016//3727 2014//3727
f 2008//3728 2009//3728 2017//3728
f 2008//3729 2017//3729 2016//3729
f 2009//3730 2010//3730 2018//3730
f 2009//3731 2018//3731 2017//3731
f 2010//3732 2011//3732 2019//3732
f 2010//3733 2019//3733 2018//3733
f 2011//3734 2012//3734 2020//3734
f 2011//3735 2020//3735 2019//3735
f 2012//3736 2013//3736 2021//3736
f 2012//3737 2021//3737 2020//3737
f 2013//3738 2007//3738 2015//3738
f 2013//3739 2015//3739 2021//3739
f 2015//3740 2014//3740 2022//3740
f 2015//3741 2022//3741 2023//3741
f 2014//3742 2016//3742 2024//3742
f 2014//3743 2024//3743 2022//3743
f 2016//3744 2017//3744 2025//3744
f 2016//3745 2025//3745 2024//3745
f 2017//3746 2018//3746 2026//3746
f 2017//3747 2026//3747 2025//3747
f 2018//3748 2019//3748 2027//3748
f 2018//3749 2027//3749 2026//3749
f 2019//3750 2020//3750 2028//3750
f 2019//3751 2028//3751 2027//3751
f 2020//3752 2021//3752 2029//3752
f 2020//3753 2029//3753 2028//3753
f 2021//3754 2015//3754 2023//3754
f 2021//3755 2023//3755 2029//3755
f 2030//3756 2023//3756 2022//3756
f 2030//3757 2022//3757 2024//3757
f 2030//3758 2024//3758 2025//3758
f 2030//3759 2025//3759 2026//3759
f 2030//3760 2026//3760 2027//3760
f 2030//3761 2027//3761 2028//3761
f 2030//3762 2028//3762 2029//3762
f 2030//3763 2029//3763 2023//3763
usemtl pigment_ff2364ff
f 2023//3764 2022//3764 2031//3764
f 2023//3765 2031//3765 2032//3765
f 2022//3766 2024//3766 2033//3766
f 2022//3767 2033//3767 2031//3767
f 2024//3768 2025//3768 2034//3768
f 2024//3769 2034//3769 2033//3769
f 2025//3770 2026//3770 2035//3770
f 2025//3771 2035//3771 2034//3771
f 2026//3772 2027//3772 2036//3772
f 2026//3773 2036//3773 2035//3773
f 2027//3774 2028//3774 2037//3774
f 2027//3775 2037//3775 2036//3775
f 2028//3776 2029//3776 2038//3776
f 2028//3777 2038//3777 2037//3777
f 2029//3778 2023//3778 2032//3778
f 2029//3779 2032//3779 2038//3779
f 2032//3780 2031//3780 2039//3780
f 2032//3781 2039//3781 2040//3781
f 2031//3782 2033//3782 2041//3782
f 2031//3783 2041//3783 2039//3783
f 2033//3784 2034//3784 2042//3784
f 2033//3785 2042//3785 2041//3785
f 2034//3786 2035//3786 2043//3786
f 2034//3787 2043//3787 2042//3787
f 2035//3788 2036//3788 2044//3788
f 2035//3789 2044//3789 2043//3789
f 2036//3790 2037//3790 2045//3790
f 2036//3791 2045//3791 2044//3791
f 2037//3792 2038//3792 2046//3792
f 2037//3793 2046//3793 2045//3793
f 2038//3794 2032//3794 2040//3794
f 2038//3795 2040//3795 2046//3795
f 2040//3796 2039//3796 2047//3796
f 2040//3797 2047//3797 2048//3797
f 2039//3798 2041//3798 2049//3798
f 2039//3799 2049//3799 2047//3799
f 2041//3800 2042//3800 2050//3800
f 2041//3801 2050//3801 2049//3801
f 2042//3802 2043//3802 2051//3802
f 2042//3803 2051//3803 2050//3803
f 2043//3804 2044//3804 2052//3804
f 2043//3805 2052//3805 2051//3805
f 2044//3806 2045//3806 2053//3806
f 2044//3807 2053//3807 2052//3807
f 2045//3808 2046//3808 2054//3808
f 2045//3809 2054//3809 2053//3809
f 2046//3810 2040//3810 2048//3810
f 2046//3811 2048//3811 2054//3811
f 2048//3812 2047//3812 2055//3812
f 2047//3813 2049//3813 2055//3813
f 2049//3814 2050//3814 2055//3814
f 2050//3815 2051//3815 2055//3815
f 2051//3816 2052//3816 2055//3816
f 2052//3817 2053//3817 2055//3817
f 2053//3818 2054//3818 2055//3818
f 2054//3819 2048//3819 2055//3819
usemtl pigment_ff2bb3e5
f 2056//3820 2057//3820 2058//3820
f 2056//3821 2058//3821 2059//3821
f 2057//3822 2060//3822 2061//3822
f 2057//3823 2061//3823 2058//3823
f 2060//3824 2062//3824 2063//3824
f 2060//3825 2063//3825 2061//3825
f 2062//3826 2064//3826 2065//3826
f 2062//3827 2065//3827 2063//3827
f 2064//3828 2066//3828 2067//3828
f 2064//3829 2067//3829 2065//3829
f 2066//3830 2068//3830 2069//3830
f 2066//3831 2069//3831 2067//3831
f 2068//3832 2070//3832 2071//3832
f 2068//3833 2071//3833 2069//3833
f 2070//3834 2056//3834 2059//3834
f 2070//3835 2059//3835 2071//3835
f 2059//3836 2058//3836 2072//3836
f 2059//3837 2072//3837 2073//3837
f 2058//3838 2061//3838 2074//3838
f 2058//3839 2074//3839 2072//3839
f 2061//3840 2063//3840 2075//3840
f 2061//3841 2075//3841 2074//3841
f 2063//3842 2065//3842 2076//3842
f 2063//3843 2076//3843 2075//3843
f 2065//3844 2067//3844 2077//3844
f 2065//3845 2077//3845 2076//3845
f 2067//3846 2069//3846 2078//3846
f 2067//3847 2078//3847 2077//3847
f 2069//3848 2071//3848 2079//3848
f 2069//3849 2079//3849 2078//3849
f 2071//3850 2059//3850 2073//3850
f 2071//3851 2073//3851 2079//3851
f 2073//3852 2072//3852 2080//3852
f 2073//3853 2080//3853 2081//3853
f 2072//3854 2074//3854 2082//3854
f 2072//3855 2082//3855 2080//3855
f 2074//3856 2075//3856 2083//3856
f 2074//3857 2083//3857 2082//3857
f 2075//3858 2076//3858 2084//3858
f 2075//3859 2084//3859 2083//3859
f 2076//3860 2077//3860 2085//3860
f 2076//3861 2085//3861 2084//3861
f 2077//3862 2078//3862 2086//3862
f 2077//3863 2086//3863 2085//3863
f 2078//3864 2079//3864 2087//3864
f 2078//3865 2087//3865 2086//3865
f 2079//3866 2073//3866 2081//3866
f 2079//3867 2081//3867 2087//3867
f 2081//3868 2080//3868 2088//3868
f 2081//3869 2088//3869 2089//3869
f 2080//3870 2082//3870 2090//3870
f 2080//3871 2090//3871 2088//3871
f 2082//3872 2083//3872 2091//3872
f 2082//3873 2091//3873 2090//3873
f 2083//3874 2084//3874 2092//3874
f 2083//3875 2092//3875 2091//3875
f 2084//3876 2085//3876 2093//3876
f 2084//3877 2093//3877 2092//3877
f 2085//3878 2086//3878 2094//3878
f 2085//3879 2094//3879 2093//3879
f 2086//3880 2087//3880 2095//3880
f 2086//3881 2095//3881 2094//3881
f 2087//3882 2081//3882 2089//3882
f 2087//3883 2089//3883 2095//3883
f 2089//3884 2088//3884 2096//3884
f 2089//3885 2096//3885 2097//3885
f 2088//3886 2090//3886 2098//3886
f 2088//3887 2098//3887 2096//3887
f 2090//3888 2091//3888 2099//3888
f 2090//3889 2099//3889 2098//3889
f 2091//3890 2092//3890 2100//3890
f 2091//3891 2100//3891 2099//3891
f 2092//3892 2093//3892 2101//3892
f 2092//3893 2101//3893 2100//3893
f 2093//3894 2094//3894 2102//3894
f 2093//3895 2102//3895 2101//3895
f 2094//3896 2095//3896 2103//3896
f 2094//3897 2103//3897 2102//3897
f 2095//3898 2089//3898 2097//3898
f 2095//3899 2097//3899 2103//3899
f 2104//3900 2097//3900 2096//3900
f 2104//3901 2096//3901 2098//3901
f 2104//3902 2098//3902 2099//3902
f 2104//3903 2099//3903 2100//3903
f 2104//3904 2100//3904 2101//3904
f 2104//3905 2101//3905 2102//3905
f 2104//3906 2102//3906 2103//3906
f 2104//3907 2103//3907 2097//3907
usemtl pigment_ff2364ff
f 2097//3908 2096//3908 2105//3908
f 2097//3909 2105//3909 2106//3909
f 2096//3910 2098//3910 2107//3910
f 2096//3911 2107//3911 2105//3911
f 2098//3912 2099//3912 2108//3912
f 2098//3913 2108//3913 2107//3913
f 2099//3914 2100//3914 2109//3914
f 2099//3915 2109//3915 2108//3915
f 2100//3916 2101//3916 2110//3916
f 2100//3917 2110//3917 2109//3917
f 2101//3918 2102//3918 2111//3918
f 2101//3919 2111//3919 2110//3919
f 2102//3920 2103//3920 2112//3920
f 2102//3921 2112//3921 2111//3921
f 2103//3922 2097//3922 2106//3922
f 2103//3923 2106//3923 2112//3923
f 2106//3924 2105//3924 2113//3924
f 2106//3925 2113//3925 2114//3925
f 2105//3926 2107//3926 2115//3926
f 2105//3927 2115//3927 2113//3927
f 2107//3928 2108//3928 2116//3928
f 2107//3929 2116//3929 2115//3929
f 2108//3930 2109//3930 2117//3930
f 2108//3931 2117//3931 2116//3931
f 2109//3932 2110//3932 2118//3932
f 2109//3933 2118//3933 2117//3933
f 2110//3934 2111//3934 2119//3934
f 2110//3935 2119//3935 2118//3935
f 2111//3936 2112//3936 2120//3936
f 2111//3937 2120//3937 2119//3937
f 2112//3938 2106//3938 2114//3938
f 2112//3939 2114//3939 2120//3939
f 2114//3940 2113//3940 2121//3940
f 2114//3941 2121//3941 2122//3941
f 2113//3942 2115//3942 2123//3942
f 2113//3943 2123//3943 2121//3943
f 2115//3944 2116//3944 2124//3944
f 2115//3945 2124//3945 2123//3945
f 2116//3946 2117//3946 2125//3946
f 2116//3947 2125//3947 2124//3947
f 2117//3948 2118//3948 2126//3948
f 2117//3949 2126//3949 2125//3949
f 2118//3950 2119//3950 2127//3950
f 2118//3951 2127//3951 2126//3951
f 2119//3952 2120//3952 2128//3952
f 2119//3953 2128//3953 2127//3953
f 2120//3954 2114//3954 2122//3954
f 2120//3955 2122//3955 2128//3955
f 2122//3956 2121//3956 2129//3956
f 2121//3957 2123//3957 2129//3957
f 2123//3958 2124//3958 2129//3958
f 2124//3959 2125//3959 2129//3959
f 2125//3960 2126//3960 2129//3960
f 2126//3961 2127//3961 2129//3961
f 2127//3962 2128//3962 2129//3962
f 2128//3963 2122//3963 2129//3963
usemtl pigment_ff2bb3e5
f 2130//3964 2131//3964 2132//3964
f 2130//3965 2132//3965 2133//3965
f 2131//3966 2134//3966 2135//3966
f 2131//3967 2135//3967 2132//3967
f 2134//3968 2136//3968 2137//3968
f 2134//3969 2137//3969 2135//3969
f 2136//3970 2138//3970 2139//3970
f 2136//3971 2139//3971 2137//3971
f 2138//3972 2140//3972 2141//3972
f 2138//3973 2141//3973 2139//3973
f 2140//3974 2142//3974 2143//3974
f 2140//3975 2143//3975 2141//3975
f 2142//3976 2144//3976 2145//3976
f 2142//3977 2145//3977 2143//3977
f 2144//3978 2130//3978 2133//3978
f 2144//3979 2133//3979 2145//3979
f 2133//3980 2132//3980 2146//3980
f 2133//3981 2146//3981 2147//3981
f 2132//3982 2135//3982 2148//3982
f 2132//3983 2148//3983 2146//3983
f 2135//3984 2137//3984 2149//3984
f 2135//3985 2149//3985 2148//3985
f 2137//3986 2139//3986 2150//3986
f 2137//3987 2150//3987 2149//3987
f 2139//3988 2141//3988 2151//3988
f 2139//3989 2151//3989 2150//3989
f 2141//3990 2143//3990 2152//3990
f 2141//3991 2152//3991 2151//3991
f 2143//3992 2145//3992 2153//3992
f 2143//3993 2153//3993 2152//3993
f 2145//3994 2133//3994 2147//3994
f 2145//3995 2147//3995 2153//3995
f 2147//3996 2146//3996 2154//3996
f 2147//3997 2154//3997 2155//3997
f 2146//3998 2148//3998 2156//3998
f 2146//3999 2156//3999 2154//3999
f 2148//4000 2149//4000 2157//4000
f 2148//4001 2157//4001 2156//4001
f 2149//4002 2150//4002 2158//4002
f 2149//4003 2158//4003 2157//4003
f 2150//4004 2151//4004 2159//4004
f 2150//4005 2159//4005 2158//4005
f 2151//4006 2152//4006 2160//4006
f 2151//4007 2160//4007 2159//4007
f 2152//4008 2153//4008 2161//4008
f 2152//4009 2161//4009 2160//4009
f 2153//4010 2147//4010 2155//4010
f 2153//4011 2155//4011 2161//4011
f 2155//4012 2154//4012 2162//4012
f 2155//4013 2162//4013 2163//4013
f 2154//4014 2156//4014 2164//4014
f 2154//4015 2164//4015 2162//4015
f 2156//4016 2157//4016 2165//4016
f 2156//4017 2165//4017 2164//4017
f 2157//4018 2158//4018 2166//4018
f 2157//4019 2166//4019 2165//4019
f 2158//4020 2159//4020 2167//4020
f 2158//4021 2167//4021 2166//4021
f 2159//4022 2160//4022 2168//4022
f 2159//4023 2168//4023 2167//4023
f 2160//4024 2161//4024 2169//4024
f 2160//4025 2169//4025 2168//4025
f 2161//4026 2155//4026 2163//4026
f 2161//4027 2163//4027 2169//4027
f 2163//4028 2162//4028 2170//4028
f 2163//4029 2170//4029 2171//4029
f 2162//4030 2164//4030 2172//4030
f 2162//4031 2172//4031 2170//4031
f 2164//4032 2165//4032 2173//4032
f 2164//4033 2173//4033 2172//4033
f 2165//4034 2166//4034 2174//4034
f 2165//4035 2174//4035 2173//4035
f 2166//4036 2167//4036 2175//4036
f 2166//4037 2175//4037 2174//4037
f 2167//4038 2168//4038 2176//4038
f 2167//4039 2176//4039 2175//4039
f 2168//4040 2169//4040 2177//4040
f 2168//4041 2177//4041 2176//4041
f 2169//4042 2163//4042 2171//4042
f 2169//4043 2171//4043 2177//4043
f 2178//4044 2171//4044 2170//4044
f 2178//4045 2170//4045 2172//4045
f 2178//4046 2172//4046 2173//4046
f 2178//4047 2173//4047 2174//4047
f 2178//4048 2174//4048 2175//4048
f 2178//4049 2175//4049 2176//4049
f 2178//4050 2176//4050 2177//4050
f 2178//4051 2177//4051 2171//4051
usemtl pigment_ff2364ff
f 2171//4052 2170//4052 2179//4052
f 2171//4053 2179//4053 2180//4053
f 2170//4054 2172//4054 2181//4054
f 2170//4055 2181//4055 2179//4055
f 2172//4056 2173//4056 2182//4056
f 2172//4057 2182//4057 2181//4057
f 2173//4058 2174//4058 2183//4058
f 2173//4059 2183//4059 2182//4059
f 2174//4060 2175//4060 2184//4060
f 2174//4061 2184//4061 2183//4061
f 2175//4062 2176//4062 2185//4062
f 2175//4063 2185//4063 2184//4063
f 2176//4064 2177//4064 2186//4064
f 2176//4065 2186//4065 2185//4065
f 2177//4066 2171//4066 2180//4066
f 2177//4067 2180//4067 2186//4067
f 2180//4068 2179//4068 2187//4068
f 2180//4069 2187//4069 2188//4069
f 2179//4070 2181//4070 2189//4070
f 2179//4071 2189//4071 2187//4071
f 2181//4072 2182//4072 2190//4072
f 2181//4073 2190//4073 2189//4073
f 2182//4074 2183//4074 2191//4074
f 2182//4075 2191//4075 2190//4075
f 2183//4076 2184//4076 2192//4076
f 2183//4077 2192//4077 2191//4077
f 2184//4078 2185//4078 2193//4078
f 2184//4079 2193//4079 2192//4079
f 2185//4080 2186//4080 2194//4080
f 2185//4081 2194//4081 2193//4081
f 2186//4082 2180//4082 2188//4082
f 2186//4083 2188//4083 2194//4083
f 2188//4084 2187//4084 2195//4084
f 2188//4085 2195//4085 2196//4085
f 2187//4086 2189//4086 2197//4086
f 2187//4087 2197//4087 2195//4087
f 2189//4088 2190//4088 2198//4088
f 2189//4089 2198//4089 2197//4089
f 2190//4090 2191//4090 2199//4090
f 2190//4091 2199//4091 2198//4091
f 2191//4092 2192//4092 2200//4092
f 2191//4093 2200//4093 2199//4093
f 2192//4094 2193//4094 2201//4094
f 2192//4095 2201//4095 2200//4095
f 2193//4096 2194//4096 2202//4096
f 2193//4097 2202//4097 2201//4097
f 2194//4098 2188//4098 2196//4098
f 2194//4099 2196//4099 2202//4099
f 2196//4100 2195//4100 2203//4100
f 2195//4101 2197//4101 2203//4101
f 2197//4102 2198//4102 2203//4102
f 2198//4103 2199//4103 2203//4103
f 2199//4104 2200//4104 2203//4104
f 2200//4105 2201//4105 2203//4105
f 2201//4106 2202//4106 2203//4106
f 2202//4107 2196//4107 2203//4107
f 2204//4108 2205//4108 2206//4108
f 2204//4109 2206//4109 2207//4109
f 2205//4110 2208//4110 2209//4110
f 2205//4111 2209//4111 2206//4111
f 2208//4112 2210//4112 2211//4112
f 2208//4113 2211//4113 2209//4113
f 2210//4114 2212//4114 2213//4114
f 2210//4115 2213//4115 2211//4115
f 2212//4116 2214//4116 2215//4116
f 2212//4117 2215//4117 2213//4117
f 2214//4118 2216//4118 2217//4118
f 2214//4119 2217//4119 2215//4119
f 2216//4120 2218//4120 2219//4120
f 2216//4121 2219//4121 2217//4121
f 2218//4122 2204//4122 2207//4122
f 2218//4123 2207//4123 2219//4123
f 2207//4124 2206//4124 2220//4124
f 2207//4125 2220//4125 2221//4125
f 2206//4126 2209//4126 2222//4126
f 2206//4127 2222//4127 2220//4127
f 2209//4128 2211//4128 2223//4128
f 2209//4129 2223//4129 2222//4129
f 2211//4130 2213//4130 2224//4130
f 2211//4131 2224//4131 2223//4131
f 2213//4132 2215//4132 2225//4132
f 2213//4133 2225//4133 2224//4133
f 2215//4134 2217//4134 2226//4134
f 2215//4135 2226//4135 2225//4135
f 2217//4136 2219//4136 2227//4136
f 2217//4137 2227//4137 2226//4137
f 2219//4138 2207//4138 2221//4138
f 2219//4139 2221//4139 2227//4139
f 2221//4140 2220//4140 2228//4140
f 2221//4141 2228//4141 2229//4141
f 2220//4142 2222//4142 2230//4142
f 2220//4143 2230//4143 2228//4143
f 2222//4144 2223//4144 2231//4144
f 2222//4145 2231//4145 2230//4145
f 2223//4146 2224//4146 2232//4146
f 2223//4147 2232//4147 2231//4147
f 2224//4148 2225//4148 2233//4148
f 2224//4149 2233//4149 2232//4149
f 2225//4150 2226//4150 2234//4150
f 2225//4151 2234//4151 2233//4151
f 2226//4152 2227//4152 2235//4152
f 2226//4153 2235//4153 2234//4153
f 2227//4154 2221//4154 2229//4154
f 2227//4155 2229//4155 2235//4155
f 2229//4156 2228//4156 2236//4156
f 2229//4157 2236//4157 2237//4157
f 2228//4158 2230//4158 2238//4158
f 2228//4159 2238//4159 2236//4159
f 2230//4160 2231//4160 2239//4160
f 2230//4161 2239//4161 2238//4161
f 2231//4162 2232//4162 2240//4162
f 2231//4163 2240//4163 2239//4163
f 2232//4164 2233//4164 2241//4164
f 2232//4165 2241//4165 2240//4165
f 2233//4166 2234//4166 2242//4166
f 2233//4167 2242//4167 2241//4167
f 2234//4168 2235//4168 2243//4168
f 2234//4169 2243//4169 2242//4169
f 2235//4170 2229//4170 2237//4170
f 2235//4171 2237//4171 2243//4171
f 2237//4172 2236//4172 2244//4172
f 2237//4173 2244//4173 2245//4173
f 2236//4174 2238//4174 2246//4174
f 2236//4175 2246//4175 2244//4175
f 2238//4176 2239//4176 2247//4176
f 2238//4177 2247//4177 2246//4177
f 2239//4178 2240//4178 2248//4178
f 2239//4179 2248//4179 2247//4179
f 2240//4180 2241//4180 2249//4180
f 2240//4181 2249//4181 2248//4181
f 2241//4182 2242//4182 2250//4182
f 2241//4183 2250//4183 2249//4183
f 2242//4184 2243//4184 2251//4184
f 2242//4185 2251//4185 2250//4185
f 2243//4186 2237//4186 2245//4186
f 2243//4187 2245//4187 2251//4187
f 2245//4188 2244//4188 2252//4188
f 2245//4189 2252//4189 2253//4189
f 2244//4190 2246//4190 2254//4190
f 2244//4191 2254//4191 2252//4191
f 2246//4192 2247//4192 2255//4192
f 2246//4193 2255//4193 2254//4193
f 2247//4194 2248//4194 2256//4194
f 2247//4195 2256//4195 2255//4195
f 2248//4196 2249//4196 2257//4196
f 2248//4197 2257//4197 2256//4197
f 2249//4198 2250//4198 2258//4198
f 2249//4199 2258//4199 2257//4199
f 2250//4200 2251//4200 2259//4200
f 2250//4201 2259//4201 2258//4201
f 2251//4202 2245//4202 2253//4202
f 2251//4203 2253//4203 2259//4203
f 2253//4204 2252//4204 2260//4204
f 2253//4205 2260//4205 2261//4205
f 2252//4206 2254//4206 2262//4206
f 2252//4207 2262//4207 2260//4207
f 2254//4208 2255//4208 2263//4208
f 2254//4209 2263//4209 2262//4209
f 2255//4210 2256//4210 2264//4210
f 2255//4211 2264//4211 2263//4211
f 2256//4212 2257//4212 2265//4212
f 2256//4213 2265//4213 2264//4213
f 2257//4214 2258//4214 2266//4214
f 2257//4215 2266//4215 2265//4215
f 2258//4216 2259//4216 2267//4216
f 2258//4217 2267//4217 2266//4217
f 2259//4218 2253//4218 2261//4218
f 2259//4219 2261//4219 2267//4219
f 2261//4220 2260//4220 2268//4220
f 2261//4221 2268//4221 2269//4221
f 2260//4222 2262//4222 2270//4222
f 2260//4223 2270//4223 2268//4223
f 2262//4224 2263//4224 2271//4224
f 2262//4225 2271//4225 2270//4225
f 2263//4226 2264//4226 2272//4226
f 2263//4227 2272//4227 2271//4227
f 2264//4228 2265//4228 2273//4228
f 2264//4229 2273//4229 2272//4229
f 2265//4230 2266//4230 2274//4230
f 2265//4231 2274//4231 2273//4231
f 2266//4232 2267//4232 2275//4232
f 2266//4233 2275//4233 2274//4233
f 2267//4234 2261//4234 2269//4234
f 2267//4235 2269//4235 2275//4235
f 2269//4236 2268//4236 2276//4236
f 2268//4237 2270//4237 2276//4237
f 2270//4238 2271//4238 2276//4238
f 2271//4239 2272//4239 2276//4239
f 2272//4240 2273//4240 2276//4240
f 2273//4241 2274//4241 2276//4241
f 2274//4242 2275//4242 2276//4242
f 2275//4243 2269//4243 2276//4243
usemtl pigment_ff10008a
f 2277//4244 2278//4244 2279//4244
f 2277//4245 2279//4245 2280//4245
f 2278//4246 2281//4246 2282//4246
f 2278//4247 2282//4247 2279//4247
f 2281//4248 2283//4248 2284//4248
f 2281//4249 2284//4249 2282//4249
f 2283//4250 2285//4250 2286//4250
f 2283//4251 2286//4251 2284//4251
f 2285//4252 2287//4252 2288//4252
f 2285//4253 2288//4253 2286//4253
f 2287//4254 2289//4254 2290//4254
f 2287//4255 2290//4255 2288//4255
f 2289//4256 2291//4256 2292//4256
f 2289//4257 2292//4257 2290//4257
f 2291//4258 2277//4258 2280//4258
f 2291//4259 2280//4259 2292//4259
f 2280//4260 2279//4260 2293//4260
f 2280//4261 2293//4261 2294//4261
f 2279//4262 2282//4262 2295//4262
f 2279//4263 2295//4263 2293//4263
f 2282//4264 2284//4264 2296//4264
f 2282//4265 2296//4265 2295//4265
f 2284//4266 2286//4266 2297//4266
f 2284//4267 2297//4267 2296//4267
f 2286//4268 2288//4268 2298//4268
f 2286//4269 2298//4269 2297//4269
f 2288//4270 2290//4270 2299//4270
f 2288//4271 2299//4271 2298//4271
f 2290//4272 2292//4272 2300//4272
f 2290//4273 2300//4273 2299//4273
f 2292//4274 2280//4274 2294//4274
f 2292//4275 2294//4275 2300//4275
f 2294//4276 2293//4276 2301//4276
f 2294//4277 2301//4277 2302//4277
f 2293//4278 2295//4278 2303//4278
f 2293//4279 2303//4279 2301//4279
f 2295//4280 2296//4280 2304//4280
f 2295//4281 2304//4281 2303//4281
f 2296//4282 2297//4282 2305//4282
f 2296//4283 2305//4283 2304//4283
f 2297//4284 2298//4284 2306//4284
f 2297//4285 2306//4285 2305//4285
f 2298//4286 2299//4286 2307//4286
f 2298//4287 2307//4287 2306//4287
f 2299//4288 2300//4288 2308//4288
f 2299//4289 2308//4289 2307//4289
f 2300//4290 2294//4290 2302//4290
f 2300//4291 2302//4291 2308//4291
f 2302//4292 2301//4292 2309//4292
f 2302//4293 2309//4293 2310//4293
f 2301//4294 2303//4294 2311//4294
f 2301//4295 2311//4295 2309//4295
f 2303//4296 2304//4296 2312//4296
f 2303//4297 2312//4297 2311//4297
f 2304//4298 2305//4298 2313//4298
f 2304//4299 2313//4299 2312//4299
f 2305//4300 2306//4300 2314//4300
f 2305//4301 2314//4301 2313//4301
f 2306//4302 2307//4302 2315//4302
f 2306//4303 2315//4303 2314//4303
f 2307//4304 2308//4304 2316//4304
f 2307//4305 2316//4305 2315//4305
f 2308//4306 2302//4306 2310//4306
f 2308//4307 2310//4307 2316//4307
f 2310//4308 2309//4308 2317//4308
f 2310//4309 2317//4309 2318//4309
f 2309//4310 2311//4310 2319//4310
f 2309//4311 2319//4311 2317//4311
f 2311//4312 2312//4312 2320//4312
f 2311//4313 2320//4313 2319//4313
f 2312//4314 2313//4314 2321//4314
f 2312//4315 2321//4315 2320//4315
f 2313//4316 2314//4316 2322//4316
f 2313//4317 2322//4317 2321//4317
f 2314//4318 2315//4318 2323//4318
f 2314//4319 2323//4319 2322//4319
f 2315//4320 2316//4320 2324//4320
f 2315//4321 2324//4321 2323//4321
f 2316//4322 2310//4322 2318//4322
f 2316//4323 2318//4323 2324//4323
f 2318//4324 2317//4324 2325//4324
f 2318//4325 2325//4325 2326//4325
f 2317//4326 2319//4326 2327//4326
f 2317//4327 2327//4327 2325//4327
f 2319//4328 2320//4328 2328//4328
f 2319//4329 2328//4329 2327//4329
f 2320//4330 2321//4330 2329//4330
f 2320//4331 2329//4331 2328//4331
f 2321//4332 2322//4332 2330//4332
f 2321//4333 2330//4333 2329//4333
f 2322//4334 2323//4334 2331//4334
f 2322//4335 2331//4335 2330//4335
f 2323//4336 2324//4336 2332//4336
f 2323//4337 2332//4337 2331//4337
f 2324//4338 2318//4338 2326//4338
f 2324//4339 2326//4339 2332//4339
f 2326//4340 2325//4340 2333//4340
f 2326//4341 2333//4341 2334//4341
f 2325//4342 2327//4342 2335//4342
f 2325//4343 2335//4343 2333//4343
f 2327//4344 2328//4344 2336//4344
f 2327//4345 2336//4345 2335//4345
f 2328//4346 2329//4346 2337//4346
f 2328//4347 2337//4347 2336//4347
f 2329//4348 2330//4348 2338//4348
f 2329//4349 2338//4349 2337//4349
f 2330//4350 2331//4350 2339//4350
f 2330//4351 2339//4351 2338//4351
f 2331//4352 2332//4352 2340//4352
f 2331//4353 2340//4353 2339//4353
f 2332//4354 2326//4354 2334//4354
f 2332//4355 2334//4355 2340//4355
f 2334//4356 2333//4356 2341//4356
f 2334//4357 2341//4357 2342//4357
f 2333//4358 2335//4358 2343//4358
f 2333//4359 2343//4359 2341//4359
f 2335//4360 2336//4360 2344//4360
f 2335//4361 2344//4361 2343//4361
f 2336//4362 2337//4362 2345//4362
f 2336//4363 2345//4363 2344//4363
f 2337//4364 2338//4364 2346//4364
f 2337//4365 2346//4365 2345//4365
f 2338//4366 2339//4366 2347//4366
f 2338//4367 2347//4367 2346//4367
f 2339//4368 2340//4368 2348//4368
f 2339//4369 2348//4369 2347//4369
f 2340//4370 2334//4370 2342//4370
f 2340//4371 2342//4371 2348//4371
f 2342//4372 2341//4372 2349//4372
f 2341//4373 2343//4373 2349//4373
f 2343//4374 2344//4374 2349//4374
f 2344//4375 2345//4375 2349//4375
f 2345//4376 2346//4376 2349//4376
f 2346//4377 2347//4377 2349//4377
f 2347//4378 2348//4378 2349//4378
f 2348//4379 2342//4379 2349//4379
usemtl pigment_ff2364ff
f 2350//4380 2351//4380 2352//4380
f 2350//4381 2352//4381 2353//4381
f 2351//4382 2354//4382 2355//4382
f 2351//4383 2355//4383 2352//4383
f 2354//4384 2356//4384 2357//4384
f 2354//4385 2357//4385 2355//4385
f 2356//4386 2358//4386 2359//4386
f 2356//4387 2359//4387 2357//4387
f 2358//4388 2360//4388 2361//4388
f 2358//4389 2361//4389 2359//4389
f 2360//4390 2362//4390 2363//4390
f 2360//4391 2363//4391 2361//4391
f 2362//4392 2364//4392 2365//4392
f 2362//4393 2365//4393 2363//4393
f 2364//4394 2350//4394 2353//4394
f 2364//4395 2353//4395 2365//4395
f 2353//4396 2352//4396 2366//4396
f 2353//4397 2366//4397 2367//4397
f 2352//4398 2355//4398 2368//4398
f 2352//4399 2368//4399 2366//4399
f 2355//4400 2357//4400 2369//4400
f 2355//4401 2369//4401 2368//4401
f 2357//4402 2359//4402 2370//4402
f 2357//4403 2370//4403 2369//4403
f 2359//4404 2361//4404 2371//4404
f 2359//4405 2371//4405 2370//4405
f 2361//4406 2363//4406 2372//4406
f 2361//4407 2372//4407 2371//4407
f 2363//4408 2365//4408 2373//4408
f 2363//4409 2373//4409 2372//4409
f 2365//4410 2353//4410 2367//4410
f 2365//4411 2367//4411 2373//4411
f 2367//4412 2366//4412 2374//4412
f 2367//4413 2374//4413 2375//4413
f 2366//4414 2368//4414 2376//4414
f 2366//4415 2376//4415 2374//4415
f 2368//4416 2369//4416 2377//4416
f 2368//4417 2377//4417 2376//4417
f 2369//4418 2370//4418 2378//4418
f 2369//4419 2378//4419 2377//4419
f 2370//4420 2371//4420 2379//4420
f 2370//4421 2379//4421 2378//4421
f 2371//4422 2372//4422 2380//4422
f 2371//4423 2380//4423 2379//4423
f 2372//4424 2373//4424 2381//4424
f 2372//4425 2381//4425 2380//4425
f 2373//4426 2367//4426 2375//4426
f 2373//4427 2375//4427 2381//4427
f 2375//4428 2374//4428 2382//4428
f 2375//4429 2382//4429 2383//4429
f 2374//4430 2376//4430 2384//4430
f 2374//4431 2384//4431 2382//4431
f 2376//4432 2377//4432 2385//4432
f 2376//4433 2385//4433 2384//4433
f 2377//4434 2378//4434 2386//4434
f 2377//4435 2386//4435 2385//4435
f 2378//4436 2379//4436 2387//4436
f 2378//4437 2387//4437 2386//4437
f 2379//4438 2380//4438 2388//4438
f 2379//4439 2388//4439 2387//4439
f 2380//4440 2381//4440 2389//4440
f 2380//4441 2389//4441 2388//4441
f 2381//4442 2375//4442 2383//4442
f 2381//4443 2383//4443 2389//4443
f 2383//4444 2382//4444 2390//4444
f 2383//4445 2390//4445 2391//4445
f 2382//4446 2384//4446 2392//4446
f 2382//4447 2392//4447 2390//4447
f 2384//4448 2385//4448 2393//4448
f 2384//4449 2393//4449 2392//4449
f 2385//4450 2386//4450 2394//4450
f 2385//4451 2394//4451 2393//4451
f 2386//4452 2387//4452 2395//4452
f 2386//4453 2395//4453 2394//4453
f 2387//4454 2388//4454 2396//4454
f 2387//4455 2396//4455 2395//4455
f 2388//4456 2389//4456 2397//4456
f 2388//4457 2397//4457 2396//4457
f 2389//4458 2383//4458 2391//4458
f 2389//4459 2391//4459 2397//4459
f 2391//4460 2390//4460 2398//4460
f 2391//4461 2398//4461 2399//4461
f 2390//4462 2392//4462 2400//4462
f 2390//4463 2400//4463 2398//4463
f 2392//4464 2393//4464 2401//4464
f 2392//4465 2401//4465 2400//4465
f 2393//4466 2394//4466 2402//4466
f 2393//4467 2402//4467 2401//4467
f 2394//4468 2395//4468 2403//4468
f 2394//4469 2403//4469 2402//4469
f 2395//4470 2396//4470 2404//4470
f 2395//4471 2404//4471 2403//4471
f 2396//4472 2397//4472 2405//4472
f 2396//4473 2405//4473 2404//4473
f 2397//4474 2391//4474 2399//4474
f 2397//4475 2399//4475 2405//4475
f 2399//4476 2398//4476 2406//4476
f 2399//4477 2406//4477 2407//4477
f 2398//4478 2400//4478 2408//4478
f 2398//4479 2408//4479 2406//4479
f 2400//4480 2401//4480 2409//4480
f 2400//4481 2409//4481 2408//4481
f 2401//4482 2402//4482 2410//4482
f 2401//4483 2410//4483 2409//4483
f 2402//4484 2403//4484 2411//4484
f 2402//4485 2411//4485 2410//4485
f 2403//4486 2404//4486 2412//4486
f 2403//4487 2412//4487 2411//4487
f 2404//4488 2405//4488 2413//4488
f 2404//4489 2413//4489 2412//4489
f 2405//4490 2399//4490 2407//4490
f 2405//4491 2407//4491 2413//4491
f 2407//4492 2406//4492 2414//4492
f 2407//4493 2414//4493 2415//4493
f 2406//4494 2408//4494 2416//4494
f 2406//4495 2416//4495 2414//4495
f 2408//4496 2409//4496 2417//4496
f 2408//4497 2417//4497 2416//4497
f 2409//4498 2410//4498 2418//4498
f 2409//4499 2418//4499 2417//4499
f 2410//4500 2411//4500 2419//4500
f 2410//4501 2419//4501 2418//4501
f 2411//4502 2412//4502 2420//4502
f 2411//4503 2420//4503 2419//4503
f 2412//4504 2413//4504 2421//4504
f 2412//4505 2421//4505 2420//4505
f 2413//4506 2407//4506 2415//4506
f 2413//4507 2415//4507 2421//4507
f 2415//4508 2414//4508 2422//4508
f 2414//4509 2416//4509 2422//4509
f 2416//4510 2417//4510 2422//4510
f 2417//4511 2418//4511 2422//4511
f 2418//4512 2419//4512 2422//4512
f 2419//4513 2420//4513 2422//4513
f 2420//4514 2421//4514 2422//4514
f 2421//4515 2415//4515 2422//4515
usemtl pigment_ff2bb3e5
f 2423//4516 2424//4516 2425//4516
f 2423//4517 2425//4517 2426//4517
f 2423//4518 2426//4518 2424//4518
f 2424//4519 2425//4519 2426//4519
f 2427//4520 2428//4520 2429//4520
f 2427//4521 2429//4521 2430//4521
f 2427//4522 2430//4522 2428//4522
f 2428//4523 2429//4523 2430//4523
usemtl pigment_ff2364ff
f 2431//4524 2432//4524 2433//4524
f 2431//4525 2433//4525 2434//4525
f 2431//4526 2434//4526 2432//4526
f 2432//4527 2433//4527 2434//4527
f 2435//4528 2436//4528 2437//4528
f 2435//4529 2437//4529 2438//4529
f 2435//4530 2438//4530 2436//4530
f 2436//4531 2437//4531 2438//4531
f 2439//4532 2440//4532 2441//4532
f 2439//4533 2441//4533 2442//4533
f 2439//4534 2442//4534 2440//4534
f 2440//4535 2441//4535 2442//4535
usemtl pigment_ff2bb3e5
f 2443//4536 2444//4536 2445//4536
f 2443//4537 2445//4537 2446//4537
f 2443//4538 2446//4538 2444//4538
f 2444//4539 2445//4539 2446//4539
f 2447//4540 2448//4540 2449//4540
f 2447//4541 2449//4541 2450//4541
f 2447//4542 2450//4542 2448//4542
f 2448//4543 2449//4543 2450//4543
usemtl pigment_ff2364ff
f 2451//4544 2452//4544 2453//4544
f 2451//4545 2453//4545 2454//4545
f 2451//4546 2454//4546 2452//4546
f 2452//4547 2453//4547 2454//4547
usemtl pigment_ff2bb3e5
f 2455//4548 2456//4548 2457//4548
f 2455//4549 2457//4549 2458//4549
f 2455//4550 2458//4550 2456//4550
f 2456//4551 2457//4551 2458//4551
usemtl pigment_ff2364ff
f 2459//4552 2460//4552 2461//4552
f 2459//4553 2461//4553 2462//4553
f 2459//4554 2462//4554 2460//4554
f 2460//4555 2461//4555 2462//4555
usemtl pigment_ff2bb3e5
f 2463//4556 2464//4556 2465//4556
f 2463//4557 2465//4557 2466//4557
f 2463//4558 2466//4558 2464//4558
f 2464//4559 2465//4559 2466//4559
usemtl pigment_ff2364ff
f 2467//4560 2468//4560 2469//4560
f 2467//4561 2469//4561 2470//4561
f 2467//4562 2470//4562 2468//4562
f 2468//4563 2469//4563 2470//4563
f 2471//4564 2472//4564 2473//4564
f 2471//4565 2473//4565 2474//4565
f 2471//4566 2474//4566 2472//4566
f 2472//4567 2473//4567 2474//4567
usemtl pigment_ff2bb3e5
f 2475//4568 2476//4568 2477//4568
f 2475//4569 2477//4569 2478//4569
f 2475//4570 2478//4570 2476//4570
f 2476//4571 2477//4571 2478//4571
