# Kabbalah adventure: smoke-state-00
# One settled state of the procedural volumetric smoke. The game regenerates the other states; no idle animation.
# Actual runtime triangles; +Y up; metres; no image planes or textures.
# Base inks are semantic materials. The game maps them to its discrete lighting palette.
mtllib smoke-state-00.mtl
v 242.8 2.24 161.577061
v 242.991724 2.24 161.532076
v 242.984622 3.34 161.573831
v 242.772222 3.34 161.630744
v 243.118275 2.24 161.383756
v 243.14011 3.34 161.418344
v 243.115874 2.24 161.2
v 243.197022 3.34 161.205944
v 243.101733 2.24 161.025795
v 243.14011 3.34 160.993544
v 243.008244 2.24 160.839311
v 242.985618 3.34 160.836331
v 242.8 2.24 160.861143
v 242.772222 3.34 160.781144
v 242.633777 2.24 160.912094
v 242.559822 3.34 160.838056
v 242.498267 2.24 161.025795
v 242.404335 3.34 160.993544
v 242.400031 2.24 161.2
v 242.347422 3.34 161.205944
v 242.481725 2.24 161.383756
v 242.404335 3.34 161.418344
v 242.6488 2.24 161.461886
v 242.559822 3.34 161.573831
v 243.031037 4.44 161.682996
v 242.757437 4.44 161.756307
v 243.231326 4.44 161.482707
v 243.304637 4.44 161.209107
v 243.231326 4.44 160.935507
v 243.031037 4.44 160.735218
v 242.757437 4.44 160.661907
v 242.483837 4.44 160.735218
v 242.283548 4.44 160.935507
v 242.210237 4.44 161.209107
v 242.283548 4.44 161.482707
v 242.483837 4.44 161.682996
v 243.112249 5.54 161.896679
v 242.719915 5.54 162.212832
v 243.315201 5.54 161.560825
v 243.495904 5.54 161.217136
v 243.526167 5.54 160.751646
v 243.149289 5.54 160.473438
v 242.719915 5.54 160.547536
v 242.310862 5.54 160.508635
v 241.92363 5.54 160.757401
v 241.884801 5.54 161.217136
v 242.12921 5.54 161.55818
v 242.352404 5.54 161.853684
v 243.181815 6.64 162.20397
v 242.623925 6.64 162.607073
v 243.588572 6.64 161.794615
v 243.779521 6.64 161.237676
v 243.805594 6.64 160.555439
v 243.212277 6.64 160.21862
v 242.623925 6.64 160.224723
v 241.98981 6.64 160.139357
v 241.52534 6.64 160.603408
v 241.394713 6.64 161.237676
v 241.740292 6.64 161.747842
v 242.021444 6.64 162.281203
v 243.063739 7.74 162.212482
v 242.514457 7.74 162.60692
v 243.473668 7.74 161.8149
v 243.655714 7.74 161.261099
v 243.680151 7.74 160.588085
v 243.092577 7.74 160.259766
v 242.514457 7.74 160.253394
v 241.88627 7.74 160.173046
v 241.434618 7.74 160.637654
v 241.301506 7.74 161.261099
v 241.641502 7.74 161.7651
v 241.914764 7.74 162.299798
v 242.658832 8.84 162.334248
v 242.091501 8.84 162.753226
v 243.051501 8.84 161.905857
v 243.256639 8.84 161.351601
v 243.286354 8.84 160.661752
v 242.694134 8.84 160.30781
v 242.091501 8.84 160.314801
v 241.456422 8.84 160.251612
v 240.967751 8.84 160.702804
v 240.849544 8.84 161.351601
v 241.193606 8.84 161.870001
v 241.492799 8.84 162.388584
v 241.565315 9.94 162.754976
v 240.902023 9.94 163.082088
v 241.990966 9.94 162.234822
v 242.577442 9.94 161.60612
v 242.274118 9.94 160.81394
v 241.509159 9.94 160.554529
v 240.902023 9.94 160.169744
v 240.101462 9.94 160.219509
v 239.556116 9.94 160.82906
v 239.645499 9.94 161.60612
v 239.735088 9.94 162.27985
v 240.035628 9.94 163.106759
v 240.306926 11.04 163.683809
v 239.304702 11.04 164.121225
v 241.308714 11.04 163.104923
v 241.756454 11.04 161.947907
v 241.337921 11.04 160.774027
v 240.253351 11.04 160.304798
v 239.304702 11.04 159.594307
v 238.04064 11.04 159.758487
v 237.417906 11.04 160.858565
v 237.223599 11.04 161.947907
v 237.411913 11.04 163.040709
v 237.98391 11.04 164.235585
v 238.72225 12.14 164.010089
v 237.726604 12.14 164.429584
v 239.814918 12.14 163.491269
v 240.141286 12.14 162.28558
v 239.735821 12.14 161.125558
v 238.677646 12.14 160.638328
v 237.726604 12.14 159.896532
v 236.455792 12.14 160.084468
v 235.888419 12.14 161.224304
v 235.608481 12.14 162.28558
v 235.810268 12.14 163.391978
v 236.411299 12.14 164.563757
v 237.661497 13.24 164.423213
v 236.570196 13.24 164.878527
v 238.874397 13.24 163.863354
v 239.210486 13.24 162.533023
v 238.769339 13.24 161.263347
v 237.614727 13.24 160.723841
v 236.570196 13.24 159.903596
v 235.173708 13.24 160.114236
v 234.568164 13.24 161.377149
v 234.238095 13.24 162.533023
v 234.461847 13.24 163.750278
v 235.127677 13.24 165.031539
v 236.906458 14.34 164.468931
v 235.874684 14.34 164.917382
v 237.984661 14.34 163.900041
v 238.396349 14.34 162.681845
v 237.966422 14.34 161.474179
v 236.853155 14.34 160.987083
v 235.874684 14.34 160.242593
v 234.569847 14.34 160.421802
v 233.933613 14.34 161.561167
v 233.714862 14.34 162.681845
v 233.915436 14.34 163.813017
v 234.514379 14.34 165.037962
v 236.930022 15.44 165.288444
v 235.474535 15.44 165.007584
v 237.944277 15.44 164.193373
v 238.123029 15.44 162.767467
v 237.687778 15.44 161.48965
v 236.737332 15.44 160.580238
v 235.474535 15.44 159.58905
v 234.227585 15.44 160.607687
v 233.282845 15.44 161.502094
v 232.742753 15.44 162.767467
v 233.017854 15.44 164.185833
v 234.051763 15.44 165.23178
v 236.917013 16.54 165.707753
v 235.246013 16.54 165.374394
v 238.150196 16.54 164.490227
v 238.14106 16.54 162.813496
v 237.692028 16.54 161.401289
v 236.777466 16.54 160.160942
v 235.246013 16.54 159.241191
v 233.84981 16.54 160.395202
v 232.8368 16.54 161.422536
v 232.006073 16.54 162.813496
v 232.379038 16.54 164.468745
v 233.710532 16.54 165.473029
v 236.809851 17.64 165.602497
v 235.17432 17.64 165.276258
v 238.016874 17.64 164.410824
v 238.009534 17.64 162.769675
v 237.569299 17.64 161.386933
v 236.673659 17.64 160.172743
v 235.17432 17.64 159.272688
v 233.807498 17.64 160.402269
v 232.815155 17.64 161.40761
v 232.002994 17.64 162.769675
v 232.368241 17.64 164.389765
v 233.670129 17.64 165.37501
v 236.794192 18.74 165.732363
v 235.024847 18.74 165.381305
v 238.087276 18.74 164.435861
v 238.113377 18.74 162.667766
v 237.630337 18.74 161.163486
v 236.630737 18.74 159.886283
v 235.024847 18.74 158.872166
v 233.540504 18.74 160.09681
v 232.456598 18.74 161.184987
v 231.613575 18.74 162.667766
v 231.997619 18.74 164.415537
v 233.384061 18.74 165.50969
v 236.777051 19.84 165.941218
v 234.796661 19.84 165.999555
v 237.611459 19.84 164.136206
v 238.19811 19.84 162.511081
v 238.037678 19.84 160.639879
v 236.590124 19.84 159.404711
v 234.796661 19.84 158.901613
v 233.242769 19.84 159.819662
v 231.47178 19.84 160.591461
v 231.084801 19.84 162.511081
v 231.864301 19.84 164.20408
v 233.083896 19.84 165.477677
v 236.936352 20.94 166.597108
v 234.461108 20.94 166.689318
v 237.761536 20.94 164.215363
v 238.488404 20.94 162.30986
v 238.334065 20.94 160.073807
v 236.792179 20.94 158.272327
v 234.461108 20.94 158.111394
v 232.647715 20.94 159.168971
v 230.330806 20.94 159.925229
v 229.904244 20.94 162.30986
v 230.898104 20.94 164.366962
v 232.513492 20.94 165.683231
v 236.426074 22.04 166.154547
v 234.06196 22.04 166.244604
v 237.200166 22.04 163.871625
v 237.892833 22.04 162.05978
v 237.747754 22.04 159.931786
v 236.299595 22.04 158.184082
v 234.06196 22.04 158.068683
v 232.337969 22.04 159.073741
v 230.119546 22.04 159.783627
v 229.717083 22.04 162.05978
v 230.667481 22.04 164.019583
v 232.211176 22.04 165.265432
v 236.128661 23.14 166.171385
v 233.587135 23.14 166.27069
v 236.932049 23.14 163.700519
v 237.675986 23.14 161.769332
v 237.526193 23.14 159.495115
v 236.004152 23.14 157.582935
v 233.587135 23.14 157.520277
v 231.75084 23.14 158.588776
v 229.352152 23.14 159.324264
v 228.926916 23.14 161.769332
v 229.951225 23.14 163.868525
v 231.623434 23.14 165.170561
v 235.576051 24.24 165.896678
v 233.009358 24.24 165.990165
v 236.458307 24.24 163.442288
v 237.21257 24.24 161.451037
v 237.046726 24.24 159.120062
v 235.417563 24.24 157.279903
v 233.009358 24.24 157.059021
v 231.113187 24.24 158.166772
v 228.723596 24.24 158.97665
v 228.274625 24.24 161.451037
v 229.302751 24.24 163.591048
v 230.965825 24.24 164.99054
v 234.719612 25.34 165.226221
v 232.342686 25.34 165.310647
v 235.548294 25.34 162.960024
v 236.246603 25.34 161.109265
v 236.090859 25.34 158.945256
v 234.55435 25.34 157.278551
v 232.342686 25.34 157.02372
v 230.579489 25.34 158.055319
v 228.371469 25.34 158.816482
v 227.951933 25.34 161.109265
v 228.903755 25.34 163.094733
v 230.433477 25.34 164.416112
v 232.670169 26.44 162.765442
v 231.516434 26.44 163.452031
v 234.111685 26.44 162.265483
v 234.999787 26.44 160.767115
v 234.278077 26.44 159.172679
v 232.830648 26.44 158.490831
v 231.516434 26.44 157.323246
v 230.052158 26.44 158.230914
v 228.76611 26.44 159.179214
v 228.813341 26.44 160.767115
v 228.986898 26.44 162.227544
v 229.803147 26.44 163.734615
v 231.109202 27.54 162.507776
v 229.97945 27.54 163.180392
v 232.018988 27.54 161.728516
v 233.389688 27.54 160.550988
v 232.68337 27.54 158.989879
v 231.266043 27.54 158.322544
v 229.97945 27.54 158.459413
v 228.712527 27.54 158.356614
v 227.282644 27.54 158.993986
v 227.333779 27.54 160.550988
v 227.503651 27.54 161.980391
v 228.609952 27.54 162.923029
v 229.050682 28.64 162.536212
v 227.843764 28.64 163.250967
v 230.060707 28.64 161.72572
v 231.497558 28.64 160.445768
v 230.736878 28.64 158.775428
v 229.222869 28.64 158.057088
v 227.843764 28.64 158.182359
v 226.473841 28.64 158.072992
v 224.997438 28.64 158.802441
v 224.98861 28.64 160.445768
v 225.169364 28.64 161.989833
v 226.366336 28.64 163.004749
v 226.662632 29.74 162.254421
v 225.570051 29.74 162.894945
v 227.616034 29.74 161.543263
v 228.893188 29.74 160.362014
v 228.196006 29.74 158.845919
v 226.825142 29.74 158.188134
v 225.570051 29.74 158.283081
v 224.312573 29.74 158.183999
v 223.079133 29.74 158.923882
v 222.953311 29.74 160.362014
v 223.117097 29.74 161.778228
v 224.21637 29.74 162.706659
v 223.589038 30.84 160.216857
v 224.752121 30.84 160.888364
v 222.133671 31.94 159.969796
v 237.058927 24.217981 152.021402
v 235.161726 24.713537 150.138998
v 236.524782 25.882653 149.731436
v 234.258193 24.59461 151.836995
v 234.902845 25.882653 153.244161
v 236.401123 27.188847 152.842079
v 237.119528 27.06992 151.027353
v 235.655503 23.767792 149.818703
v 235.636637 26.112509 148.208149
v 234.475842 23.529278 152.541551
v 233.131073 26.112509 153.634595
v 233.072002 28.732143 151.917491
v 234.397905 28.493629 149.213893
v 231.779532 25.270461 147.902604
v 234.42252 26.758535 147.390839
v 230.233002 25.119088 150.721797
v 231.713185 26.758535 153.258604
v 234.624978 28.421085 152.775814
v 235.787783 28.269712 149.727242
v 230.553592 28.383193 147.619796
v 232.891827 29.355056 147.259156
v 229.253333 28.284332 149.957391
v 230.638979 29.355056 152.138281
v 233.21721 30.440868 151.809343
v 234.1698 30.342006 149.267813
v 229.736924 31.409815 147.697255
v 231.228773 32.230458 147.414136
v 228.868218 31.326336 149.278794
v 229.708467 32.230458 150.70675
v 231.352181 33.147321 150.440365
v 232.003781 33.063842 148.729289
v 229.106887 32.515277 147.76348
v 229.640987 33.374041 147.406102
v 228.607032 32.42792 148.764733
v 228.696243 33.374041 149.45219
v 229.278639 34.333495 149.083937
v 229.723528 34.246138 148.039102
v 227.830129 33.591627 147.478902
v 228.093531 34.000514 147.310725
v 227.589569 33.550034 147.958976
v 227.640235 34.000514 148.292453
v 227.927647 34.457343 148.119444
v 228.140382 34.41575 147.617789
v 226.564368 34.569357 147.175728
v 208.153018 39.91202 158.252839
v 207.359653 38.619805 158.023255
v 206.953982 39.829565 157.875679
v 208.233571 38.790271 159.00709
v 208.67491 39.829565 159.732547
v 207.961372 40.783762 159.191492
v 207.114363 40.954228 158.318458
v 206.916332 37.863243 157.908465
v 206.092735 39.667919 157.862991
v 208.238611 38.117538 159.454006
v 208.751219 39.667919 160.731475
v 207.493629 41.091357 160.039602
v 206.157424 41.345652 158.716659
v 206.115922 37.490329 158.529057
v 205.542533 39.529243 158.185917
v 207.590433 37.77763 160.158871
v 208.417224 39.529243 161.287688
v 207.307539 41.137435 160.307681
v 205.90736 41.424736 158.835723
v 205.682095 37.796041 159.20268
v 205.294408 39.498218 158.834783
v 206.920725 38.035892 160.546257
v 207.684752 39.498218 161.413948
v 206.832308 40.840809 160.53393
v 205.680594 41.080661 159.298343
v 205.490338 38.337989 159.816177
v 205.172584 39.482585 159.619927
v 206.318302 38.499273 160.730203
v 206.785677 39.482585 161.360442
v 206.166144 40.385383 160.807604
v 205.381015 40.546667 159.981114
v 205.248283 38.675552 160.382904
v 204.978938 39.371369 160.327575
v 205.752665 38.773599 160.960284
v 205.981342 39.371369 161.409162
v 205.539652 39.920195 161.118168
v 205.04163 40.018241 160.613961
v 204.87538 38.89755 161.020862
v 204.746809 39.231614 160.993701
v 205.11748 38.944622 161.297807
v 205.22777 39.231614 161.512654
v 205.016367 39.495107 161.372549
v 204.777505 39.54218 161.13054
v 204.497225 39.088678 161.640992
v 226.350313 42.432626 165.206406
v 224.189576 42.330325 164.344063
v 225.382342 43.546664 163.759762
v 224.577691 42.604171 166.0937
v 225.596335 43.546664 167.126349
v 226.367511 44.386694 165.895719
v 226.541633 44.660541 164.278769
v 225.334563 41.162922 163.726656
v 224.457833 43.70049 162.996881
v 225.321896 41.73423 166.468405
v 224.78841 43.70049 168.197573
v 224.101706 45.452987 166.415873
v 223.758463 46.024295 163.95693
v 221.174107 42.619366 163.865515
v 223.573346 44.132826 162.863624
v 221.914014 42.960106 166.782342
v 223.930807 44.132826 168.487275
v 225.499952 45.178053 166.413734
v 225.882398 45.518793 163.706909
v 220.584505 44.893461 164.184351
v 222.727727 45.870479 163.341843
v 221.233119 45.113427 166.607609
v 223.024961 45.870479 168.017984
v 224.43209 46.545229 166.2873
v 224.78347 46.765195 164.034418
v 220.542661 46.960997 164.638516
v 221.898358 47.794767 164.075721
v 220.959966 47.148712 166.275118
v 222.098943 47.794767 167.231355
v 222.985936 48.370587 166.067404
v 223.202656 48.558302 164.548372
v 220.680458 47.635937 164.984507
v 221.059748 48.560081 164.664217
v 220.835502 47.843999 166.008148
v 221.184395 48.560081 166.625183
v 221.415718 49.198314 165.922215
v 221.446115 49.406375 164.984891
v 220.025151 48.539945 165.329068
v 220.216187 48.979332 165.174815
v 220.101579 48.638869 165.820089
v 220.275994 48.979332 166.115701
v 220.393234 49.282781 165.778015
v 220.409857 49.381704 165.32815
v 219.37038 49.360015 165.650078
v 216.122393 52.67704 154.966505
v 214.010855 52.44128 153.827271
v 215.178275 53.567149 153.144323
v 213.956876 52.577114 155.529075
v 214.814998 53.567149 156.471172
v 215.82981 54.526902 155.709152
v 216.139108 54.662737 154.084106
v 211.893453 54.177004 153.101024
v 214.149716 55.312113 152.095455
v 211.864701 54.313953 155.735929
v 213.588526 55.312113 157.23476
v 215.542225 56.279744 156.099746
v 216.074662 56.416694 153.595347
v 211.656286 54.513101 152.960966
v 213.043399 56.809126 151.758673
v 211.498195 54.790114 155.796295
v 212.436569 56.809126 157.315945
v 213.651825 58.766386 155.990638
v 214.100563 59.043398 153.268694
v 211.484478 54.986172 153.197945
v 211.861567 57.144045 152.113452
v 211.259361 55.246517 155.545331
v 211.35698 57.144045 156.734398
v 211.705708 58.983535 155.560125
v 211.985179 59.24388 153.286565
v 209.898377 56.009207 153.435145
v 210.648162 57.312808 152.757374
v 209.806219 56.166485 155.025773
v 210.307648 57.312808 155.87576
v 210.965213 58.424069 155.129422
v 211.213569 58.581347 153.601665
v 208.67181 57.973654 153.623657
v 209.452711 58.513379 153.236872
v 208.652542 58.038771 154.616251
v 209.24111 58.513379 155.174692
v 209.918232 58.97347 154.740224
v 210.110565 59.038587 153.794998
v 207.893738 59.760983 153.814021
v 208.26688 60.022041 153.628271
v 207.884307 59.792479 154.290255
v 208.165352 60.022041 154.558051
v 208.488928 60.244581 154.349447
v 208.581026 60.276077 153.8959
v 207.085413 61.565039 153.979707
v 212.642677 65.469659 176.856136
v 211.328836 64.708301 177.523933
v 210.803334 65.601653 176.945548
v 212.138096 64.58407 178.279039
v 212.492943 65.601653 178.49399
v 212.280411 66.686776 178.18165
v 211.400062 66.562545 177.388314
v 210.309226 64.235898 178.219278
v 209.398787 65.619878 177.43343
v 211.573087 64.04344 179.370796
v 212.008889 65.619878 179.825458
v 211.56075 67.300951 179.473701
v 210.214508 67.108493 178.233189
v 209.224 64.186284 179.307228
v 208.394613 65.671102 178.288233
v 210.569079 63.979804 180.575929
v 211.216988 65.671102 180.874799
v 210.920792 67.474659 180.288869
v 209.443495 67.268178 178.971004
v 208.429072 64.651359 180.390165
v 207.77927 65.876982 179.49938
v 209.541982 64.480922 181.451153
v 210.126112 65.876982 181.650144
v 209.928218 67.365704 181.110126
v 208.694286 67.195267 180.02035
v 207.79008 65.27214 181.433293
v 207.326498 66.104975 180.859516
v 208.5446 65.156325 182.145482
v 208.910234 66.104975 182.310932
v 208.746234 67.11659 181.979738
v 207.917017 67.000775 181.240512
v 207.103412 65.673939 182.454323
v 206.781278 66.19565 182.134928
v 207.57702 65.601389 182.891722
v 207.76544 66.19565 183.036863
v 207.62216 66.829355 182.876191
v 207.111607 66.756805 182.411656
v 206.340758 65.99502 183.518551
v 206.186524 66.245324 183.364945
v 206.567953 65.960212 183.728469
v 206.658732 66.245324 183.7977
v 206.590385 66.54936 183.720173
v 206.345372 66.514552 183.497335
v 205.569301 66.290428 184.57437
v 219.541814 69.290737 175.104681
v 217.553874 68.683048 173.371418
v 218.525964 70.030717 172.767417
v 216.96244 68.761553 174.956523
v 217.269725 70.030717 175.908281
v 218.148599 71.29988 175.430946
v 218.813404 71.378385 173.875187
v 215.163196 69.817156 171.904125
v 217.207037 71.481368 171.187911
v 214.281133 69.914101 174.365421
v 215.266403 71.481368 176.039908
v 217.134661 73.048635 175.506736
v 218.193231 73.145579 173.116036
v 214.398758 70.301278 171.480511
v 215.609028 72.725888 170.306167
v 213.386718 70.442518 174.118685
v 213.510567 72.725888 175.552765
v 214.589216 75.009258 174.599643
v 215.675637 75.150497 171.991219
v 213.143797 70.912752 171.242608
v 213.739983 73.004318 170.102072
v 212.278379 71.034591 173.426728
v 211.995085 73.004318 174.464688
v 212.50572 74.974044 173.517657
v 213.3852 75.095883 171.339161
v 211.095909 71.7789 170.847237
v 211.757617 73.144616 170.181304
v 210.527002 71.858456 172.327205
v 210.580095 73.144616 173.125359
v 211.168961 74.430776 172.583967
v 211.777576 74.510332 171.119881
v 209.168089 73.426004 170.409088
v 209.839692 74.142693 170.099419
v 208.829729 73.467753 171.334833
v 209.107959 74.142693 171.928906
v 209.719128 74.817634 171.690562
v 210.112501 74.859383 170.786821
v 207.635932 75.051599 170.080539
v 207.956295 75.396898 169.931207
v 207.473475 75.071713 170.524675
v 207.605204 75.396898 170.809008
v 207.896679 75.722083 170.693942
v 208.085314 75.742197 170.260276
v 206.08856 76.679647 169.723836
v 193.192197 82.397426 174.554206
v 191.118437 82.704072 175.031822
v 191.102341 83.476368 174.118634
v 191.53859 82.537314 176.06198
v 192.140257 83.476368 176.193524
v 192.454226 84.49367 175.660666
v 191.836463 84.326911 174.615934
v 190.046821 82.30382 175.262932
v 189.282216 83.625347 174.222279
v 190.855601 82.018468 176.774416
v 190.885586 83.625347 177.427563
v 190.396184 85.366121 177.091837
v 189.601595 85.080769 175.398038
v 187.504021 82.924839 176.464587
v 187.710467 84.044062 174.822449
v 188.155476 82.683169 178.210598
v 189.444235 84.044062 178.288411
v 190.276053 85.518354 177.244562
v 189.19374 85.276685 175.524611
v 186.083795 84.930758 177.332558
v 186.379933 85.726972 175.904832
v 186.59861 84.758835 178.797834
v 187.821584 85.726972 178.786825
v 188.677218 86.775781 177.836831
v 187.750382 86.603858 176.420114
v 185.027483 86.969041 178.113756
v 185.150252 87.590637 177.188829
v 185.391542 86.834823 179.094254
v 186.123132 87.590637 179.133705
v 186.599017 88.409431 178.5434
v 185.990197 88.275212 177.579022
v 183.981599 87.838413 178.835563
v 183.86322 88.331839 178.358176
v 184.249866 87.73187 179.423835
v 184.467785 88.331839 179.566756
v 184.507081 88.981802 179.328203
v 184.170783 88.875259 178.707894
v 182.599755 88.501761 179.696399
v 182.545459 88.737882 179.466093
v 182.72793 88.450776 179.978927
v 182.835534 88.737882 180.045979
v 182.857687 89.048911 179.929869
v 182.695788 88.997927 179.632511
v 181.21376 89.106572 180.546145
v 234.343752 91.334086 198.899649
v 232.156705 90.381753 199.373428
v 231.774275 91.2102 198.673374
v 232.635492 90.118336 200.376412
v 232.745115 91.2102 200.794483
v 232.517387 92.397295 200.491076
v 232.025334 92.133877 199.37295
v 230.111251 89.69572 200.022401
v 229.446366 90.967333 198.974879
v 230.874443 89.291391 201.561022
v 230.946116 90.967333 202.251562
v 230.48813 92.789449 201.831465
v 229.751572 92.38512 200.093402
v 227.942411 89.372931 200.948848
v 227.340897 90.758977 199.762378
v 228.730329 88.932217 202.629693
v 228.962619 90.758977 203.305546
v 228.635675 92.745065 202.774256
v 227.801871 92.304351 200.911933
v 225.920248 89.55904 202.022789
v 225.451458 90.712362 201.021862
v 226.565435 89.192324 203.425001
v 226.799941 90.712362 203.968053
v 226.573044 92.364977 203.5057
v 225.869748 91.99826 201.961721
v 223.988458 89.911055 203.145103
v 223.652342 90.688874 202.478685
v 224.430137 89.663736 204.088492
v 224.562348 90.688874 204.466884
v 224.380915 91.803423 204.167831
v 223.912588 91.556103 203.12302
v 222.036767 90.040319 204.225497
v 221.801862 90.521777 203.823289
v 222.319513 89.887233 204.807945
v 222.367356 90.521777 205.058791
v 222.217303 91.211665 204.89003
v 221.934555 91.058578 204.236977
v 220.036324 90.080766 205.300861
v 219.923863 90.311799 205.107766
v 220.171909 90.007306 205.580361
v 220.195191 90.311799 205.700569
v 220.123549 90.64285 205.619434
v 219.987805 90.569389 205.30613
v 218.033379 90.097042 206.364969
v 216.301968 96.698792 181.354185
v 213.981604 97.090787 179.767232
v 214.699065 98.107323 179.316663
v 213.441689 96.98738 181.038308
v 213.708926 98.107323 181.914816
v 214.495495 99.243048 181.450816
v 214.945719 99.139642 180.12374
v 212.770971 96.567639 178.923051
v 212.880057 98.301811 177.846208
v 212.038559 96.391232 180.925343
v 211.350494 98.301811 181.859825
v 211.449176 100.239314 180.717585
v 212.246328 100.062907 178.70626
v 209.344425 97.370322 177.528936
v 210.862054 98.848434 176.897921
v 208.410068 97.219962 179.639809
v 209.208094 98.848434 181.237957
v 210.878584 100.499854 180.598768
v 211.598186 100.349495 178.369606
v 207.217011 99.991016 176.915958
v 208.650791 101.045431 176.456752
v 206.4226 99.883757 178.664515
v 207.275502 101.045431 180.065549
v 208.856537 102.223475 179.607226
v 209.437414 102.116215 177.746986
v 205.497605 102.657311 176.578065
v 206.358726 103.478398 176.22761
v 204.972334 102.573786 177.762183
v 205.43063 103.478398 178.66296
v 206.378645 104.395757 178.308344
v 206.78147 104.312232 177.057112
v 203.84242 103.798314 176.196637
v 204.112611 104.446019 175.877897
v 203.542957 103.732427 176.942739
v 203.535875 104.446019 177.391266
v 203.829 105.169666 177.058103
v 204.106272 105.103779 176.290835
v 201.758094 104.666122 175.615226
v 201.891115 104.976097 175.463581
v 201.614065 104.63459 175.97308
v 201.614393 104.976097 176.189707
v 201.758814 105.322417 176.031292
v 201.891507 105.290885 175.66302
v 199.680786 105.457413 175.019961
v 216.667272 97.403278 168.868758
v 215.712595 97.254824 169.103173
v 215.716099 97.788522 168.682419
v 216.087417 97.200534 169.705183
v 216.511673 97.788522 169.868234
v 216.527652 98.384795 169.41613
v 216.106901 98.330505 168.832325
v 215.34433 96.948621 169.129011
v 214.938566 97.841716 168.754894
v 215.96518 96.857771 170.030932
v 216.167565 97.841716 170.586737
v 215.732863 98.839525 170.196534
v 215.124714 98.748676 169.266613
v 214.172744 97.197802 169.864018
v 214.320925 97.991221 169.065691
v 214.784381 97.117092 170.879348
v 215.649876 97.991221 171.046513
v 215.835583 98.877668 170.184619
v 215.118268 98.796958 169.219127
v 213.653742 98.015233 170.326513
v 213.858567 98.592115 169.607939
v 214.154024 97.95655 171.176343
v 214.963607 98.592115 171.255019
v 215.209204 99.236637 170.47717
v 214.604446 99.177954 169.67992
v 213.373575 98.816182 170.697887
v 213.461133 99.25755 170.246959
v 213.716337 98.771284 171.267926
v 214.206855 99.25755 171.358469
v 214.315988 99.750668 170.871525
v 213.913029 99.70577 170.330053
v 213.086749 99.187974 171.034425
v 213.02678 99.522201 170.830948
v 213.311382 99.153975 171.380851
v 213.490184 99.522201 171.52166
v 213.430211 99.895616 171.3048
v 213.19144 99.861617 170.960514
v 212.600029 99.507144 171.484014
v 212.572644 99.667181 171.385452
v 212.707669 99.490864 171.650326
v 212.794989 99.667181 171.716861
v 212.767765 99.845984 171.611769
v 212.65306 99.829704 171.446673
v 212.109535 99.798825 171.926582
v 226.306094 109.137968 187.99218
v 225.279505 108.25975 188.433121
v 225.048141 109.070629 188.309466
v 225.923316 108.37401 189.0227
v 226.29836 109.070629 189.431396
v 225.829954 109.71021 189.077284
v 225.223545 109.82447 188.544933
v 224.453105 107.696186 188.971006
v 224.035584 108.938619 188.846967
v 225.439191 107.871255 189.891224
v 225.966918 108.938619 190.580121
v 225.195915 109.918587 190.085923
v 224.250667 110.093657 189.272987
v 223.605118 107.468111 189.827632
v 223.248995 108.825367 189.587248
v 224.684836 107.65936 190.807716
v 225.3374 108.825367 191.461355
v 224.578902 109.895901 190.843155
v 223.570216 110.087151 189.949132
v 222.952427 107.67044 190.752822
v 222.68186 108.800029 190.524464
v 223.853827 107.829609 191.563763
v 224.418396 108.800029 192.082809
v 223.807851 109.690992 191.546307
v 222.972715 109.850161 190.798903
v 222.40516 108.025584 191.68019
v 222.206478 108.787262 191.544019
v 223.011191 108.132911 192.22997
v 223.378357 108.787262 192.595648
v 222.953646 109.388035 192.247741
v 222.387797 109.495362 191.745892
v 221.823553 108.225488 192.577782
v 221.67892 108.696436 192.516751
v 222.197168 108.291849 192.922748
v 222.407146 108.696436 193.170252
v 222.126527 109.067897 192.972662
v 221.771916 109.134257 192.664128
v 221.1926 108.356306 193.493902
v 221.123405 108.582303 193.464395
v 221.371892 108.388151 193.659388
v 221.472814 108.582303 193.77795
v 221.338328 108.760558 193.682968
v 221.168212 108.792403 193.5349
v 220.555209 108.465572 194.400659
v 184.883704 116.485194 180.427188
v 183.197242 116.20683 180.474912
v 183.385809 116.906366 180.174738
v 183.460763 116.305401 181.234633
v 183.823768 116.906366 181.657118
v 183.872342 117.458124 181.081344
v 183.697905 117.556695 180.358686
v 181.416725 116.802939 180.755506
v 181.973877 117.732028 180.213253
v 181.861274 116.933856 181.918054
v 182.650435 117.732028 182.503229
v 182.935164 118.464847 181.551824
v 182.703155 118.595764 180.424396
v 180.500989 117.218 180.969452
v 180.641103 118.440367 180.519697
v 180.916543 117.390242 182.245794
v 181.372684 118.440367 182.995911
v 181.315891 119.404509 182.074872
v 180.999864 119.576752 180.875001
v 179.43073 117.560517 181.412452
v 179.385206 118.59884 181.086346
v 179.753437 117.706826 182.480493
v 179.993524 118.59884 183.145351
v 179.818498 119.417817 182.417253
v 179.532886 119.564126 181.42629
v 178.089886 117.991244 182.012076
v 178.16145 118.678694 181.761788
v 178.322073 118.088111 182.728572
v 178.571966 118.678694 183.151281
v 178.534529 119.220919 182.636098
v 178.3562 119.317787 181.963101
v 176.760641 118.862556 182.564668
v 176.919416 119.246766 182.375364
v 176.921033 118.916695 183.005152
v 177.174518 119.246766 183.238819
v 177.241411 119.549812 182.892039
v 177.146701 119.60395 182.469069
v 175.592322 119.775762 183.046351
v 175.667589 119.960618 182.955792
v 175.669151 119.80181 183.257737
v 175.789988 119.960618 183.370084
v 175.821363 120.106422 183.20391
v 175.775791 120.13247 183.001004
v 174.411319 120.690716 183.521184
v 232.126584 114.892346 202.063339
v 230.110024 114.668646 201.073382
v 230.625949 115.781587 200.787965
v 230.041512 114.919214 202.314335
v 230.295466 115.781587 203.123783
v 230.732967 116.550208 202.352806
v 230.994937 116.800776 201.257942
v 229.232117 114.054823 200.565283
v 229.058191 115.904373 199.987001
v 228.907686 114.471231 202.451375
v 228.547663 115.904373 203.595365
v 228.552972 117.181711 202.309492
v 228.739069 117.598118 200.587221
v 226.220678 114.580904 200.050683
v 227.428626 116.24947 199.622886
v 226.184161 114.956565 202.134635
v 226.876578 116.24947 203.524709
v 227.846439 117.401816 202.270668
v 228.361971 117.777477 200.452797
v 224.5312 116.413941 200.009967
v 225.739035 117.63649 199.683027
v 224.546632 116.689186 201.74928
v 225.28 117.63649 202.927445
v 226.226932 118.480808 201.904569
v 226.701399 118.756052 200.399465
v 223.335647 118.243767 200.159065
v 224.024348 119.172484 199.920552
v 223.317605 118.452858 201.328792
v 223.714574 119.172484 202.110005
v 224.26631 119.813876 201.40738
v 224.558042 120.022967 200.387654
v 222.170882 119.090721 200.244319
v 222.323932 119.783368 200.057206
v 222.097775 119.246663 200.962451
v 222.131433 119.783368 201.41777
v 222.284425 120.261725 200.954284
v 222.403816 120.417667 200.311851
v 220.554452 119.786298 200.229127
v 220.631162 120.11802 200.139812
v 220.520112 119.860982 200.573797
v 220.5388 120.11802 200.792622
v 220.614469 120.347114 200.570557
v 220.672492 120.421798 200.262418
v 218.941862 120.421887 200.197903
v 218.577582 110.424093 158.715584
v 216.45029 110.729744 157.564426
v 216.868709 111.543376 157.413645
v 216.274405 110.912925 158.462638
v 216.385358 111.543376 159.081845
v 216.793077 112.105287 158.56787
v 217.100543 112.288467 157.797883
v 215.136416 110.337409 156.892388
v 215.061667 111.697925 156.450521
v 214.702356 110.643716 158.232902
v 214.314988 111.697925 159.02755
v 214.446809 112.637526 158.089266
v 214.759429 112.943832 156.852751
v 212.21488 110.921621 155.978701
v 213.164228 112.132296 155.799386
v 211.977453 111.194192 157.495438
v 212.356823 112.132296 158.586
v 213.210826 112.968413 157.777548
v 213.780804 113.240985 156.507672
v 210.245641 112.997152 155.55864
v 211.178997 113.878129 155.451248
v 210.080629 113.195495 156.829218
v 210.507629 113.878129 157.768354
v 211.317166 114.48655 157.124923
v 211.823522 114.684893 156.078395
v 208.616578 115.137953 155.328163
v 209.157061 115.811474 155.229794
v 208.485098 115.28959 156.179766
v 208.703997 115.811474 156.793463
v 209.188574 116.276622 156.341367
v 209.510159 116.428259 155.6293
v 207.021114 116.071199 155.055662
v 207.155997 116.58039 154.9363
v 206.894161 116.185838 155.571752
v 206.874455 116.58039 155.907992
v 207.036777 116.932048 155.586834
v 207.191366 117.046687 155.131232
v 205.098965 116.757794 154.660772
v 205.166118 117.001614 154.604207
v 205.0386 116.812687 154.908555
v 205.031032 117.001614 155.070431
v 205.110597 117.170002 154.916825
v 205.185318 117.224895 154.698383
v 203.181311 117.384089 154.254604
v 239.132958 122.447265 166.556171
v 236.850057 122.316295 166.257081
v 237.181734 123.142637 165.753104
v 236.9941 122.415992 167.234589
v 237.375704 123.142637 167.689158
v 237.647958 123.847057 167.154884
v 237.598032 123.946754 166.196338
v 234.414406 123.45953 166.213554
v 235.275598 124.505841 165.400065
v 234.679007 123.585766 167.719389
v 235.575241 124.505841 168.390875
v 236.293172 125.397774 167.53574
v 236.258131 125.52401 166.050765
v 233.109483 124.204494 166.277981
v 233.41098 125.675339 165.461424
v 233.319627 124.38195 167.913894
v 233.734992 125.675339 168.69547
v 233.97449 126.929169 167.824571
v 233.860622 127.106625 166.226439
v 231.58021 124.675545 166.579745
v 231.586682 125.936985 165.925236
v 231.725482 124.827736 167.94298
v 231.856103 125.936985 168.614388
v 231.847056 127.012307 167.911082
v 231.722907 127.164498 166.585166
v 229.620534 125.240824 167.014464
v 229.779243 126.068826 166.557314
v 229.73719 125.340722 167.93256
v 229.961058 126.068826 168.372053
v 230.086522 126.774661 167.884255
v 230.021363 126.874558 166.987612
v 227.702457 126.562255 167.393931
v 227.962217 127.006738 167.093706
v 227.79439 126.615882 167.962504
v 228.0752 127.006738 168.221417
v 228.290526 127.38564 167.904529
v 228.269476 127.439266 167.345391
v 226.016626 127.97129 167.722758
v 226.140055 128.185337 167.578828
v 226.060591 127.997114 167.995578
v 226.194265 128.185337 168.119913
v 226.296552 128.367804 167.96797
v 226.286306 128.393628 167.699706
v 224.315562 129.390761 168.040695
v 210.322979 137.289564 170.039305
v 209.111957 136.618484 171.010771
v 208.874524 137.106651 170.897504
v 209.512092 136.677381 171.365909
v 209.674037 137.106651 171.58518
v 209.428417 137.522792 171.451452
v 209.029039 137.581689 171.118913
v 208.041001 136.013759 172.018089
v 207.611912 136.74807 171.91555
v 208.651613 136.102353 172.575444
v 208.846998 136.74807 172.97787
v 208.414454 137.374037 172.833036
v 207.78998 137.462631 172.32807
v 206.884544 135.619493 173.307781
v 206.52043 136.440442 173.080788
v 207.556864 135.71854 173.896455
v 207.855962 136.440442 174.229505
v 207.473377 137.140264 173.973908
v 206.810166 137.239311 173.413866
v 205.870268 135.686933 174.60986
v 205.595145 136.371618 174.388975
v 206.432647 135.76954 175.095473
v 206.705658 136.371618 175.344148
v 206.411097 136.955281 175.104221
v 205.862963 137.037887 174.634661
v 204.942423 135.876126 175.885747
v 204.739347 136.336938 175.75693
v 205.319836 135.931723 176.215899
v 205.488763 136.336938 176.401516
v 205.275139 136.729759 176.256861
v 204.903137 136.785355 175.942427
v 203.99272 135.808588 177.144799
v 203.844035 136.090227 177.090897
v 204.224538 135.842568 177.353116
v 204.309735 136.090227 177.491454
v 204.157813 136.330311 177.423853
v 203.923931 136.364291 177.231613
v 202.998682 135.645009 178.432759
v 202.927551 135.780205 178.406654
v 203.109935 135.66132 178.532682
v 203.150997 135.780205 178.598844
v 203.078282 135.895453 178.566202
v 202.966089 135.911764 178.473934
v 202.001462 135.463127 179.71415
v 228.873744 137.294592 188.590328
v 226.804567 136.822023 189.981812
v 226.487311 137.39697 189.595511
v 227.274032 136.74207 190.515043
v 227.463521 137.39697 190.696035
v 227.324164 138.095338 190.504139
v 226.817418 138.015385 189.936846
v 224.871266 136.522495 191.45486
v 224.352091 137.411106 190.883899
v 225.600538 136.398924 192.275007
v 225.860139 137.411106 192.583984
v 225.609539 138.490471 192.318875
v 224.830763 138.366899 191.438936
v 222.963709 136.49126 193.091167
v 222.448196 137.450837 192.433069
v 223.745909 136.35782 193.983674
v 224.078889 137.450837 194.271417
v 223.863645 138.616402 193.935307
v 223.015153 138.482962 192.989465
v 221.185548 136.813645 194.793423
v 220.768958 137.610524 194.235502
v 221.83428 136.702829 195.537042
v 222.124901 137.610524 195.764114
v 221.960577 138.578466 195.471634
v 221.253367 138.46765 194.686642
v 219.472375 137.248948 196.513593
v 219.183648 137.787362 196.143827
v 219.911221 137.174076 197.014479
v 220.098689 137.787362 197.17539
v 219.97857 138.441355 196.986199
v 219.502375 138.366482 196.45552
v 217.734459 137.522649 198.212744
v 217.544925 137.857693 197.991935
v 218.008571 137.476057 198.522755
v 218.113548 137.857693 198.632967
v 218.026619 138.264659 198.526297
v 217.732109 138.218068 198.195277
v 215.968425 137.735466 199.913811
v 215.877583 137.896221 199.80778
v 216.099933 137.713112 200.062569
v 216.150412 137.896221 200.115352
v 216.10882 138.091484 200.064067
v 215.967499 138.06913 199.905252
v 214.197258 137.931205 201.60899
v 188.378849 128.901874 153.648442
v 185.982704 129.555406 152.676803
v 186.324373 130.100167 152.238128
v 185.77087 129.47965 153.371759
v 185.947241 130.100167 153.693108
v 186.267218 130.76187 153.526916
v 186.432516 130.686115 152.766891
v 184.089265 129.365359 151.99504
v 184.172847 130.265626 151.202232
v 183.823799 129.240167 153.084617
v 183.590255 130.265626 153.449882
v 183.544968 131.359149 153.053287
v 183.862094 131.233957 151.895215
v 181.199005 129.908193 151.201841
v 181.931956 130.73066 150.51111
v 180.822593 129.79382 152.35687
v 181.301983 130.73066 152.941556
v 182.033521 131.729681 152.715015
v 182.287082 131.615308 151.439599
v 178.897496 131.993142 150.703951
v 179.604275 132.599733 150.154825
v 178.570971 131.908789 151.660865
v 179.080444 132.599733 152.175773
v 179.806939 133.336537 152.018042
v 180.004245 133.252183 150.954008
v 176.823863 134.211558 150.324792
v 177.240307 134.669555 149.938536
v 176.611928 134.147868 150.972735
v 176.886806 134.669555 151.302346
v 177.303564 135.225868 151.17685
v 177.445129 135.162179 150.460982
v 174.765811 135.155416 149.915743
v 174.896973 135.492749 149.642636
v 174.651858 135.108506 150.322986
v 174.677302 135.492749 150.490132
v 174.781264 135.902495 150.371965
v 174.886982 135.855585 149.931713
v 172.500266 135.782129 149.434731
v 172.564697 135.943708 149.304081
v 172.445382 135.759659 149.630076
v 172.459297 135.943708 149.710716
v 172.510998 136.139972 149.65449
v 172.561514 136.117503 149.4432
v 170.237435 136.353182 148.946177
v 205.813517 138.61022 178.913872
v 203.130871 138.29596 177.08292
v 203.552998 139.179926 176.667844
v 202.711227 138.347453 178.010226
v 202.691869 139.179926 178.512259
v 203.064324 140.012399 178.175082
v 203.50581 140.063892 177.257974
v 200.19502 139.02071 175.39707
v 201.084725 140.296774 174.866795
v 199.560596 139.095044 176.836031
v 199.754455 140.296774 177.716041
v 200.553587 141.498504 177.299644
v 201.249433 141.572838 175.889359
v 197.853496 139.751432 174.231172
v 198.425147 141.254923 173.475494
v 197.144734 139.839014 175.776542
v 196.986689 141.254923 176.556462
v 197.483143 142.670833 175.934541
v 198.212839 142.758415 174.398943
v 195.22083 140.208813 173.164825
v 195.579778 141.469285 172.482129
v 194.624704 140.282238 174.446656
v 194.383681 141.469285 175.043995
v 194.686882 142.656332 174.475686
v 195.286854 142.729757 173.195651
v 192.341138 140.732902 172.081601
v 192.65673 141.5773 171.655143
v 191.943124 140.782091 172.948623
v 191.849559 141.5773 173.383985
v 192.123257 142.372509 173.032725
v 192.532413 142.421698 172.170905
v 189.491013 141.843545 170.956194
v 189.777855 142.345714 170.733545
v 189.248965 141.872798 171.497444
v 189.276265 142.345714 171.807878
v 189.531788 142.818631 171.62949
v 189.79133 142.847884 171.096407
v 186.785825 143.070083 169.868457
v 186.922648 143.31132 169.761252
v 186.669641 143.084136 170.128131
v 186.681981 143.31132 170.276725
v 186.803824 143.538503 170.190779
v 186.928307 143.552556 169.93498
v 184.078177 144.298901 168.765964
v 190.921261 147.660344 142.503294
v 188.58865 148.543665 142.780245
v 188.822397 148.948867 142.396498
v 188.747365 148.567269 143.337191
v 189.103664 148.948867 143.519447
v 189.331987 149.330465 143.19076
v 189.209435 149.354069 142.624757
v 186.261103 151.040186 143.195813
v 186.791392 151.47488 142.560621
v 186.51614 151.065508 144.053712
v 187.225891 151.47488 144.29535
v 187.737944 151.884252 143.747686
v 187.558482 151.909574 142.870857
v 184.610781 152.853987 143.570563
v 184.822871 153.641958 142.974215
v 184.865511 152.899888 144.503506
v 185.292707 153.641958 144.850024
v 185.506126 154.384028 144.34305
v 185.291021 154.42993 143.400183
v 182.953972 153.413026 144.072034
v 182.915034 154.126787 143.630088
v 183.153242 153.454604 144.850929
v 183.305708 154.126787 145.189848
v 183.280417 154.79897 144.819076
v 183.089013 154.840549 144.03821
v 180.921985 153.925165 144.719779
v 181.032569 154.371088 144.387258
v 181.064433 153.951141 145.24341
v 181.29621 154.371088 145.439842
v 181.408031 154.791036 145.157348
v 181.286837 154.817012 144.628394
v 178.963279 155.908083 145.319427
v 179.135675 156.109037 145.086824
v 179.057838 155.919789 145.643307
v 179.299507 156.109037 145.740918
v 179.466633 156.298285 145.540916
v 179.39736 156.309991 145.210702
v 177.148916 158.195896 145.866985
v 177.231052 158.292979 145.755526
v 177.194252 158.201551 146.022394
v 177.309659 158.292979 146.069365
v 177.3893 158.384406 145.97354
v 177.356028 158.390061 145.815109
v 175.322921 160.526625 146.410227
v 199.446207 155.076496 170.444845
v 197.187625 155.45248 171.829316
v 197.014689 155.897266 171.412484
v 197.523641 155.356439 172.312057
v 197.758667 155.897266 172.390765
v 197.771118 156.483158 172.157608
v 197.363156 156.387117 171.662068
v 195.231623 155.303483 173.135335
v 194.776515 156.010597 172.634356
v 195.791284 155.150798 173.850208
v 195.925809 156.010597 174.145602
v 195.697458 156.942039 173.97371
v 195.107824 156.789355 173.177337
v 192.923664 155.620425 174.848669
v 192.716375 156.329121 174.090333
v 193.467338 155.467399 175.668454
v 193.959139 156.329121 175.724484
v 194.087411 157.262648 175.253279
v 193.388321 157.109622 174.438912
v 190.943554 157.055841 176.448302
v 190.829139 157.609341 175.773666
v 191.383114 156.936326 177.139479
v 191.862514 157.609341 177.132484
v 192.045506 158.338436 176.682621
v 191.45169 158.218921 176.01498
v 189.127667 158.63089 177.97975
v 189.014195 159.027064 177.552057
v 189.432128 158.545346 178.440228
v 189.711554 159.027064 178.469038
v 189.787279 159.548922 178.201779
v 189.39438 159.463378 177.745275
v 187.288698 159.324972 179.496506
v 187.158141 159.59091 179.276392
v 187.49086 159.267549 179.772795
v 187.591492 159.59091 179.846221
v 187.559458 159.941216 179.740289
v 187.328268 159.883793 179.44675
v 185.342073 159.772284 181.077856
v 185.28006 159.899794 180.971764
v 185.438936 159.744752 181.210525
v 185.487986 159.899794 181.245172
v 185.473445 160.067755 181.193715
v 185.362382 160.040222 181.052976
v 183.391989 160.180263 182.653998
v 138.343136 153.145491 172.351549
v 136.790896 152.654545 173.224726
v 136.581627 152.997921 172.972488
v 137.052112 152.580401 173.579124
v 137.119741 152.997921 173.719601
v 137.017854 153.450232 173.628605
v 136.740955 153.376088 173.235889
v 135.246075 152.44609 174.20401
v 134.959962 152.977545 173.787585
v 135.641575 152.331336 174.757262
v 135.791239 152.977545 174.941723
v 135.682799 153.677601 174.765891
v 135.247022 153.562846 174.165006
v 133.834968 152.348611 175.189611
v 133.467068 152.920276 174.781468
v 134.275269 152.225173 175.778757
v 134.365951 152.920276 176.029469
v 134.17161 153.673299 175.894856
v 133.713028 153.549862 175.236001
v 132.420321 152.217088 176.27743
v 132.099234 152.690099 175.948982
v 132.789714 152.114953 176.764953
v 132.846667 152.690099 176.986712
v 132.665083 153.313171 176.889176
v 132.287042 153.211036 176.338969
v 130.990819 152.114509 177.41762
v 130.783688 152.435201 177.189093
v 131.238037 152.045264 177.748104
v 131.288084 152.435201 177.889391
v 131.178124 152.85763 177.814509
v 130.920946 152.788385 177.444695
v 129.554254 152.133468 178.539201
v 129.438408 152.333824 178.387921
v 129.705101 152.090206 178.74657
v 129.751848 152.333824 178.823099
v 129.700469 152.597743 178.764356
v 129.537875 152.554481 178.536548
v 128.132904 152.182161 179.637125
v 128.077196 152.278289 179.564629
v 128.205308 152.161404 179.736604
v 128.227588 152.278289 179.773431
v 128.202772 152.404913 179.745364
v 128.124785 152.384156 179.63604
v 126.708758 152.227862 180.731305
v 197.482529 159.38593 218.795906
v 193.709237 158.793442 219.309352
v 193.594315 159.292342 218.844822
v 193.853819 158.63481 219.961506
v 193.887974 159.292342 220.215922
v 193.820173 160.007224 220.002589
v 193.671098 159.848591 219.283644
v 189.978252 158.339156 219.947888
v 189.779171 159.108872 219.2349
v 190.208455 158.094413 220.953866
v 190.232813 159.108872 221.35297
v 190.097194 160.211811 221.030029
v 189.873755 159.967068 219.917936
v 186.212525 158.117835 220.717395
v 186.03131 158.951473 219.939127
v 186.450621 157.852767 221.807506
v 186.521845 158.951473 222.229455
v 186.423998 160.146006 221.869797
v 186.171558 159.880938 220.66958
v 182.490457 158.222982 221.597521
v 182.348793 158.916258 220.948449
v 182.685569 158.002544 222.504577
v 182.75668 158.916258 222.852887
v 182.688241 159.909666 222.551059
v 182.475466 159.689228 221.553677
v 178.794876 158.430723 222.522133
v 178.693596 158.898514 222.085332
v 178.928351 158.281982 223.133861
v 178.968854 158.898514 223.370517
v 178.914531 159.56882 223.168575
v 178.772749 159.420078 222.495118
v 175.093321 158.481816 223.419501
v 175.022864 158.772283 223.149676
v 175.178655 158.389457 223.799128
v 175.193914 158.772283 223.948312
v 175.149381 159.188499 223.82513
v 175.063666 159.09614 223.40612
v 171.377541 158.474287 224.304632
v 171.343807 158.613659 224.175153
v 171.418462 158.429972 224.486785
v 171.425878 158.613659 224.558345
v 171.404614 158.813367 224.499219
v 171.363465 158.769051 224.298179
v 167.660975 158.451424 225.183
v 178.604543 168.143483 152.912827
v 176.909362 168.832512 151.853806
v 177.317543 169.180645 151.58515
v 176.591726 168.721818 152.345665
v 176.806966 169.180645 152.689845
v 177.223426 169.67949 152.669301
v 177.416366 169.568796 152.056465
v 175.135209 170.832655 150.883707
v 175.9035 171.213891 150.532347
v 174.600731 170.711435 151.623287
v 175.114763 171.213891 152.238877
v 175.95547 171.76017 152.298359
v 176.209728 171.638951 151.331409
v 173.828591 172.290404 150.245188
v 174.372472 172.958222 149.732655
v 173.341866 172.078061 151.087078
v 173.519589 172.958222 151.577973
v 174.017576 173.915149 151.45229
v 174.383734 173.702807 150.448862
v 172.436183 172.749266 149.679181
v 172.727832 173.348472 149.178777
v 172.082528 172.55874 150.402825
v 172.018648 173.348472 150.713183
v 172.202611 174.207084 150.502318
v 172.55814 174.016558 149.691556
v 170.736885 173.16752 149.018228
v 171.03569 173.545116 148.727675
v 170.465797 173.047458 149.491582
v 170.557107 173.545116 149.76315
v 170.827393 174.086179 149.688395
v 171.034888 173.966117 149.126274
v 169.103696 174.7695 148.361163
v 169.37056 174.944031 148.218129
v 168.909425 174.714005 148.643382
v 169.07316 174.944031 148.861591
v 169.357448 175.194119 148.868901
v 169.460576 175.138624 148.507659
v 167.592336 176.617652 147.746116
v 167.719904 176.701936 147.677268
v 167.499273 176.590852 147.881597
v 167.577209 176.701936 147.986006
v 167.712932 176.822707 147.989199
v 167.762565 176.795908 147.815942
v 166.075813 178.499849 147.122202
v 217.712745 169.128196 184.162091
v 214.663756 169.623556 183.109903
v 214.889281 170.180011 182.810171
v 214.48995 169.566951 183.787995
v 214.569371 170.180011 184.183425
v 214.816488 170.80171 183.869373
v 214.962593 170.745105 183.174211
v 211.951974 169.437732 182.291905
v 211.995994 170.325244 181.757974
v 211.714441 169.34745 183.346632
v 211.501797 170.325244 183.879372
v 211.543485 171.316817 183.315007
v 211.80015 171.226536 182.248336
v 208.531524 169.851142 181.452128
v 209.038413 170.733433 180.981769
v 208.227952 169.761391 182.58175
v 208.504024 170.733433 183.275695
v 209.062242 171.719172 182.784972
v 209.29306 171.629422 181.620667
v 205.505936 171.688911 180.843519
v 206.01839 172.374032 180.473601
v 205.244259 171.619217 181.780659
v 205.574038 172.374032 182.381032
v 206.139839 173.139483 181.996665
v 206.322513 173.06979 181.026375
v 202.683327 173.697808 180.340388
v 202.97226 174.190841 180.077501
v 202.512524 173.647655 180.974153
v 202.672395 174.190841 181.364705
v 202.990659 174.741682 181.090514
v 203.119721 174.691529 180.437074
v 199.85776 174.579725 179.803476
v 199.940976 174.913409 179.617672
v 199.761419 174.545781 180.199592
v 199.754635 174.913409 180.417564
v 199.844782 175.286217 180.222104
v 199.934783 175.252274 179.818328
v 196.876698 175.149264 179.21261
v 196.917647 175.309243 179.123698
v 196.83037 175.132991 179.402645
v 196.828239 175.309243 179.507492
v 196.872632 175.487979 179.413974
v 196.915712 175.471705 179.220215
v 193.897925 175.668664 178.614234
v 147.891277 165.604735 181.304564
v 147.017226 165.608882 181.883203
v 146.948652 165.892414 181.710653
v 147.252103 165.58004 182.147407
v 147.431922 165.892414 182.233682
v 147.362637 166.209189 182.048831
v 147.114244 166.180347 181.790006
v 146.318255 165.483469 182.404299
v 146.111506 165.932136 182.230897
v 146.691348 165.437828 182.802965
v 146.858059 165.932136 183.038871
v 146.63839 166.43341 182.857389
v 146.264929 166.38777 182.44808
v 145.441315 165.588768 183.18581
v 145.371485 166.043779 182.856257
v 145.829113 165.542482 183.631347
v 146.178754 166.043779 183.729942
v 146.112978 166.55214 183.374999
v 145.693506 166.505854 182.946852
v 144.751327 166.134039 183.887788
v 144.725791 166.492495 183.583705
v 145.070477 166.097575 184.261316
v 145.397046 166.492495 184.310186
v 145.378695 166.89298 183.981466
v 145.026589 166.856516 183.628513
v 144.157141 166.734907 184.540218
v 144.119535 166.989405 184.353836
v 144.374588 166.709018 184.790373
v 144.572523 166.989405 184.844092
v 144.537376 167.273744 184.643291
v 144.301835 167.247855 184.403191
v 143.546864 167.018222 185.185354
v 143.490852 167.187033 185.099695
v 143.685309 167.00105 185.337737
v 143.772347 167.187033 185.404348
v 143.714036 167.375637 185.313265
v 143.570987 167.358465 185.160994
v 142.87669 167.214347 185.87396
v 142.850153 167.295296 185.832548
v 142.943083 167.206113 185.947107
v 142.985216 167.295296 185.978723
v 142.957615 167.385737 185.934672
v 142.888945 167.377502 185.861644
v 142.204003 167.393601 186.559503
v 149.649813 184.022784 158.892259
v 147.524565 183.647819 159.840608
v 147.425438 183.978975 159.670277
v 147.718372 183.614132 160.192668
v 147.815027 183.978975 160.380087
v 147.710185 184.348959 160.200548
v 147.514403 184.315272 159.842799
v 145.430365 183.461306 160.871206
v 145.286094 183.972926 160.603217
v 145.728856 183.409262 161.415562
v 145.887929 183.972926 161.699728
v 145.735869 184.544532 161.416944
v 145.432525 184.492488 160.864789
v 143.395042 183.402849 161.960917
v 143.225048 183.955924 161.678811
v 143.719231 183.346588 162.548764
v 143.875829 183.955924 162.864499
v 143.695773 184.573847 162.567296
v 143.369181 184.517586 161.969455
v 141.385089 183.427823 163.125498
v 141.240044 183.887592 162.892949
v 141.655032 183.381053 163.614093
v 141.781177 183.887592 163.878865
v 141.627332 184.401268 163.634001
v 141.356142 184.354499 163.136682
v 139.382389 183.501574 164.323221
v 139.286833 183.81192 164.165013
v 139.56432 183.470004 164.653074
v 139.652009 183.81192 164.830345
v 139.550787 184.158653 164.663676
v 139.367541 184.127084 164.328196
v 137.371837 183.588915 165.504143
v 137.315542 183.781824 165.404136
v 137.484578 183.569292 165.709292
v 137.542469 183.781824 165.817585
v 137.483015 183.997351 165.712122
v 137.368829 183.977728 165.503822
v 135.361604 183.672778 166.673579
v 135.334564 183.765337 166.625611
v 135.415702 183.663363 166.772009
v 135.443446 183.765337 166.823987
v 135.414886 183.868748 166.773403
v 135.360102 183.859333 166.673457
v 133.349192 183.750367 167.839079
v 169.692729 176.21891 217.576001
v 168.536527 175.760598 218.553492
v 168.428753 176.16924 218.482263
v 168.867228 175.818179 218.84218
v 169.06806 176.16924 219.034399
v 168.836847 176.491557 218.851946
v 168.528241 176.549138 218.588498
v 167.472508 175.442036 219.58869
v 167.290262 176.071868 219.496899
v 167.981153 175.530785 220.037225
v 168.277861 176.071868 220.349836
v 167.908257 176.568648 220.082374
v 167.429303 176.657397 219.677971
v 166.439475 175.305342 220.739432
v 166.267321 175.988333 220.611329
v 166.992998 175.401582 221.22038
v 167.335239 175.988333 221.533634
v 166.955226 176.527041 221.221667
v 166.440831 176.62328 220.78031
v 165.493139 175.401588 221.936848
v 165.356599 175.969644 221.822677
v 165.954331 175.481632 222.335685
v 166.244587 175.969644 222.589586
v 165.933814 176.417697 222.324146
v 165.507018 176.497741 221.956073
v 164.589099 175.576966 223.146775
v 164.492796 175.960226 223.074546
v 164.899743 175.630971 223.416603
v 165.092043 175.960226 223.592085
v 164.879039 176.262523 223.416757
v 164.590435 176.316527 223.169047
v 163.667662 175.655399 224.341883
v 163.602312 175.893232 224.303373
v 163.859925 175.688912 224.510457
v 163.974694 175.893232 224.624981
v 163.837988 176.080823 224.521056
v 163.657869 176.114336 224.368023
v 162.728835 175.694928 225.538391
v 162.697532 175.809046 225.519853
v 162.821092 175.711008 225.619266
v 162.876204 175.809046 225.674163
v 162.810652 175.899058 225.624251
v 162.724237 175.915138 225.550816
v 161.786267 175.722945 226.730732
v 148.179965 190.12431 176.958074
v 146.105304 190.035766 176.860143
v 146.17362 190.43497 176.727983
v 146.14493 190.092017 177.294836
v 146.229069 190.43497 177.56585
v 146.270272 190.749842 177.269994
v 146.254449 190.806093 176.866819
v 143.970993 190.455995 176.873237
v 144.178158 191.043986 176.662351
v 144.046528 190.538848 177.543801
v 144.263817 191.043986 177.956686
v 144.407629 191.507764 177.494343
v 144.397506 191.590617 176.870572
v 142.13365 190.891328 176.965278
v 142.192719 191.566464 176.748157
v 142.192086 190.986461 177.691916
v 142.285344 191.566464 178.147757
v 142.310752 192.098976 177.656423
v 142.276564 192.194109 176.98346
v 140.215296 191.118833 177.158438
v 140.217013 191.683355 176.981036
v 140.257207 191.198379 177.763089
v 140.294032 191.683355 178.144822
v 140.277773 192.128621 177.738745
v 140.242666 192.208167 177.17961
v 138.21435 191.363188 177.3971
v 138.245376 191.742255 177.275406
v 138.246843 191.416602 177.804862
v 138.297351 191.742255 178.060772
v 138.309937 192.041245 177.785177
v 138.290454 192.094658 177.407573
v 136.214396 191.932747 177.61293
v 136.271426 192.161271 177.534808
v 136.239907 191.964948 177.865968
v 136.303724 192.161271 178.022849
v 136.341319 192.341519 177.849619
v 136.334531 192.37372 177.614617
v 134.269215 192.578074 177.812935
v 134.296235 192.687814 177.775475
v 134.281407 192.593537 177.934348
v 134.311732 192.687814 178.00964
v 134.3295 192.774372 177.926541
v 134.326195 192.789836 177.813789
v 132.320482 193.226342 178.007643
v 68.325856 177.371231 117.852055
v 65.458825 178.067442 116.362825
v 65.690042 178.486838 116.303259
v 65.29257 178.126538 116.829107
v 65.322533 178.486838 117.180607
v 65.588952 178.817637 116.93298
v 65.790207 178.876733 116.521914
v 62.461463 180.140774 114.950224
v 62.982092 180.673868 114.926671
v 62.227665 180.215891 115.680183
v 62.414366 180.673868 116.281996
v 62.954848 181.094346 115.953464
v 63.288776 181.169463 115.328098
v 59.938888 181.80481 113.857337
v 60.207719 182.55013 113.708657
v 59.644629 181.909832 114.629299
v 59.593821 182.55013 115.174207
v 59.946256 183.138002 114.721774
v 60.265894 183.243024 114.028187
v 57.258412 182.331228 112.815657
v 57.368835 182.969897 112.644647
v 56.997793 182.421222 113.450877
v 56.858371 182.969897 113.863271
v 57.062208 183.473646 113.449695
v 57.312053 183.56364 112.866292
v 54.356987 182.761876 111.730488
v 54.502981 183.181413 111.645025
v 54.191183 182.820993 112.163378
v 54.1585 183.181413 112.467398
v 54.352433 183.512323 112.211916
v 54.53111 183.571439 111.822433
v 51.486683 184.460154 110.630456
v 51.652463 184.686134 110.608787
v 51.394226 184.491996 110.903891
v 51.438397 184.686134 111.119824
v 51.618112 184.864376 110.985862
v 51.73972 184.896219 110.748261
v 48.731187 186.468181 109.563565
v 48.810164 186.576998 109.552931
v 48.686745 186.483514 109.694728
v 48.707454 186.576998 109.798131
v 48.793236 186.662827 109.733668
v 48.851505 186.67816 109.619632
v 45.971593 188.510895 108.488176
v 195.716095 186.935999 227.384905
v 193.595832 186.994245 226.352124
v 193.782037 187.586518 226.223259
v 193.439235 187.127589 226.95638
v 193.426764 187.586518 227.356562
v 193.642644 187.995554 226.989137
v 193.841319 188.128898 226.460089
v 191.761241 186.739198 225.576462
v 191.775822 187.676341 225.29179
v 191.457851 186.950186 226.490643
v 191.226998 187.676341 227.042513
v 191.371902 188.323551 226.415797
v 191.617336 188.534539 225.579254
v 189.270952 186.978181 224.749549
v 189.703163 187.928794 224.572273
v 189.036646 187.192202 225.767469
v 189.109705 187.928794 226.465379
v 189.553999 188.585308 225.877852
v 189.913152 188.799329 225.002667
v 187.118402 188.19444 224.178362
v 187.565976 188.94346 224.0586
v 186.943427 188.363074 225.031
v 187.072507 188.94346 225.632742
v 187.502846 189.460749 225.163298
v 187.821341 189.629383 224.441794
v 185.155002 189.535399 223.729124
v 185.401809 190.067106 223.630989
v 185.024488 189.655108 224.300618
v 185.068798 190.067106 224.693279
v 185.321062 190.434315 224.364523
v 185.523559 190.554023 223.873727
v 183.188052 190.161393 223.243144
v 183.252985 190.513995 223.154438
v 183.087037 190.240777 223.592039
v 183.046046 190.513995 223.814564
v 183.14173 190.757509 223.591122
v 183.247655 190.836894 223.279891
v 181.080311 190.589725 222.693939
v 181.112381 190.758807 222.651664
v 181.032049 190.627792 222.861406
v 181.01309 190.758807 222.968397
v 181.059631 190.875579 222.861386
v 181.11066 190.913646 222.71212
v 178.975505 190.981099 222.136995
v 143.387723 179.198797 169.793795
v 140.954899 179.627771 169.28761
v 141.074183 180.017601 169.181483
v 140.932875 179.715537 169.701903
v 140.986709 180.017601 169.965666
v 141.09058 180.286826 169.699715
v 141.156031 180.374592 169.329826
v 138.777342 179.508706 168.916784
v 138.742877 180.13066 168.72844
v 138.694074 179.648733 169.55129
v 138.607746 180.13066 169.939843
v 138.617143 180.560195 169.512152
v 138.669005 180.700222 168.935255
v 136.102549 179.830619 168.588915
v 136.39521 180.448422 168.422057
v 136.086789 179.969712 169.283309
v 136.24909 180.448422 169.73198
v 136.487107 180.875089 169.294923
v 136.617468 181.014181 168.679394
v 133.723128 181.246102 168.389579
v 134.031656 181.725575 168.258105
v 133.724697 181.354051 168.968614
v 133.910155 181.725575 169.347323
v 134.153082 182.056708 168.988926
v 134.276153 182.164657 168.478742
v 131.49401 182.79468 168.246974
v 131.661459 183.139901 168.153704
v 131.485893 182.872403 168.636705
v 131.579466 183.139901 168.888749
v 131.715254 183.378319 168.643749
v 131.78913 183.456042 168.298435
v 129.260149 183.468563 168.081114
v 129.29504 183.702396 168.015439
v 129.239534 183.521208 168.321562
v 129.244088 183.702396 168.472209
v 129.280701 183.863887 168.314633
v 129.311037 183.916532 168.098312
v 126.91317 183.898434 167.890458
v 126.930644 184.01054 167.859029
v 126.903443 183.923674 168.005846
v 126.906197 184.01054 168.07819
v 126.924271 184.087963 168.002641
v 126.938992 184.113203 167.898867
v 124.567167 184.290338 167.694388
v 125.684676 200.704206 158.678539
v 124.485081 200.340891 159.709023
v 124.416228 200.62773 159.659169
v 124.697382 200.40547 159.912628
v 124.823905 200.62773 160.043628
v 124.676196 200.825827 159.914744
v 124.48082 200.890406 159.733889
v 123.321554 200.173772 160.811218
v 123.230581 200.61717 160.717883
v 123.652981 200.273599 161.122071
v 123.860359 200.61717 161.311795
v 123.642808 200.923391 161.101425
v 123.344456 201.023217 160.818366
v 122.243829 200.108901 161.923679
v 122.121178 200.587491 161.8485
v 122.596744 200.216651 162.26561
v 122.802174 200.587491 162.490713
v 122.550162 200.918016 162.281015
v 122.22208 201.025766 161.980732
v 121.194181 200.070932 163.104701
v 121.085821 200.468205 163.048947
v 121.4862 200.160374 163.390542
v 121.652079 200.468205 163.582955
v 121.438126 200.742571 163.413256
v 121.163886 200.832013 163.165089
v 120.150537 200.06758 164.320469
v 120.081424 200.336107 164.278589
v 120.348505 200.128036 164.512408
v 120.463556 200.336107 164.638958
v 120.321944 200.521558 164.5215
v 120.13778 200.582015 164.353069
v 119.097019 200.116393 165.523327
v 119.059422 200.28357 165.491629
v 119.221245 200.154031 165.641324
v 119.296885 200.28357 165.715569
v 119.21258 200.399027 165.63866
v 119.099342 200.436665 165.532717
v 118.046077 200.174578 166.710928
v 118.027986 200.25479 166.695773
v 118.10567 200.192637 166.767556
v 118.141923 200.25479 166.803221
v 118.101437 200.310186 166.766357
v 118.047093 200.328245 166.715537
v 116.992272 200.228657 167.895882
v 222.691301 190.142594 187.118067
v 220.721006 190.424591 187.634524
v 220.748877 190.64323 187.500874
v 220.807404 190.45097 187.867833
v 220.903706 190.64323 187.965972
v 220.919095 190.82961 187.826901
v 220.850664 190.855988 187.595112
v 218.724735 191.322686 188.223105
v 218.842442 191.624673 187.991792
v 218.86721 191.35912 188.580521
v 219.081622 191.624673 188.710274
v 219.169033 191.882104 188.474252
v 219.072327 191.918538 188.113186
v 216.968122 192.089708 188.790356
v 216.969147 192.466657 188.58226
v 217.106951 192.135187 189.181911
v 217.227779 192.466657 189.359175
v 217.214673 192.78799 189.139786
v 217.09487 192.833469 188.754427
v 215.168105 192.336962 189.428822
v 215.128038 192.65503 189.26941
v 215.278606 192.375336 189.756049
v 215.343094 192.65503 189.915425
v 215.297313 192.92617 189.744612
v 215.192758 192.964544 189.425824
v 213.301612 192.538102 190.113152
v 213.300384 192.74995 189.996982
v 213.379296 192.563661 190.33294
v 213.445512 192.74995 190.432937
v 213.436621 192.93054 190.310341
v 213.369178 192.956099 190.094175
v 211.435514 193.303147 190.783853
v 211.465079 193.425202 190.701568
v 211.487448 193.317873 190.919215
v 211.555264 193.425202 190.972477
v 211.575591 193.529249 190.887688
v 211.53734 193.543975 190.752141
v 209.611744 194.215057 191.433233
v 209.625673 194.273739 191.393837
v 209.636631 194.222137 191.498191
v 209.668945 194.273739 191.523821
v 209.67848 194.323762 191.483211
v 209.660096 194.330842 191.418185
v 207.784408 195.141588 192.080519
v 169.445352 210.051698 187.773237
v 168.075918 209.78315 189.152525
v 168.016072 209.92001 189.113175
v 168.18493 209.799662 189.254123
v 168.232801 209.92001 189.311469
v 168.17007 210.036676 189.267206
v 168.062353 210.053188 189.17051
v 166.740639 209.452423 190.547951
v 166.637171 209.661848 190.499206
v 166.90771 209.47769 190.706352
v 166.971972 209.661848 190.805529
v 166.865672 209.840373 190.747418
v 166.697942 209.86564 190.599496
v 165.399048 209.21122 191.999508
v 165.304658 209.44037 191.92768
v 165.581818 209.238866 192.168485
v 165.666688 209.44037 192.258916
v 165.566654 209.635711 192.179781
v 165.387394 209.663357 192.017522
v 164.090985 209.20008 193.462235
v 164.017197 209.39082 193.397374
v 164.243528 209.223093 193.602122
v 164.318229 209.39082 193.672801
v 164.239055 209.553417 193.602622
v 164.090565 209.57643 193.467082
v 162.801326 209.237253 194.924839
v 162.748572 209.365852 194.884302
v 162.903911 209.252769 195.01963
v 162.95172 209.365852 195.070171
v 162.895768 209.475477 195.025568
v 162.795205 209.490992 194.934491
v 161.505906 209.108782 196.382371
v 161.469236 209.188232 196.36143
v 161.569184 209.118368 196.441789
v 161.595476 209.188232 196.476932
v 161.557393 209.255959 196.452837
v 161.494432 209.265544 196.396752
v 160.201718 208.926903 197.843395
v 160.184161 208.96503 197.833307
v 160.232084 208.931503 197.871899
v 160.244732 208.96503 197.888725
v 160.226491 208.997531 197.87713
v 160.196286 209.002131 197.850215
v 158.896482 208.736749 199.302801
v 111.562605 196.466702 141.987557
v 109.716086 197.036909 141.742606
v 109.812397 197.209738 141.64906
v 109.711751 197.05776 141.953957
v 109.782647 197.209738 142.064192
v 109.866357 197.357067 141.962007
v 109.891771 197.377919 141.758226
v 107.831429 198.454635 141.546189
v 108.055274 198.666382 141.407059
v 107.833789 198.480182 141.873332
v 108.009317 198.666382 142.048353
v 108.202619 198.846886 141.895084
v 108.250936 198.872433 141.580932
v 106.189123 199.604002 141.414348
v 106.291784 199.916043 141.253913
v 106.174857 199.64165 141.766891
v 106.242089 199.916043 141.947362
v 106.332289 200.182044 141.773113
v 106.367718 200.219691 141.432206
v 104.494981 199.925915 141.324639
v 104.522109 200.195623 141.187062
v 104.476093 199.958455 141.617279
v 104.480787 200.195623 141.763674
v 104.506147 200.425538 141.615226
v 104.52858 200.458078 141.331254
v 102.694707 200.160703 141.246493
v 102.749849 200.336501 141.15629
v 102.686405 200.181913 141.444296
v 102.721963 200.336501 141.545409
v 102.770477 200.486362 141.447481
v 102.79006 200.507572 141.256165
v 100.908285 201.247126 141.158439
v 100.979059 201.338702 141.105002
v 100.907531 201.258175 141.281673
v 100.96173 201.338702 141.346807
v 101.022998 201.416766 141.288183
v 101.039572 201.427814 141.169612
v 99.175359 202.55396 141.068378
v 99.209057 202.598088 141.04272
v 99.174966 202.559284 141.127505
v 99.200743 202.598088 141.15874
v 99.229918 202.635704 141.130596
v 99.237839 202.641028 141.073702
v 97.439412 203.886136 140.975452
v 171.773149 208.608827 222.495438
v 169.283105 208.626008 224.027208
v 169.258289 208.681589 223.985787
v 169.319588 208.618278 224.085368
v 169.334103 208.681589 224.106051
v 169.323065 208.749103 224.086045
v 169.283735 208.741373 224.023942
v 166.803169 208.605759 225.569876
v 166.762938 208.691636 225.507085
v 166.859793 208.593817 225.659555
v 166.880055 208.691636 225.692867
v 166.860701 208.795949 225.663414
v 166.800208 208.784006 225.567311
v 164.326062 208.627057 227.126664
v 164.285553 208.719874 227.05688
v 164.386875 208.61415 227.2239
v 164.412194 208.719874 227.257772
v 164.394901 208.832615 227.223631
v 164.329073 208.819708 227.119975
v 161.858509 208.756225 228.692876
v 161.825614 208.833368 228.634351
v 161.908965 208.745497 228.773797
v 161.930918 208.833368 228.801396
v 161.917498 208.927071 228.772403
v 161.86265 208.916343 228.68628
v 159.395666 208.90697 230.262575
v 159.37297 208.959052 230.223394
v 159.429785 208.899728 230.317141
v 159.444033 208.959052 230.336122
v 159.434373 209.022313 230.316937
v 159.397429 209.015071 230.258775
v 156.930941 208.976657 231.829789
v 156.916177 209.009038 231.805857
v 156.952235 208.972155 231.863639
v 156.960337 209.009038 231.875908
v 156.953533 209.048369 231.864492
v 156.930667 209.043866 231.828291
v 154.46424 209.020885 233.396281
v 154.457163 209.036421 233.384794
v 154.474456 209.018724 233.412523
v 154.478351 209.036421 233.418405
v 154.475093 209.055292 233.412923
v 154.464121 209.053132 233.395554
v 151.997139 209.061285 234.962132
v 142.347827 197.671654 148.36982
v 139.945959 198.47041 147.378277
v 139.976365 198.523314 147.339289
v 139.91917 198.463053 147.440289
v 139.924586 198.523314 147.469169
v 139.948471 198.587575 147.45454
v 139.973461 198.580218 147.386672
v 137.571021 198.556747 146.412939
v 137.591579 198.64091 146.34218
v 137.53331 198.545043 146.5102
v 137.51159 198.64091 146.542818
v 137.516405 198.743141 146.507429
v 137.558683 198.731437 146.404051
v 135.132303 198.887215 145.436419
v 135.194523 198.971422 145.375848
v 135.085964 198.875505 145.539372
v 135.108029 198.971422 145.592803
v 135.16181 199.073706 145.573902
v 135.201965 199.061996 145.459899
v 132.725724 200.234138 144.486545
v 132.785551 200.299823 144.439405
v 132.686068 200.225003 144.571704
v 132.71363 200.299823 144.619806
v 132.768176 200.37961 144.608007
v 132.800441 200.370475 144.512764
v 130.336285 201.723833 143.549289
v 130.371597 201.770902 143.515459
v 130.310227 201.717287 143.607037
v 130.323062 201.770902 143.6372
v 130.353724 201.828076 143.626786
v 130.376201 201.821531 143.562794
v 127.946954 202.324318 142.608786
v 127.960476 202.355969 142.584406
v 127.931932 202.319916 142.645139
v 127.930316 202.355969 142.660058
v 127.939141 202.394414 142.649509
v 127.954279 202.390013 142.61021
v 125.544297 202.661302 141.661208
v 125.550873 202.676478 141.649546
v 125.537077 202.659192 141.678646
v 125.536402 202.676478 141.685844
v 125.540744 202.694911 141.680826
v 125.547995 202.6928 141.661965
v 123.141959 202.967502 140.712958
v 77.277947 218.956516 91.978374
v 76.114452 219.282197 91.977716
v 76.125212 219.328005 91.936404
v 76.114162 219.275827 92.036128
v 76.127981 219.328005 92.057279
v 76.141749 219.383647 92.03756
v 76.13869 219.377277 91.975097
v 74.980658 219.306511 91.988806
v 74.97319 219.3793 91.92554
v 74.98356 219.296389 92.078964
v 74.977466 219.3793 92.112268
v 74.969472 219.467714 92.082475
v 74.968097 219.457592 91.985905
v 73.793367 219.450424 92.012567
v 73.821823 219.523468 91.943319
v 73.791424 219.440267 92.110173
v 73.826447 219.523468 92.145232
v 73.862177 219.612191 92.112001
v 73.855611 219.602034 92.007693
v 72.639968 220.045809 92.046666
v 72.671093 220.102909 91.988915
v 72.637315 220.037869 92.127851
v 72.674938 220.102909 92.156808
v 72.713714 220.172265 92.128968
v 72.707216 220.164325 92.042259
v 71.504296 220.70375 92.085007
v 71.52063 220.744585 92.046141
v 71.503156 220.698072 92.139778
v 71.523225 220.744585 92.159442
v 71.543719 220.794186 92.140784
v 71.539983 220.788508 92.082254
v 70.367572 220.972412 92.120729
v 70.370015 220.999788 92.096753
v 70.367935 220.968605 92.15474
v 70.371628 220.999788 92.16716
v 70.375002 221.033041 92.155781
v 70.373752 221.029234 92.119385
v 69.218066 221.126466 92.155327
v 69.219319 221.139592 92.143822
v 69.218229 221.12464 92.171646
v 69.220093 221.139592 92.177604
v 69.22181 221.155536 92.172141
v 69.221199 221.153711 92.154679
v 68.068587 221.266535 92.189283
v 243.18674 6.883867 160.22601
v 243.218558 6.912898 160.246953
v 243.183581 6.912898 160.227096
v 243.134558 6.83488 160.223495
v 243.089764 6.912898 160.225985
v 243.30304 6.990916 160.302666
v 243.175091 6.990916 160.230014
v 243.045964 6.990916 160.228488
v 243.386525 7.068934 160.357827
v 243.166601 7.068934 160.232932
v 243.003128 7.068934 160.231005
v 243.468899 7.146952 160.412371
v 243.158111 7.146952 160.235851
v 242.961365 7.146952 160.233536
v 243.465208 7.167333 160.412296
v 243.434558 7.214568 160.399568
v 243.150754 7.214568 160.23838
v 243.45644 7.214568 160.411807
v 242.980892 7.214568 160.236378
v 243.390683 7.282183 160.381349
v 243.143396 7.282183 160.240909
v 243.443578 7.282183 160.410932
v 243.000724 7.282183 160.239225
v 243.346807 7.349799 160.363132
v 243.136038 7.349799 160.243438
v 243.430382 7.349799 160.409871
v 243.020885 7.349799 160.242076
v 243.302929 7.417414 160.344916
v 243.12868 7.417414 160.245967
v 243.416862 7.417414 160.408629
v 243.041363 7.417414 160.244933
v 243.232047 7.526639 160.315494
v 243.116795 7.526639 160.250053
v 243.375308 7.526639 160.395596
v 243.02494 7.526639 160.248965
v 243.161162 7.635865 160.286077
v 243.104909 7.635865 160.254139
v 243.332925 7.635865 160.382102
v 243.009331 7.635865 160.253007
v 243.093577 7.74 160.258034
v 243.292163 7.74 160.369039
v 242.994798 7.74 160.256865
v 243.288907 7.74509 160.368472
v 243.091734 7.74509 160.258256
v 243.088941 7.74509 160.258286
v 242.992685 7.74509 160.257147
v 243.219027 7.854315 160.356291
v 243.05217 7.854315 160.263027
v 242.989447 7.854315 160.263701
v 242.947345 7.854315 160.263205
v 243.144312 7.906327 160.327326
v 243.03333 7.906327 160.265298
v 242.942068 7.906327 160.266282
v 242.938096 7.906327 160.266235
v 243.06932 7.958339 160.298211
v 243.01449 7.958339 160.26757
v 242.937168 7.911706 160.266549
v 242.930576 7.958339 160.268474
v 242.996196 8.008846 160.269776
v 242.993975 8.010351 160.26986
v 242.923539 8.010351 160.270618
v 242.916863 8.062363 160.272758
v 241.460619 6.564418 161.051221
v 241.442623 6.64 160.995131
v 241.428924 6.64 161.061661
v 241.443331 6.65804 160.984654
v 241.426363 6.65804 161.067062
v 241.447055 6.751661 160.930062
v 241.413027 6.751661 161.095309
v 241.450927 6.845283 160.874769
v 241.399547 6.845283 161.124258
v 241.455002 6.938904 160.818515
v 241.385869 6.938904 161.15417
v 241.447082 7.015336 160.827145
v 241.443579 7.032526 160.837438
v 241.365974 7.032526 161.214321
v 241.445334 7.032526 160.829228
v 241.424501 7.126147 160.8935
v 241.35152 7.126147 161.248028
v 241.355169 7.083085 161.247111
v 241.43593 7.126147 160.840016
v 241.365976 7.126147 161.269501
v 241.405426 7.219769 160.949562
v 241.343587 7.219769 161.250021
v 241.426576 7.219769 160.850569
v 241.389603 7.219769 161.318368
v 241.386356 7.31339 161.005625
v 241.335654 7.31339 161.252015
v 241.417166 7.31339 160.861382
v 241.413092 7.31339 161.367024
v 241.373644 7.375805 161.043001
v 241.330365 7.375805 161.253344
v 241.398584 7.375805 160.926205
v 241.399538 7.375805 161.356079
v 241.360934 7.438219 161.080378
v 241.325077 7.438219 161.254673
v 241.379868 7.438219 160.991679
v 241.38563 7.438219 161.344609
v 241.348226 7.500633 161.117754
v 241.319788 7.500633 161.256002
v 241.361085 7.500633 161.057496
v 241.371537 7.500633 161.332862
v 241.33552 7.563048 161.155131
v 241.314499 7.563048 161.257331
v 241.342298 7.563048 161.123354
v 241.357422 7.563048 161.321083
v 241.32705 7.604657 161.180049
v 241.310974 7.604657 161.258217
v 241.334405 7.604657 161.145564
v 241.336013 7.604657 161.295409
v 241.318581 7.646267 161.204967
v 241.307448 7.646267 161.259103
v 241.326577 7.646267 161.167471
v 241.314771 7.646267 161.26998
v 241.310113 7.687877 161.229885
v 241.307843 7.687877 161.240923
v 241.305975 7.663652 161.259473
v 241.318824 7.687877 161.189031
v 241.308455 7.69602 161.234761
v 241.311151 7.729486 161.210215
v 243.079411 6.273151 162.167794
v 243.064909 6.359782 162.208077
v 243.07004 6.371974 162.207974
v 243.132862 6.371974 162.157402
v 243.05985 6.371974 162.215331
v 243.111622 6.470797 162.20714
v 243.172114 6.470797 162.158434
v 243.170276 6.441724 162.150313
v 243.019466 6.470797 162.273679
v 243.186373 6.470797 162.144097
v 243.153203 6.569619 162.206301
v 243.178364 6.569619 162.186041
v 242.978791 6.569619 162.332236
v 243.241303 6.569619 162.12275
v 243.182815 6.64 162.205702
v 242.949078 6.64 162.374475
v 243.280964 6.64 162.106998
v 242.936499 6.668442 162.381571
v 243.179762 6.668442 162.205922
v 243.190384 6.668442 162.195628
v 243.292221 6.668442 162.09321
v 242.933254 6.772466 162.376658
v 243.168596 6.772466 162.206727
v 243.218068 6.772466 162.158782
v 243.30866 6.772466 162.067658
v 242.929024 6.87649 162.372457
v 243.15743 6.87649 162.207532
v 243.245749 6.87649 162.121932
v 243.325816 6.87649 162.041382
v 242.924014 6.980514 162.368818
v 242.918563 7.084538 162.365497
v 243.135097 7.084538 162.209142
v 243.146263 6.980514 162.208337
v 243.301102 7.084538 162.04822
v 243.361582 7.084538 161.987357
v 243.343539 6.980514 162.014532
v 243.273427 6.980514 162.085078
v 242.952594 7.162556 162.335489
v 243.126723 7.162556 162.209746
v 243.321856 7.162556 162.020574
v 243.349752 7.162556 161.992499
v 242.987597 7.240574 162.304775
v 243.118348 7.240574 162.210349
v 243.339245 7.227931 161.997407
v 243.337171 7.240574 161.9982
v 243.02361 7.318592 162.273327
v 243.109974 7.318592 162.210953
v 243.323629 7.318592 162.003816
v 243.060573 7.39661 162.241189
v 243.101599 7.39661 162.211557
v 243.309389 7.39661 162.010109
v 243.087401 7.479829 162.216004
v 243.092666 7.479829 162.212201
v 243.26633 7.479829 162.043851
v 243.091347 7.49212 162.212296
v 243.10607 7.563048 162.191199
v 243.223353 7.563048 162.077508
v 243.122885 7.646267 162.166889
v 243.180832 7.646267 162.110718
v 243.139004 7.729486 162.143251
v 238.597063 11.349703 159.71632
v 238.508292 11.46283 159.736532
v 238.421968 11.46283 159.749295
v 238.42001 11.575957 159.756673
v 238.246384 11.575957 159.782341
v 238.332982 11.689085 159.776631
v 238.069546 11.689085 159.815573
v 238.288085 11.748624 159.787002
v 238.238439 11.802212 159.822098
v 238.211207 11.802212 159.801725
v 237.890986 11.802212 159.84906
v 238.074141 11.897752 159.827975
v 238.042197 11.915339 159.833799
v 237.638275 11.915339 159.893513
v 237.836936 12.028467 159.87123
v 237.385346 12.028467 159.938001
v 237.634431 12.14 159.908154
v 237.136116 12.14 159.981845
v 237.631966 12.141594 159.908287
v 237.132984 12.141594 159.982077
v 237.4563 12.254721 159.917824
v 236.911346 12.254721 159.998425
v 237.277768 12.330139 159.933262
v 236.816911 12.330139 160.001432
v 237.099208 12.405558 159.948708
v 236.722505 12.405558 160.004436
v 236.920958 12.480976 159.96411
v 236.627789 12.480976 160.007485
v 236.743329 12.556394 159.979423
v 236.532452 12.556394 160.010627
v 236.715526 12.575479 159.980762
v 236.643103 12.606673 159.986942
v 236.512783 12.606673 160.006225
v 236.672751 12.606673 159.982468
v 236.526368 12.656952 159.996904
v 236.492856 12.656952 160.001863
v 236.604087 12.656952 159.985176
v 236.485831 12.674411 160.000363
v 236.535757 12.70723 159.987834
v 236.478851 12.70723 159.996421
v 236.467792 12.757509 159.990436
v 237.678769 10.997751 163.387039
v 237.586609 11.04 163.410141
v 237.605048 11.04 163.44864
v 237.470939 11.117163 163.421983
v 237.523056 11.117163 163.530797
v 237.293276 11.236576 163.443106
v 237.394833 11.236576 163.655138
v 237.133415 11.344434 163.463465
v 237.122913 11.355988 163.47947
v 237.265934 11.355988 163.778061
v 237.115956 11.355988 163.465912
v 237.014363 11.4754 163.644894
v 237.136982 11.4754 163.900867
v 236.93556 11.4754 163.491324
v 236.900105 11.601097 163.819019
v 236.98618 11.601097 163.998688
v 236.77102 11.601097 163.56748
v 236.785852 11.726794 163.993139
v 236.835868 11.726794 164.097531
v 236.605966 11.726794 163.642632
v 236.625689 11.903009 164.23723
v 236.6859 11.852491 164.19709
v 236.671604 11.852491 164.167254
v 236.440552 11.852491 163.717081
v 236.274979 11.978188 163.791219
v 236.535007 11.978188 164.297822
v 236.170624 12.072461 163.885453
v 236.405056 12.072461 164.342174
v 236.096003 12.14 163.953239
v 236.311816 12.14 164.373675
v 236.074196 12.166733 163.982901
v 236.282638 12.166733 164.388975
v 235.997516 12.261006 164.08793
v 236.179526 12.261006 164.442501
v 235.921032 12.355279 164.193339
v 236.076219 12.355279 164.495646
v 235.817525 12.455836 164.263058
v 235.933543 12.455836 164.489065
v 235.714039 12.556394 164.332818
v 235.790845 12.556394 164.482441
v 235.610336 12.656952 164.402155
v 235.648365 12.656952 164.476239
v 235.50626 12.757509 164.470764
v 236.138721 15.747003 160.060979
v 236.116892 15.884753 160.022744
v 236.02487 15.884753 159.95055
v 236.114152 15.900101 160.018242
v 235.948095 16.022503 159.869209
v 235.91378 16.022503 159.842289
v 236.122958 16.022503 159.974191
v 235.865062 16.083706 159.794692
v 236.131119 16.160252 159.923566
v 235.813255 16.160252 159.732737
v 236.139179 16.298002 159.87288
v 235.720124 16.298002 159.621307
v 236.094378 16.443002 159.787536
v 235.651116 16.443002 159.521437
v 236.065355 16.54 159.731012
v 235.604007 16.54 159.454061
v 236.046112 16.588001 159.722712
v 235.575814 16.588001 159.440391
v 235.989026 16.733001 159.698266
v 235.932515 16.878001 159.674165
v 235.402828 16.878001 159.356209
v 235.489609 16.733001 159.398472
v 235.848916 16.986751 159.631347
v 235.369813 16.986751 159.343761
v 235.76477 17.0955 159.588202
v 235.337345 17.0955 159.331642
v 235.680006 17.20425 159.544688
v 235.305494 17.20425 159.319893
v 235.594661 17.313 159.500826
v 235.274223 17.313 159.308493
v 235.580699 17.361344 159.495721
v 235.482034 17.429 159.441082
v 235.321874 17.429 159.344951
v 235.559501 17.429 159.487559
v 235.357049 17.514703 159.37187
v 235.523196 17.544999 159.473589
v 235.368297 17.544999 159.380658
v 235.4939 17.64 159.462411
v 235.40313 17.64 159.407953
v 235.486553 17.660999 159.452069
v 235.409958 17.660999 159.406115
v 235.44682 17.776999 159.395451
v 237.3544 16.153002 165.135721
v 237.289745 16.283502 165.24777
v 237.357048 16.283502 165.181328
v 237.224849 16.414002 165.360055
v 237.359938 16.414002 165.226696
v 237.161459 16.54 165.469189
v 237.363461 16.54 165.269777
v 237.158701 16.544502 165.471047
v 237.363095 16.544502 165.269275
v 237.077704 16.675001 165.525967
v 237.353537 16.675001 165.253676
v 237.084909 16.706783 165.512759
v 237.183691 16.805501 165.396312
v 237.421941 16.805501 165.161109
v 237.108907 16.805501 165.470132
v 237.314271 16.936001 165.242372
v 237.490788 16.936001 165.068101
v 237.140196 16.936001 165.41421
v 237.444845 17.0665 165.088425
v 237.559821 17.0665 164.974906
v 237.1713 17.0665 165.358469
v 237.575415 17.197 164.934473
v 237.628621 17.197 164.881938
v 237.202631 17.197 165.302505
v 237.631284 17.252841 164.868595
v 237.272044 17.284 165.217291
v 237.633399 17.284 164.860527
v 237.341827 17.371 165.131707
v 237.638933 17.371 164.83837
v 237.411742 17.458 165.04599
v 237.644333 17.458 164.816344
v 237.481555 17.544999 164.960372
v 237.649835 17.544999 164.794218
v 237.485815 17.602999 164.945037
v 237.611209 17.602999 164.821228
v 237.488373 17.64 164.935412
v 237.586728 17.64 164.838301
v 237.493214 17.660999 164.932437
v 237.576224 17.660999 164.850478
v 237.5063 17.718999 164.924503
v 237.547497 17.718999 164.883827
v 237.519077 17.776999 164.916872
v 232.515138 21.407269 159.126786
v 232.57988 21.47077 159.073103
v 232.497257 21.47077 159.121289
v 232.428589 21.3412 159.166166
v 232.397812 21.47077 159.153122
v 232.71459 21.60034 158.96205
v 232.460771 21.60034 159.110071
v 232.363846 21.60034 159.141098
v 232.851516 21.72991 158.849711
v 232.424286 21.72991 159.098854
v 232.327172 21.72991 159.129941
v 232.881519 21.757993 158.825173
v 232.685547 21.85948 158.913999
v 232.387801 21.85948 159.087637
v 232.974944 21.85948 158.745313
v 232.288666 21.85948 159.119371
v 232.46871 21.971774 159.012289
v 232.35618 21.971774 159.077915
v 232.948752 21.971774 158.732469
v 232.32309 21.971774 159.088507
v 232.34263 22.037068 159.069442
v 232.340582 22.027167 159.07312
v 232.932349 22.04 158.724951
v 232.342927 22.04 159.068535
v 232.914224 22.084068 158.702378
v 232.339866 22.084068 159.037178
v 232.867215 22.196362 158.645334
v 232.332887 22.196362 158.956797
v 232.81942 22.308656 158.588749
v 232.326695 22.308656 158.875958
v 232.655031 22.490054 158.548157
v 232.198608 22.490054 158.81421
v 232.489668 22.671452 158.508133
v 232.071494 22.671452 158.751895
v 232.323998 22.85285 158.46829
v 231.944689 22.85285 158.689401
v 232.301465 22.877555 158.462846
v 231.972115 23.034248 158.536995
v 231.817662 23.034248 158.627035
v 232.170688 23.034248 158.421461
v 231.790557 23.120628 158.577876
v 231.76018 23.120628 158.595585
v 231.782077 23.079604 158.613671
v 232.016124 23.120628 158.44663
v 231.745865 23.120628 158.599976
v 231.74984 23.14 158.587044
v 231.981702 23.14 158.452135
v 231.72845 23.14 158.593605
v 231.852717 23.207008 158.478876
v 231.710997 23.207008 158.561337
v 231.71742 23.151777 158.591202
v 231.66531 23.207008 158.576826
v 231.687633 23.293388 158.512657
v 231.660923 23.293388 158.528198
v 231.582263 23.293388 158.554865
v 231.649167 23.313669 158.520418
v 231.497587 23.379768 158.533458
v 231.969418 20.892024 165.20104
v 231.902344 20.94 165.187826
v 231.928401 20.94 165.209059
v 231.816924 21.047508 165.101463
v 231.901372 21.047508 165.170277
v 231.693162 21.202992 164.976378
v 231.862504 21.202992 165.11437
v 231.568798 21.358476 164.850799
v 231.82424 21.358476 165.058955
v 231.499278 21.444831 164.780686
v 231.581843 21.51396 164.837197
v 231.786785 21.51396 165.0042
v 231.449756 21.51396 164.730582
v 231.767554 21.669444 164.964295
v 231.854777 21.669444 165.035366
v 231.473581 21.669444 164.727024
v 231.905818 21.7852 165.058911
v 231.496865 21.824928 164.723027
v 231.924664 21.824928 165.068296
v 231.51996 21.980412 164.718878
v 231.998612 21.980412 165.105178
v 231.528921 22.04 164.717377
v 232.026842 22.04 165.119222
v 231.512211 22.135896 164.736974
v 232.041139 22.135896 165.163837
v 231.554727 22.239552 164.80705
v 232.005844 22.239552 165.171109
v 231.597943 22.343208 164.877687
v 231.969852 22.343208 165.177817
v 231.641565 22.446864 164.948649
v 231.933455 22.446864 165.184199
v 231.685297 22.55052 165.019697
v 231.896948 22.55052 165.190492
v 231.6605 22.619624 165.023523
v 231.8184 22.619624 165.150943
v 231.635451 22.688728 165.027145
v 231.740103 22.688728 165.111597
v 231.610106 22.757832 165.030528
v 231.662103 22.757832 165.072489
v 231.584432 22.826936 165.033646
v 238.199952 20.408296 162.823238
v 238.241349 20.572418 162.798523
v 238.281601 20.572418 162.686971
v 238.262359 20.653974 162.785025
v 238.328192 20.73654 162.647861
v 238.362364 20.73654 162.553152
v 238.272981 20.73654 162.792654
v 238.416714 20.847568 162.463414
v 238.294617 20.900662 162.806446
v 238.438798 20.900662 162.42831
v 238.299806 20.94 162.809743
v 238.455158 20.94 162.40231
v 238.23168 21.064784 162.782854
v 238.422464 21.064784 162.282486
v 238.16206 21.237544 162.680856
v 238.329305 21.237544 162.242215
v 238.421832 21.066651 162.281067
v 238.322377 21.237544 162.140554
v 238.09203 21.410304 162.579929
v 238.235768 21.410304 162.202939
v 238.221754 21.410304 161.997312
v 238.021723 21.583064 162.479732
v 237.951315 21.755824 162.379794
v 238.048694 21.755824 162.124387
v 238.142231 21.583064 162.163663
v 238.020371 21.755824 161.708907
v 238.121073 21.583064 161.853254
v 237.917291 21.885394 162.25558
v 237.978541 21.885394 162.094929
v 237.947729 21.885394 161.642949
v 237.889211 21.992904 162.152115
v 237.891844 22.014964 162.108865
v 237.908388 22.014964 162.065472
v 237.883844 22.014964 162.129804
v 237.875124 22.014964 161.577527
v 237.894833 22.04 162.05978
v 237.877789 22.04 162.104388
v 237.861102 22.04 161.564996
v 237.882318 22.103483 162.043018
v 237.859988 22.144534 161.815959
v 237.838099 22.144534 161.494945
v 237.871842 22.144534 161.995977
v 237.816791 22.274104 161.513741
v 237.80962 22.274104 161.408597
v 237.838742 22.274104 161.846985
v 237.802556 22.316797 161.414162
v 237.809229 22.412312 161.776058
v 237.787274 22.412312 161.44277
v 237.779709 22.55052 161.705032
v 237.765167 22.55052 161.484265
v 237.750227 22.688728 161.63457
v 237.743022 22.688728 161.525195
v 237.72081 22.826936 161.565116
v 233.142618 26.241551 158.270393
v 233.13529 26.251703 158.290887
v 233.12671 26.251703 158.281581
v 233.236457 26.130364 158.076455
v 233.021382 26.251703 158.18803
v 233.052858 26.365384 158.51996
v 233.030157 26.373041 158.516793
v 232.936572 26.373041 158.415305
v 233.046312 26.373041 158.524405
v 232.806653 26.373041 158.299913
v 232.831648 26.44 158.489099
v 232.989342 26.44 158.563399
v 232.687911 26.44 158.361434
v 232.955344 26.49438 158.575505
v 232.7543 26.49438 158.480779
v 232.69065 26.49438 158.48752
v 232.600706 26.49438 158.407635
v 232.880462 26.615718 158.602982
v 232.581712 26.615718 158.462216
v 232.453137 26.585983 158.484864
v 232.404622 26.615718 158.480974
v 232.671356 26.737057 158.567211
v 232.409124 26.737057 158.443652
v 232.129252 26.737057 158.473302
v 232.463871 26.858395 158.532204
v 232.236536 26.858395 158.425089
v 231.85244 26.858395 158.465785
v 232.257437 26.979733 158.497692
v 232.063948 26.979733 158.406526
v 231.574692 26.979733 158.458371
v 232.051158 27.101072 158.463253
v 231.89136 27.101072 158.387962
v 231.296806 27.101072 158.450976
v 231.821761 27.181964 158.397005
v 231.776302 27.181964 158.375587
v 231.185032 27.181964 158.438252
v 231.731295 27.213606 158.370746
v 231.598343 27.262856 158.369873
v 231.074927 27.262856 158.425351
v 231.378787 27.343749 158.368567
v 230.966007 27.343749 158.412324
v 231.158524 27.424641 158.367339
v 230.857792 27.424641 158.399223
v 231.05564 27.478569 158.361863
v 230.831856 27.478569 158.385588
v 230.953306 27.532497 158.356329
v 230.805371 27.532497 158.372012
v 230.939154 27.54 158.35555
v 230.801601 27.54 158.370132
v 230.827481 27.586426 158.346139
v 230.75417 27.586426 158.353911
v 230.698418 27.640354 158.335139
v 228.302296 25.752867 161.225385
v 228.401846 25.880946 161.179243
v 228.414124 25.880946 161.282565
v 228.500699 26.009026 161.12723
v 228.526651 26.009026 161.345614
v 228.59768 26.137105 161.059466
v 228.641055 26.137105 161.424414
v 228.68972 26.265185 160.950112
v 228.760408 26.265185 161.544802
v 228.800043 26.400005 160.94812
v 228.875345 26.400005 161.581549
v 228.83273 26.44 160.947189
v 228.909481 26.44 161.592789
v 228.708108 26.534826 160.953171
v 228.788298 26.534826 161.627629
v 228.377427 26.804467 161.169459
v 228.443907 26.804467 161.728345
v 228.616091 26.669646 161.677895
v 228.53793 26.669646 161.020628
v 228.530989 26.669646 160.962212
v 228.354053 26.804467 160.972799
v 228.257055 26.905582 161.281082
v 228.308998 26.905582 161.717687
v 228.228008 26.905582 161.036744
v 228.136688 27.006697 161.392703
v 228.173989 27.006697 161.706184
v 228.102062 27.006697 161.101516
v 228.016325 27.107813 161.504323
v 228.03888 27.107813 161.69385
v 227.976215 27.107813 161.167102
v 227.895967 27.208928 161.615942
v 227.903688 27.208928 161.680816
v 227.850452 27.208928 161.233372
v 227.85718 27.241514 161.651913
v 227.710445 27.316785 161.254781
v 227.75013 27.316785 161.58833
v 227.570446 27.424641 161.276248
v 227.596729 27.424641 161.497163
v 227.430378 27.532497 161.297133
v 227.443399 27.532497 161.406577
v 227.420626 27.54 161.298515
v 227.432741 27.54 161.400346
v 227.212213 27.640354 161.337583
v 233.318437 26.480898 162.495558
v 232.940625 26.582013 162.510574
v 233.173787 26.582013 162.429633
v 232.561249 26.683128 162.526124
v 233.030693 26.683128 162.363166
v 232.521131 26.69379 162.527803
v 232.467652 26.784244 162.442483
v 232.888692 26.784244 162.29632
v 232.286533 26.784244 162.597597
v 232.057402 26.872516 162.665861
v 232.020017 26.885359 162.674255
v 232.039177 26.885359 162.662853
v 232.407866 26.885359 162.347103
v 232.747026 26.885359 162.229356
v 231.896025 26.972992 162.65351
v 231.91482 26.972992 162.642325
v 232.356049 26.972992 162.264437
v 232.524764 26.972992 162.205863
v 231.772832 27.060626 162.63229
v 231.790463 27.060626 162.621798
v 232.305054 27.059232 162.183084
v 232.302508 27.060626 162.183244
v 231.650503 27.148259 162.610556
v 231.666106 27.148259 162.601271
v 232.141774 27.148259 162.19388
v 231.529037 27.235892 162.588308
v 231.54175 27.235892 162.580743
v 231.980358 27.235892 162.2051
v 231.493727 27.269733 162.572816
v 231.372781 27.377454 162.520255
v 231.789707 27.377454 162.163174
v 231.214823 27.519015 162.450337
v 231.598073 27.519015 162.12209
v 231.191452 27.54 162.439935
v 231.569621 27.54 162.116038
v 231.013611 27.660577 162.408101
v 231.362589 27.660577 162.109199
v 230.962208 27.695396 162.39895
v 230.860546 27.802138 162.323001
v 231.11972 27.802138 162.101004
v 230.798468 27.802138 162.372811
v 230.796342 27.869549 162.275035
v 230.994507 27.869549 162.105292
v 230.755321 27.869549 162.307952
v 230.732138 27.936959 162.227068
v 230.869649 27.936959 162.109276
v 230.711778 27.936959 162.243406
v 230.667931 28.004369 162.179099
v 230.745216 28.004369 162.112896
v 230.667761 28.004369 162.179236
v 230.667373 28.004955 162.178682
v 230.62127 28.071779 162.116099
vn 0.228285 -0.035459 0.972948
vn 0.258606 -0.040571 0.965131
vn 0.760246 -0.035487 0.648665
vn 0.706931 -0.022271 0.706931
vn 0.99721 -0.073495 -0.013029
vn 0.965566 -0.027301 0.258723
vn 0.996034 -0.037121 -0.080856
vn 0.963577 -0.069689 -0.25819
vn 0.893822 0.017172 -0.448092
vn 0.712516 -0.045387 -0.700186
vn -0.103979 -0.074754 -0.991766
vn 0.250378 0.002528 -0.968145
vn -0.292033 -0.08376 -0.952734
vn -0.258059 -0.076559 -0.963091
vn -0.640855 -0.077118 -0.763779
vn -0.703929 -0.094706 -0.703929
vn -0.870388 -0.038975 -0.490822
vn -0.962031 -0.089709 -0.257775
vn -0.911065 -0.076834 0.40504
vn -0.964834 -0.047541 0.258526
vn -0.420258 -0.125453 0.898691
vn -0.705282 -0.071796 0.705282
vn -0.605073 -0.054045 0.794334
vn -0.256999 -0.118398 0.959132
vn 0.257356 -0.106177 0.960466
vn 0.257356 -0.106177 0.960466
vn 0.703597 -0.099514 0.703597
vn 0.703597 -0.099514 0.703597
vn 0.961574 -0.094814 0.257653
vn 0.961574 -0.094814 0.257653
vn 0.961708 -0.093345 -0.257689
vn 0.961708 -0.093345 -0.257689
vn 0.710129 -0.093468 -0.69784
vn 0.703875 -0.095505 -0.703875
vn 0.249097 -0.101059 -0.963191
vn 0.257548 -0.098987 -0.961182
vn -0.257318 -0.107554 -0.960323
vn -0.257318 -0.107554 -0.960323
vn -0.702481 -0.1142 -0.702481
vn -0.702481 -0.1142 -0.702481
vn -0.959077 -0.118871 -0.256984
vn -0.959077 -0.118871 -0.256984
vn -0.958908 -0.120328 0.256939
vn -0.958908 -0.120328 0.256939
vn -0.702151 -0.118185 0.702151
vn -0.702151 -0.118185 0.702151
vn -0.257161 -0.113009 0.959738
vn -0.257161 -0.113009 0.959738
vn 0.253459 -0.202464 0.945921
vn 0.600704 -0.288888 0.745452
vn 0.703304 -0.103573 0.703304
vn 0.844634 -0.161507 0.510401
vn 0.952288 -0.167445 0.255165
vn 0.880676 -0.100035 0.463036
vn 0.924636 -0.289248 -0.247756
vn 0.983124 -0.171411 0.063917
vn 0.686907 -0.237315 -0.686907
vn 0.56984 -0.281765 -0.77194
vn 0.25774 -0.09122 -0.961899
vn -0.166218 -0.21135 -0.963173
vn -0.251691 -0.233065 -0.939325
vn 0.0942 -0.099777 -0.990541
vn -0.668268 -0.326858 -0.668268
vn -0.523323 -0.25009 -0.814609
vn -0.929209 -0.27309 -0.248981
vn -0.94351 -0.321618 -0.079689
vn -0.954774 -0.151515 0.255831
vn -0.789525 -0.237712 0.565812
vn -0.694137 -0.190649 0.694137
vn -0.78875 -0.151543 0.595742
vn -0.239497 -0.379123 0.893816
vn -0.686067 -0.190911 0.702044
vn 0.607679 -0.249094 0.754108
vn 0.569571 -0.232817 0.78828
vn 0.814529 -0.307038 0.492209
vn 0.68949 -0.234995 0.685114
vn 0.861277 -0.230522 0.452837
vn 0.905046 -0.290871 0.310299
vn 0.969915 -0.235134 0.063058
vn 0.967502 -0.250145 0.036975
vn 0.579986 -0.215217 -0.785683
vn 0.475336 -0.270099 -0.837318
vn -0.162706 -0.290885 -0.942822
vn -0.010106 -0.225116 -0.97428
vn 0.090515 -0.293104 -0.951786
vn 0.128504 -0.268916 -0.954553
vn -0.51575 -0.299134 -0.802821
vn -0.646031 -0.405628 -0.646614
vn -0.911266 -0.404563 -0.076966
vn -0.914691 -0.357565 -0.18838
vn -0.757829 -0.36158 0.543097
vn -0.774106 -0.354682 0.524368
vn -0.720972 -0.428561 0.54455
vn -0.823274 -0.365904 0.433975
vn -0.666187 -0.302456 0.681701
vn -0.428061 -0.436378 0.791415
vn 0.584729 0.056503 0.809259
vn 0.582303 0.058061 0.810896
vn 0.708034 0.060986 0.70354
vn 0.694554 0.069013 0.716123
vn 0.941293 0.099072 0.322727
vn 0.945866 0.093069 0.310927
vn 0.992971 0.112111 0.037948
vn 0.993164 0.111014 0.036061
vn 0.491859 0.085932 -0.866424
vn 0.486173 0.081265 -0.870076
vn -0.010369 0.025023 -0.999633
vn 0.011013 0.038574 -0.999195
vn 0.133296 0.042872 -0.990149
vn 0.126777 0.038451 -0.991186
vn -0.706323 -0.036244 -0.706961
vn -0.716272 -0.046096 -0.696297
vn -0.976425 -0.078454 -0.201094
vn -0.975279 -0.073953 -0.208233
vn -0.825084 -0.082869 0.5589
vn -0.826221 -0.081877 0.557364
vn -0.880764 -0.093266 0.46428
vn -0.887094 -0.086782 0.453358
vn -0.475219 -0.04717 0.878602
vn -0.455034 -0.05915 0.888507
vn 0.578797 0.123831 0.806015
vn 0.589735 0.120545 0.79855
vn 0.681647 0.203493 0.702815
vn 0.723334 0.192863 0.663017
vn 0.905066 0.303876 0.297515
vn 0.890262 0.314426 0.329498
vn 0.941661 0.334822 0.034191
vn 0.940339 0.337819 0.040506
vn 0.476907 0.210023 -0.853493
vn 0.498718 0.234424 -0.834461
vn 0.011002 0.059951 -0.998141
vn -0.011591 0.039441 -0.999155
vn 0.125961 0.11956 -0.984804
vn 0.098578 0.093212 -0.990754
vn -0.693445 -0.25439 -0.674107
vn -0.663538 -0.207961 -0.718658
vn -0.912765 -0.358998 -0.194886
vn -0.911244 -0.376922 -0.166023
vn -0.772114 -0.36406 0.520864
vn -0.776813 -0.361591 0.515571
vn -0.832847 -0.353839 0.425634
vn -0.80413 -0.371667 0.463938
vn -0.437364 -0.281756 0.854006
vn -0.50238 -0.259293 0.824852
vn 0.571634 0.272211 0.774039
vn 0.432848 0.205657 0.877695
vn 0.657059 0.453371 0.602269
vn 0.684616 0.466303 0.560234
vn 0.839237 0.446318 0.310613
vn 0.653774 0.447933 0.609864
vn 0.737667 0.674416 0.031775
vn 0.779654 0.550472 -0.298529
vn 0.411363 0.597518 -0.688297
vn 0.295403 0.392352 -0.87109
vn -0.011481 -0.142922 -0.989667
vn 0.424943 0.608156 -0.6705
vn 0.098584 0.092517 -0.990819
vn -0.060853 -0.194895 -0.978935
vn -0.533282 -0.618069 -0.577582
vn -0.543709 -0.683928 -0.486439
vn -0.683458 -0.719291 -0.124522
vn -0.60924 -0.789884 0.070079
vn -0.505366 -0.795049 0.335412
vn -0.661671 -0.744614 0.087986
vn -0.486357 -0.827478 0.280601
vn -0.553202 -0.808419 0.201062
vn -0.402662 -0.633069 0.661125
vn 0.024247 -0.523808 0.851491
vn 0.428963 -0.243739 0.869817
vn 0.384695 -0.274039 0.881427
vn 0.773736 -0.020938 0.633162
vn 0.494139 -0.156777 0.85513
vn 0.693612 0.316638 0.647026
vn 0.89499 0.281143 0.346341
vn 0.735711 0.615933 -0.281703
vn 0.732881 0.628178 -0.2613
vn 0.317525 0.149929 -0.936322
vn 0.379838 0.291419 -0.877951
vn 0.507517 0.318057 -0.800791
vn 0.535605 0.449113 -0.71514
vn -0.054716 -0.471415 -0.880212
vn -0.10523 -0.576638 -0.810194
vn -0.426938 -0.819649 -0.381968
vn -0.416103 -0.87828 -0.235548
vn -0.407587 -0.911962 0.046884
vn -0.456831 -0.885814 -0.081485
vn -0.412565 -0.909275 0.054861
vn -0.40436 -0.911942 0.06968
vn -0.403517 -0.903142 0.146659
vn -0.372733 -0.910622 0.17843
vn 0.021126 -0.670175 0.741902
vn 0.065355 -0.652686 0.754805
vn 0.382671 0.291209 0.87679
vn 0.372032 0.286203 0.882995
vn 0.468418 0.351401 0.810618
vn 0.404848 0.330322 0.852634
vn 0.58016 0.78295 0.224509
vn 0.612191 0.77315 0.165714
vn 0.527541 0.828447 -0.188088
vn 0.526696 0.829879 -0.184097
vn 0.302983 0.64635 -0.700309
vn 0.310963 0.668729 -0.675354
vn 0.407296 0.733736 -0.543822
vn 0.409599 0.745961 -0.525139
vn -0.128052 0.107676 -0.985905
vn -0.146015 0.061796 -0.98735
vn -0.601298 -0.722897 -0.340383
vn -0.585176 -0.756785 -0.291281
vn -0.574495 -0.812068 -0.102473
vn -0.601199 -0.783206 -0.158581
vn -0.549398 -0.83018 0.094674
vn -0.545815 -0.831972 0.099546
vn -0.519749 -0.817286 0.248808
vn -0.507219 -0.821611 0.260163
vn 0.085237 -0.15368 0.984437
vn 0.100334 -0.149998 0.983582
vn 0.388118 0.028307 0.921175
vn 0.384899 0.028125 0.92253
vn 0.428124 0.06106 0.901655
vn 0.418261 0.063022 0.906138
vn 0.769241 0.604078 0.208226
vn 0.777075 0.598008 0.196316
vn 0.711928 0.656686 -0.248842
vn 0.711545 0.65771 -0.247225
vn 0.377822 0.428875 -0.820559
vn 0.38083 0.436697 -0.815024
vn 0.515279 0.545945 -0.66063
vn 0.515952 0.549637 -0.657033
vn -0.144807 -0.142278 -0.979177
vn -0.147489 -0.148774 -0.977811
vn -0.629057 -0.711506 -0.313124
vn -0.625209 -0.720588 -0.299777
vn -0.635348 -0.753822 -0.167589
vn -0.641708 -0.744736 -0.183245
vn -0.610265 -0.784339 0.111301
vn -0.609648 -0.784711 0.112064
vn -0.560644 -0.776521 0.287566
vn -0.557592 -0.7779 0.289762
vn 0.09722 -0.286765 0.953055
vn 0.101038 -0.287168 0.952537
vn 0.375584 0.220387 0.900204
vn 0.389336 0.21453 0.895765
vn 0.400448 0.294969 0.867546
vn 0.448955 0.272798 0.850894
vn 0.800081 0.564813 0.202129
vn 0.755855 0.602855 0.25544
vn 0.754817 0.601225 -0.26226
vn 0.756332 0.596208 -0.269253
vn 0.377132 0.454253 -0.807109
vn 0.36303 0.424012 -0.829713
vn 0.521874 0.53478 -0.664574
vn 0.517011 0.520558 -0.679499
vn -0.146402 0.191017 -0.970607
vn -0.132907 0.214193 -0.967707
vn -0.82295 -0.408721 -0.39459
vn -0.825871 -0.324427 -0.461176
vn -0.88647 -0.387416 -0.253139
vn -0.865722 -0.471136 -0.168984
vn -0.880088 -0.4464 0.161775
vn -0.883505 -0.441448 0.156659
vn -0.794477 -0.445366 0.412863
vn -0.81263 -0.426326 0.397339
vn 0.105429 0.031553 0.993926
vn 0.088213 0.043372 0.995157
vn 0.327817 -0.568929 0.754225
vn -0.18739 -0.147799 0.971103
vn 0.455878 -0.213667 0.864015
vn 0.650392 -0.462723 0.602394
vn 0.927052 0.20596 0.313296
vn 0.992229 0.003258 0.124386
vn 0.915367 0.236457 -0.325869
vn 0.916068 0.251905 -0.312032
vn 0.384296 -0.284389 -0.878316
vn 0.679767 0.182186 -0.71044
vn 0.587089 -0.244865 -0.771601
vn 0.602253 -0.220374 -0.767285
vn -0.135013 0.124112 -0.98304
vn -0.520654 -0.568069 -0.637351
vn -0.767371 -0.476994 -0.428509
vn -0.684656 -0.09082 -0.723186
vn -0.74692 -0.648732 -0.145795
vn -0.800686 -0.492044 -0.341753
vn -0.745572 -0.653181 0.132201
vn -0.736106 -0.661637 0.142773
vn -0.817632 -0.414305 0.399786
vn -0.550321 -0.633423 0.543987
vn 0.088188 -0.049501 0.994873
vn 0.154747 -0.107953 0.982038
vn -0.177318 -0.352375 0.918907
vn -0.183624 -0.34508 0.920436
vn 0.69861 -0.305397 0.647053
vn 0.679477 -0.254305 0.688215
vn 0.992005 -0.021464 0.124358
vn 0.983172 -0.182603 -0.005357
vn 0.94618 -0.029545 -0.322289
vn 0.952982 -0.002941 -0.303014
vn 0.662065 -0.287908 -0.691939
vn 0.803827 -0.050716 -0.592697
vn 0.612999 -0.119623 -0.780975
vn 0.486623 -0.326609 -0.810262
vn -0.593936 -0.344421 -0.727058
vn -0.596306 -0.35203 -0.721453
vn -0.652615 -0.31449 -0.689341
vn -0.665578 -0.355357 -0.656298
vn -0.788825 -0.514194 -0.33669
vn -0.801152 -0.35947 -0.478474
vn -0.834694 -0.52638 0.161894
vn -0.813251 -0.552309 0.183244
vn -0.66595 -0.350957 0.658285
vn -0.526507 -0.485299 0.698051
vn 0.149212 -0.284764 0.946914
vn 0.062872 -0.195154 0.978755
vn -0.195096 0.074571 0.977945
vn -0.195072 0.074534 0.977953
vn 0.696118 0.135265 0.70507
vn 0.696108 0.135282 0.705076
vn 0.992938 0.118509 -0.00541
vn 0.992764 0.120004 -0.00444
vn 0.948031 0.10184 -0.30144
vn 0.947968 0.101324 -0.301812
vn 0.802149 0.082044 -0.59146
vn 0.802053 0.081766 -0.591629
vn 0.513991 0.058005 -0.855832
vn 0.513829 0.057673 -0.855952
vn -0.636965 -0.01955 -0.770645
vn -0.636918 -0.019444 -0.770687
vn -0.711856 -0.023531 -0.701931
vn -0.711507 -0.022856 -0.702307
vn -0.858316 -0.022824 -0.512614
vn -0.858658 -0.023842 -0.511994
vn -0.975524 0.006207 0.219807
vn -0.975498 0.006031 0.219925
vn -0.601449 0.048965 0.79741
vn -0.602662 0.051263 0.796349
vn 0.063828 0.092807 0.993636
vn 0.065238 0.090944 0.993717
vn -0.194255 -0.117739 0.973859
vn -0.193228 -0.11926 0.973879
vn 0.701257 -0.061048 0.71029
vn 0.706146 -0.073096 0.704283
vn 0.995525 -0.094393 -0.004453
vn 0.997828 -0.064198 0.01473
vn 0.946686 -0.113757 -0.301404
vn 0.945534 -0.11739 -0.30362
vn 0.79871 -0.122263 -0.589163
vn 0.776493 -0.166536 -0.607721
vn 0.500218 -0.235433 -0.833278
vn 0.52364 -0.195507 -0.829203
vn -0.597711 -0.345916 -0.723245
vn -0.597373 -0.344809 -0.724052
vn -0.666563 -0.350431 -0.657945
vn -0.664917 -0.345306 -0.662306
vn -0.810299 -0.331622 -0.483159
vn -0.81171 -0.357984 -0.461491
vn -0.925317 -0.316654 0.208611
vn -0.928632 -0.309848 0.204051
vn -0.584804 -0.246699 0.772751
vn -0.604117 -0.22148 0.765499
vn 0.065267 -0.08607 0.994149
vn 0.077607 -0.101254 0.991829
vn -0.191222 -0.185969 0.963768
vn 0.025738 -0.485735 0.873727
vn 0.633634 0.446241 0.631963
vn 0.905763 -0.065385 0.418709
vn 0.997097 -0.07471 0.014719
vn 0.841506 0.446755 0.303774
vn 0.852243 -0.44586 -0.273664
vn 0.992429 -0.088567 -0.085088
vn 0.765615 -0.234062 -0.599207
vn 0.555989 -0.516049 -0.65159
vn 0.529256 0.132225 -0.838096
vn 0.249767 -0.38058 -0.890379
vn -0.597516 -0.344199 -0.724225
vn -0.506943 -0.082191 -0.858052
vn -0.497216 -0.712383 -0.495265
vn -0.378349 -0.321144 -0.86817
vn -0.78117 -0.438774 -0.444129
vn -0.698638 -0.701476 -0.14084
vn -0.973808 -0.07689 0.213978
vn -0.849928 -0.352823 0.391329
vn -0.612986 -0.144665 0.776737
vn -0.721509 0.045372 0.690917
vn 0.06852 -0.477969 0.8757
vn -0.29108 -0.051627 0.955305
vn 0.025245 -0.514665 0.857019
vn 0.031706 -0.524024 0.851113
vn 0.897125 -0.152241 0.414716
vn 0.896755 -0.315121 0.310691
vn 0.924712 -0.182972 0.333811
vn 0.923566 -0.151358 0.352302
vn 0.951013 -0.298203 -0.081537
vn 0.961702 -0.265939 -0.06638
vn 0.481909 -0.669921 -0.564773
vn 0.668673 -0.474689 -0.572317
vn 0.230652 -0.520317 -0.822235
vn 0.047746 -0.720716 -0.691585
vn -0.400216 -0.617211 -0.677406
vn -0.398348 -0.612194 -0.683035
vn -0.28682 -0.696118 -0.658144
vn -0.250599 -0.589715 -0.767748
vn -0.663287 -0.736322 -0.133713
vn -0.65311 -0.748197 -0.116828
vn -0.688767 -0.651944 0.317126
vn -0.673686 -0.663482 0.325482
vn -0.645028 -0.449902 0.617678
vn -0.52487 -0.556406 0.644145
vn -0.240043 -0.567224 0.787805
vn -0.425537 -0.374597 0.823769
vn 0.034331 0.386698 0.921567
vn 0.035123 0.385511 0.922035
vn 0.815762 0.504632 0.28263
vn 0.82329 0.494229 0.279161
vn 0.805801 0.506165 0.307379
vn 0.805091 0.507047 0.307786
vn 0.884076 0.463343 -0.061022
vn 0.883452 0.464634 -0.06023
vn 0.730041 0.276789 -0.624842
vn 0.731646 0.311702 -0.606247
vn 0.068868 -0.013743 -0.997531
vn 0.05142 -0.056959 -0.997051
vn -0.492365 -0.211733 -0.844243
vn -0.492262 -0.211409 -0.844384
vn -0.305283 -0.17903 -0.935281
vn -0.300547 -0.165942 -0.93922
vn -0.96384 -0.203191 -0.172412
vn -0.963406 -0.206956 -0.170347
vn -0.899231 -0.051331 0.434451
vn -0.898476 -0.053815 0.435712
vn -0.627119 0.119966 0.76963
vn -0.623991 0.113341 0.773169
vn -0.450668 0.189175 0.872417
vn -0.457917 0.202894 0.865532
vn 0.038065 -0.005004 0.999263
vn 0.039042 -0.006843 0.999214
vn 0.911778 0.27033 0.309165
vn 0.922078 0.244718 0.299808
vn 0.899842 0.268222 0.344009
vn 0.897806 0.272632 0.345855
vn 0.982924 0.171378 -0.067012
vn 0.982166 0.176536 -0.064691
vn 0.762374 -0.140465 -0.631708
vn 0.77928 -0.089274 -0.620284
vn 0.04651 -0.429541 -0.901849
vn 0.022809 -0.474709 -0.879847
vn -0.422336 -0.544812 -0.724439
vn -0.422064 -0.543811 -0.725349
vn -0.260144 -0.520979 -0.812961
vn -0.253806 -0.500407 -0.827753
vn -0.786519 -0.601704 -0.13907
vn -0.784816 -0.604511 -0.136492
vn -0.796347 -0.465502 0.386185
vn -0.794151 -0.468146 0.387509
vn -0.606561 -0.259272 0.751573
vn -0.589784 -0.280014 0.757461
vn -0.456449 -0.217491 0.862758
vn -0.480525 -0.182774 0.857724
vn 0.037701 0.259907 0.964897
vn 0.035105 0.264235 0.963819
vn 0.85662 0.43431 0.278525
vn 0.822038 0.486764 0.29549
vn 0.835592 0.445166 0.321889
vn 0.84112 0.437044 0.318607
vn 0.922431 0.381353 -0.060757
vn 0.926235 0.371142 -0.0659
vn 0.759812 0.23857 -0.604789
vn 0.744987 0.09984 -0.659565
vn 0.024015 -0.375837 -0.926375
vn 0.089097 -0.220093 -0.971401
vn -0.426843 -0.528859 -0.733562
vn -0.427369 -0.531228 -0.731541
vn -0.265344 -0.425093 -0.865383
vn -0.281322 -0.481522 -0.830057
vn -0.832149 -0.535335 -0.144724
vn -0.836753 -0.526112 -0.151827
vn -0.828839 -0.386599 0.404435
vn -0.83423 -0.378719 0.400789
vn -0.597646 -0.231673 0.767559
vn -0.632947 -0.183403 0.752158
vn -0.488472 -0.034213 0.871909
vn -0.436499 -0.114915 0.892336
vn 0.030693 0.537522 0.842691
vn 0.029913 0.538376 0.842174
vn 0.690197 0.679761 0.248099
vn 0.684124 0.685122 0.250164
vn 0.684357 0.681511 0.259227
vn 0.685539 0.680537 0.25866
vn 0.757957 0.650072 -0.053927
vn 0.758631 0.649229 -0.054599
vn 0.645775 0.506063 -0.571729
vn 0.649319 0.469113 -0.598597
vn 0.091312 0.023392 -0.995548
vn 0.114017 0.088257 -0.989551
vn -0.478705 -0.315281 -0.819414
vn -0.479016 -0.316589 -0.818728
vn -0.312075 -0.233975 -0.920796
vn -0.315882 -0.246102 -0.916326
vn -0.930389 -0.325387 -0.168817
vn -0.930999 -0.322832 -0.170355
vn -0.893671 -0.130436 0.429347
vn -0.894187 -0.129127 0.428668
vn -0.641393 0.087619 0.762193
vn -0.650163 0.103774 0.752675
vn -0.42218 0.277282 0.863063
vn -0.40986 0.258456 0.874766
vn 0.014144 0.917184 0.398213
vn 0.244597 0.878201 0.411017
vn 0.534847 0.822003 0.195578
vn 0.112922 0.938745 0.325585
vn 0.6078 0.760255 0.229329
vn 0.489436 0.822373 0.290095
vn 0.515006 0.856385 -0.037065
vn 0.675692 0.670744 -0.305847
vn 0.342561 0.884829 -0.315801
vn 0.318444 0.66455 -0.675993
vn 0.107818 0.335786 -0.935747
vn 0.3139 0.881267 -0.353321
vn -0.502266 -0.103744 -0.858467
vn -0.519892 -0.162134 -0.838704
vn -0.299543 0.394 -0.868929
vn -0.586382 -0.154163 -0.795229
vn -0.800429 0.581258 -0.146464
vn -0.943793 0.329342 0.028073
vn -0.83464 0.378523 0.400122
vn -0.77 0.631448 0.091506
vn -0.650807 0.093846 0.753421
vn -0.804279 0.404204 0.435608
vn -0.270105 0.771173 0.576485
vn 0.133036 0.575949 0.806588
vn 0.375043 0.679831 0.630216
vn 0.37517 0.679822 0.630151
vn 0.222119 0.735197 0.640428
vn 0.437364 0.740255 0.510622
vn 0.509761 0.805515 0.302142
vn 0.343821 0.849474 0.400225
vn 0.568497 0.781406 -0.257326
vn 0.568433 0.781499 -0.257185
vn 0.386016 0.423693 -0.819436
vn 0.385939 0.423292 -0.81968
vn 0.336722 0.861958 -0.379009
vn -0.101251 -0.289625 -0.95177
vn -0.462714 -0.478214 -0.746463
vn 0.053266 0.752474 -0.656464
vn -0.43331 -0.683317 -0.587639
vn -0.379122 -0.364521 -0.850524
vn -0.598216 -0.801138 0.017794
vn -0.597089 -0.801935 0.01961
vn -0.601817 -0.795425 0.07152
vn -0.601817 -0.795425 0.071521
vn -0.753194 -0.516027 0.40794
vn -0.530447 -0.575382 0.622544
vn 0.147222 0.426131 0.892602
vn -0.163541 0.464676 0.870247
vn 0.373649 0.683016 0.627596
vn 0.372371 0.682628 0.628776
vn 0.424747 0.757418 0.495891
vn 0.41046 0.754904 0.51151
vn 0.418514 0.766493 0.48717
vn 0.42876 0.764525 0.481318
vn 0.498038 0.837366 -0.225335
vn 0.498864 0.836374 -0.227185
vn 0.369623 0.497103 -0.785027
vn 0.370419 0.503266 -0.780713
vn -0.096256 -0.414778 -0.904817
vn -0.083749 -0.378054 -0.921988
vn 0.080532 -0.092007 -0.992496
vn 0.079213 -0.096113 -0.992214
vn -0.28719 -0.708816 -0.644284
vn -0.293168 -0.749641 -0.593372
vn -0.425128 -0.905026 0.013962
vn -0.433565 -0.901119 -0.002329
vn -0.425564 -0.903514 0.050574
vn -0.425961 -0.903366 0.049864
vn -0.38067 -0.809625 0.446763
vn -0.379671 -0.809535 0.447776
vn -0.170183 -0.388518 0.905589
vn -0.152175 -0.37822 0.913122
vn 0.306719 0.798551 0.517919
vn 0.304724 0.798101 0.519787
vn 0.343936 0.835466 0.428608
vn 0.331143 0.832623 0.443941
vn 0.34757 0.852618 0.390176
vn 0.354944 0.852492 0.383761
vn 0.386951 0.905105 -0.176219
vn 0.387711 0.904374 -0.178291
vn 0.296811 0.7215 -0.625573
vn 0.297302 0.726438 -0.619596
vn -0.09005 -0.09536 -0.991361
vn -0.075356 -0.045587 -0.996114
vn 0.077077 0.248871 -0.965465
vn 0.076139 0.245862 -0.96631
vn -0.3674 -0.558617 -0.743616
vn -0.377782 -0.678707 -0.629792
vn -0.47538 -0.879777 -0.002554
vn -0.499047 -0.865474 -0.043662
vn -0.476136 -0.877603 0.055738
vn -0.476494 -0.877449 0.055107
vn -0.444384 -0.726529 0.524098
vn -0.443473 -0.726378 0.525077
vn -0.164352 -0.020531 0.986188
vn -0.137766 -0.000859 0.990464
vn 0.159399 0.949033 0.271897
vn 0.263807 0.897399 0.353669
vn -0.489613 0.202775 0.848034
vn 0.193107 0.958706 0.208786
vn 0.39307 0.618047 -0.680818
vn 0.204631 0.974305 -0.094101
vn 0.1395 0.946582 -0.290727
vn -0.039674 0.850518 -0.524448
vn 0.036675 0.884311 -0.465456
vn -0.321903 0.779999 -0.536637
vn -0.867615 0.491408 -0.075908
vn -0.855841 0.507681 0.098979
vn -0.38201 0.805909 0.452304
vn -0.057806 0.907712 0.415594
vn -0.45303 -0.423148 0.784671
vn 0.45303 0.423148 -0.784671
vn 0.412169 -0.688547 -0.596674
vn -0.12336 -0.983204 -0.134505
vn -0.140073 -0.697572 0.70269
vn 0.387173 -0.164865 0.907148
vn 0.926929 0.105788 0.360015
vn 0.940795 -0.12922 -0.31338
vn 0.374552 -0.115994 0.919922
vn 0.78737 -0.344725 -0.51109
vn 0.774183 0.451528 0.44358
vn 0.860887 0.313846 0.400467
vn 0.04889 -0.747811 0.662109
vn 0.897014 0.356272 0.261603
vn -0.081323 0.377261 0.922529
vn 0.247418 0.535055 0.807775
vn 0.407089 0.907712 0.10167
vn 0.392218 0.913053 0.111802
vn 0.866032 0.100726 -0.489737
vn 0.64227 0.556674 -0.52688
vn 0.185457 -0.555349 -0.810674
vn 0.193855 -0.608856 -0.76923
vn -0.268015 -0.942703 -0.198694
vn -0.267897 -0.942968 -0.197592
vn -0.435362 -0.533478 0.725163
vn -0.494889 -0.569178 0.656598
vn 0.335037 -0.511224 -0.791455
vn -0.067979 0.386193 0.91991
vn -0.16182 -0.98679 0.007696
vn -0.184805 -0.982536 -0.021703
vn 0.646982 0.556676 -0.521081
vn -0.347639 -0.681526 0.643949
vn -0.114778 -0.134627 -0.984226
vn -0.105671 -0.112403 -0.988028
vn -0.808873 -0.362209 -0.463173
vn -0.808519 -0.360679 -0.464982
vn -0.827975 -0.104855 0.550874
vn -0.812475 -0.113361 0.571868
vn -0.070534 0.390129 0.918054
vn -0.042577 0.380906 0.923633
vn 0.735721 0.629711 0.249356
vn 0.733892 0.631385 0.25051
vn 0.67915 0.368167 -0.634987
vn 0.677504 0.390835 -0.623086
vn -0.14663 -0.014252 -0.989089
vn -0.164062 -0.041768 -0.985565
vn -0.849576 -0.215002 -0.481659
vn -0.850658 -0.21728 -0.478717
vn -0.842935 -0.004942 0.537992
vn -0.862831 0.003527 0.505481
vn -0.06005 0.41729 0.906787
vn -0.088437 0.420848 0.90281
vn 0.732894 0.632712 0.250084
vn 0.734173 0.63175 0.248761
vn 0.660827 0.415879 -0.624781
vn 0.658162 0.397222 -0.63956
vn -0.167074 -0.036195 -0.98528
vn -0.191847 -0.272988 -0.942694
vn -0.793632 -0.401487 -0.457117
vn -0.793844 -0.426465 -0.433519
vn -0.822103 -0.116239 0.557346
vn -0.958405 -0.10303 0.266167
vn -0.191655 0.574738 0.795578
vn -0.368481 0.519554 0.770899
vn 0.428286 0.895721 0.119397
vn 0.437411 0.892304 0.111645
vn 0.445501 0.61397 -0.651589
vn 0.474516 0.487211 -0.733116
vn -0.078628 -0.340947 -0.936789
vn -0.078084 -0.335789 -0.938695
vn -0.55879 -0.754246 -0.344771
vn -0.558725 -0.754051 -0.345303
vn -0.780216 -0.317871 0.538722
vn -0.77794 -0.31498 0.543689
vn -0.453209 0.545649 0.704889
vn -0.448534 0.549227 0.705101
vn 0.115374 0.992744 -0.033876
vn 0.114972 0.992802 -0.03356
vn 0.270827 0.548539 -0.791048
vn 0.269105 0.552834 -0.788643
vn -0.048785 -0.352893 -0.934391
vn -0.525789 -0.783426 -0.331344
vn -0.758168 -0.330729 0.56196
vn -0.44511 0.548196 0.708067
vn 0.107193 0.993552 -0.036921
vn 0.274685 0.551481 -0.787665
vn 0.300986 -0.015386 -0.953505
vn 0.730821 -0.343945 -0.589578
vn 0.928178 -0.159439 -0.336252
vn 0.838255 0.474178 -0.269229
vn 0.610995 0.638387 -0.468132
vn 0.264107 0.320483 -0.909691
vn 0.284728 -0.021432 -0.958369
vn 0.017921 -0.017012 -0.999695
vn 0.723691 -0.378112 -0.577324
vn 0.740225 -0.346306 -0.576316
vn 0.941422 -0.314099 -0.122743
vn 0.965749 -0.138524 -0.219407
vn 0.739671 0.650627 0.171966
vn 0.735401 0.675546 0.053138
vn 0.326754 0.935512 -0.134349
vn 0.330787 0.93086 -0.155174
vn -0.056304 0.372692 -0.926246
vn -0.178975 0.451644 -0.874063
vn -0.515147 -0.25571 -0.818069
vn -0.436738 -0.267376 -0.858936
vn 0.339108 -0.930721 -0.136986
vn 0.330797 -0.93405 -0.134624
vn 0.77766 -0.532496 0.334206
vn 0.718258 -0.583383 0.379169
vn 0.629933 0.70978 0.315274
vn 0.543922 0.677246 0.495466
vn 0.264571 0.960828 -0.082534
vn 0.217705 0.975873 -0.016615
vn -0.536862 0.39895 -0.743383
vn -0.305432 0.360871 -0.881183
vn -0.857122 -0.310246 -0.411204
vn -0.892183 -0.279832 -0.354547
vn -0.173382 -0.931077 0.320989
vn -0.16417 -0.933756 0.318038
vn 0.161579 -0.587342 0.793046
vn 0.227205 -0.582006 0.780799
vn 0.055867 0.547392 0.83501
vn 0.112223 0.593592 0.796903
vn -0.315475 0.828937 0.461886
vn -0.308593 0.83786 0.45029
vn -0.89942 0.286325 -0.330244
vn -0.926266 0.29482 -0.234762
vn -0.966631 -0.239696 -0.090392
vn -0.945257 -0.288548 -0.152414
vn -0.41675 -0.747269 0.517598
vn -0.428959 -0.739327 0.519027
vn -0.043138 -0.493053 0.868929
vn -0.118263 -0.495373 0.860592
vn -0.021906 0.538298 0.84247
vn -0.06026 0.490876 0.869143
vn -0.345993 0.806691 0.479101
vn -0.347824 0.801288 0.486782
vn -0.95123 0.273781 -0.142144
vn -0.942739 0.256875 -0.212742
vn -0.929381 -0.295854 -0.220728
vn -0.881769 -0.365075 -0.29867
vn -0.265478 -0.879207 0.395622
vn -0.285499 -0.872061 0.397491
vn 0.128707 -0.577764 0.805992
vn 0.028518 -0.60718 0.794052
vn 0.022977 0.533508 0.845483
vn -0.010167 0.462016 0.886813
vn -0.345768 0.80314 0.485191
vn -0.345498 0.796533 0.496151
vn -0.941424 0.258082 -0.217058
vn -0.924455 0.225663 -0.307342
vn -0.854485 -0.360505 -0.374019
vn -0.855171 -0.359491 -0.373429
vn -0.117026 -0.957183 0.264773
vn -0.116809 -0.9572 0.264809
vn 0.21969 -0.638149 0.737903
vn 0.220646 -0.637445 0.738227
vn 0.029256 0.486516 0.873182
vn 0.029414 0.487572 0.872587
vn -0.373233 0.769468 0.518282
vn -0.373281 0.76956 0.518111
vn -0.935364 0.21499 -0.280846
vn -0.935579 0.21567 -0.279604
vn -0.842379 -0.357025 -0.403646
vn -0.089975 -0.965888 0.242827
vn 0.252703 -0.640201 0.725454
vn 0.053453 0.501905 0.86327
vn -0.35557 0.787092 0.50404
vn -0.924551 0.226426 -0.306491
vn 0.31038 -0.641404 -0.701616
vn -0.016377 -0.987278 0.158158
vn 0.195933 -0.812817 0.548578
vn 0.882328 -0.163452 0.44134
vn 0.994058 -0.043888 0.099612
vn 0.637691 -0.342118 -0.690149
vn 0.457428 -0.021515 0.888986
vn 0.63626 -0.002039 -0.771472
vn 0.786185 0.559705 -0.261999
vn 0.665285 0.731499 -0.149351
vn 0.370449 -0.838413 0.39979
vn 0.781125 0.518216 -0.348275
vn 0.434748 0.593341 0.677451
vn 0.64643 0.653554 0.393694
vn 0.413267 0.889455 0.195141
vn 0.448057 0.882573 0.142512
vn 0.589417 -0.256525 -0.766018
vn 0.313617 0.441662 -0.840583
vn -0.142885 -0.318831 -0.936979
vn -0.08655 -0.450888 -0.888375
vn -0.316463 -0.928949 0.192106
vn -0.318794 -0.928716 0.18936
vn -0.089935 -0.671355 0.735659
vn -0.185322 -0.693486 0.696227
vn -0.145099 -0.732766 -0.664831
vn 0.503631 0.555879 0.661328
vn -0.248178 -0.950645 -0.186229
vn -0.190996 -0.970198 -0.149116
vn 0.342161 0.444905 -0.827639
vn -0.016809 -0.49913 0.866364
vn -0.398691 0.025162 -0.91674
vn -0.389902 0.06309 -0.918693
vn -0.925041 -0.270895 0.2663
vn -0.921603 -0.277053 0.271827
vn -0.606455 -0.103226 0.788389
vn -0.582582 -0.118974 0.804017
vn 0.554442 0.494932 0.669056
vn 0.579676 0.480017 0.658452
vn 0.760734 0.621911 0.185771
vn 0.76712 0.6158 0.179772
vn 0.144552 0.327332 -0.933787
vn 0.147455 0.370931 -0.916879
vn -0.4315 0.185209 -0.882896
vn -0.452275 0.140938 -0.880673
vn -0.960478 -0.085637 0.264857
vn -0.964131 -0.075415 0.254486
vn -0.623454 0.019494 0.781617
vn -0.654347 0.035579 0.755357
vn 0.55399 0.517468 0.652168
vn 0.530066 0.52673 0.664519
vn 0.762886 0.621079 0.179627
vn 0.759235 0.623846 0.185412
vn 0.130439 0.401881 -0.906354
vn 0.11834 0.368607 -0.922022
vn -0.56776 0.464357 -0.679721
vn -0.594824 -0.034219 -0.803128
vn -0.964183 -0.074901 0.254441
vn -0.982939 0.138825 0.120662
vn -0.606161 -0.099337 0.789114
vn -0.881559 0.023234 0.471501
vn 0.325954 0.724808 0.606965
vn 0.137101 0.710513 0.690199
vn 0.462819 0.869316 0.173457
vn 0.440983 0.873058 0.208097
vn -0.043549 0.578573 -0.814467
vn -0.049761 0.373678 -0.926223
vn -0.538318 -0.070127 -0.839819
vn -0.53878 -0.060732 -0.840254
vn -0.7409 -0.627371 0.239736
vn -0.739556 -0.628212 0.241676
vn -0.576418 -0.353844 0.736571
vn -0.570945 -0.351649 0.741866
vn -0.032358 0.745263 0.665986
vn -0.026591 0.748116 0.663035
vn 0.048991 0.974729 0.217953
vn 0.05005 0.975052 0.216259
vn -0.287154 0.451255 -0.844933
vn -0.289158 0.459253 -0.839925
vn -0.51431 -0.076269 -0.854206
vn -0.70916 -0.661601 0.243672
vn -0.543566 -0.373991 0.751443
vn -0.026448 0.748094 0.663065
vn 0.0466 0.975242 0.216174
vn -0.272189 0.454265 -0.848267
vn 0.383277 -0.735958 -0.55809
vn 0.067059 -0.994415 0.081499
vn 0.196092 -0.759814 0.619863
vn 0.690653 -0.172694 0.702264
vn 0.978212 0.077376 0.192653
vn 0.806386 -0.245811 -0.537884
vn -0.073775 -0.460188 -0.884751
vn -0.09158 -0.552113 -0.828724
vn -0.635772 -0.770768 0.041355
vn -0.640342 -0.767385 0.032897
vn -0.262756 -0.535813 0.802411
vn -0.362267 -0.527872 0.768189
vn 0.638392 -0.066144 0.766864
vn 0.509149 -0.018677 0.860475
vn 0.976989 0.089807 0.193459
vn 0.970732 0.111914 0.212498
vn 0.705235 -0.010409 -0.708897
vn 0.666202 -0.177376 -0.724371
vn -0.151526 -0.469417 -0.869878
vn -0.202907 -0.355234 -0.91249
vn -0.790806 -0.611629 0.02316
vn -0.819045 -0.573636 0.010376
vn -0.460287 -0.397249 0.793933
vn -0.410649 -0.418762 0.809942
vn 0.357766 0.310621 0.880635
vn 0.444625 0.2963 0.84529
vn 0.771786 0.604551 0.197141
vn 0.777678 0.599511 0.18922
vn 0.526502 0.203384 -0.825488
vn 0.522895 0.293459 -0.800289
vn -0.72483 0.079559 -0.684319
vn -0.361395 -0.367517 -0.856928
vn -0.885132 -0.465323 -0.003891
vn -0.94711 -0.316026 -0.055779
vn -0.525675 -0.341959 0.778929
vn -0.875879 -0.223065 0.427876
vn -0.107737 0.602416 0.790878
vn -0.254927 0.554174 0.792403
vn 0.094684 0.988699 0.11623
vn 0.083032 0.988872 0.123442
vn -0.077483 0.583178 -0.808641
vn 0.038646 0.485619 -0.873316
vn -0.364443 -0.366544 -0.856053
vn -0.480306 -0.171016 -0.860267
vn -0.544797 -0.837582 0.040648
vn -0.535755 -0.842753 0.052289
vn -0.619208 -0.393834 0.67932
vn -0.507357 -0.358962 0.783412
vn -0.683016 0.480597 0.550014
vn -0.407377 0.662929 0.628148
vn -0.64974 0.760123 0.007174
vn -0.597351 0.801847 -0.014559
vn -0.361556 0.470855 -0.804719
vn -0.682767 0.590602 -0.430137
vn -0.447892 -0.195943 -0.872352
vn -0.41505 -0.050473 -0.908398
vn -0.851594 -0.524196 0.002491
vn -0.847297 -0.530801 0.018375
vn -0.691202 -0.210306 0.691383
vn -0.589712 -0.191777 0.784513
vn -0.01218 0.562455 0.826738
vn 0.122998 0.579651 0.805529
vn 0.40165 0.902033 0.158155
vn 0.416382 0.897302 0.146541
vn 0.157514 0.497533 -0.853024
vn 0.13225 0.639313 -0.757488
vn -0.399513 -0.076622 -0.91352
vn -0.40021 -0.077675 -0.913125
vn -0.916511 -0.39992 0.008445
vn -0.916532 -0.399875 0.008297
vn -0.624793 -0.130892 0.769741
vn -0.625649 -0.131124 0.769006
vn 0.207301 0.492889 0.845037
vn 0.206243 0.492626 0.845449
vn 0.625884 0.758946 0.179639
vn 0.625814 0.758969 0.179784
vn 0.323974 0.467961 -0.822225
vn 0.323507 0.466959 -0.822978
vn -0.39176 -0.091451 -0.915511
vn -0.912236 -0.409565 0.009023
vn -0.618725 -0.14354 0.772383
vn 0.2224 0.474822 0.851518
vn 0.647685 0.739633 0.182883
vn 0.340661 0.448986 -0.826052
vn -0.08083 -0.574763 -0.814318
vn 0.275092 -0.856968 -0.43581
vn 0.9305 -0.34838 0.113143
vn 0.974688 0.211641 0.072051
vn 0.400304 0.72688 -0.558034
vn -0.013467 0.425343 -0.904932
vn -0.225694 -0.619523 -0.751833
vn -0.268689 -0.603179 -0.750987
vn 0.19046 -0.915369 -0.354717
vn 0.183207 -0.916993 -0.354342
vn 0.870864 -0.371636 0.321688
vn 0.894538 -0.333221 0.297935
vn 0.889222 0.278606 0.362854
vn 0.896031 0.306149 0.32156
vn 0.17959 0.921773 -0.343631
vn 0.180067 0.923506 -0.338691
vn -0.2707 0.536437 -0.799348
vn -0.286034 0.570398 -0.769955
vn -0.520429 -0.654066 -0.548954
vn -0.505076 -0.662088 -0.553659
vn -0.058809 -0.993102 -0.101435
vn -0.056544 -0.993207 -0.101696
vn 0.73359 -0.367644 0.571562
vn 0.720814 -0.378716 0.580519
vn 0.777048 0.320501 0.541734
vn 0.766372 0.308855 0.563278
vn 0.028271 0.982681 -0.183138
vn 0.029067 0.982035 -0.186447
vn -0.497444 0.60605 -0.620687
vn -0.488531 0.594061 -0.639085
vn -0.74147 -0.608385 -0.283
vn -0.749692 -0.600159 -0.278874
vn -0.307898 -0.935334 0.174209
vn -0.309386 -0.934815 0.174358
vn 0.50347 -0.333704 0.796969
vn 0.51474 -0.328266 0.792013
vn 0.578124 0.336443 0.743357
vn 0.586244 0.34399 0.733478
vn -0.122305 0.992322 -0.018375
vn -0.122538 0.992328 -0.016449
vn -0.654449 0.616783 -0.437349
vn -0.656157 0.623454 -0.425162
vn -0.814702 -0.554725 -0.168939
vn -0.805145 -0.567307 -0.172928
vn -0.398593 -0.874079 0.277687
vn -0.396529 -0.874978 0.27781
vn 0.412804 -0.295525 0.861544
vn 0.396981 -0.304042 0.866005
vn 0.505111 0.352848 0.78763
vn 0.497421 0.341696 0.797381
vn -0.175531 0.983447 0.044943
vn -0.175671 0.983511 0.042969
vn -0.704765 0.623169 -0.339066
vn -0.705878 0.614882 -0.351648
vn -0.751402 -0.602938 -0.268067
vn -0.736226 -0.620267 -0.270628
vn -0.3023 -0.938349 0.167675
vn -0.299308 -0.939196 0.168303
vn 0.48703 -0.328828 0.809119
vn 0.467551 -0.34683 0.813083
vn 0.531671 0.340134 0.775651
vn 0.525461 0.318808 0.78883
vn -0.197271 0.977983 0.068065
vn -0.198097 0.978026 0.064976
vn -0.708636 0.614563 -0.346624
vn -0.712382 0.599372 -0.365055
vn -0.707959 -0.631154 -0.316921
vn -0.708186 -0.630882 -0.316954
vn -0.249931 -0.961871 0.111078
vn -0.249975 -0.961862 0.111058
vn 0.518867 -0.354504 0.777885
vn 0.5191 -0.354168 0.777882
vn 0.546395 0.319799 0.774068
vn 0.546411 0.320173 0.773902
vn -0.205124 0.976009 0.073013
vn -0.205102 0.97601 0.073058
vn -0.710648 0.599726 -0.367842
vn -0.710547 0.599994 -0.3676
vn -0.698 -0.634188 -0.332569
vn -0.237561 -0.966533 0.096847
vn 0.532642 -0.356034 0.76781
vn 0.558615 0.320633 0.764947
vn -0.195877 0.978634 0.062506
vn -0.702212 0.60157 -0.380804
vn 0.604485 -0.645343 -0.467045
vn 0.192887 -0.973831 0.1202
vn 0.079952 -0.610351 0.788086
vn 0.360378 0.099282 0.927508
vn 0.792206 0.490354 0.363268
vn 0.923781 0.105538 -0.368092
vn 0.241633 -0.536637 -0.808476
vn 0.232957 -0.61152 -0.756158
vn -0.375497 -0.921999 -0.094442
vn -0.376457 -0.921169 -0.09863
vn -0.322126 -0.51682 0.793178
vn -0.396409 -0.54228 0.740805
vn 0.310059 0.139013 0.940499
vn 0.163614 0.137306 0.976923
vn 0.815026 0.445287 0.370745
vn 0.808489 0.452456 0.376336
vn 0.839845 0.226406 -0.493356
vn 0.856826 0.082018 -0.50904
vn 0.133134 -0.525218 -0.840489
vn 0.109616 -0.477066 -0.872005
vn -0.475775 -0.868945 -0.13628
vn -0.475281 -0.869293 -0.135785
vn -0.519994 -0.449273 0.726471
vn -0.474406 -0.449601 0.756834
vn -0.045629 0.370053 0.927889
vn 0.012763 0.380035 0.924884
vn 0.525285 0.808488 0.265374
vn 0.527923 0.807349 0.263598
vn 0.654093 0.374085 -0.657436
vn 0.631244 0.430851 -0.644901
vn -0.033832 -0.421927 -0.905998
vn 0.023469 -0.483766 -0.874883
vn -0.41382 -0.903644 -0.110369
vn -0.417388 -0.90141 -0.115098
vn -0.580409 -0.410297 0.703407
vn -0.632169 -0.430428 0.644279
vn -0.40366 0.50824 0.760756
vn -0.452201 0.478975 0.752394
vn -0.035049 0.998606 0.039474
vn -0.037924 0.998458 0.040532
vn 0.171852 0.559014 -0.811154
vn 0.221626 0.524001 -0.822377
vn -0.029542 -0.472037 -0.881084
vn -0.065459 -0.411538 -0.909039
vn -0.373431 -0.922626 -0.096497
vn -0.372457 -0.923323 -0.093541
vn -0.643512 -0.427229 0.635112
vn -0.614693 -0.397433 0.681321
vn -0.626225 0.463688 0.626766
vn -0.55672 0.525654 0.643234
vn -0.331314 0.940021 -0.081181
vn -0.324464 0.942189 -0.083681
vn 0.001648 0.509291 -0.860593
vn -0.093895 0.564814 -0.819859
vn -0.122405 -0.386442 -0.914155
vn -0.115924 -0.300434 -0.946732
vn -0.612704 -0.766043 -0.194347
vn -0.612614 -0.767378 -0.189303
vn -0.721487 -0.343364 0.601297
vn -0.679908 -0.306198 0.666309
vn -0.355643 0.496218 0.792014
vn -0.282469 0.53658 0.795169
vn 0.179018 0.975559 0.127428
vn 0.183272 0.975106 0.124819
vn 0.311943 0.535021 -0.785139
vn 0.276351 0.608381 -0.743978
vn -0.115832 -0.300515 -0.946717
vn -0.116221 -0.301452 -0.946372
vn -0.687294 -0.692267 -0.219986
vn -0.687287 -0.692255 -0.220045
vn -0.711601 -0.275526 0.646305
vn -0.71207 -0.276023 0.645575
vn -0.216047 0.493204 0.842659
vn -0.216905 0.492634 0.842772
vn 0.348834 0.916845 0.194192
vn 0.348793 0.91685 0.194242
vn 0.423362 0.537986 -0.728928
vn 0.423394 0.537085 -0.729574
vn -0.107351 -0.309071 -0.944961
vn -0.683033 -0.69701 -0.218274
vn -0.70485 -0.283158 0.65039
vn -0.201792 0.482477 0.852347
vn 0.370814 0.906177 0.203326
vn 0.442281 0.526615 -0.725992
vn -0.252854 -0.740933 -0.62216
vn -0.166185 -0.981872 -0.091163
vn 0.575448 -0.463124 0.674074
vn 0.846636 0.017305 0.531891
vn 0.702561 0.509541 -0.496766
vn 0.321828 0.255298 -0.911729
vn 0.143627 -0.754386 -0.640525
vn -0.096114 -0.649538 -0.75423
vn 0.366164 -0.883434 -0.292349
vn 0.271187 -0.908931 -0.316706
vn 0.589961 -0.46997 0.656562
vn 0.783015 -0.2467 0.570987
vn 0.616296 0.207686 0.759635
vn 0.683602 0.318809 0.656543
vn 0.218135 0.935398 -0.278293
vn 0.217577 0.940628 -0.260535
vn -0.007303 0.509418 -0.860488
vn -0.055579 0.63479 -0.770683
vn -0.437949 -0.698779 -0.565604
vn -0.404526 -0.73123 -0.549237
vn -0.260248 -0.964591 -0.042848
vn -0.254361 -0.966329 -0.038847
vn 0.402838 -0.351088 0.845257
vn 0.357047 -0.386738 0.850266
vn 0.872977 0.316934 0.370761
vn 0.549253 0.253823 0.796176
vn 0.333184 0.891648 -0.306517
vn 0.472641 0.78152 -0.40723
vn -0.119542 0.639645 -0.759318
vn -0.019962 0.512902 -0.858215
vn -0.823265 -0.415549 -0.386722
vn -0.827131 -0.400094 -0.394688
vn -0.75699 -0.623284 0.19617
vn -0.759166 -0.62137 0.193822
vn 0.122237 -0.171651 0.977545
vn 0.142555 -0.168989 0.975254
vn 0.518914 0.279259 0.807925
vn 0.536872 0.282178 0.795075
vn 0.469473 0.784262 -0.405621
vn 0.469199 0.786107 -0.402353
vn -0.031402 0.522991 -0.851759
vn -0.027687 0.538248 -0.842332
vn -0.877749 -0.317287 -0.359007
vn -0.875035 -0.339944 -0.344605
vn -0.826635 -0.513508 0.230182
vn -0.82329 -0.516709 0.234957
vn 0.089974 -0.102392 0.990667
vn 0.058026 -0.107969 0.992459
vn 0.513606 0.306798 0.801301
vn 0.495458 0.299794 0.815258
vn 0.474803 0.781152 -0.405418
vn 0.474418 0.780008 -0.408063
vn -0.038044 0.549793 -0.834434
vn -0.045617 0.536333 -0.842773
vn -0.733827 -0.514737 -0.443332
vn -0.707132 -0.571917 -0.415783
vn -0.59389 -0.796791 0.11144
vn -0.583885 -0.802788 0.120871
vn 0.160447 -0.205694 0.965374
vn 0.07608 -0.257124 0.963379
vn 0.412684 0.36257 0.835604
vn 0.365294 0.301198 0.880818
vn 0.167329 0.956552 -0.238766
vn 0.165657 0.953044 -0.253504
vn -0.2352 0.682826 -0.691686
vn -0.254922 0.621181 -0.741046
vn -0.60665 -0.623135 -0.493638
vn -0.607303 -0.621884 -0.494413
vn -0.418983 -0.907602 0.026689
vn -0.419195 -0.907512 0.02641
vn 0.200743 -0.295415 0.934041
vn 0.201937 -0.293876 0.934269
vn 0.337192 0.306341 0.890201
vn 0.337745 0.307974 0.889427
vn -0.018051 0.986994 -0.159739
vn -0.018 0.987044 -0.159437
vn -0.368172 0.641491 -0.673007
vn -0.367822 0.642709 -0.672036
vn -0.586692 -0.63054 -0.508146
vn -0.393423 -0.919271 0.012596
vn 0.218549 -0.298856 0.928936
vn 0.343506 0.306881 0.887597
vn -0.023947 0.987425 -0.156265
vn -0.367372 0.642645 -0.672343
vn 0.09854 -0.615367 -0.782057
vn 0.300949 -0.877221 -0.37405
vn 0.73769 -0.304741 0.602451
vn 0.71982 0.298291 0.626802
vn 0.248613 0.912658 -0.324418
vn 0.041884 0.59597 -0.801913
vn -0.022241 -0.651248 -0.758539
vn -0.03154 -0.645277 -0.763298
vn 0.203679 -0.918658 -0.3385
vn 0.200039 -0.918668 -0.340638
vn 0.620058 -0.334065 0.70988
vn 0.627587 -0.319389 0.710018
vn 0.565255 0.304396 0.766701
vn 0.570435 0.317976 0.757295
vn 0.030513 0.96982 -0.241906
vn 0.030024 0.97067 -0.238532
vn -0.164054 0.623529 -0.764394
vn -0.169528 0.632648 -0.755657
vn -0.198634 -0.682935 -0.702954
vn -0.194683 -0.685245 -0.70181
vn 0.028219 -0.963248 -0.267126
vn 0.029562 -0.963393 -0.266457
vn 0.467607 -0.353766 0.810057
vn 0.463837 -0.358683 0.810063
vn 0.426378 0.303618 0.852067
vn 0.423208 0.298504 0.855447
vn -0.115386 0.977165 -0.178421
vn -0.114894 0.976978 -0.179759
vn -0.326429 0.627763 -0.706652
vn -0.324055 0.624969 -0.710213
vn -0.387727 -0.690742 -0.610363
vn -0.390245 -0.688824 -0.610927
vn -0.178949 -0.969026 -0.170192
vn -0.179788 -0.968792 -0.170641
vn 0.279951 -0.364223 0.888239
vn 0.283031 -0.361106 0.888536
vn 0.271894 0.290202 0.917527
vn 0.274177 0.293827 0.915692
vn -0.223056 0.96626 -0.128796
vn -0.223376 0.966323 -0.127766
vn -0.447458 0.615849 -0.648469
vn -0.448701 0.617878 -0.645673
vn -0.456411 -0.681737 -0.571772
vn -0.453177 -0.68479 -0.570696
vn -0.253177 -0.958084 -0.134073
vn -0.252078 -0.958488 -0.133259
vn 0.206799 -0.357302 0.910807
vn 0.202797 -0.361994 0.909854
vn 0.207909 0.289907 0.934199
vn 0.205737 0.284711 0.936276
vn -0.276028 0.955798 -0.101282
vn -0.275815 0.955719 -0.102599
vn -0.503152 0.610633 -0.611527
vn -0.502281 0.607744 -0.61511
vn -0.384671 -0.690785 -0.612245
vn -0.380428 -0.695157 -0.609944
vn -0.163396 -0.970389 -0.177898
vn -0.162021 -0.97087 -0.176525
vn 0.268237 -0.363844 0.892001
vn 0.264014 -0.371739 0.890004
vn 0.231718 0.287108 0.929449
vn 0.230285 0.278199 0.93251
vn -0.29241 0.951643 -0.094195
vn -0.292405 0.95142 -0.096428
vn -0.501979 0.607798 -0.615304
vn -0.501291 0.602516 -0.621033
vn -0.351182 -0.69525 -0.627136
vn -0.351243 -0.695174 -0.627185
vn -0.124598 -0.972816 -0.195203
vn -0.124618 -0.972808 -0.19523
vn 0.295945 -0.37038 0.880475
vn 0.29599 -0.370243 0.880517
vn 0.246895 0.280594 0.927529
vn 0.246892 0.280741 0.927485
vn -0.292129 0.951491 -0.096565
vn -0.292124 0.951496 -0.096531
vn -0.494886 0.603869 -0.624844
vn -0.494883 0.603959 -0.624759
vn -0.341716 -0.69504 -0.632574
vn -0.114315 -0.973045 -0.20029
vn 0.306321 -0.369722 0.877196
vn 0.256139 0.282031 0.924582
vn -0.284691 0.953369 -0.100191
vn -0.487243 0.605515 -0.629243
vn 0.386666 -0.587858 -0.710571
vn -0.086851 -0.989283 -0.117373
vn -0.147155 -0.587598 0.79566
vn 0.298602 0.17639 0.937936
vn 0.798091 0.558028 0.227279
vn 0.832922 0.203362 -0.51467
vn 0.606462 -0.638223 -0.47421
vn 0.522662 -0.473224 -0.709143
vn 0.383501 -0.919328 0.088109
vn 0.365482 -0.929376 0.051808
vn -0.068369 -0.604711 0.793505
vn 0.100199 -0.407808 0.907553
vn -0.0788 0.423311 0.902551
vn 0.021711 0.506916 0.861722
vn 0.308973 0.950573 0.030753
vn 0.302698 0.95239 0.036438
vn 0.602206 0.397428 -0.692386
vn 0.529788 0.518444 -0.671223
vn 0.212297 -0.525104 -0.824133
vn 0.220304 -0.565492 -0.794786
vn -0.170064 -0.974249 -0.148041
vn -0.169575 -0.974866 -0.144501
vn -0.357313 -0.511049 0.781765
vn -0.387917 -0.541714 0.745698
vn 0.051319 0.505246 0.861448
vn -0.132701 0.471646 0.871746
vn 0.374108 0.924951 0.067146
vn 0.402571 0.912831 0.068384
vn 0.474679 0.51824 -0.711412
vn 0.558097 0.42502 -0.712662
vn -0.099515 -0.302505 -0.947938
vn -0.094561 -0.286616 -0.953367
vn -0.685402 -0.639128 -0.348912
vn -0.685333 -0.638322 -0.350519
vn -0.711545 -0.282624 0.643294
vn -0.698833 -0.28049 0.657996
vn -0.077608 0.427175 0.900832
vn -0.058651 0.429344 0.901235
vn 0.601915 0.785961 0.141292
vn 0.600795 0.786646 0.142247
vn 0.56153 0.422285 -0.711589
vn 0.560014 0.436833 -0.703961
vn -0.148573 -0.218047 -0.964563
vn -0.159947 -0.240844 -0.957294
vn -0.756762 -0.534313 -0.376591
vn -0.757236 -0.535674 -0.373692
vn -0.750167 -0.206743 0.628098
vn -0.76853 -0.211821 0.603734
vn -0.074979 0.447356 0.891207
vn -0.094537 0.442434 0.891804
vn 0.607895 0.780701 0.144807
vn 0.608644 0.780292 0.143862
vn 0.547255 0.449039 -0.706312
vn 0.54591 0.435361 -0.715851
vn -0.034492 -0.361506 -0.931732
vn -0.043116 -0.426592 -0.903416
vn -0.502241 -0.817973 -0.28049
vn -0.502239 -0.820167 -0.274011
vn -0.639207 -0.355307 0.682034
vn -0.676918 -0.396503 0.620135
vn -0.228591 0.547424 0.80503
vn -0.295136 0.495625 0.816854
vn 0.277026 0.960535 0.025067
vn 0.281669 0.959315 0.01941
vn 0.357915 0.56106 -0.746397
vn 0.371577 0.496197 -0.784678
vn 0.055929 -0.459534 -0.886398
vn 0.056145 -0.458093 -0.887129
vn -0.324704 -0.921812 -0.21173
vn -0.324676 -0.921783 -0.211897
vn -0.559851 -0.444918 0.69901
vn -0.559451 -0.443598 0.700168
vn -0.353171 0.505497 0.787238
vn -0.352218 0.506795 0.78683
vn 0.098111 0.993924 -0.049896
vn 0.09803 0.993938 -0.049781
vn 0.274144 0.513223 -0.813294
vn 0.273812 0.514497 -0.812601
vn 0.075997 -0.464303 -0.88241
vn -0.297557 -0.933094 -0.201979
vn -0.541582 -0.449923 0.710112
vn -0.350492 0.506512 0.787783
vn 0.090228 0.994529 -0.052643
vn 0.275028 0.51431 -0.812308
vn -0.096241 -0.615849 -0.781964
vn 0.113445 -0.980727 -0.159075
vn 0.712644 -0.610186 0.346139
vn 0.989426 0.06986 0.127108
vn 0.720077 0.413279 -0.557396
vn 0.230638 0.101362 -0.967746
vn 0.418906 -0.563867 -0.711739
vn -0.112842 -0.427081 -0.897145
vn 0.621523 -0.644662 -0.445107
vn 0.551864 -0.701736 -0.450568
vn 0.697373 -0.608287 0.379022
vn 0.9629 -0.252237 0.095915
vn 0.749187 0.38732 0.53731
vn 0.801934 0.485503 0.34812
vn 0.268858 0.92174 -0.279483
vn 0.268483 0.925821 -0.266031
vn -0.067126 0.310648 -0.948152
vn -0.157113 0.509555 -0.845972
vn -0.530359 -0.521086 -0.668722
vn -0.473977 -0.578993 -0.66341
vn -0.191633 -0.980908 0.033108
vn -0.187065 -0.981736 0.034649
vn 0.488041 -0.503224 0.713149
vn 0.40761 -0.543862 0.733531
vn 0.0235 -0.355204 -0.934493
vn 0.662919 0.445893 0.60143
vn 0.79391 -0.369172 -0.483134
vn 0.326493 -0.930728 -0.164765
vn -0.282708 0.514706 -0.809416
vn 0.62413 -0.503923 -0.597096
vn -0.84872 -0.287866 -0.44363
vn -0.856772 -0.254491 -0.448527
vn -0.680752 -0.638316 0.359345
vn -0.683137 -0.636406 0.358207
vn 0.070462 -0.254227 0.964574
vn 0.109058 -0.257761 0.960034
vn 0.584738 0.499215 0.639426
vn 0.619702 0.496967 0.607448
vn 0.350159 0.875375 -0.333328
vn 0.348996 0.877357 -0.329312
vn -0.329049 0.480433 -0.812964
vn -0.328161 0.515098 -0.791823
vn -0.914703 -0.145067 -0.377192
vn -0.910601 -0.192822 -0.365549
vn -0.776602 -0.464983 0.425065
vn -0.772857 -0.468699 0.4278
vn 0.013007 -0.139144 0.990187
vn -0.047231 -0.136602 0.989499
vn 0.578525 0.528924 0.620926
vn 0.548821 0.522721 0.652348
vn 0.354099 0.87394 -0.332931
vn 0.354035 0.87285 -0.335845
vn -0.345367 0.534494 -0.771387
vn -0.355298 0.50414 -0.787151
vn -0.859672 -0.271535 -0.432704
vn -0.812412 -0.402566 -0.421813
vn -0.606966 -0.732938 0.307238
vn -0.594109 -0.741202 0.312496
vn 0.110157 -0.288235 0.951203
vn -0.053228 -0.334015 0.941063
vn 0.431887 0.583532 0.687724
vn 0.365752 0.510636 0.778124
vn 0.085728 0.985633 -0.145525
vn 0.084753 0.98412 -0.155962
vn -0.483161 0.604533 -0.633321
vn -0.50088 0.50995 -0.699336
vn -0.747936 -0.437892 -0.498841
vn -0.748853 -0.435695 -0.499389
vn -0.415862 -0.890986 0.182215
vn -0.416054 -0.890927 0.182067
vn 0.16294 -0.420438 0.892571
vn 0.16497 -0.41869 0.893019
vn 0.328897 0.513208 0.792745
vn 0.32959 0.515196 0.791166
vn -0.090849 0.99524 -0.035276
vn -0.090808 0.995251 -0.035047
vn -0.588301 0.521361 -0.61813
vn -0.587992 0.52328 -0.616802
vn -0.731252 -0.444022 -0.517799
vn -0.390579 -0.905822 0.16412
vn 0.188546 -0.427088 0.884334
vn 0.339703 0.514487 0.787341
vn -0.088762 0.995385 -0.036482
vn -0.580824 0.522518 -0.624195
vn -0.22851 -0.21016 -0.950587
vn 0.495616 -0.775609 -0.390892
vn 0.884517 -0.466196 -0.017059
vn 0.7977 0.60218 0.032462
vn 0.408644 0.869014 -0.278973
vn -0.247034 0.340817 -0.907093
vn -0.403115 -0.249297 -0.880539
vn -0.432254 -0.232249 -0.87133
vn 0.407671 -0.870255 -0.276515
vn 0.412119 -0.868178 -0.276449
vn 0.82072 -0.544102 0.174275
vn 0.837506 -0.520807 0.16536
vn 0.686253 0.665327 0.293933
vn 0.683401 0.676308 0.274902
vn 0.229436 0.971893 -0.052754
vn 0.2289 0.971787 -0.056876
vn -0.473526 0.361112 -0.80335
vn -0.484195 0.380726 -0.787784
vn -0.64161 -0.286643 -0.711458
vn -0.63257 -0.292958 -0.716959
vn 0.216894 -0.975067 -0.046915
vn 0.215178 -0.975457 -0.046706
vn 0.683647 -0.603181 0.410852
vn 0.675094 -0.610224 0.414577
vn 0.558718 0.679431 0.475613
vn 0.557005 0.674481 0.484583
vn 0.09391 0.99013 0.104035
vn 0.093722 0.989937 0.106024
vn -0.665545 0.364214 -0.651458
vn -0.659989 0.357524 -0.660751
vn -0.808896 -0.301627 -0.504687
vn -0.813636 -0.29604 -0.500357
vn -0.01336 -0.978531 0.205665
vn -0.012071 -0.978585 0.205491
vn 0.453176 -0.615236 0.645071
vn 0.460063 -0.611814 0.643449
vn 0.406322 0.655492 0.636579
vn 0.408403 0.659731 0.630842
vn -0.034363 0.968664 0.245986
vn -0.034337 0.968984 0.244725
vn -0.807688 0.343135 -0.479478
vn -0.809848 0.347771 -0.472441
vn -0.868776 -0.289341 -0.401884
vn -0.863721 -0.297964 -0.406453
vn -0.103321 -0.948034 0.300924
vn -0.105141 -0.947831 0.300933
vn 0.361478 -0.594483 0.718278
vn 0.352456 -0.599395 0.71868
vn 0.335935 0.644052 0.687273
vn 0.334233 0.638009 0.693709
vn -0.088487 0.949485 0.301079
vn -0.088236 0.949069 0.302459
vn -0.854106 0.339526 -0.393987
vn -0.852913 0.333019 -0.402042
vn -0.829584 -0.300529 -0.470609
vn -0.821984 -0.31401 -0.47512
vn -0.014691 -0.978198 0.207156
vn -0.017147 -0.978243 0.206755
vn 0.443702 -0.613851 0.652928
vn 0.432769 -0.623136 0.65147
vn 0.349445 0.642153 0.682296
vn 0.349926 0.632109 0.691369
vn -0.094415 0.94641 0.308858
vn -0.09355 0.945811 0.31095
vn -0.840649 0.336288 -0.424523
vn -0.839587 0.324884 -0.435366
vn -0.802617 -0.312346 -0.508179
vn -0.802722 -0.31212 -0.508152
vn 0.027603 -0.986743 0.159923
vn 0.027638 -0.98674 0.159937
vn 0.477703 -0.625377 0.617012
vn 0.477842 -0.62521 0.617073
vn 0.364237 0.636696 0.679668
vn 0.364189 0.636853 0.679547
vn -0.091211 0.946846 0.308484
vn -0.091231 0.946854 0.308454
vn -0.831793 0.327533 -0.448155
vn -0.83179 0.327734 -0.448014
vn -0.794685 -0.311349 -0.521093
vn 0.039797 -0.988325 0.14707
vn 0.491038 -0.625504 0.606322
vn 0.374112 0.63991 0.671234
vn -0.083132 0.950342 0.2999
vn -0.824682 0.330017 -0.459334
vn 0.04069 -0.40325 -0.914185
vn 0.164393 -0.983863 0.07063
vn 0.425623 -0.678226 0.599045
vn 0.747638 0.446851 0.491286
vn 0.67113 0.738807 -0.061226
vn 0.210378 0.171285 -0.962498
vn -0.25202 -0.323439 -0.912071
vn -0.24399 -0.375528 -0.894118
vn -0.275266 -0.936558 0.216995
vn -0.279952 -0.936205 0.212479
vn 0.123183 -0.619455 0.775307
vn 0.076838 -0.637814 0.766348
vn 0.73842 0.454673 0.498004
vn 0.708045 0.440973 0.551557
vn 0.717601 0.691979 -0.078831
vn 0.714706 0.696283 -0.066224
vn 0.104513 0.223925 -0.968986
vn 0.098838 0.156766 -0.982678
vn -0.34689 -0.308847 -0.885596
vn -0.356645 -0.28632 -0.889283
vn -0.354538 -0.904398 0.237419
vn -0.354455 -0.904421 0.237455
vn -0.010926 -0.58418 0.811551
vn 0.001238 -0.581607 0.813469
vn 0.535808 0.58378 0.610008
vn 0.553906 0.59194 0.585487
vn 0.498688 0.866779 -0.001973
vn 0.500105 0.865933 -0.007414
vn -0.065926 0.28912 -0.95502
vn -0.067618 0.317116 -0.945973
vn -0.439999 -0.265232 -0.857936
vn -0.423795 -0.288261 -0.858664
vn -0.219475 -0.954833 0.200312
vn -0.223377 -0.954363 0.198229
vn 0.020257 -0.586944 0.809374
vn -0.000813 -0.597467 0.801893
vn 0.16795 0.686102 0.707854
vn 0.155704 0.674699 0.721483
vn 0.040864 0.990484 0.131422
vn 0.039613 0.990086 0.134762
vn -0.341001 0.376917 -0.861192
vn -0.331149 0.358101 -0.872986
vn -0.465928 -0.283657 -0.838123
vn -0.479903 -0.255602 -0.839262
vn -0.220247 -0.95526 0.197407
vn -0.217607 -0.955392 0.199683
vn -0.029904 -0.592154 0.80527
vn -0.012714 -0.578416 0.815643
vn 0.024589 0.667153 0.744514
vn 0.041759 0.689711 0.72288
vn -0.122496 0.976116 0.179422
vn -0.120489 0.977588 0.172636
vn -0.43327 0.357626 -0.827273
vn -0.448524 0.389997 -0.804194
vn -0.506028 -0.24808 -0.826071
vn -0.506832 -0.203307 -0.837727
vn -0.452458 -0.852469 0.261874
vn -0.447801 -0.853055 0.267902
vn -0.162394 -0.527942 0.83361
vn -0.129876 -0.504527 0.853572
vn 0.30426 0.667097 0.680005
vn 0.318626 0.682442 0.657837
vn 0.257493 0.963706 0.070481
vn 0.258132 0.963882 0.065573
vn -0.273476 0.363816 -0.89042
vn -0.270856 0.401833 -0.874739
vn -0.505325 -0.204264 -0.838405
vn -0.505444 -0.204827 -0.838196
vn -0.513894 -0.808597 0.286504
vn -0.51394 -0.808594 0.286429
vn -0.166569 -0.481309 0.860579
vn -0.166933 -0.481619 0.860335
vn 0.397329 0.65166 0.646119
vn 0.397142 0.651381 0.646514
vn 0.371476 0.927761 0.03557
vn 0.371481 0.927755 0.035666
vn -0.208603 0.370217 -0.905221
vn -0.208797 0.369661 -0.905403
vn -0.499578 -0.208493 -0.840805
vn -0.512351 -0.809755 0.285995
vn -0.162387 -0.484535 0.859567
vn 0.412067 0.644911 0.643655
vn 0.388567 0.920901 0.030949
vn -0.197992 0.364087 -0.910077
vn 0.438345 -0.40852 -0.800603
vn 0.011267 -0.980035 0.198506
vn 0.077184 -0.694326 0.715509
vn 0.594227 0.375308 0.711364
vn 0.753283 0.578626 0.312662
vn 0.676041 0.092354 -0.731053
vn 0.663129 -0.459028 -0.591231
vn 0.427938 -0.232808 -0.873309
vn 0.380943 -0.902003 0.20316
vn 0.444594 -0.855524 0.265357
vn 0.140026 -0.699245 0.701034
vn 0.309384 -0.544563 0.779572
vn 0.17262 0.646847 0.742826
vn 0.233457 0.689371 0.685759
vn 0.247756 0.929833 0.27208
vn 0.264499 0.93046 0.253545
vn 0.456956 0.230696 -0.859052
vn 0.38286 0.371821 -0.845676
vn 0.112452 -0.286874 -0.951345
vn 0.136588 -0.337656 -0.931307
vn -0.192807 -0.964623 0.179802
vn -0.197774 -0.965298 0.170543
vn -0.163948 -0.640243 0.750473
vn -0.202111 -0.664885 0.719082
vn 0.179204 0.697603 0.693712
vn 0.111574 0.687246 0.717805
vn 0.339464 0.90524 0.255547
vn 0.27305 0.923817 0.26834
vn 0.276181 0.366841 -0.888342
vn 0.419356 0.221951 -0.880272
vn -0.139285 -0.150118 -0.978808
vn -0.138386 -0.125979 -0.982333
vn -0.734396 -0.670086 0.107924
vn -0.731866 -0.672041 0.112843
vn -0.608367 -0.406846 0.681444
vn -0.593032 -0.405812 0.695435
vn 0.24009 0.615159 0.750957
vn 0.256066 0.615663 0.745244
vn 0.47614 0.824621 0.305436
vn 0.480345 0.823443 0.30201
vn 0.247777 0.341146 -0.906767
vn 0.244032 0.365142 -0.898399
vn -0.207602 -0.056065 -0.976605
vn -0.215347 -0.090033 -0.972378
vn -0.827212 -0.553804 0.094978
vn -0.830886 -0.54984 0.08547
vn -0.666399 -0.321036 0.67294
vn -0.688101 -0.32481 0.648857
vn 0.239444 0.628252 0.740247
vn 0.223925 0.625828 0.747125
vn 0.48374 0.82121 0.302672
vn 0.480988 0.821569 0.306065
vn 0.220183 0.384433 -0.89651
vn 0.218346 0.360943 -0.906667
vn -0.165135 -0.128671 -0.977842
vn -0.158039 -0.224821 -0.961499
vn -0.568762 -0.811143 0.136221
vn -0.578518 -0.807319 0.116415
vn -0.50128 -0.494391 0.710138
vn -0.539319 -0.524852 0.658533
vn 0.010755 0.734294 0.678746
vn -0.040122 0.701885 0.71116
vn 0.166496 0.95549 0.243553
vn 0.155824 0.952882 0.260259
vn 0.085406 0.437927 -0.894944
vn 0.098608 0.360022 -0.927718
vn -0.094268 -0.240167 -0.966144
vn -0.094306 -0.238437 -0.966568
vn -0.391693 -0.906603 0.156994
vn -0.391593 -0.906572 0.157423
vn -0.400527 -0.57803 0.710956
vn -0.400094 -0.577054 0.711992
vn -0.122863 0.710573 0.692814
vn -0.122232 0.711306 0.692172
vn -0.004394 0.971958 0.235114
vn -0.004248 0.972036 0.234792
vn 0.027702 0.369408 -0.928854
vn 0.027389 0.370921 -0.928261
vn -0.076893 -0.2426 -0.967074
vn -0.364541 -0.916923 0.162362
vn -0.378558 -0.583883 0.718174
vn -0.122406 0.71132 0.692127
vn -0.008673 0.972198 0.233998
vn 0.034627 0.369989 -0.928391
vn 0.40264 -0.362802 -0.84039
vn -0.221231 -0.963129 0.153099
vn -0.219403 -0.663717 0.715082
vn 0.371719 0.465151 0.803405
vn 0.608862 0.681893 0.40535
vn 0.664806 0.168455 -0.727775
vn 0.50928 -0.402838 -0.760497
vn 0.437548 -0.255922 -0.862007
vn 0.132798 -0.965741 0.222957
vn 0.148511 -0.952536 0.265742
vn -0.070528 -0.692626 0.717841
vn -0.012775 -0.604873 0.796219
vn 0.002225 0.674051 0.738682
vn 0.033931 0.703817 0.709571
vn 0.149924 0.946703 0.285089
vn 0.15898 0.948187 0.275076
vn 0.469728 0.284769 -0.835621
vn 0.435024 0.370477 -0.820671
vn 0.232679 -0.28883 -0.928675
vn 0.239963 -0.323721 -0.915217
vn -0.233296 -0.961655 0.144196
vn -0.235033 -0.962403 0.136161
vn -0.301382 -0.64209 0.704904
vn -0.317512 -0.661466 0.679447
vn 0.010332 0.705847 0.708289
vn -0.006421 0.698481 0.7156
vn 0.186967 0.941472 0.280489
vn 0.180705 0.941861 0.283274
vn 0.375927 0.366027 -0.851295
vn 0.400673 0.324548 -0.856813
vn 0.030849 -0.170072 -0.984949
vn 0.034826 -0.157207 -0.986951
vn -0.727337 -0.686216 0.009463
vn -0.726676 -0.686861 0.012848
vn -0.672127 -0.429418 0.603197
vn -0.665325 -0.426651 0.612627
vn 0.188202 0.576553 0.795089
vn 0.195348 0.577989 0.792318
vn 0.490638 0.780352 0.387719
vn 0.492346 0.780095 0.386066
vn 0.421844 0.30977 -0.852109
vn 0.42273 0.321074 -0.847473
vn -0.007773 -0.112882 -0.993578
vn -0.016897 -0.131209 -0.991211
vn -0.794159 -0.607653 -0.008281
vn -0.794942 -0.606506 -0.014737
vn -0.715695 -0.368519 0.593274
vn -0.72594 -0.374131 0.577093
vn 0.194855 0.578432 0.792116
vn 0.188303 0.576574 0.79505
vn 0.50465 0.770146 0.390133
vn 0.503594 0.770172 0.391444
vn 0.410575 0.332119 -0.849191
vn 0.407555 0.320536 -0.855077
vn 0.056954 -0.188886 -0.980346
vn 0.049794 -0.240429 -0.969389
vn -0.510713 -0.856589 0.073675
vn -0.51202 -0.856562 0.064317
vn -0.539538 -0.536627 0.648791
vn -0.551197 -0.556972 0.62126
vn -0.029077 0.712093 0.701483
vn -0.060645 0.688237 0.722947
vn 0.189236 0.9395 0.285532
vn 0.181253 0.9374 0.297371
vn 0.282352 0.402414 -0.870827
vn 0.285218 0.35118 -0.891809
vn 0.106892 -0.253674 -0.961366
vn 0.107024 -0.252573 -0.961641
vn -0.355547 -0.927118 0.11848
vn -0.355554 -0.927079 0.118765
vn -0.441229 -0.594735 0.672017
vn -0.441113 -0.594053 0.672696
vn -0.154112 0.704148 0.693128
vn -0.153752 0.704594 0.692753
vn 0.031116 0.966752 0.253814
vn 0.031212 0.966798 0.253629
vn 0.22734 0.360868 -0.904484
vn 0.227229 0.361808 -0.904136
vn 0.119736 -0.255543 -0.959354
vn -0.332028 -0.934789 0.126205
vn -0.423556 -0.599131 0.679443
vn -0.158875 0.705302 0.690875
vn 0.021404 0.967869 0.250543
vn 0.228869 0.361538 -0.90383
vn 0.139262 -0.555759 -0.819596
vn 0.044627 -0.99449 0.094853
vn 0.248922 -0.604236 0.756926
vn 0.599828 0.323292 0.731908
vn 0.693623 0.719299 0.038686
vn 0.442607 0.246148 -0.86227
vn -0.196529 -0.451834 -0.870185
vn -0.197478 -0.495228 -0.846021
vn -0.419934 -0.894545 0.153116
vn -0.422328 -0.894086 0.149163
vn -0.051545 -0.510048 0.8586
vn -0.090159 -0.528321 0.844244
vn 0.587743 0.332316 0.737648
vn 0.541104 0.31285 0.780597
vn 0.760556 0.648674 0.027854
vn 0.757103 0.652214 0.037578
vn 0.372415 0.292654 -0.880716
vn 0.364176 0.225984 -0.903497
vn -0.287325 -0.429243 -0.856268
vn -0.29062 -0.418204 -0.860608
vn -0.482302 -0.861822 0.156997
vn -0.483943 -0.861158 0.15558
vn -0.159345 -0.475996 0.864891
vn -0.153822 -0.474381 0.866776
vn 0.396256 0.448914 0.80091
vn 0.422318 0.461309 0.780283
vn 0.552927 0.831235 0.057615
vn 0.554903 0.830247 0.052653
vn 0.206905 0.377245 -0.902705
vn 0.205712 0.410256 -0.888467
vn -0.297692 -0.416004 -0.859256
vn -0.280041 -0.440995 -0.852702
vn -0.264422 -0.954553 0.137512
vn -0.267253 -0.954123 0.134998
vn -0.105493 -0.489269 0.865729
vn -0.125035 -0.502933 0.855234
vn 0.055526 0.56242 0.824985
vn 0.040115 0.54716 0.836066
vn 0.04486 0.993237 0.107092
vn 0.043275 0.992997 0.109926
vn -0.144941 0.501439 -0.852966
vn -0.132446 0.480713 -0.866818
vn -0.312969 -0.436152 -0.843695
vn -0.32778 -0.407711 -0.852251
vn -0.24824 -0.959446 0.133566
vn -0.246672 -0.959544 0.13575
vn -0.14399 -0.499953 0.853998
vn -0.129162 -0.483031 0.866025
vn -0.086252 0.544816 0.834108
vn -0.064286 0.575067 0.815577
vn -0.13769 0.982472 0.125662
vn -0.134602 0.983683 0.119376
vn -0.258303 0.479534 -0.838646
vn -0.279446 0.516301 -0.809533
vn -0.421671 -0.374987 -0.825577
vn -0.418954 -0.327253 -0.846985
vn -0.540065 -0.826552 0.158559
vn -0.537238 -0.827157 0.164882
vn -0.282589 -0.430529 0.857198
vn -0.250848 -0.402856 0.880217
vn 0.191228 0.534812 0.823048
vn 0.211052 0.553732 0.805505
vn 0.320865 0.943585 0.08181
vn 0.321866 0.943536 0.078376
vn -0.014888 0.474503 -0.880128
vn -0.011664 0.509085 -0.860637
vn -0.430887 -0.31849 -0.844335
vn -0.43105 -0.318999 -0.844059
vn -0.611831 -0.772117 0.171751
vn -0.611853 -0.772114 0.171686
vn -0.284819 -0.378705 0.880603
vn -0.285155 -0.379023 0.880357
vn 0.280401 0.517026 0.808739
vn 0.280101 0.516694 0.809056
vn 0.442591 0.894058 0.069086
vn 0.442582 0.894057 0.069164
vn 0.066579 0.466072 -0.882238
vn 0.066368 0.465558 -0.882525
vn -0.426756 -0.322139 -0.845048
vn -0.612064 -0.771943 0.171704
vn -0.281841 -0.381403 0.880396
vn 0.292835 0.509565 0.809068
vn 0.459732 0.885475 0.067683
vn 0.078777 0.458419 -0.885238
vn -0.43013 -0.397295 -0.810645
vn 0.331118 -0.91736 -0.220935
vn 0.834355 -0.465538 0.29517
vn 0.739773 0.557638 0.376531
vn 0.183217 0.98199 -0.04612
vn -0.488507 0.4941 -0.719185
vn -0.487698 -0.415369 -0.767867
vn -0.503298 -0.400985 -0.765442
vn 0.322066 -0.923185 -0.209771
vn 0.324485 -0.922546 -0.208848
vn 0.80206 -0.482427 0.352085
vn 0.810348 -0.466319 0.354799
vn 0.64355 0.550676 0.531601
vn 0.638954 0.562841 0.524355
vn 0.034999 0.990446 0.133387
vn 0.034074 0.990707 0.131677
vn -0.627823 0.487154 -0.607057
vn -0.628871 0.500304 -0.595161
vn -0.59643 -0.442072 -0.669958
vn -0.590632 -0.447609 -0.671417
vn 0.226463 -0.969473 -0.094001
vn 0.225424 -0.969686 -0.094302
vn 0.732532 -0.505675 0.455729
vn 0.728622 -0.511846 0.455109
vn 0.588606 0.544902 0.597181
vn 0.5894 0.541251 0.599712
vn -0.013875 0.9818 0.189411
vn -0.013707 0.981717 0.189854
vn -0.699965 0.479816 -0.528985
vn -0.699378 0.475971 -0.533219
vn -0.711119 -0.46195 -0.530011
vn -0.714314 -0.457793 -0.529321
vn 0.060046 -0.993319 0.098551
vn 0.060668 -0.993266 0.098704
vn 0.607784 -0.526199 0.594738
vn 0.610733 -0.522631 0.594863
vn 0.568486 0.538079 0.62233
vn 0.568116 0.541466 0.619725
vn 0.005966 0.985889 0.167294
vn 0.00574 0.985981 0.166757
vn -0.731745 0.470855 -0.492794
vn -0.731646 0.474554 -0.489379
vn -0.750615 -0.455905 -0.478256
vn -0.746257 -0.462657 -0.478591
vn 0.011644 -0.987914 0.154567
vn 0.010624 -0.987978 0.154227
vn 0.568331 -0.520805 0.636995
vn 0.563875 -0.526519 0.636257
vn 0.544804 0.539014 0.64238
vn 0.545642 0.53443 0.645492
vn -0.008882 0.983016 0.183303
vn -0.00854 0.982909 0.183896
vn -0.75279 0.471846 -0.458986
vn -0.753552 0.466745 -0.462935
vn -0.696513 -0.460723 -0.550094
vn -0.690351 -0.46976 -0.550219
vn 0.116306 -0.992624 0.034199
vn 0.115252 -0.992765 0.03368
vn 0.634523 -0.524546 0.567655
vn 0.630135 -0.532465 0.565164
vn 0.515421 0.528654 0.674437
vn 0.518883 0.519496 0.678885
vn -0.074276 0.963235 0.258188
vn -0.073322 0.962979 0.259415
vn -0.773578 0.461989 -0.433755
vn -0.775144 0.452402 -0.441003
vn -0.671357 -0.464895 -0.577193
vn -0.67146 -0.464732 -0.577204
vn 0.152144 -0.988325 -0.008098
vn 0.152163 -0.988322 -0.008085
vn 0.656575 -0.527185 0.53943
vn 0.65664 -0.52704 0.539493
vn 0.514487 0.517978 0.683375
vn 0.514421 0.518112 0.683323
vn -0.090197 0.956123 0.278734
vn -0.090211 0.956127 0.278718
vn -0.778719 0.450957 -0.436158
vn -0.778689 0.451106 -0.436058
vn -0.666265 -0.463365 -0.58428
vn 0.159252 -0.987105 -0.016176
vn 0.662589 -0.525737 0.533458
vn 0.517133 0.519042 0.680565
vn -0.088757 0.956745 0.27706
vn -0.77588 0.452236 -0.439878
vn -0.320348 -0.64372 -0.694984
vn 0.078 -0.973571 -0.214651
vn 0.764354 -0.36757 0.52977
vn 0.798728 0.302329 0.520221
vn 0.154745 0.949749 -0.272085
vn -0.295664 0.577741 -0.760788
vn -0.392838 -0.652298 -0.648217
vn -0.396247 -0.64888 -0.649572
vn 0.024229 -0.985306 -0.169069
vn 0.02357 -0.985264 -0.169408
vn 0.706449 -0.370983 0.602745
vn 0.70902 -0.365872 0.60285
vn 0.723375 0.313399 0.615231
vn 0.723718 0.318406 0.612249
vn 0.041317 0.983606 -0.175535
vn 0.041557 0.983705 -0.174923
vn -0.410868 0.598782 -0.687494
vn -0.410564 0.602873 -0.684092
vn -0.485536 -0.655403 -0.578534
vn -0.484191 -0.656676 -0.578218
vn -0.063712 -0.99362 -0.093057
vn -0.063459 -0.993647 -0.092946
vn 0.634589 -0.3699 0.67858
vn 0.633484 -0.371647 0.678658
vn 0.655945 0.32018 0.683536
vn 0.655651 0.318496 0.684604
vn -0.031681 0.993265 -0.111447
vn -0.031736 0.99324 -0.111658
vn -0.493322 0.608192 -0.62188
vn -0.493344 0.606908 -0.623117
vn -0.584469 -0.648481 -0.487718
vn -0.585295 -0.647585 -0.487917
vn -0.173686 -0.984789 0.004982
vn -0.173841 -0.984762 0.004908
vn 0.546187 -0.36489 0.754012
vn 0.547012 -0.363753 0.753964
vn 0.59071 0.322386 0.739681
vn 0.590951 0.323611 0.738954
vn -0.077139 0.994482 -0.071103
vn -0.077092 0.994497 -0.070937
vn -0.552218 0.609805 -0.5685
vn -0.552089 0.610764 -0.567596
vn -0.618696 -0.641235 -0.453908
vn -0.61757 -0.642617 -0.453487
vn -0.210291 -0.976905 0.037877
vn -0.210067 -0.976948 0.038013
vn 0.512098 -0.359147 0.780237
vn 0.510957 -0.360889 0.780181
vn 0.559838 0.325314 0.762071
vn 0.559653 0.32351 0.762974
vn -0.104223 0.993473 -0.04635
vn -0.104308 0.993454 -0.046566
vn -0.580025 0.611231 -0.538487
vn -0.580388 0.609868 -0.539639
vn -0.581746 -0.648828 -0.490504
vn -0.580153 -0.650894 -0.489653
vn -0.161443 -0.986863 -0.00607
vn -0.16114 -0.986914 -0.005843
vn 0.542713 -0.364444 0.756732
vn 0.541287 -0.36732 0.756362
vn 0.567948 0.323281 0.756918
vn 0.568048 0.320069 0.758207
vn -0.117342 0.992484 -0.034733
vn -0.117542 0.992447 -0.035111
vn -0.581314 0.609851 -0.538661
vn -0.582151 0.60738 -0.540546
vn -0.565045 -0.652459 -0.504997
vn -0.56507 -0.652423 -0.505015
vn -0.141771 -0.989623 -0.023377
vn -0.141776 -0.989623 -0.023381
vn 0.555677 -0.368129 0.745456
vn 0.555697 -0.368078 0.745466
vn 0.574877 0.320164 0.753002
vn 0.574871 0.320217 0.752984
vn -0.117674 0.992436 -0.034993
vn -0.11767 0.992436 -0.034987
vn -0.578583 0.607565 -0.544157
vn -0.578566 0.607605 -0.54413
vn -0.560163 -0.652864 -0.509888
vn -0.136429 -0.990248 -0.028203
vn 0.560583 -0.368332 0.741673
vn 0.57908 0.32026 0.749733
vn -0.114109 0.992734 -0.038197
vn -0.574741 0.607782 -0.547973
vn 0.116887 -0.666334 -0.736435
vn -0.196577 -0.966459 -0.165271
vn -0.185536 -0.409785 0.893114
vn 0.111942 0.190804 0.975224
vn 0.657234 0.750601 0.068126
vn 0.667674 0.427049 -0.609787
vn 0.301698 -0.705566 -0.641214
vn 0.289555 -0.647586 -0.704834
vn 0.131624 -0.988986 -0.067686
vn 0.128781 -0.988262 -0.082175
vn -0.122465 -0.428736 0.895091
vn -0.093871 -0.352967 0.930915
vn -0.102314 0.288573 0.951976
vn -0.073169 0.337352 0.938531
vn 0.223861 0.973422 -0.048338
vn 0.221501 0.974137 -0.044653
vn 0.390118 0.576143 -0.718239
vn 0.367539 0.616352 -0.696437
vn 0.07978 -0.662952 -0.744399
vn 0.082171 -0.682866 -0.725908
vn -0.144684 -0.978397 -0.147669
vn -0.144355 -0.978994 -0.143986
vn -0.273254 -0.377401 0.884817
vn -0.284901 -0.398349 0.871866
vn -0.127301 0.333508 0.934113
vn -0.143637 0.317711 0.937245
vn 0.2454 0.968696 -0.03752
vn 0.245935 0.968543 -0.037961
vn 0.346034 0.61692 -0.706874
vn 0.352947 0.606275 -0.712643
vn -0.253063 -0.479943 -0.840008
vn -0.250444 -0.472925 -0.84476
vn -0.612438 -0.741865 -0.273048
vn -0.612356 -0.741467 -0.274314
vn -0.501893 -0.258342 0.825447
vn -0.495303 -0.253906 0.830787
vn -0.093244 0.284631 0.954092
vn -0.085788 0.288721 0.953562
vn 0.576386 0.816128 0.041403
vn 0.575982 0.816379 0.042085
vn 0.516549 0.512544 -0.685912
vn 0.516574 0.518226 -0.68161
vn -0.298765 -0.425283 -0.854327
vn -0.30486 -0.436631 -0.846412
vn -0.674334 -0.679112 -0.289966
vn -0.674694 -0.6798 -0.287507
vn -0.531575 -0.21799 0.81848
vn -0.542224 -0.22567 0.809362
vn -0.095034 0.297098 0.950106
vn -0.103236 0.291842 0.950879
vn 0.591796 0.804778 0.045937
vn 0.592 0.804653 0.045481
vn 0.516302 0.518444 -0.681652
vn 0.515372 0.513408 -0.686151
vn -0.106928 -0.582391 -0.805845
vn -0.110333 -0.599129 -0.793014
vn -0.372966 -0.903579 -0.210811
vn -0.373152 -0.904027 -0.208548
vn -0.427806 -0.310838 0.848741
vn -0.439887 -0.333577 0.833802
vn -0.196885 0.353765 0.914378
vn -0.218986 0.321261 0.921323
vn 0.267778 0.962925 -0.032716
vn 0.270105 0.962094 -0.037653
vn 0.310654 0.627768 -0.713724
vn 0.314495 0.596791 -0.738196
vn -0.008187 -0.627291 -0.778742
vn -0.00809 -0.626784 -0.779151
vn -0.228014 -0.957957 -0.174148
vn -0.227998 -0.957943 -0.174246
vn -0.373061 -0.349215 0.859578
vn -0.372907 -0.348573 0.859905
vn -0.253529 0.326882 0.910423
vn -0.253287 0.327495 0.910271
vn 0.127124 0.989058 -0.07486
vn 0.127097 0.989066 -0.074794
vn 0.228142 0.610528 -0.758424
vn 0.228065 0.610994 -0.758072
vn 0.008352 -0.630747 -0.775943
vn -0.206729 -0.963704 -0.168932
vn -0.361862 -0.351033 0.863615
vn -0.252921 0.327434 0.910394
vn 0.116944 0.990123 -0.077334
vn 0.224284 0.611501 -0.758791
vn 0.512864 -0.553172 -0.656485
vn 0.060228 -0.99477 0.082495
vn -0.20062 -0.50934 0.836854
vn -0.046477 0.392794 0.918451
vn 0.389897 0.889666 0.237644
vn 0.689127 0.427432 -0.585154
vn 0.323034 -0.524239 -0.787923
vn 0.319268 -0.544821 -0.775395
vn -0.215356 -0.975576 -0.043284
vn -0.215263 -0.975541 -0.044513
vn -0.395062 -0.481133 0.782584
vn -0.404117 -0.497092 0.767847
vn -0.078491 0.404217 0.911289
vn -0.101975 0.385561 0.91703
vn 0.426457 0.868103 0.254033
vn 0.424952 0.868425 0.255448
vn 0.650461 0.445436 -0.615214
vn 0.658707 0.416893 -0.626343
vn 0.248276 -0.514243 -0.820922
vn 0.248032 -0.508687 -0.82445
vn -0.26637 -0.961485 -0.067772
vn -0.26636 -0.961495 -0.067671
vn -0.474455 -0.468979 0.74495
vn -0.47175 -0.46523 0.749008
vn -0.216428 0.445019 0.868974
vn -0.206394 0.453255 0.867157
vn 0.276682 0.942748 0.186208
vn 0.277407 0.942658 0.185584
vn 0.53615 0.484635 -0.691138
vn 0.53092 0.496687 -0.686605
vn 0.245967 -0.508325 -0.825292
vn 0.247694 -0.515001 -0.820623
vn -0.163429 -0.986371 -0.019053
vn -0.163457 -0.986357 -0.019517
vn -0.473094 -0.464994 0.748307
vn -0.475131 -0.470608 0.743491
vn -0.40694 0.483181 0.7752
vn -0.41188 0.47694 0.776456
vn -0.027776 0.998656 0.043759
vn -0.028175 0.998631 0.044078
vn 0.315013 0.528624 -0.788241
vn 0.320042 0.521948 -0.79066
vn 0.219161 -0.512192 -0.830438
vn 0.217903 -0.503646 -0.835978
vn -0.170769 -0.985043 -0.022993
vn -0.170801 -0.985048 -0.022524
vn -0.498026 -0.468366 0.729797
vn -0.496723 -0.461028 0.735336
vn -0.470815 0.47591 0.742861
vn -0.464086 0.48666 0.740126
vn -0.112683 0.993622 0.00418
vn -0.112006 0.993701 0.003539
vn 0.250225 0.520338 -0.816478
vn 0.242516 0.531452 -0.811631
vn 0.148548 -0.489486 -0.859265
vn 0.152053 -0.471898 -0.868442
vn -0.328016 -0.939651 -0.09727
vn -0.328268 -0.939692 -0.096015
vn -0.560456 -0.447477 0.696888
vn -0.557024 -0.43303 0.708667
vn -0.353546 0.477095 0.804603
vn -0.344925 0.488661 0.801397
vn 0.110858 0.98784 0.109012
vn 0.11135 0.987849 0.108421
vn 0.383257 0.521896 -0.762063
vn 0.379114 0.53526 -0.754831
vn 0.139466 -0.466849 -0.873271
vn 0.139377 -0.467082 -0.87316
vn -0.371035 -0.921329 -0.116133
vn -0.37103 -0.921329 -0.116147
vn -0.572185 -0.426711 0.700373
vn -0.572225 -0.426911 0.700219
vn -0.308214 0.477006 0.823085
vn -0.308364 0.47679 0.823154
vn 0.181901 0.973016 0.141956
vn 0.181891 0.973016 0.14197
vn 0.427799 0.521817 -0.738035
vn 0.427831 0.521573 -0.738188
vn 0.142507 -0.468334 -0.871984
vn -0.370892 -0.921393 -0.116082
vn -0.569509 -0.428051 0.701735
vn -0.300346 0.474177 0.827616
vn 0.193514 0.969953 0.147458
vn 0.437182 0.518806 -0.734651
vn -0.30286 -0.557397 -0.773036
vn -0.336771 -0.931792 0.135461
vn 0.112957 -0.51213 0.851448
vn 0.61024 0.274857 0.743008
vn 0.693864 0.70993 -0.12063
vn 0.23141 0.300244 -0.925367
vn -0.547473 -0.386904 -0.74201
vn -0.552667 -0.396745 -0.732907
vn -0.693265 -0.684146 0.226556
vn -0.693373 -0.684115 0.226319
vn -0.094494 -0.355834 0.92976
vn -0.107006 -0.361245 0.926311
vn 0.642161 0.242222 0.727294
vn 0.619305 0.229762 0.75078
vn 0.822873 0.54657 -0.155376
vn 0.823068 0.547041 -0.152661
vn 0.262348 0.271109 -0.926107
vn 0.240484 0.245791 -0.939018
vn -0.572786 -0.37004 -0.731427
vn -0.57788 -0.38789 -0.718051
vn -0.695646 -0.681604 0.226921
vn -0.697399 -0.680806 0.223914
vn -0.11858 -0.344175 0.931387
vn -0.139106 -0.352121 0.92556
vn 0.561328 0.319314 0.763512
vn 0.586881 0.334851 0.737188
vn 0.72368 0.67806 -0.128535
vn 0.723582 0.67748 -0.132096
vn 0.180514 0.340112 -0.922897
vn 0.200653 0.370948 -0.906717
vn -0.398864 -0.482713 -0.779677
vn -0.392446 -0.499584 -0.772271
vn -0.282947 -0.95108 0.12405
vn -0.283561 -0.950993 0.123311
vn 0.0448 -0.443738 0.895036
vn 0.032775 -0.455891 0.889432
vn 0.268684 0.489489 0.829584
vn 0.259543 0.473908 0.841456
vn 0.184897 0.982742 0.00566
vn 0.184726 0.982765 0.007049
vn -0.148874 0.537239 -0.830187
vn -0.147603 0.517808 -0.842667
vn -0.374992 -0.502723 -0.778878
vn -0.3792 -0.49087 -0.784381
vn -0.211095 -0.971714 0.105877
vn -0.211225 -0.971709 0.105666
vn 0.054449 -0.459367 0.886576
vn 0.060414 -0.450084 0.89094
vn 0.153826 0.481673 0.862745
vn 0.167386 0.519207 0.838097
vn 0.004046 0.998629 0.052182
vn 0.004445 0.998836 0.048033
vn -0.257672 0.526183 -0.810393
vn -0.262333 0.570458 -0.778305
vn -0.598829 -0.378 -0.706059
vn -0.58644 -0.345105 -0.732796
vn -0.66162 -0.718171 0.215613
vn -0.660325 -0.718414 0.218752
vn -0.160192 -0.344302 0.925092
vn -0.127777 -0.320873 0.938464
vn 0.468684 0.403736 0.785705
vn 0.472816 0.407902 0.781064
vn 0.598219 0.795317 -0.098007
vn 0.598272 0.795362 -0.097311
vn 0.074399 0.44119 -0.894324
vn 0.078573 0.44699 -0.891082
vn -0.61346 -0.312974 -0.725062
vn -0.61357 -0.31314 -0.724897
vn -0.732782 -0.637859 0.236995
vn -0.732786 -0.637859 0.236982
vn -0.15783 -0.285947 0.945158
vn -0.158023 -0.286077 0.945087
vn 0.521172 0.358343 0.774577
vn 0.521009 0.358188 0.774759
vn 0.690985 0.712893 -0.119684
vn 0.690988 0.712893 -0.119665
vn 0.129947 0.392165 -0.91067
vn 0.129738 0.391969 -0.910784
vn -0.614245 -0.312319 -0.724679
vn -0.736867 -0.632763 0.237987
vn -0.158646 -0.28535 0.945202
vn 0.527555 0.351196 0.773529
vn 0.701752 0.701842 -0.12232
vn 0.136691 0.384379 -0.913
vn -0.455682 -0.69656 -0.554219
vn -0.197833 -0.978578 -0.056984
vn 0.619032 -0.369842 0.692832
vn 0.780921 0.216559 0.585888
vn 0.299554 0.859925 -0.413276
vn -0.151756 0.532298 -0.832844
vn -0.353353 -0.709156 -0.610114
vn -0.375733 -0.684464 -0.624767
vn -0.035257 -0.984581 -0.17134
vn -0.042903 -0.983375 -0.176444
vn 0.629582 -0.372799 0.68165
vn 0.647287 -0.33629 0.684053
vn 0.667938 0.262877 0.696243
vn 0.67107 0.290406 0.682151
vn 0.03026 0.976335 -0.214136
vn 0.031638 0.977029 -0.210745
vn -0.354719 0.612335 -0.706555
vn -0.351683 0.631459 -0.691071
vn -0.489419 -0.691462 -0.531366
vn -0.479944 -0.702576 -0.525395
vn -0.184481 -0.980682 -0.06503
vn -0.181438 -0.981391 -0.062864
vn 0.552371 -0.346849 0.758012
vn 0.544045 -0.359784 0.758005
vn 0.630341 0.287604 0.721078
vn 0.628153 0.280104 0.725924
vn 0.028878 0.977532 -0.208799
vn 0.028935 0.977587 -0.208536
vn -0.379527 0.632345 -0.675351
vn -0.379885 0.629686 -0.677631
vn -0.720164 -0.594095 -0.358351
vn -0.722298 -0.589694 -0.361312
vn -0.488387 -0.857096 0.163903
vn -0.489329 -0.856721 0.163053
vn 0.406286 -0.288255 0.867087
vn 0.411235 -0.283928 0.866182
vn 0.643959 0.272383 0.714929
vn 0.646408 0.276532 0.711117
vn 0.223683 0.904918 -0.362061
vn 0.224001 0.905158 -0.361264
vn -0.28302 0.583586 -0.761135
vn -0.281077 0.587469 -0.758865
vn -0.761648 -0.558319 -0.328896
vn -0.75855 -0.565939 -0.322978
vn -0.539575 -0.817394 0.201807
vn -0.537842 -0.818082 0.203636
vn 0.379462 -0.261073 0.887609
vn 0.371207 -0.268486 0.888887
vn 0.635285 0.283735 0.718267
vn 0.632569 0.278356 0.722755
vn 0.233804 0.89955 -0.368979
vn 0.233522 0.8994 -0.369524
vn -0.282584 0.588477 -0.757523
vn -0.285067 0.584731 -0.759491
vn -0.612668 -0.654211 -0.443448
vn -0.608333 -0.661568 -0.438474
vn -0.324704 -0.945006 0.039133
vn -0.323575 -0.945345 0.040284
vn 0.456786 -0.314727 0.832041
vn 0.448488 -0.328335 0.831297
vn 0.576998 0.304416 0.757895
vn 0.574307 0.284629 0.767567
vn 0.028133 0.977841 -0.207451
vn 0.025942 0.977021 -0.211559
vn -0.407618 0.642522 -0.648855
vn -0.416152 0.625572 -0.659907
vn -0.552177 -0.675522 -0.488641
vn -0.55231 -0.6753 -0.488797
vn -0.242475 -0.969857 -0.024151
vn -0.242521 -0.969844 -0.024203
vn 0.487241 -0.334776 0.806549
vn 0.487384 -0.334445 0.8066
vn 0.55936 0.286381 0.777883
vn 0.559358 0.286706 0.777765
vn -0.048187 0.986727 -0.155074
vn -0.04816 0.986735 -0.155029
vn -0.460248 0.630746 -0.624765
vn -0.460139 0.630968 -0.624621
vn -0.542998 -0.677207 -0.496532
vn -0.230534 -0.972487 -0.033504
vn 0.494162 -0.335561 0.801999
vn 0.56057 0.28656 0.776946
vn -0.052855 0.98706 -0.151387
vn -0.461645 0.63112 -0.623355
vn -0.201228 -0.656603 -0.726898
vn 0.132803 -0.945975 -0.295794
vn 0.722564 -0.322733 0.611347
vn 0.697899 0.289039 0.655281
vn 0.027976 0.978475 -0.204459
vn -0.305087 0.627497 -0.716358
vn -0.324641 -0.680445 -0.656964
vn -0.320257 -0.685085 -0.654289
vn 0.001111 -0.978644 -0.205561
vn 0.002325 -0.978824 -0.204689
vn 0.640432 -0.336086 0.690575
vn 0.636909 -0.344396 0.689738
vn 0.64896 0.287869 0.70426
vn 0.647936 0.278439 0.708978
vn 0.005183 0.981955 -0.189045
vn 0.004624 0.981614 -0.190818
vn -0.354926 0.6304 -0.690379
vn -0.355266 0.623392 -0.696541
vn -0.38264 -0.688623 -0.615942
vn -0.384066 -0.687325 -0.616504
vn -0.049638 -0.984416 -0.168702
vn -0.049969 -0.984366 -0.168899
vn 0.578161 -0.344969 0.73941
vn 0.579521 -0.342351 0.739561
vn 0.573689 0.282012 0.768993
vn 0.574184 0.285366 0.767385
vn -0.093029 0.988251 -0.121265
vn -0.092862 0.988356 -0.120535
vn -0.447289 0.629233 -0.635608
vn -0.447324 0.631787 -0.633046
vn -0.400458 -0.689002 -0.604077
vn -0.399137 -0.690119 -0.603677
vn -0.042672 -0.98378 -0.174229
vn -0.04235 -0.983831 -0.174023
vn 0.536991 -0.347336 0.768764
vn 0.536078 -0.349384 0.768473
vn 0.483474 0.273427 0.831559
vn 0.483359 0.271167 0.832366
vn -0.241283 0.970356 -0.013858
vn -0.241375 0.970327 -0.014277
vn -0.568903 0.615797 -0.545109
vn -0.568869 0.614387 -0.546733
vn -0.418929 -0.692332 -0.587515
vn -0.420588 -0.690779 -0.588158
vn -0.058452 -0.985045 -0.162077
vn -0.05883 -0.984974 -0.162372
vn 0.511493 -0.35276 0.783541
vn 0.512546 -0.349901 0.784134
vn 0.449779 0.264617 0.85304
vn 0.449629 0.268077 0.852038
vn -0.283234 0.958907 0.016604
vn -0.283035 0.958954 0.017271
vn -0.604932 0.605356 -0.517302
vn -0.604729 0.60763 -0.514868
vn -0.449632 -0.692466 -0.564201
vn -0.452517 -0.689056 -0.566066
vn -0.10993 -0.986125 -0.124388
vn -0.11072 -0.985941 -0.125149
vn 0.503178 -0.350752 0.7898
vn 0.505062 -0.345382 0.790964
vn 0.48559 0.273579 0.830275
vn 0.485262 0.278919 0.828689
vn -0.200261 0.978754 -0.043999
vn -0.199927 0.978858 -0.043197
vn -0.547672 0.619691 -0.562174
vn -0.546823 0.623141 -0.559177
vn -0.457706 -0.688972 -0.561981
vn -0.457668 -0.689025 -0.561948
vn -0.123306 -0.985575 -0.115917
vn -0.123295 -0.985578 -0.115906
vn 0.505538 -0.345378 0.790661
vn 0.505512 -0.345465 0.79064
vn 0.500579 0.279795 0.819228
vn 0.50059 0.2797 0.819254
vn -0.169622 0.983319 -0.065674
vn -0.16963 0.983316 -0.065689
vn -0.524705 0.625483 -0.577456
vn -0.524728 0.625416 -0.577507
vn -0.455299 -0.689064 -0.563821
vn -0.121625 -0.98564 -0.117135
vn 0.508783 -0.345431 0.788554
vn 0.505441 0.279969 0.816178
vn -0.163128 0.984085 -0.070473
vn -0.519202 0.625921 -0.581938
vn 0.007163 -0.680546 -0.732671
vn 0.115362 -0.959004 -0.258848
vn 0.351624 -0.353642 0.866775
vn 0.343958 0.298313 0.890338
vn 0.087908 0.968741 -0.231977
vn -0.024807 0.621282 -0.783195
vn -0.040829 -0.685901 -0.726549
vn -0.041467 -0.684723 -0.727623
vn 0.074651 -0.965029 -0.251288
vn 0.074399 -0.964921 -0.251779
vn 0.293678 -0.358173 0.886265
vn 0.294227 -0.356007 0.886955
vn 0.269099 0.298754 0.915605
vn 0.269459 0.300979 0.91477
vn -0.005339 0.97673 -0.214405
vn -0.005351 0.97684 -0.213902
vn -0.109091 0.624905 -0.773041
vn -0.109381 0.626351 -0.771829
vn -0.105686 -0.690324 -0.715739
vn -0.105407 -0.69076 -0.71536
vn 0.008344 -0.971183 -0.238187
vn 0.008446 -0.971227 -0.238005
vn 0.228831 -0.361142 0.903998
vn 0.228573 -0.3619 0.903761
vn 0.207641 0.298308 0.93161
vn 0.207478 0.297572 0.931882
vn -0.063798 0.977254 -0.20225
vn -0.063781 0.977223 -0.202405
vn -0.169421 0.625097 -0.761938
vn -0.169306 0.624651 -0.76233
vn -0.184609 -0.691829 -0.698063
vn -0.184782 -0.691538 -0.698305
vn -0.07926 -0.972466 -0.21915
vn -0.079319 -0.972436 -0.219265
vn 0.15552 -0.362921 0.91875
vn 0.155714 -0.362413 0.918918
vn 0.153164 0.296383 0.942708
vn 0.153284 0.296926 0.942517
vn -0.097283 0.975951 -0.195077
vn -0.097296 0.975975 -0.19495
vn -0.212219 0.623425 -0.752532
vn -0.212284 0.623774 -0.752225
vn -0.211824 -0.690658 -0.691463
vn -0.211593 -0.691111 -0.691082
vn -0.107868 -0.971122 -0.212805
vn -0.107789 -0.971171 -0.212621
vn 0.127882 -0.361949 0.923384
vn 0.127633 -0.362723 0.923115
vn 0.128102 0.296383 0.946439
vn 0.127988 0.295585 0.946704
vn -0.11914 0.974534 -0.189972
vn -0.119133 0.9745 -0.190149
vn -0.235119 0.622807 -0.746211
vn -0.235075 0.622304 -0.746645
vn -0.179115 -0.691883 -0.699439
vn -0.178818 -0.692558 -0.698847
vn -0.067243 -0.972759 -0.221854
vn -0.067146 -0.972827 -0.221584
vn 0.152831 -0.362882 0.919217
vn 0.152571 -0.36412 0.91877
vn 0.135017 0.295836 0.945649
vn 0.134963 0.294443 0.946091
vn -0.131054 0.973498 -0.187418
vn -0.131067 0.973432 -0.187753
vn -0.237685 0.622151 -0.745945
vn -0.237661 0.621229 -0.746721
vn -0.165851 -0.692463 -0.702131
vn -0.165855 -0.692451 -0.702142
vn -0.051649 -0.972966 -0.225101
vn -0.051651 -0.972964 -0.225106
vn 0.163768 -0.363855 0.916946
vn 0.163771 -0.363834 0.916954
vn 0.140609 0.294774 0.945165
vn 0.140608 0.294797 0.945158
vn -0.131299 0.973411 -0.187701
vn -0.131298 0.973412 -0.187696
vn -0.23511 0.62142 -0.747369
vn -0.235109 0.621435 -0.747357
vn -0.161913 -0.692399 -0.703113
vn -0.047439 -0.97296 -0.226051
vn 0.167699 -0.363731 0.916284
vn 0.14401 0.294989 0.944586
vn -0.128532 0.973661 -0.188317
vn -0.232114 0.621653 -0.748111
vn 0.145991 -0.705981 -0.693021
vn -0.176151 -0.929853 -0.323023
vn -0.359189 -0.446324 0.819621
vn -0.067209 0.097005 0.993012
vn 0.730639 0.674126 0.108263
vn 0.794661 0.376195 -0.476436
vn -0.118087 -0.516182 -0.848299
vn -0.125537 -0.523625 -0.842649
vn -0.519254 -0.698432 -0.492512
vn -0.520107 -0.69923 -0.490476
vn -0.569862 -0.305041 0.763025
vn -0.585898 -0.31525 0.746552
vn -0.093829 0.11904 0.988446
vn -0.137368 0.10415 0.985029
vn 0.826527 0.538812 0.162893
vn 0.831785 0.533945 0.15178
vn 0.824742 0.339333 -0.452386
vn 0.820731 0.31039 -0.479644
vn -0.141804 -0.501048 -0.853723
vn -0.15346 -0.519935 -0.840308
vn -0.532288 -0.685319 -0.496999
vn -0.53548 -0.692018 -0.484121
vn -0.612252 -0.279697 0.739539
vn -0.619406 -0.283288 0.732177
vn -0.197421 0.199312 0.959844
vn -0.16611 0.212905 0.962849
vn 0.722328 0.68365 0.104231
vn 0.715655 0.688859 0.115373
vn 0.748346 0.422354 -0.511463
vn 0.747676 0.454447 -0.48421
vn 0.091145 -0.651954 -0.75276
vn 0.092174 -0.66431 -0.741752
vn -0.172544 -0.92682 -0.333518
vn -0.172379 -0.928562 -0.328723
vn -0.534179 -0.326941 0.779591
vn -0.546289 -0.344268 0.763576
vn -0.398375 0.320204 0.859515
vn -0.416476 0.300002 0.858223
vn 0.218256 0.967831 -0.125167
vn 0.223058 0.9662 -0.12924
vn 0.37736 0.639015 -0.670268
vn 0.388994 0.621052 -0.680425
vn 0.119973 -0.670113 -0.732499
vn 0.119853 -0.663273 -0.738718
vn -0.114089 -0.945585 -0.304718
vn -0.114033 -0.945463 -0.305116
vn -0.543763 -0.344696 0.765184
vn -0.537057 -0.326011 0.778002
vn -0.504643 0.306349 0.807146
vn -0.477059 0.349714 0.806297
vn 0.04544 0.97673 -0.209602
vn 0.030953 0.979746 -0.197836
vn 0.26772 0.62851 -0.730274
vn 0.239445 0.667763 -0.704812
vn -0.166845 -0.514964 -0.840818
vn -0.144333 -0.485803 -0.862069
vn -0.510061 -0.717657 -0.474138
vn -0.503801 -0.713397 -0.487082
vn -0.667742 -0.258429 0.698094
vn -0.644981 -0.231707 0.728225
vn -0.300645 0.276306 0.912835
vn -0.280338 0.291943 0.914429
vn 0.585741 0.809338 0.043349
vn 0.585961 0.809199 0.042971
vn 0.624818 0.537424 -0.566373
vn 0.625075 0.543886 -0.559883
vn -0.182228 -0.441412 -0.878606
vn -0.182389 -0.441554 -0.878501
vn -0.569773 -0.638226 -0.517714
vn -0.569809 -0.638242 -0.517653
vn -0.664477 -0.207937 0.717797
vn -0.664659 -0.208133 0.717572
vn -0.247951 0.254534 0.934737
vn -0.248272 0.254293 0.934717
vn 0.678889 0.729679 0.081716
vn 0.678925 0.729656 0.081628
vn 0.690449 0.482504 -0.538953
vn 0.690389 0.482297 -0.539215
vn -0.183982 -0.439651 -0.879123
vn -0.573227 -0.633949 -0.519152
vn -0.66374 -0.209268 0.718092
vn -0.242692 0.247938 0.937884
vn 0.690166 0.718453 0.086581
vn 0.698882 0.473625 -0.535951
vn 0.199757 -0.526189 -0.826572
vn -0.121097 -0.986147 -0.113359
vn -0.167937 -0.518883 0.838187
vn 0.140448 0.401376 0.905081
vn 0.49744 0.866833 0.033966
vn 0.514152 0.416365 -0.749859
vn 0.276741 -0.540229 -0.794712
vn 0.272264 -0.505911 -0.81849
vn 0.088234 -0.994268 -0.060383
vn 0.087813 -0.993994 -0.065307
vn -0.108471 -0.528877 0.841738
vn -0.09855 -0.492547 0.864688
vn -0.074258 0.473002 0.877927
vn -0.062396 0.495669 0.866267
vn 0.163459 0.985482 -0.04589
vn 0.162631 0.985692 -0.044295
vn 0.320536 0.483251 -0.814693
vn 0.312425 0.505476 -0.804292
vn 0.145085 -0.515326 -0.844624
vn 0.146228 -0.529488 -0.835619
vn -0.09428 -0.98989 -0.105964
vn -0.094144 -0.990115 -0.103966
vn -0.235939 -0.503993 0.830857
vn -0.241532 -0.517457 0.820914
vn -0.103932 0.495271 0.862499
vn -0.107219 0.491081 0.86449
vn 0.16893 0.984703 -0.042696
vn 0.168754 0.984744 -0.042454
vn 0.283636 0.50511 -0.815116
vn 0.285091 0.501453 -0.816865
vn -0.081675 -0.43192 -0.898206
vn -0.080107 -0.426519 -0.900924
vn -0.479605 -0.855124 -0.196829
vn -0.479593 -0.854977 -0.197499
vn -0.471754 -0.41963 0.775473
vn -0.468178 -0.415668 0.779763
vn -0.019415 0.454359 0.890607
vn -0.015204 0.457646 0.889004
vn 0.433565 0.900971 0.016501
vn 0.433371 0.901058 0.016869
vn 0.384901 0.460831 -0.799679
vn 0.384989 0.465069 -0.797179
vn -0.122173 -0.399237 -0.908671
vn -0.125943 -0.408278 -0.904128
vn -0.541585 -0.813546 -0.211728
vn -0.541702 -0.813814 -0.210393
vn -0.511145 -0.387067 0.767405
vn -0.517008 -0.394155 0.759832
vn -0.020805 0.460887 0.887215
vn -0.025194 0.457102 0.889057
vn 0.448673 0.893465 0.020295
vn 0.44877 0.893422 0.020065
vn 0.382074 0.4667 -0.797628
vn 0.38144 0.462468 -0.800392
vn 0.017513 -0.478399 -0.877968
vn 0.015607 -0.4894 -0.87192
vn -0.269073 -0.951707 -0.14783
vn -0.269143 -0.951812 -0.147021
vn -0.375454 -0.465677 0.801361
vn -0.379003 -0.477124 0.792912
vn -0.146584 0.50738 0.849163
vn -0.157743 0.488178 0.85837
vn 0.180739 0.982728 -0.039729
vn 0.181678 0.982457 -0.042095
vn 0.247409 0.516057 -0.820045
vn 0.248984 0.496833 -0.831362
vn 0.075644 -0.499431 -0.863045
vn 0.075689 -0.499129 -0.863216
vn -0.162564 -0.978948 -0.123425
vn -0.162559 -0.978944 -0.123462
vn -0.318721 -0.487755 0.812719
vn -0.318686 -0.487435 0.812925
vn -0.197124 0.492196 0.847871
vn -0.197019 0.492481 0.84773
vn 0.085068 0.994277 -0.064623
vn 0.08506 0.99428 -0.064597
vn 0.203071 0.501643 -0.840902
vn 0.203042 0.501903 -0.840754
vn 0.085732 -0.500678 -0.861378
vn -0.147104 -0.981822 -0.119941
vn -0.308673 -0.489036 0.815821
vn -0.19792 0.492568 0.847469
vn 0.078207 0.994739 -0.066159
vn 0.201643 0.502038 -0.84101
vn -0.466595 -0.539423 -0.700937
vn -0.04832 -0.996659 -0.065845
vn 0.682384 -0.531442 0.501918
vn 0.87199 0.374609 0.315122
vn 0.349617 0.833225 -0.428374
vn -0.260158 0.392719 -0.882094
vn -0.43745 -0.54233 -0.717297
vn -0.474398 -0.498915 -0.72528
vn 0.060851 -0.984975 -0.161622
vn 0.054582 -0.984975 -0.163843
vn 0.677617 -0.530688 0.509122
vn 0.714501 -0.482682 0.506465
vn 0.720965 0.460082 0.518203
vn 0.720023 0.492521 0.488867
vn 0.08847 0.977048 -0.193781
vn 0.089638 0.97753 -0.190787
vn -0.450199 0.468419 -0.7602
vn -0.449167 0.503163 -0.738293
vn -0.60434 -0.513816 -0.608905
vn -0.592506 -0.530195 -0.606489
vn -0.120933 -0.992661 -0.000467
vn -0.118911 -0.992905 0.000351
vn 0.574761 -0.502195 0.646104
vn 0.559337 -0.517488 0.647572
vn 0.664235 0.494152 0.560898
vn 0.661572 0.484952 0.571964
vn 0.059916 0.984564 -0.164453
vn 0.05985 0.984465 -0.165065
vn -0.511874 0.503974 -0.695698
vn -0.511444 0.494247 -0.702954
vn -0.787566 -0.436159 -0.435322
vn -0.790686 -0.427826 -0.437927
vn -0.413077 -0.870012 0.26916
vn -0.413908 -0.869744 0.268747
vn 0.371672 -0.42188 0.826969
vn 0.38052 -0.416815 0.825512
vn 0.680716 0.476536 0.556363
vn 0.68356 0.481542 0.54851
vn 0.194343 0.936573 -0.291655
vn 0.194576 0.936763 -0.290886
vn -0.486343 0.481842 -0.728903
vn -0.484127 0.489332 -0.725379
vn -0.830595 -0.393468 -0.394074
vn -0.826846 -0.406692 -0.388494
vn -0.473154 -0.819114 0.324311
vn -0.471712 -0.819587 0.325214
vn 0.330361 -0.380093 0.863939
vn 0.316123 -0.388947 0.865324
vn 0.664845 0.49189 0.562161
vn 0.662182 0.485154 0.571087
vn 0.194715 0.936694 -0.291017
vn 0.194402 0.936548 -0.291693
vn -0.496112 0.497536 -0.71157
vn -0.499898 0.489102 -0.714759
vn -0.735427 -0.467729 -0.490283
vn -0.727177 -0.486843 -0.483939
vn -0.283537 -0.947407 0.148416
vn -0.282009 -0.947705 0.149419
vn 0.432766 -0.454649 0.778465
vn 0.41629 -0.472943 0.776548
vn 0.577766 0.51728 0.631354
vn 0.577449 0.492861 0.650877
vn 0.019443 0.991837 -0.126018
vn 0.017976 0.99152 -0.128704
vn -0.576469 0.526026 -0.625284
vn -0.585049 0.501405 -0.637424
vn -0.688449 -0.496641 -0.52857
vn -0.688624 -0.496234 -0.528724
vn -0.206058 -0.975483 0.077283
vn -0.206095 -0.975478 0.077252
vn 0.471194 -0.484491 0.737051
vn 0.471467 -0.484067 0.737155
vn 0.555648 0.494552 0.668336
vn 0.555585 0.49496 0.668086
vn -0.044594 0.996515 -0.070487
vn -0.044572 0.996519 -0.070453
vn -0.611979 0.504001 -0.60948
vn -0.611846 0.504376 -0.609302
vn -0.680479 -0.498049 -0.53749
vn -0.193832 -0.978829 0.065744
vn 0.481221 -0.48598 0.729554
vn 0.55771 0.494802 0.666431
vn -0.046508 0.996557 -0.068636
vn -0.610461 0.50425 -0.610794
vn -0.276357 -0.503709 -0.818477
vn 0.105507 -0.982716 -0.152111
vn 0.555517 -0.491646 0.670586
vn 0.54339 0.486102 0.684421
vn 0.075522 0.988049 -0.134368
vn -0.295237 0.496775 -0.816119
vn -0.343213 -0.508817 -0.7895
vn -0.342645 -0.509922 -0.789033
vn 0.032767 -0.993048 -0.113057
vn 0.032854 -0.993056 -0.112958
vn 0.491203 -0.497441 0.715033
vn 0.490584 -0.498699 0.714581
vn 0.492163 0.488952 0.720209
vn 0.492227 0.487656 0.721044
vn 0.030461 0.993441 -0.110215
vn 0.030421 0.993427 -0.110349
vn -0.34756 0.499146 -0.79376
vn -0.347623 0.497952 -0.794482
vn -0.394213 -0.511204 -0.763719
vn -0.394417 -0.510845 -0.763853
vn -0.017291 -0.996166 -0.085759
vn -0.01732 -0.996163 -0.085788
vn 0.436979 -0.500198 0.747564
vn 0.437206 -0.499792 0.747702
vn 0.433601 0.489598 0.756495
vn 0.433607 0.490056 0.756194
vn -0.029492 0.996538 -0.077728
vn -0.02948 0.996543 -0.077677
vn -0.404006 0.499632 -0.766255
vn -0.404007 0.500049 -0.765983
vn -0.435497 -0.511639 -0.740654
vn -0.435344 -0.511908 -0.740558
vn -0.051264 -0.996429 -0.067094
vn -0.051242 -0.996432 -0.06707
vn 0.390463 -0.500667 0.772574
vn 0.390301 -0.500969 0.772461
vn 0.367587 0.487907 0.791723
vn 0.367591 0.487591 0.791917
vn -0.102353 0.994036 -0.037632
vn -0.102361 0.994034 -0.037665
vn -0.464872 0.498078 -0.731992
vn -0.464872 0.497801 -0.732181
vn -0.454688 -0.512038 -0.728749
vn -0.454889 -0.511642 -0.728903
vn -0.070415 -0.99592 -0.056429
vn -0.070444 -0.995916 -0.056464
vn 0.367863 -0.501064 0.783333
vn 0.36807 -0.500624 0.783518
vn 0.342065 0.485859 0.804321
vn 0.342027 0.48634 0.804047
vn -0.12758 0.991546 -0.023679
vn -0.127565 0.991549 -0.023629
vn -0.487213 0.496255 -0.718578
vn -0.487187 0.496679 -0.718303
vn -0.451562 -0.511663 -0.730953
vn -0.451859 -0.510959 -0.731262
vn -0.074943 -0.995727 -0.053964
vn -0.074992 -0.995719 -0.054033
vn 0.372768 -0.500663 0.781269
vn 0.373086 -0.499887 0.781614
vn 0.364239 0.487704 0.793394
vn 0.364133 0.48847 0.792972
vn -0.097895 0.994388 -0.040103
vn -0.097867 0.994394 -0.040031
vn -0.466947 0.497946 -0.73076
vn -0.46685 0.498627 -0.730357
vn -0.448054 -0.511034 -0.733547
vn -0.44805 -0.511045 -0.733542
vn -0.073467 -0.995787 -0.054878
vn -0.073466 -0.995787 -0.054876
vn 0.377609 -0.49998 0.779379
vn 0.377605 -0.499993 0.779373
vn 0.374037 0.48883 0.788125
vn 0.37404 0.488817 0.788132
vn -0.085848 0.995213 -0.046696
vn -0.085849 0.995213 -0.046698
vn -0.457854 0.498954 -0.735809
vn -0.457856 0.498942 -0.735816
vn -0.445442 -0.51109 -0.735098
vn -0.070977 -0.99589 -0.056254
vn 0.380613 -0.500047 0.777873
vn 0.377646 0.488935 0.786337
vn -0.082184 0.995425 -0.048727
vn -0.454663 0.499045 -0.737723
vn -0.551643 -0.282296 -0.784856
vn 0.273788 -0.953843 -0.123381
vn 0.747836 -0.592158 0.30015
vn 0.678698 0.664225 0.313326
vn 0.228092 0.972101 -0.05472
vn -0.553802 0.355575 -0.752908
vn -0.621096 -0.290674 -0.727838
vn -0.623678 -0.286462 -0.7273
vn 0.226567 -0.971776 -0.065711
vn 0.227237 -0.971638 -0.065438
vn 0.700532 -0.606582 0.375917
vn 0.703265 -0.603109 0.376401
vn 0.609528 0.67374 0.417791
vn 0.608308 0.67627 0.415476
vn 0.144148 0.988431 0.047182
vn 0.143818 0.988506 0.046604
vn -0.638163 0.357763 -0.681729
vn -0.638158 0.361716 -0.679645
vn -0.69296 -0.296303 -0.657275
vn -0.692056 -0.297773 -0.657563
vn 0.154039 -0.987846 0.020776
vn 0.153777 -0.987889 0.020698
vn 0.636464 -0.616672 0.463281
vn 0.635368 -0.617879 0.463177
vn 0.553807 0.674718 0.487907
vn 0.554076 0.673888 0.488748
vn 0.089655 0.989765 0.111027
vn 0.089745 0.989735 0.111218
vn -0.701259 0.357299 -0.616907
vn -0.701184 0.356011 -0.617736
vn -0.760064 -0.299729 -0.576598
vn -0.760596 -0.298677 -0.576443
vn 0.06101 -0.989913 0.127868
vn 0.061182 -0.989896 0.127918
vn 0.551346 -0.619759 0.558495
vn 0.552102 -0.618997 0.558592
vn 0.509405 0.671198 0.538517
vn 0.509235 0.671853 0.53786
vn 0.056053 0.987109 0.149914
vn 0.055976 0.987136 0.149764
vn -0.75025 0.353681 -0.5586
vn -0.750247 0.354643 -0.557994
vn -0.784919 -0.297863 -0.543305
vn -0.784247 -0.299468 -0.543392
vn 0.02892 -0.985964 0.164435
vn 0.028666 -0.985988 0.164338
vn 0.519491 -0.616697 0.591451
vn 0.518433 -0.617859 0.591167
vn 0.484578 0.66958 0.562892
vn 0.484893 0.668631 0.563748
vn 0.034982 0.984217 0.173473
vn 0.035106 0.984179 0.173665
vn -0.771203 0.353409 -0.529479
vn -0.771313 0.352005 -0.530254
vn -0.764959 -0.29966 -0.570124
vn -0.763969 -0.302227 -0.570097
vn 0.069359 -0.990541 0.118401
vn 0.069012 -0.990586 0.11822
vn 0.552449 -0.619742 0.557423
vn 0.551046 -0.621592 0.55675
vn 0.483169 0.668419 0.565476
vn 0.483985 0.666706 0.5668
vn 0.024968 0.982404 0.18509
vn 0.025235 0.982335 0.185421
vn -0.766813 0.35242 -0.536467
vn -0.767114 0.34996 -0.537647
vn -0.754882 -0.301713 -0.582342
vn -0.754897 -0.301668 -0.582346
vn 0.085359 -0.991347 0.099727
vn 0.085364 -0.991346 0.099731
vn 0.565469 -0.621524 0.542174
vn 0.565491 -0.621491 0.542189
vn 0.487115 0.667184 0.563546
vn 0.487099 0.667212 0.563528
vn 0.025267 0.982341 0.185384
vn 0.025263 0.982342 0.185379
vn -0.762937 0.350531 -0.54319
vn -0.76293 0.350572 -0.543173
vn -0.751422 -0.30146 -0.58693
vn 0.090011 -0.991452 0.094452
vn 0.570083 -0.621416 0.537446
vn 0.490292 0.667685 0.560187
vn 0.027958 0.982842 0.182317
vn -0.760012 0.350956 -0.547003
vn 0.058366 -0.322736 -0.944688
vn 0.036416 -0.99149 0.124984
vn 0.135969 -0.634577 0.760805
vn 0.321096 0.625844 0.710786
vn 0.326465 0.937811 0.118032
vn 0.156254 0.316045 -0.935789
vn -0.065584 -0.303475 -0.95058
vn -0.06543 -0.316371 -0.946377
vn -0.189869 -0.971339 0.143004
vn -0.190404 -0.971458 0.141479
vn -0.033705 -0.614559 0.788151
vn -0.039688 -0.622073 0.781953
vn 0.337778 0.62066 0.707593
vn 0.332393 0.612175 0.717466
vn 0.386896 0.915234 0.11251
vn 0.386268 0.915153 0.115288
vn 0.129302 0.322614 -0.937657
vn 0.128104 0.307728 -0.942811
vn -0.118084 -0.298114 -0.947198
vn -0.118503 -0.294586 -0.948249
vn -0.221296 -0.964502 0.144099
vn -0.221309 -0.964503 0.144072
vn -0.08451 -0.608553 0.789
vn -0.083523 -0.607431 0.78997
vn 0.238516 0.647541 0.723741
vn 0.241553 0.651788 0.718905
vn 0.277635 0.9529 0.122065
vn 0.278013 0.952978 0.120593
vn 0.048467 0.338505 -0.939715
vn 0.048266 0.344972 -0.937371
vn -0.130142 -0.293213 -0.947148
vn -0.12909 -0.296932 -0.946133
vn -0.102854 -0.985182 0.137253
vn -0.103072 -0.985228 0.136758
vn -0.037193 -0.613795 0.788589
vn -0.038558 -0.616234 0.786619
vn 0.039641 0.676564 0.735316
vn 0.038483 0.674111 0.737627
vn 0.020242 0.990095 0.138935
vn 0.020088 0.990007 0.139583
vn -0.088179 0.359979 -0.928784
vn -0.087256 0.356265 -0.930302
vn -0.148693 -0.296053 -0.943527
vn -0.149772 -0.291088 -0.9449
vn -0.10409 -0.985113 0.136813
vn -0.103917 -0.985061 0.137316
vn -0.051264 -0.615284 0.786637
vn -0.050068 -0.612292 0.789045
vn -0.012469 0.673543 0.739043
vn -0.010941 0.677963 0.735014
vn -0.040769 0.988848 0.143239
vn -0.040565 0.989036 0.141997
vn -0.127542 0.356444 -0.925571
vn -0.128863 0.362642 -0.922976
vn -0.183172 -0.286876 -0.940293
vn -0.182746 -0.276885 -0.943366
vn -0.256628 -0.955479 0.14561
vn -0.256158 -0.955331 0.147398
vn -0.140724 -0.598145 0.788935
vn -0.137201 -0.590758 0.795098
vn 0.126079 0.669472 0.732059
vn 0.127657 0.67329 0.728274
vn 0.153573 0.979465 0.130626
vn 0.153662 0.979563 0.129786
vn -0.047067 0.356045 -0.933283
vn -0.046647 0.363395 -0.930467
vn -0.188265 -0.275295 -0.942745
vn -0.188288 -0.275435 -0.9427
vn -0.297393 -0.942903 0.149973
vn -0.297397 -0.942905 0.149953
vn -0.159662 -0.58406 0.795853
vn -0.159703 -0.584155 0.795775
vn 0.170701 0.664019 0.727969
vn 0.17067 0.663931 0.728057
vn 0.213274 0.968757 0.126584
vn 0.213273 0.968754 0.126608
vn -0.018785 0.356488 -0.934111
vn -0.01881 0.356348 -0.934164
vn -0.186054 -0.276073 -0.942957
vn -0.298553 -0.942528 0.150022
vn -0.158851 -0.584413 0.795756
vn 0.178346 0.662148 0.727841
vn 0.222575 0.966732 0.126058
vn -0.013109 0.354915 -0.934807
vn 0.371458 -0.328144 -0.868528
vn -0.251891 -0.967201 0.032771
vn -0.38454 -0.628034 0.676537
vn 0.034105 0.581172 0.813066
vn 0.363161 0.880599 0.304399
vn 0.572305 0.284328 -0.769171
vn 0.251002 -0.270389 -0.929456
vn 0.245221 -0.280488 -0.928005
vn -0.538981 -0.837918 -0.085977
vn -0.538903 -0.837928 -0.086377
vn -0.590441 -0.537901 0.601699
vn -0.592701 -0.541663 0.596076
vn 0.136706 0.520727 0.842707
vn 0.120622 0.510267 0.851515
vn 0.52669 0.766261 0.368024
vn 0.524011 0.766251 0.371848
vn 0.59996 0.268506 -0.753626
vn 0.594531 0.250872 -0.763934
vn 0.230064 -0.266043 -0.936105
vn 0.228723 -0.269126 -0.935552
vn -0.523537 -0.848201 -0.080398
vn -0.523082 -0.848132 -0.084005
vn -0.593763 -0.540832 0.595774
vn -0.597285 -0.546756 0.586779
vn 0.053045 0.571588 0.818824
vn 0.069038 0.582123 0.810164
vn 0.432501 0.838421 0.331652
vn 0.435432 0.838485 0.327631
vn 0.54523 0.297429 -0.783748
vn 0.547811 0.311978 -0.776255
vn 0.297016 -0.288698 -0.910184
vn 0.296894 -0.294551 -0.908347
vn -0.211738 -0.975939 0.052061
vn -0.211661 -0.975989 0.051431
vn -0.417058 -0.608012 0.675562
vn -0.417437 -0.611375 0.672285
vn -0.229925 0.676377 0.699749
vn -0.233801 0.671719 0.702944
vn 0.040841 0.984947 0.167961
vn 0.040042 0.984792 0.169059
vn 0.373612 0.362394 -0.853865
vn 0.375305 0.355452 -0.856038
vn 0.296124 -0.294491 -0.908618
vn 0.296276 -0.288571 -0.910465
vn -0.171564 -0.982765 0.068842
vn -0.171502 -0.982798 0.068525
vn -0.400092 -0.613439 0.680896
vn -0.40015 -0.611825 0.682312
vn -0.298617 0.674861 0.674826
vn -0.291185 0.685697 0.667107
vn -0.046995 0.990055 0.132597
vn -0.045089 0.990533 0.12966
vn 0.330985 0.357635 -0.873239
vn 0.327169 0.371604 -0.868833
vn 0.205346 -0.263467 -0.942559
vn 0.213213 -0.24705 -0.945255
vn -0.488782 -0.869717 -0.068441
vn -0.489776 -0.86947 -0.064356
vn -0.594684 -0.549191 0.587146
vn -0.591443 -0.535736 0.602646
vn -0.040261 0.625297 0.779348
vn -0.039836 0.625685 0.779058
vn 0.319768 0.903963 0.283899
vn 0.319348 0.903896 0.284585
vn 0.473429 0.336184 -0.814153
vn 0.474353 0.341626 -0.811345
vn 0.196786 -0.235619 -0.951713
vn 0.196697 -0.235758 -0.951698
vn -0.562179 -0.821609 -0.094411
vn -0.562174 -0.82161 -0.094431
vn -0.633658 -0.506362 0.584873
vn -0.633683 -0.506449 0.58477
vn 0.01732 0.589497 0.807585
vn 0.017209 0.5894 0.807658
vn 0.403173 0.856906 0.321191
vn 0.403157 0.856903 0.321219
vn 0.509222 0.319133 -0.799279
vn 0.509171 0.318979 -0.799373
vn 0.19649 -0.235616 -0.951776
vn -0.567547 -0.817641 -0.096715
vn -0.636166 -0.504643 0.583634
vn 0.024759 0.584419 0.811074
vn 0.413301 0.850419 0.325531
vn 0.514196 0.31567 -0.797468
vn 0.408634 -0.314862 -0.856668
vn -0.116929 -0.975753 0.185021
vn -0.193201 -0.647814 0.736892
vn 0.163737 0.610008 0.775294
vn 0.370634 0.858068 0.355458
vn 0.561649 0.278763 -0.779
vn 0.406422 -0.31443 -0.857878
vn 0.395095 -0.272627 -0.877254
vn 0.034578 -0.973999 0.223898
vn 0.035294 -0.971149 0.235849
vn -0.13307 -0.653427 0.745202
vn -0.125096 -0.625229 0.770351
vn -0.082056 0.689621 0.719507
vn -0.072456 0.702138 0.708345
vn 0.069067 0.960904 0.268129
vn 0.072325 0.961858 0.263814
vn 0.409971 0.326986 -0.851472
vn 0.399526 0.356656 -0.844497
vn 0.277651 -0.283177 -0.917998
vn 0.280514 -0.297711 -0.912513
vn -0.149534 -0.973152 0.174972
vn -0.149993 -0.973919 0.170244
vn -0.272662 -0.635599 0.722267
vn -0.276984 -0.64626 0.711075
vn -0.106466 0.703887 0.702288
vn -0.107965 0.702549 0.703398
vn 0.061385 0.963388 0.26099
vn 0.061532 0.963417 0.260849
vn 0.344888 0.354778 -0.869014
vn 0.348499 0.346513 -0.870906
vn 0.122712 -0.235579 -0.964077
vn 0.123704 -0.228325 -0.965694
vn -0.50445 -0.860997 0.064913
vn -0.504215 -0.860989 0.066813
vn -0.536004 -0.552021 0.638727
vn -0.533422 -0.548744 0.643693
vn 0.019587 0.659349 0.751582
vn 0.022946 0.661319 0.749754
vn 0.269753 0.903974 0.331761
vn 0.270633 0.904073 0.330771
vn 0.368917 0.338903 -0.865474
vn 0.3684 0.345101 -0.863242
vn 0.082829 -0.205415 -0.975164
vn 0.079783 -0.216614 -0.972992
vn -0.569756 -0.82056 0.045367
vn -0.569991 -0.820591 0.041715
vn -0.583698 -0.518252 0.625069
vn -0.587581 -0.524248 0.616371
vn 0.021219 0.662142 0.749078
vn 0.018 0.660022 0.751031
vn 0.279695 0.900171 0.33386
vn 0.279095 0.900053 0.334681
vn 0.354047 0.352196 -0.866377
vn 0.353752 0.344962 -0.869403
vn 0.15682 -0.249177 -0.955677
vn 0.155188 -0.267801 -0.950894
vn -0.327646 -0.936964 0.121436
vn -0.327585 -0.937369 0.118437
vn -0.426628 -0.599513 0.67718
vn -0.428274 -0.608423 0.668134
vn -0.138792 0.71179 0.688543
vn -0.148966 0.699684 0.698749
vn 0.052834 0.964926 0.257151
vn 0.049678 0.9636 0.262691
vn 0.274182 0.373271 -0.88628
vn 0.27703 0.351944 -0.894086
vn 0.190412 -0.272344 -0.943171
vn 0.190447 -0.271967 -0.943273
vn -0.23443 -0.96039 0.150646
vn -0.234443 -0.960372 0.15074
vn -0.36388 -0.620429 0.694737
vn -0.363884 -0.620182 0.694956
vn -0.199065 0.703874 0.681861
vn -0.198967 0.704038 0.68172
vn -0.028359 0.970856 0.237982
vn -0.028329 0.970873 0.237915
vn 0.252027 0.35407 -0.90062
vn 0.251981 0.354396 -0.900505
vn 0.198329 -0.272982 -0.941354
vn -0.220193 -0.962992 0.155443
vn -0.353057 -0.621907 0.698987
vn -0.201036 0.704176 0.680971
vn -0.032992 0.971101 0.236379
vn 0.253641 0.354254 -0.900095
vn 0.143205 -0.30053 -0.94296
vn -0.209028 -0.958872 0.192022
vn -0.161516 -0.632612 0.75744
vn 0.265361 0.62382 0.735141
vn 0.401842 0.872453 0.278118
vn 0.340248 0.293248 -0.893441
vn 0.176058 -0.308369 -0.934833
vn 0.170342 -0.276934 -0.94567
vn 0.01519 -0.978012 0.207995
vn 0.01632 -0.975921 0.217514
vn -0.039253 -0.653251 0.756123
vn -0.03332 -0.630918 0.775133
vn 0.022888 0.6981 0.715634
vn 0.025816 0.705065 0.708673
vn 0.087623 0.965649 0.244631
vn 0.088393 0.966129 0.242449
vn 0.195307 0.337816 -0.920725
vn 0.191773 0.356854 -0.914264
vn 0.082813 -0.284626 -0.955055
vn 0.083986 -0.296707 -0.951268
vn -0.139627 -0.970636 0.195883
vn -0.140373 -0.971423 0.191397
vn -0.152395 -0.636726 0.755881
vn -0.156346 -0.646697 0.746551
vn 0.031938 0.704873 0.708614
vn 0.032808 0.706186 0.707266
vn 0.11687 0.962665 0.244168
vn 0.11763 0.962989 0.242521
vn 0.168121 0.355643 -0.919377
vn 0.168734 0.35241 -0.920509
vn -0.058211 -0.234506 -0.97037
vn -0.056808 -0.229855 -0.971565
vn -0.514846 -0.84276 0.157126
vn -0.514571 -0.842672 0.158493
vn -0.416284 -0.542639 0.729555
vn -0.41414 -0.540094 0.732657
vn 0.223743 0.633717 0.740501
vn 0.225096 0.634844 0.739124
vn 0.403511 0.870388 0.282141
vn 0.40376 0.870456 0.281576
vn 0.238109 0.323074 -0.91593
vn 0.238833 0.326548 -0.914508
vn -0.085118 -0.212174 -0.973518
vn -0.088286 -0.219671 -0.971571
vn -0.570105 -0.807377 0.152063
vn -0.570575 -0.807584 0.149172
vn -0.455009 -0.514056 0.727126
vn -0.458887 -0.518981 0.721167
vn 0.235977 0.628789 0.740905
vn 0.235256 0.628157 0.741669
vn 0.425475 0.859115 0.284415
vn 0.425482 0.859118 0.284397
vn 0.236095 0.328143 -0.914648
vn 0.234955 0.324565 -0.916217
vn -0.006114 -0.258053 -0.966111
vn -0.00775 -0.26932 -0.96302
vn -0.296243 -0.937832 0.18086
vn -0.29632 -0.937981 0.179961
vn -0.27876 -0.605131 0.745727
vn -0.280097 -0.609559 0.741609
vn 0.044437 0.703539 0.709266
vn 0.038658 0.693352 0.719561
vn 0.157494 0.955666 0.248795
vn 0.156012 0.954493 0.25417
vn 0.140465 0.364675 -0.920479
vn 0.13958 0.348305 -0.926931
vn 0.027876 -0.274148 -0.961283
vn 0.027903 -0.273872 -0.961361
vn -0.191976 -0.962 0.194167
vn -0.191976 -0.961985 0.19424
vn -0.209153 -0.622069 0.75451
vn -0.209131 -0.62188 0.754672
vn -0.027622 0.701312 0.712319
vn -0.027584 0.701419 0.712215
vn 0.059743 0.967947 0.243944
vn 0.059752 0.967958 0.243899
vn 0.107369 0.351852 -0.929877
vn 0.107369 0.352074 -0.929793
vn 0.03441 -0.274757 -0.960898
vn -0.177486 -0.96441 0.195992
vn -0.19866 -0.623472 0.756185
vn -0.032781 0.701928 0.711493
vn 0.051404 0.96869 0.242893
vn 0.106466 0.352174 -0.92986
vn -0.578156 -0.272453 -0.769094
vn 0.29041 -0.956902 0.000695
vn 0.679553 -0.61896 0.393823
vn 0.584611 0.701306 0.407921
vn 0.232523 0.967994 0.094455
vn -0.585726 0.351744 -0.730207
vn -0.639243 -0.278058 -0.716974
vn -0.637671 -0.281746 -0.716934
vn 0.217469 -0.972638 0.081742
vn 0.216755 -0.972834 0.081312
vn 0.621498 -0.629028 0.466973
vn 0.619616 -0.631445 0.466213
vn 0.564159 0.702705 0.43351
vn 0.565283 0.700671 0.435334
vn 0.218484 0.969599 0.110195
vn 0.219016 0.969384 0.111026
vn -0.625191 0.351899 -0.696637
vn -0.625573 0.348209 -0.698147
vn -0.680816 -0.281981 -0.676
vn -0.681359 -0.280797 -0.675946
vn 0.181946 -0.976026 0.11945
vn 0.18215 -0.975976 0.11955
vn 0.583921 -0.633076 0.508184
vn 0.584499 -0.632382 0.508384
vn 0.520246 0.702865 0.485103
vn 0.519868 0.703668 0.484343
vn 0.17075 0.971781 0.162745
vn 0.170545 0.971874 0.162403
vn -0.673203 0.349995 -0.651384
vn -0.673134 0.351311 -0.650746
vn -0.712267 -0.283409 -0.642148
vn -0.711858 -0.284295 -0.64221
vn 0.176535 -0.976269 0.125437
vn 0.176345 -0.976316 0.125341
vn 0.566288 -0.633643 0.527081
vn 0.565831 -0.63423 0.526866
vn 0.454061 0.697732 0.554074
vn 0.454296 0.697237 0.554505
vn 0.094906 0.965439 0.242735
vn 0.095028 0.96538 0.242922
vn -0.727158 0.34625 -0.59275
vn -0.72718 0.345414 -0.59321
vn -0.726719 -0.28588 -0.624621
vn -0.727244 -0.284588 -0.6246
vn 0.163965 -0.976748 0.138124
vn 0.164209 -0.976687 0.138267
vn 0.551253 -0.635192 0.540973
vn 0.551836 -0.634376 0.541336
vn 0.433579 0.693784 0.575042
vn 0.43316 0.694573 0.574404
vn 0.073227 0.961313 0.265547
vn 0.073008 0.961409 0.26526
vn -0.745317 0.342532 -0.571992
vn -0.745228 0.343831 -0.571328
vn -0.726855 -0.284561 -0.625065
vn -0.727619 -0.282191 -0.625251
vn 0.140459 -0.97662 0.162742
vn 0.140956 -0.976491 0.163083
vn 0.53927 -0.634768 0.553405
vn 0.540381 -0.633156 0.554168
vn 0.467342 0.699384 0.54079
vn 0.466715 0.70046 0.539938
vn 0.115654 0.968363 0.221126
vn 0.115355 0.968479 0.220774
vn -0.724727 0.34648 -0.595586
vn -0.724424 0.34852 -0.594764
vn -0.725266 -0.28218 -0.627984
vn -0.725255 -0.282219 -0.627978
vn 0.136032 -0.97632 0.168212
vn 0.136025 -0.976322 0.168206
vn 0.538967 -0.633134 0.555568
vn 0.538951 -0.633159 0.555555
vn 0.479316 0.7014 0.527536
vn 0.479329 0.701379 0.527552
vn 0.130561 0.970002 0.205062
vn 0.130568 0.97 0.205068
vn -0.715829 0.348977 -0.604817
vn -0.715836 0.348941 -0.60483
vn -0.723236 -0.282204 -0.63031
vn 0.137412 -0.976375 0.166763
vn 0.540732 -0.633185 0.553791
vn 0.482467 0.701583 0.524411
vn 0.13394 0.970275 0.20156
vn -0.71318 0.349072 -0.607885
vn -0.286126 -0.472934 -0.833346
vn -0.101751 -0.983605 0.148889
vn 0.236115 -0.533009 0.812497
vn 0.481539 0.498246 0.72102
vn 0.361264 0.932463 -0.000539
vn -0.066445 0.430491 -0.900146
vn -0.428101 -0.430992 -0.79434
vn -0.428921 -0.437981 -0.790063
vn -0.342107 -0.911152 0.229705
vn -0.342306 -0.911171 0.229334
vn 0.091254 -0.48863 0.867706
vn 0.087075 -0.493218 0.865537
vn 0.541679 0.473513 0.694528
vn 0.537432 0.46346 0.704536
vn 0.501552 0.863694 -0.049782
vn 0.501902 0.863631 -0.04728
vn -0.021533 0.413483 -0.910257
vn -0.027781 0.400141 -0.916032
vn -0.442079 -0.430459 -0.786938
vn -0.442104 -0.432578 -0.785761
vn -0.327964 -0.917681 0.22428
vn -0.328666 -0.917712 0.223122
vn 0.081364 -0.48982 0.868018
vn 0.079064 -0.492363 0.866792
vn 0.477746 0.500024 0.722312
vn 0.480818 0.507697 0.714883
vn 0.414682 0.909762 -0.019264
vn 0.414418 0.909834 -0.021462
vn -0.085806 0.436995 -0.895362
vn -0.082375 0.44644 -0.891014
vn -0.352728 -0.451497 -0.819593
vn -0.351911 -0.454456 -0.818308
vn -0.08417 -0.985939 0.144358
vn -0.084321 -0.985964 0.144101
vn 0.19443 -0.516754 0.833764
vn 0.19329 -0.519014 0.832625
vn 0.287298 0.548054 0.785555
vn 0.286999 0.544825 0.787907
vn 0.098773 0.991362 0.086289
vn 0.098855 0.9913 0.086907
vn -0.26258 0.482264 -0.835747
vn -0.262793 0.47839 -0.837904
vn -0.349379 -0.454632 -0.819295
vn -0.350095 -0.451947 -0.820474
vn -0.057 -0.989171 0.13525
vn -0.057032 -0.989177 0.135189
vn 0.200533 -0.519525 0.83059
vn 0.201204 -0.517843 0.831478
vn 0.244869 0.546061 0.80116
vn 0.244882 0.552788 0.796529
vn 0.035022 0.993522 0.10811
vn 0.034759 0.993689 0.106647
vn -0.302949 0.479541 -0.823567
vn -0.302508 0.487188 -0.81923
vn -0.456265 -0.429883 -0.779117
vn -0.455677 -0.419067 -0.785329
vn -0.30338 -0.928256 0.215177
vn -0.302497 -0.928114 0.217025
vn 0.072141 -0.491508 0.86788
vn 0.0781 -0.482325 0.872504
vn 0.401925 0.527765 0.748279
vn 0.402366 0.529804 0.746598
vn 0.310571 0.950424 0.015479
vn 0.310597 0.950414 0.015602
vn -0.163118 0.464746 -0.870289
vn -0.161731 0.468268 -0.868659
vn -0.48027 -0.407354 -0.776791
vn -0.480287 -0.407451 -0.776729
vn -0.365239 -0.899966 0.238035
vn -0.365244 -0.899967 0.238024
vn 0.047453 -0.46792 0.882496
vn 0.047401 -0.467996 0.882459
vn 0.445033 0.511861 0.734809
vn 0.445009 0.511768 0.734887
vn 0.384117 0.923249 -0.008096
vn 0.384122 0.923247 -0.008078
vn -0.124129 0.451706 -0.88349
vn -0.124189 0.451592 -0.883539
vn -0.481337 -0.406944 -0.776345
vn -0.370185 -0.897514 0.239649
vn 0.045692 -0.467184 0.882979
vn 0.451009 0.509137 0.733055
vn 0.39342 0.919291 -0.011138
vn -0.118597 0.449091 -0.88558
vn -0.588222 -0.450345 -0.671702
vn 0.170347 -0.985123 -0.022674
vn 0.693827 -0.515565 0.502789
vn 0.633525 0.547909 0.546299
vn 0.081149 0.993545 0.079261
vn -0.622531 0.481825 -0.616685
vn -0.589285 -0.45051 -0.67066
vn -0.590681 -0.44803 -0.671093
vn 0.19287 -0.980066 -0.047662
vn 0.193174 -0.980018 -0.047424
vn 0.696883 -0.515025 0.499103
vn 0.697839 -0.512809 0.500048
vn 0.592437 0.543994 0.594213
vn 0.591677 0.545517 0.593574
vn 0.018888 0.988835 0.147815
vn 0.018742 0.988861 0.147657
vn -0.665589 0.478036 -0.573126
vn -0.665139 0.479889 -0.572099
vn -0.61545 -0.454024 -0.64427
vn -0.614819 -0.455141 -0.644084
vn 0.162388 -0.986629 -0.013898
vn 0.162214 -0.986656 -0.014026
vn 0.673925 -0.518564 0.526229
vn 0.673438 -0.519617 0.525814
vn 0.581741 0.543394 0.605227
vn 0.581839 0.543183 0.605323
vn 0.01352 0.988065 0.153443
vn 0.013508 0.988067 0.15343
vn -0.678287 0.47723 -0.558729
vn -0.678367 0.476889 -0.558923
vn -0.660724 -0.458462 -0.594353
vn -0.661013 -0.457869 -0.594489
vn 0.086121 -0.993861 0.069458
vn 0.086191 -0.993851 0.069508
vn 0.62579 -0.523191 0.578496
vn 0.626058 -0.522679 0.578669
vn 0.597348 0.544453 0.588852
vn 0.597184 0.544856 0.588645
vn 0.054815 0.992577 0.108563
vn 0.054775 0.992584 0.108517
vn -0.668755 0.477677 -0.569729
vn -0.66861 0.478167 -0.569488
vn -0.672555 -0.45788 -0.581391
vn -0.672095 -0.458889 -0.581127
vn 0.070092 -0.993736 0.087045
vn 0.06996 -0.993754 0.086945
vn 0.614167 -0.522691 0.591264
vn 0.613711 -0.523581 0.59095
vn 0.594696 0.544766 0.591243
vn 0.594895 0.544287 0.591483
vn 0.055978 0.992659 0.107211
vn 0.056016 0.992653 0.107251
vn -0.672138 0.478037 -0.565431
vn -0.672338 0.477423 -0.565711
vn -0.644243 -0.457482 -0.612912
vn -0.643705 -0.458584 -0.612654
vn 0.126697 -0.991621 0.025195
vn 0.126617 -0.991633 0.025129
vn 0.646019 -0.522027 0.556909
vn 0.645635 -0.522912 0.556524
vn 0.569761 0.542106 0.617652
vn 0.570449 0.540715 0.618236
vn 0.008009 0.987193 0.159328
vn 0.008197 0.987161 0.159515
vn -0.692432 0.475611 -0.542523
vn -0.692907 0.474033 -0.543299
vn -0.634479 -0.457125 -0.623276
vn -0.634491 -0.457101 -0.623282
vn 0.144464 -0.989493 0.005777
vn 0.144467 -0.989493 0.005779
vn 0.656259 -0.521344 0.545458
vn 0.656268 -0.521323 0.545468
vn 0.564109 0.539564 0.625021
vn 0.5641 0.539582 0.625014
vn -0.005041 0.984739 0.173963
vn -0.005043 0.98474 0.173961
vn -0.697953 0.473088 -0.537632
vn -0.697947 0.473109 -0.537622
vn -0.632664 -0.456808 -0.62535
vn 0.147215 -0.989101 0.002788
vn 0.658186 -0.521027 0.543435
vn 0.564132 0.539588 0.62498
vn -0.005754 0.984599 0.174734
vn -0.697714 0.473153 -0.537885
vn -0.026045 -0.464585 -0.885146
vn -0.304485 -0.948505 0.087334
vn -0.181384 -0.520561 0.834336
vn 0.230112 0.462954 0.855992
vn 0.457994 0.876745 0.14683
vn 0.333962 0.39723 -0.854797
vn -0.192951 -0.38173 -0.903909
vn -0.195566 -0.385706 -0.901657
vn -0.604266 -0.794049 0.065946
vn -0.604231 -0.794041 0.066366
vn -0.361464 -0.431059 0.82676
vn -0.36333 -0.432929 0.824963
vn 0.32847 0.405141 0.853211
vn 0.316108 0.394216 0.862942
vn 0.655643 0.738498 0.157334
vn 0.654822 0.738486 0.160766
vn 0.408766 0.353286 -0.841487
vn 0.400305 0.338474 -0.851582
vn -0.196755 -0.384592 -0.901874
vn -0.201734 -0.394543 -0.896459
vn -0.57513 -0.815247 0.067812
vn -0.575644 -0.815211 0.063762
vn -0.357192 -0.438479 0.824712
vn -0.365544 -0.447303 0.81627
vn 0.262379 0.445733 0.85585
vn 0.2765 0.459239 0.844184
vn 0.566965 0.809404 0.15302
vn 0.568143 0.809432 0.148433
vn 0.349136 0.38817 -0.852894
vn 0.356381 0.405217 -0.841898
vn -0.037634 -0.447107 -0.893689
vn -0.037577 -0.451071 -0.891697
vn -0.190689 -0.976886 0.096604
vn -0.190727 -0.976907 0.096317
vn -0.169135 -0.51233 0.841969
vn -0.170057 -0.515163 0.840052
vn 0.000709 0.547798 0.836611
vn -0.001487 0.542541 0.840028
vn 0.121038 0.985199 0.121378
vn 0.120767 0.985103 0.122423
vn 0.10911 0.482884 -0.86886
vn 0.109649 0.476533 -0.872292
vn -0.020341 -0.452675 -0.891443
vn -0.020389 -0.45135 -0.892114
vn -0.132874 -0.985967 0.101058
vn -0.132946 -0.98605 0.100151
vn -0.146079 -0.517524 0.843107
vn -0.146123 -0.517753 0.842959
vn -0.061597 0.546182 0.835399
vn -0.057845 0.559163 0.827038
vn 0.023276 0.99302 0.115628
vn 0.023931 0.993355 0.112576
vn 0.053346 0.479818 -0.875745
vn 0.051552 0.494452 -0.867675
vn -0.197705 -0.397705 -0.895959
vn -0.189646 -0.381387 -0.904753
vn -0.52104 -0.85071 0.06935
vn -0.520849 -0.850517 0.073063
vn -0.351187 -0.454608 0.818535
vn -0.34247 -0.440663 0.829777
vn 0.185942 0.494595 0.849
vn 0.184912 0.493219 0.850025
vn 0.454887 0.878831 0.143992
vn 0.454608 0.87874 0.145426
vn 0.271992 0.436699 -0.857505
vn 0.272067 0.436886 -0.857386
vn -0.222401 -0.357426 -0.907075
vn -0.222462 -0.357515 -0.907025
vn -0.602963 -0.794902 0.067575
vn -0.602963 -0.794903 0.067564
vn -0.382645 -0.411524 0.827183
vn -0.382693 -0.411591 0.827127
vn 0.236157 0.458175 0.856916
vn 0.236078 0.458082 0.856988
vn 0.546333 0.823457 0.153096
vn 0.546329 0.823456 0.153118
vn 0.318419 0.405139 -0.857013
vn 0.318351 0.405023 -0.857093
vn -0.224593 -0.355941 -0.907118
vn -0.609687 -0.7898 0.067059
vn -0.38551 -0.409501 0.826856
vn 0.242461 0.453587 0.857596
vn 0.556745 0.816303 0.153898
vn 0.324318 0.400831 -0.856827
vn -0.398847 -0.655764 -0.64101
vn -0.063565 -0.993711 -0.092186
vn 0.50412 -0.370437 0.780154
vn 0.528786 0.319463 0.786339
vn -0.016576 0.99344 -0.113145
vn -0.391813 0.607656 -0.690824
vn -0.394892 -0.655796 -0.643422
vn -0.394991 -0.655596 -0.643565
vn -0.053253 -0.993696 -0.098653
vn -0.053276 -0.993691 -0.098687
vn 0.50329 -0.370423 0.780695
vn 0.503355 -0.370155 0.780781
vn 0.515378 0.319848 0.795036
vn 0.515344 0.32008 0.794965
vn -0.042941 0.9944 -0.096567
vn -0.042929 0.994402 -0.096547
vn -0.411373 0.608297 -0.678783
vn -0.411312 0.60846 -0.678674
vn -0.405804 -0.655665 -0.636731
vn -0.405754 -0.655764 -0.63666
vn -0.065655 -0.993696 -0.090872
vn -0.065642 -0.993699 -0.090852
vn 0.494443 -0.37023 0.78642
vn 0.494413 -0.370347 0.786383
vn 0.509963 0.320061 0.798435
vn 0.509971 0.320008 0.798452
vn -0.045343 0.994441 -0.095032
vn -0.045343 0.994441 -0.095031
vn -0.415875 0.608475 -0.675874
vn -0.415884 0.608454 -0.675888
vn -0.429098 -0.65495 -0.622026
vn -0.429119 -0.654905 -0.622058
vn -0.097074 -0.992737 -0.071067
vn -0.097079 -0.992736 -0.071074
vn 0.478543 -0.36976 0.796413
vn 0.47856 -0.369699 0.796431
vn 0.510969 0.319972 0.797828
vn 0.510962 0.320029 0.797809
vn -0.028259 0.993983 -0.105824
vn -0.028256 0.993984 -0.105818
vn -0.408415 0.608206 -0.680648
vn -0.408398 0.608248 -0.680621
vn -0.434397 -0.654607 -0.6187
vn -0.43436 -0.654688 -0.61864
vn -0.10347 -0.992371 -0.067041
vn -0.10346 -0.992373 -0.067026
vn 0.474418 -0.369474 0.79901
vn 0.47439 -0.369577 0.798979
vn 0.509203 0.320115 0.798899
vn 0.509212 0.320039 0.798923
vn -0.027854 0.993968 -0.106072
vn -0.027857 0.993968 -0.106077
vn -0.409386 0.608293 -0.679988
vn -0.409406 0.608243 -0.68002
vn -0.418377 -0.655388 -0.62883
vn -0.418343 -0.655459 -0.628778
vn -0.080089 -0.993427 -0.08178
vn -0.080083 -0.993428 -0.081772
vn 0.484134 -0.36998 0.792925
vn 0.484104 -0.370099 0.792887
vn 0.503816 0.320227 0.802262
vn 0.503843 0.32005 0.802316
vn -0.047846 0.994474 -0.093444
vn -0.04786 0.994471 -0.093467
vn -0.420884 0.608602 -0.672652
vn -0.420944 0.608453 -0.672749
vn -0.413169 -0.655551 -0.632095
vn -0.41317 -0.655549 -0.632096
vn -0.072706 -0.993601 -0.086435
vn -0.072706 -0.993601 -0.086436
vn 0.487406 -0.370144 0.790841
vn 0.487406 -0.370141 0.790842
vn 0.502624 0.32006 0.803076
vn 0.502624 0.320063 0.803075
vn -0.053424 0.994512 -0.089958
vn -0.053424 0.994512 -0.089958
vn -0.423965 0.608474 -0.67083
vn -0.423964 0.608476 -0.670829
vn -0.412281 -0.655563 -0.632662
vn -0.071582 -0.993621 -0.087146
vn 0.488069 -0.37015 0.790429
vn 0.502789 0.320061 0.802972
vn -0.053719 0.994513 -0.089771
vn -0.423974 0.608476 -0.670823
vn 0.108364 -0.62938 -0.769505
vn -0.228686 -0.950242 -0.211527
vn -0.433172 -0.357567 0.82735
vn -0.238367 0.298946 0.92402
vn 0.347694 0.937235 0.026431
vn 0.490963 0.572125 -0.656984
vn 0.260248 -0.66528 -0.699767
vn 0.26274 -0.65771 -0.705964
vn 0.010105 -0.993487 -0.113499
vn 0.010776 -0.993267 -0.115347
vn -0.347635 -0.379627 0.857341
vn -0.348249 -0.371699 0.86056
vn -0.325378 0.323229 0.888623
vn -0.325433 0.322965 0.8887
vn 0.092175 0.993011 -0.073702
vn 0.092548 0.992912 -0.074563
vn 0.330077 0.613923 -0.717041
vn 0.330786 0.611479 -0.718801
vn 0.201068 -0.658692 -0.725049
vn 0.198649 -0.664785 -0.720138
vn -0.074615 -0.986227 -0.147609
vn -0.075191 -0.986417 -0.146039
vn -0.384924 -0.374258 0.843661
vn -0.384955 -0.379975 0.841088
vn -0.309004 0.324075 0.894143
vn -0.30812 0.327096 0.893348
vn 0.157321 0.986412 -0.047338
vn 0.156786 0.986556 -0.046111
vn 0.366815 0.612102 -0.700556
vn 0.365747 0.616771 -0.69701
vn -0.004539 -0.581718 -0.813378
vn -0.003803 -0.580762 -0.814064
vn -0.385241 -0.881313 -0.273637
vn -0.385139 -0.881282 -0.27388
vn -0.506095 -0.327938 0.7977
vn -0.505743 -0.326944 0.798331
vn -0.219305 0.287596 0.932306
vn -0.219212 0.287736 0.932284
vn 0.456018 0.887254 0.069488
vn 0.456052 0.887243 0.0694
vn 0.547355 0.544675 -0.635399
vn 0.547339 0.544536 -0.635532
vn -0.029015 -0.565232 -0.824422
vn -0.031185 -0.567808 -0.82257
vn -0.42237 -0.859169 -0.288846
vn -0.422688 -0.859256 -0.288121
vn -0.521018 -0.31745 0.792316
vn -0.521973 -0.319883 0.790708
vn -0.21082 0.282519 0.935809
vn -0.210322 0.283223 0.935708
vn 0.488012 0.868979 0.081979
vn 0.487834 0.869033 0.08246
vn 0.565771 0.533538 -0.628681
vn 0.566009 0.534976 -0.627243
vn 0.135083 -0.643098 -0.753775
vn 0.136438 -0.64045 -0.755784
vn -0.169844 -0.967697 -0.186322
vn -0.169492 -0.967591 -0.187189
vn -0.427009 -0.363562 0.827941
vn -0.426892 -0.362062 0.828658
vn -0.290051 0.319838 0.901983
vn -0.291855 0.314816 0.903167
vn 0.234791 0.971898 -0.016942
vn 0.235289 0.971755 -0.018197
vn 0.410496 0.602562 -0.684406
vn 0.41109 0.596995 -0.688913
vn 0.19823 -0.64987 -0.73374
vn 0.19825 -0.649824 -0.733775
vn -0.078374 -0.985317 -0.151683
vn -0.07837 -0.985316 -0.151693
vn -0.392381 -0.366679 0.843554
vn -0.392382 -0.366626 0.843577
vn -0.320447 0.318361 0.892166
vn -0.320442 0.318382 0.89216
vn 0.145768 0.987818 -0.054481
vn 0.145769 0.987817 -0.054482
vn 0.356713 0.604685 -0.712118
vn 0.356712 0.604692 -0.712113
vn 0.205555 -0.650786 -0.730907
vn -0.067589 -0.986764 -0.147405
vn -0.388089 -0.367184 0.845318
vn -0.323285 0.318738 0.891007
vn 0.135946 0.988994 -0.05839
vn 0.350897 0.605403 -0.714394
vn -0.177533 -0.635755 -0.751197
vn -0.267988 -0.957599 -0.105764
vn -0.053422 -0.362964 0.93027
vn 0.159756 0.2944 0.942235
vn 0.344562 0.932068 -0.111925
vn 0.211746 0.567125 -0.795948
vn -0.021586 -0.666762 -0.744958
vn -0.022155 -0.657143 -0.75344
vn -0.022186 -0.993849 -0.108496
vn -0.022391 -0.993587 -0.110831
vn 0.027138 -0.38171 0.923883
vn 0.028427 -0.370786 0.928283
vn 0.059201 0.320412 0.945427
vn 0.05956 0.323588 0.944322
vn 0.067115 0.99226 -0.104479
vn 0.067133 0.992208 -0.104955
vn 0.034677 0.611357 -0.790595
vn 0.034668 0.611648 -0.79037
vn -0.094767 -0.658579 -0.74652
vn -0.094731 -0.665223 -0.740611
vn -0.12189 -0.986774 -0.106864
vn -0.121737 -0.986979 -0.105134
vn -0.020282 -0.373943 0.92723
vn -0.021712 -0.380449 0.924547
vn 0.067445 0.324067 0.943627
vn 0.067824 0.32588 0.942975
vn 0.126015 0.986436 -0.105188
vn 0.125952 0.98657 -0.104002
vn 0.064454 0.611958 -0.78826
vn 0.064561 0.615707 -0.785326
vn -0.322517 -0.582037 -0.746469
vn -0.322038 -0.580708 -0.74771
vn -0.458685 -0.88284 -0.101002
vn -0.458696 -0.882797 -0.101332
vn -0.155355 -0.327353 0.932044
vn -0.154471 -0.32591 0.932696
vn 0.155783 0.290843 0.944003
vn 0.156174 0.291507 0.943734
vn 0.434087 0.893585 -0.114345
vn 0.434087 0.893583 -0.114359
vn 0.244932 0.549286 -0.798933
vn 0.245055 0.549585 -0.798689
vn -0.351893 -0.563864 -0.747147
vn -0.353247 -0.566973 -0.744149
vn -0.501325 -0.85941 -0.100438
vn -0.501315 -0.859519 -0.099554
vn -0.173431 -0.315112 0.933074
vn -0.175414 -0.318175 0.931662
vn 0.162583 0.287931 0.943749
vn 0.162535 0.287853 0.943781
vn 0.465348 0.877594 -0.115238
vn 0.465357 0.87764 -0.11485
vn 0.261721 0.540548 -0.799569
vn 0.262122 0.541364 -0.798885
vn -0.175016 -0.641155 -0.747188
vn -0.174827 -0.639812 -0.748383
vn -0.231844 -0.96706 -0.105091
vn -0.231867 -0.966981 -0.105764
vn -0.073801 -0.36114 0.929586
vn -0.073888 -0.361454 0.929458
vn 0.078034 0.322592 0.943316
vn 0.076343 0.315895 0.945718
vn 0.197715 0.974385 -0.107154
vn 0.19771 0.974216 -0.108691
vn 0.099544 0.605414 -0.789661
vn 0.098241 0.598569 -0.795025
vn -0.10967 -0.649303 -0.752581
vn -0.109665 -0.649236 -0.75264
vn -0.135258 -0.98482 -0.108791
vn -0.135258 -0.984818 -0.108806
vn -0.036015 -0.366105 0.929876
vn -0.036001 -0.366021 0.92991
vn 0.047326 0.319117 0.946533
vn 0.047334 0.319173 0.946514
vn 0.103521 0.988856 -0.106989
vn 0.103521 0.988857 -0.106985
vn 0.041069 0.605588 -0.794718
vn 0.041072 0.605622 -0.794692
vn -0.101478 -0.650254 -0.752909
vn -0.123413 -0.986341 -0.109095
vn -0.030986 -0.366624 0.929853
vn 0.044817 0.319453 0.946542
vn 0.093689 0.989862 -0.106746
vn 0.035487 0.606221 -0.794504
vn -0.491889 -0.085935 0.866407
vn -0.011858 -0.038666 0.999182
vn -0.011832 -0.038682 0.999182
vn -0.491942 -0.085972 0.866373
vn -0.491889 -0.085935 0.866407
vn -0.011806 -0.038691 0.999181
vn -0.011832 -0.038663 0.999182
vn -0.491991 -0.086059 0.866336
vn -0.491943 -0.08594 0.866375
vn -0.01178 -0.038699 0.999181
vn -0.011806 -0.03866 0.999183
vn -0.49204 -0.086143 0.8663
vn -0.491996 -0.085944 0.866345
vn -0.011755 -0.038707 0.999181
vn -0.01178 -0.038657 0.999183
vn -0.492208 -0.085961 0.866223
vn -0.492037 -0.085854 0.866331
vn -0.492049 -0.085949 0.866315
vn -0.486537 -0.081299 0.869869
vn -0.011775 -0.038598 0.999185
vn -0.011755 -0.038654 0.999183
vn -0.492012 -0.085946 0.866336
vn -0.492037 -0.085846 0.866331
vn -0.486513 -0.081295 0.869883
vn -0.486536 -0.081324 0.869867
vn -0.011796 -0.038608 0.999185
vn -0.011775 -0.038657 0.999183
vn -0.491991 -0.085944 0.866348
vn -0.492016 -0.085859 0.866342
vn -0.486489 -0.08129 0.869897
vn -0.486512 -0.081334 0.86988
vn -0.011816 -0.038618 0.999184
vn -0.011796 -0.038659 0.999183
vn -0.49197 -0.085942 0.86636
vn -0.491994 -0.085872 0.866353
vn -0.486465 -0.081286 0.869911
vn -0.486487 -0.081345 0.869893
vn -0.011837 -0.038628 0.999184
vn -0.011816 -0.038661 0.999183
vn -0.491936 -0.085939 0.86638
vn -0.491972 -0.085894 0.866363
vn -0.486414 -0.081253 0.869942
vn -0.486462 -0.081364 0.869905
vn -0.011833 -0.038665 0.999182
vn -0.011837 -0.038663 0.999182
vn -0.491901 -0.085936 0.866399
vn -0.491937 -0.085916 0.866381
vn -0.486363 -0.081241 0.869972
vn -0.48641 -0.081372 0.869933
vn -0.01183 -0.038665 0.999182
vn -0.011833 -0.038663 0.999182
vn -0.491901 -0.085936 0.866399
vn -0.486312 -0.081229 0.870001
vn -0.486357 -0.081378 0.869962
vn -0.01183 -0.038665 0.999182
vn -0.011828 -0.038662 0.999182
vn -0.477041 -0.210026 0.853417
vn -0.477038 -0.210067 0.853409
vn -0.011813 -0.060264 0.998113
vn -0.011815 -0.060226 0.998115
vn 0.010709 -0.039761 0.999152
vn -0.477024 -0.210021 0.853428
vn -0.477037 -0.210067 0.853409
vn -0.011769 -0.060246 0.998114
vn -0.011813 -0.060247 0.998114
vn 0.010748 -0.039747 0.999152
vn 0.010709 -0.039761 0.999152
vn -0.477002 -0.209918 0.853465
vn -0.47702 -0.210061 0.85342
vn -0.011757 -0.060238 0.998115
vn -0.011769 -0.060239 0.998115
vn 0.010767 -0.039762 0.999151
vn 0.010748 -0.039746 0.999152
vn -0.476966 -0.209951 0.853478
vn -0.476988 -0.21005 0.853441
vn -0.011757 -0.06024 0.998115
vn 0.010762 -0.039727 0.999153
vn 0.010782 -0.03976 0.999151
vn 0.010767 -0.03974 0.999152
vn -0.476956 -0.21004 0.853461
vn 0.010755 -0.039691 0.999154
vn 0.010754 -0.039732 0.999153
vn 0.010762 -0.039741 0.999152
vn 0.010755 -0.039735 0.999152
vn 0.914704 0.357556 0.188335
vn 0.976436 0.078427 0.20105
vn 0.976436 0.078443 0.201046
vn 0.976434 0.078411 0.20107
vn 0.976436 0.078436 0.20105
vn 0.976432 0.078375 0.20109
vn 0.976433 0.078418 0.20107
vn 0.976431 0.078338 0.20111
vn 0.97643 0.078399 0.20109
vn 0.976382 0.078447 0.201309
vn 0.976428 0.078503 0.201059
vn 0.976435 0.07829 0.201111
vn 0.975236 0.073943 0.20844
vn 0.976443 0.078458 0.201004
vn 0.976456 0.078333 0.200992
vn 0.976422 0.078581 0.201058
vn 0.975244 0.073948 0.2084
vn 0.975238 0.073919 0.208441
vn 0.826746 0.081905 -0.556581
vn 0.97645 0.078459 0.200969
vn 0.976434 0.078574 0.201003
vn 0.975253 0.073953 0.208359
vn 0.975248 0.073903 0.2084
vn 0.826727 0.081894 -0.556611
vn 0.826746 0.081905 -0.556581
vn 0.976458 0.07846 0.200934
vn 0.976443 0.078555 0.200968
vn 0.975261 0.073957 0.208318
vn 0.975257 0.073886 0.20836
vn 0.826709 0.081872 -0.556642
vn 0.826726 0.081904 -0.556611
vn 0.976462 0.078461 0.200911
vn 0.976451 0.078542 0.200933
vn 0.975266 0.074078 0.20825
vn 0.975267 0.073878 0.208319
vn 0.82671 0.081924 -0.556631
vn 0.826706 0.081903 -0.55664
vn 0.976467 0.078462 0.200888
vn 0.976457 0.078529 0.20091
vn 0.975282 0.074063 0.208184
vn 0.97528 0.073892 0.208253
vn 0.826716 0.081923 -0.556623
vn 0.826712 0.081903 -0.556632
vn 0.976472 0.078463 0.200864
vn 0.976463 0.078516 0.200887
vn 0.975297 0.074047 0.208118
vn 0.975293 0.073906 0.208187
vn 0.826722 0.081921 -0.556615
vn 0.826717 0.081904 -0.556624
vn 0.976476 0.078464 0.200841
vn 0.976469 0.078502 0.200864
vn 0.975312 0.074029 0.208052
vn 0.975306 0.07392 0.20812
vn 0.826727 0.081919 -0.556607
vn 0.826723 0.081904 -0.556616
vn 0.97648 0.078465 0.200826
vn 0.976474 0.078494 0.200841
vn 0.975322 0.073982 0.208023
vn 0.975319 0.07394 0.208053
vn 0.826737 0.081942 -0.556589
vn 0.826728 0.081904 -0.556608
vn 0.976483 0.078465 0.20081
vn 0.976478 0.078485 0.200825
vn 0.975328 0.073984 0.207994
vn 0.975325 0.07394 0.208024
vn 0.826749 0.081926 -0.556574
vn 0.826739 0.081905 -0.556591
vn 0.976482 0.078481 0.200807
vn 0.976486 0.078466 0.200795
vn 0.976482 0.078477 0.20081
vn 0.975334 0.073986 0.207964
vn 0.975331 0.07394 0.207994
vn 0.82675 0.081905 -0.556575
vn 0.976483 0.078468 0.200807
vn 0.975336 0.073975 0.20796
vn 0.975337 0.073948 0.207965
vn -0.607234 0.249164 -0.754443
vn -0.607299 0.249139 -0.754399
vn -0.56928 0.232907 -0.788464
vn -0.607368 0.24914 -0.754343
vn -0.607376 0.249123 -0.754342
vn -0.607295 0.249166 -0.754393
vn -0.569293 0.23289 -0.788459
vn -0.569283 0.232884 -0.788468
vn -0.689165 0.235059 -0.685419
vn -0.607405 0.249135 -0.754315
vn -0.607366 0.249155 -0.75434
vn -0.569306 0.232865 -0.788457
vn -0.569298 0.232848 -0.788468
vn -0.689206 0.235041 -0.685384
vn -0.689165 0.235059 -0.685419
vn -0.607405 0.249135 -0.754315
vn -0.569316 0.232844 -0.788456
vn -0.569313 0.232817 -0.788466
vn -0.689216 0.234979 -0.685395
vn -0.689232 0.235046 -0.685356
vn -0.584465 -0.05654 -0.809447
vn -0.584472 -0.056474 -0.809446
vn -0.707796 -0.061028 -0.703775
vn -0.707782 -0.060903 -0.703801
vn -0.694245 -0.068977 -0.716426
vn -0.584472 -0.056458 -0.809447
vn -0.584467 -0.056474 -0.80945
vn -0.707851 -0.060991 -0.703724
vn -0.707801 -0.060919 -0.70378
vn -0.694276 -0.068987 -0.716395
vn -0.694245 -0.068977 -0.716426
vn -0.584476 -0.056461 -0.809445
vn -0.584471 -0.056474 -0.809447
vn -0.707905 -0.060993 -0.703669
vn -0.707854 -0.060932 -0.703726
vn -0.694306 -0.069014 -0.716363
vn -0.694276 -0.068981 -0.716395
vn -0.584482 -0.056465 -0.80944
vn -0.584479 -0.056475 -0.809441
vn -0.708015 -0.060998 -0.703558
vn -0.707961 -0.060958 -0.703616
vn -0.694368 -0.069068 -0.716298
vn -0.69434 -0.068988 -0.716333
vn -0.584509 -0.056378 -0.809426
vn -0.584482 -0.056475 -0.809439
vn -0.708036 -0.060984 -0.703538
vn -0.708016 -0.060964 -0.70356
vn -0.694391 -0.069094 -0.716273
vn -0.694372 -0.068992 -0.716302
vn -0.584533 -0.056398 -0.809408
vn -0.584505 -0.056478 -0.809422
vn -0.708036 -0.060984 -0.703538
vn -0.694416 -0.068977 -0.71626
vn -0.694414 -0.069112 -0.716249
vn -0.694396 -0.068995 -0.716278
vn -0.584557 -0.05642 -0.809389
vn -0.58453 -0.056481 -0.809404
vn -0.694412 -0.068973 -0.716264
vn -0.694415 -0.068997 -0.716259
vn -0.584582 -0.056443 -0.809369
vn -0.584555 -0.056484 -0.809386
vn -0.694407 -0.06897 -0.716269
vn -0.694411 -0.068996 -0.716263
vn -0.584602 -0.056473 -0.809353
vn -0.584581 -0.056486 -0.809367
vn -0.694385 -0.068856 -0.716302
vn -0.694406 -0.068996 -0.716268
vn -0.584601 -0.056489 -0.809352
vn -0.694372 -0.068922 -0.716309
vn -0.694379 -0.068898 -0.716304
vn -0.694378 -0.068993 -0.716296
vn -0.694364 -0.06895 -0.716314
vn -0.694371 -0.068937 -0.716308
vn -0.694362 -0.068975 -0.716312
vn 0.145974 -0.061858 0.987353
vn 0.145964 -0.061882 0.987353
vn 0.145974 -0.061858 0.987353
vn 0.145953 -0.061907 0.987353
vn 0.145964 -0.061875 0.987353
vn -0.407115 -0.733574 0.544175
vn 0.145903 -0.061959 0.987357
vn 0.145949 -0.061909 0.987353
vn 0.145953 -0.061893 0.987353
vn -0.407115 -0.733574 0.544175
vn 0.145966 -0.061842 0.987355
vn 0.145962 -0.061917 0.987351
vn 0.14595 -0.061892 0.987354
vn 0.145988 -0.061804 0.987354
vn 0.145965 -0.061935 0.987349
vn 0.146011 -0.061769 0.987353
vn 0.145987 -0.061909 0.987347
vn 0.144801 0.142304 0.979174
vn 0.144803 0.142207 0.979188
vn 0.144823 0.142335 0.979167
vn 0.144804 0.142196 0.97919
vn 0.144837 0.142425 0.979151
vn 0.144824 0.14229 0.979173
vn 0.144853 0.142427 0.979149
vn 0.144839 0.142309 0.979168
vn 0.144868 0.142428 0.979146
vn 0.144855 0.142329 0.979163
vn 0.144884 0.142429 0.979144
vn 0.14487 0.142348 0.979158
vn 0.144862 0.142345 0.979159
vn 0.144885 0.142395 0.979149
vn 0.144885 0.142393 0.979149
vn 0.147536 0.148825 0.977796
vn 0.144889 0.142384 0.97915
vn 0.144886 0.142385 0.97915
vn 0.147547 0.148839 0.977792
vn 0.147537 0.148807 0.977798
vn 0.144889 0.142377 0.979151
vn 0.147548 0.148839 0.977792
vn 0.147551 0.148846 0.97779
vn 0.147547 0.148817 0.977795
vn 0.147548 0.148838 0.977792
vn 0.372707 0.910618 -0.178506
vn 0.519716 0.817272 -0.248921
vn 0.51972 0.81727 -0.248918
vn 0.519715 0.817271 -0.248928
vn 0.519722 0.817267 -0.248924
vn 0.51972 0.817274 -0.248907
vn 0.519711 0.817271 -0.248936
vn 0.519723 0.817264 -0.248932
vn 0.507192 0.8216 -0.26025
vn 0.519711 0.817264 -0.248958
vn 0.519703 0.817277 -0.248932
vn 0.50719 0.821598 -0.260261
vn 0.507199 0.821594 -0.260253
vn 0.519703 0.817264 -0.248975
vn 0.5197 0.817273 -0.248953
vn 0.50718 0.821599 -0.260275
vn 0.507203 0.821587 -0.260268
vn 0.519696 0.817263 -0.248992
vn 0.519698 0.817268 -0.248973
vn 0.507174 0.821598 -0.26029
vn 0.507202 0.821582 -0.260286
vn 0.519691 0.817261 -0.249009
vn 0.507164 0.821596 -0.260316
vn 0.507186 0.821583 -0.260317
vn 0.507198 0.821574 -0.26032
vn 0.507153 0.821602 -0.260319
vn 0.507174 0.821588 -0.260321
vn 0.507153 0.8216 -0.260325
vn 0.507171 0.821588 -0.260328
vn 0.560553 0.776522 -0.287738
vn 0.560572 0.776506 -0.287745
vn 0.56055 0.776522 -0.287746
vn 0.560571 0.776506 -0.287747
vn 0.560549 0.77652 -0.287754
vn 0.560567 0.776506 -0.287754
vn 0.560559 0.776511 -0.287757
vn 0.560556 0.776513 -0.287757
vn 0.560561 0.77651 -0.287755
vn 0.560558 0.776512 -0.287756
vn 0.560563 0.776509 -0.287754
vn 0.560561 0.77651 -0.287755
vn 0.560564 0.776509 -0.287754
vn -0.612804 0.119708 0.781115
vn -0.6128 0.11971 0.781119
vn -0.61278 0.119745 0.781129
vn -0.612805 0.119692 0.781117
vn -0.486495 0.32663 0.810331
vn -0.612782 0.119712 0.781132
vn -0.486484 0.326632 0.810336
vn -0.486498 0.326605 0.810339
vn -0.486501 0.326596 0.810341
vn -0.486476 0.326633 0.810341
vn -0.486489 0.326604 0.810344
vn -0.486464 0.326651 0.810341
vn -0.486481 0.32661 0.810347
vn -0.486457 0.326652 0.810344
vn -0.486471 0.326611 0.810353
vn -0.513821 -0.057979 0.855936
vn -0.513823 -0.058025 0.855931
vn -0.513802 -0.057976 0.855948
vn -0.51381 -0.058029 0.855939
vn -0.513794 -0.057953 0.855954
vn -0.513801 -0.05801 0.855946
vn -0.513786 -0.057957 0.855958
vn -0.513793 -0.058008 0.855951
vn -0.513778 -0.057961 0.855963
vn -0.513785 -0.058006 0.855956
vn -0.51377 -0.057964 0.855968
vn -0.513777 -0.058004 0.855961
vn -0.513783 -0.057992 0.855958
vn -0.513766 -0.057969 0.85597
vn -0.513769 -0.057982 0.855967
vn -0.513618 -0.057652 0.85608
vn -0.513765 -0.057989 0.855969
vn -0.513607 -0.057649 0.856086
vn -0.513606 -0.057645 0.856088
vn -0.513617 -0.057683 0.856079
vn -0.513609 -0.057651 0.856085
vn -0.513607 -0.057648 0.856087
vn -0.499995 0.235507 0.833392
vn -0.499994 0.235509 0.833392
vn -0.499995 0.235506 0.833392
vn -0.67944 0.254317 -0.688247
vn -0.679435 0.254314 -0.688253
vn -0.67944 0.254317 -0.688247
vn -0.679431 0.25431 -0.688259
vn -0.679434 0.254319 -0.688252
vn -0.69607 -0.13528 -0.705114
vn -0.696072 -0.135264 -0.705115
vn -0.696065 -0.135281 -0.705119
vn -0.696071 -0.135265 -0.705116
vn -0.696059 -0.135252 -0.70513
vn -0.69609 -0.135205 -0.705108
vn -0.696062 -0.135303 -0.705117
vn -0.696046 -0.135275 -0.705139
vn -0.696104 -0.135275 -0.705081
vn -0.696086 -0.135245 -0.705104
vn -0.696064 -0.135268 -0.705122
vn -0.696041 -0.135325 -0.705134
vn -0.696126 -0.135269 -0.705061
vn -0.696106 -0.135259 -0.705083
vn -0.696082 -0.135262 -0.705105
vn -0.696057 -0.135345 -0.705114
vn -0.696147 -0.135263 -0.705041
vn -0.696126 -0.135272 -0.705061
vn -0.696101 -0.135256 -0.705088
vn -0.696073 -0.135365 -0.705095
vn -0.696147 -0.135268 -0.70504
vn -0.696119 -0.13521 -0.705079
vn -0.696102 -0.135295 -0.70508
vn -0.69609 -0.135369 -0.705077
vn -0.696126 -0.13522 -0.70507
vn -0.696111 -0.135293 -0.705071
vn -0.696134 -0.135231 -0.70506
vn -0.69612 -0.135291 -0.705063
vn -0.696142 -0.135241 -0.705051
vn -0.696129 -0.135289 -0.705055
vn -0.696136 -0.135278 -0.705049
vn -0.696139 -0.135268 -0.705048
vn -0.696135 -0.135279 -0.70505
vn -0.696137 -0.135271 -0.70505
vn -0.701282 0.061052 -0.710265
vn -0.701282 0.061058 -0.710264
vn -0.70128 0.06105 -0.710267
vn -0.701282 0.061054 -0.710265
vn -0.70128 0.06105 -0.710267
vn 0.492359 0.211732 0.844247
vn 0.30064 0.165965 0.939186
vn 0.30064 0.165965 0.939186
vn 0.492349 0.211721 0.844255
vn 0.492359 0.211732 0.844247
vn 0.30064 0.165965 0.939186
vn 0.30064 0.165965 0.939186
vn 0.492341 0.211701 0.844265
vn 0.492348 0.211729 0.844253
vn 0.30064 0.165965 0.939186
vn 0.30064 0.165965 0.939186
vn 0.492316 0.211714 0.844276
vn 0.492342 0.211762 0.844249
vn 0.492338 0.211727 0.84426
vn 0.492207 0.211373 0.844425
vn 0.30064 0.165965 0.939186
vn 0.30064 0.165965 0.939186
vn 0.492357 0.211731 0.844248
vn 0.492344 0.211743 0.844252
vn 0.492216 0.211388 0.844416
vn 0.492211 0.211328 0.844434
vn 0.300637 0.165967 0.939187
vn 0.30064 0.165965 0.939186
vn 0.492363 0.211733 0.844244
vn 0.492357 0.211732 0.844248
vn 0.492222 0.21139 0.844412
vn 0.492221 0.211418 0.844405
vn 0.492224 0.211315 0.84443
vn 0.300637 0.165964 0.939188
vn 0.422302 0.544801 0.724468
vn 0.422297 0.544819 0.724456
vn 0.422298 0.5448 0.72447
vn 0.422296 0.544818 0.724458
vn 0.422295 0.5448 0.724472
vn 0.422293 0.544816 0.724461
vn 0.422296 0.544815 0.724461
vn 0.422295 0.544798 0.724473
vn 0.422301 0.544815 0.724457
vn 0.4223 0.5448 0.724469
vn 0.422307 0.544815 0.724454
vn 0.422306 0.544801 0.724465
vn 0.422306 0.544813 0.724456
vn 0.422315 0.544841 0.72443
vn 0.422311 0.544803 0.724461
vn 0.422034 0.543813 0.725365
vn 0.422333 0.544811 0.724442
vn 0.422333 0.544811 0.724442
vn 0.422324 0.544811 0.724447
vn 0.422042 0.543832 0.725347
vn 0.422045 0.543781 0.725383
vn 0.25388 0.50043 0.827716
vn 0.422333 0.544811 0.724442
vn 0.422046 0.543826 0.725348
vn 0.422056 0.543789 0.725371
vn 0.25388 0.50043 0.827716
vn 0.253881 0.50043 0.827716
vn 0.426831 0.528872 0.73356
vn 0.426831 0.528855 0.733572
vn 0.265422 0.425125 0.865344
vn 0.281387 0.481545 0.830021
vn 0.281387 0.481545 0.830022
vn 0.426838 0.528867 0.733559
vn 0.426836 0.528856 0.733568
vn 0.281388 0.481545 0.830021
vn 0.281387 0.481546 0.830021
vn 0.426841 0.528858 0.733564
vn 0.281389 0.481545 0.830021
vn 0.281388 0.481546 0.830021
vn 0.524879 0.556412 -0.644134
vn 0.627136 -0.119958 -0.769617
vn 0.627132 -0.119959 -0.76962
vn 0.62714 -0.119958 -0.769613
vn 0.627136 -0.119957 -0.769618
vn 0.627145 -0.11996 -0.769609
vn 0.627141 -0.119954 -0.769614
vn 0.627163 -0.119944 -0.769598
vn 0.627143 -0.119944 -0.769614
vn 0.627146 -0.119952 -0.76961
vn 0.624039 -0.113325 -0.773131
vn 0.62712 -0.119964 -0.769629
vn 0.627142 -0.119957 -0.769613
vn 0.624021 -0.113314 -0.773148
vn 0.624036 -0.113375 -0.773127
vn 0.627119 -0.119978 -0.769628
vn 0.624004 -0.113316 -0.773161
vn 0.624013 -0.113375 -0.773146
vn 0.624015 -0.1134 -0.77314
vn 0.623993 -0.113319 -0.77317
vn 0.624 -0.113377 -0.773156
vn 0.623988 -0.113322 -0.773173
vn 0.623988 -0.113381 -0.773164
vn 0.606549 0.259288 -0.751578
vn 0.606565 0.259231 -0.751584
vn 0.606536 0.259316 -0.751578
vn 0.606554 0.259256 -0.751584
vn 0.60653 0.259304 -0.751587
vn 0.606546 0.259253 -0.751591
vn 0.606524 0.259292 -0.751596
vn 0.606539 0.25925 -0.751598
vn 0.606518 0.259279 -0.751605
vn 0.606532 0.259247 -0.751605
vn 0.606525 0.259253 -0.751609
vn 0.606522 0.259259 -0.751609
vn 0.606527 0.259253 -0.751607
vn 0.606524 0.259257 -0.751608
vn 0.606529 0.259253 -0.751606
vn 0.606526 0.259255 -0.751607
vn 0.606529 0.259253 -0.751606
vn -0.924752 0.183005 -0.333681
vn -0.924752 0.183006 -0.333681
vn -0.924755 0.183026 -0.333661
vn -0.924754 0.182993 -0.333682
vn -0.923611 0.151355 -0.352185
vn -0.924759 0.183001 -0.333662
vn -0.923616 0.151355 -0.352171
vn -0.923616 0.15133 -0.352182
vn -0.923617 0.151314 -0.352188
vn -0.923617 0.151355 -0.352169
vn -0.923619 0.151334 -0.352172
vn -0.805848 -0.506164 -0.307259
vn -0.805837 -0.50618 -0.30726
vn -0.805854 -0.506155 -0.307257
vn -0.805848 -0.506163 -0.307259
vn -0.805841 -0.506176 -0.307257
vn -0.883451 -0.464639 0.060206
vn -0.805854 -0.506156 -0.307254
vn -0.805849 -0.506163 -0.307256
vn -0.88345 -0.46464 0.060211
vn -0.883451 -0.464639 0.060206
vn -0.805856 -0.506158 -0.307247
vn -0.805852 -0.506163 -0.307249
vn -0.883448 -0.464643 0.060223
vn -0.883452 -0.464636 0.060217
vn -0.80586 -0.506154 -0.307242
vn -0.805853 -0.506163 -0.307246
vn -0.883449 -0.46464 0.060225
vn -0.883452 -0.464635 0.060223
vn -0.805861 -0.506156 -0.307236
vn -0.805861 -0.506156 -0.307236
vn -0.805855 -0.506163 -0.307241
vn -0.805156 -0.507033 -0.30764
vn -0.883449 -0.46464 0.060227
vn -0.883452 -0.464635 0.060225
vn -0.805857 -0.506163 -0.307234
vn -0.805158 -0.507031 -0.307636
vn -0.805152 -0.507039 -0.307638
vn -0.883449 -0.46464 0.060227
vn -0.883452 -0.464634 0.060227
vn -0.899914 -0.268192 -0.343841
vn -0.982923 -0.171379 0.067022
vn -0.982929 -0.171347 0.067009
vn -0.982168 -0.176531 0.064675
vn -0.982166 -0.176541 0.064673
vn -0.982924 -0.171368 0.067039
vn -0.982925 -0.171366 0.067022
vn -0.98217 -0.176515 0.064695
vn -0.982158 -0.176587 0.064674
vn -0.982924 -0.171365 0.067039
vn -0.982167 -0.17653 0.064698
vn -0.982168 -0.176524 0.0647
vn -0.982158 -0.176579 0.064694
vn -0.982166 -0.176532 0.064696
vn -0.982167 -0.176527 0.064698
vn -0.982166 -0.176534 0.064694
vn -0.982167 -0.176531 0.064696
vn -0.982166 -0.176535 0.064694
vn -0.342522 -0.884825 0.315853
vn -0.313862 -0.881261 0.35337
vn -0.313861 -0.881261 0.35337
vn -0.342526 -0.884825 0.315849
vn -0.342524 -0.884825 0.31585
vn -0.342522 -0.884825 0.315853
vn -0.318479 -0.664596 0.675932
vn -0.31386 -0.881261 0.353371
vn -0.313861 -0.881261 0.353371
vn -0.342524 -0.884825 0.31585
vn -0.318475 -0.664598 0.675932
vn -0.318476 -0.664603 0.675926
vn -0.31386 -0.881261 0.353371
vn -0.31386 -0.881261 0.353372
vn -0.386062 -0.423784 0.819368
vn -0.386062 -0.423767 0.819377
vn -0.336674 -0.861951 0.379066
vn -0.33668 -0.861949 0.379065
vn 0.100824 0.289051 0.951989
vn -0.386069 -0.423799 0.819357
vn -0.386065 -0.423772 0.819373
vn -0.336674 -0.861951 0.379066
vn 0.100838 0.289066 0.951983
vn 0.100839 0.289064 0.951984
vn 0.100824 0.289051 0.951989
vn -0.386071 -0.42377 0.819371
vn -0.386072 -0.423783 0.819363
vn 0.100851 0.28907 0.951981
vn 0.100838 0.28907 0.951982
vn -0.386068 -0.423767 0.819373
vn -0.386069 -0.423779 0.819367
vn 0.100865 0.289076 0.951978
vn 0.100851 0.289088 0.951975
vn -0.386065 -0.423765 0.819376
vn -0.386067 -0.423775 0.81937
vn 0.100879 0.289082 0.951974
vn 0.100864 0.289106 0.951969
vn -0.386063 -0.423762 0.819379
vn -0.386064 -0.423771 0.819373
vn 0.100894 0.289089 0.951971
vn 0.100878 0.289124 0.951962
vn -0.386058 -0.423731 0.819397
vn -0.386062 -0.423767 0.819377
vn 0.100891 0.289146 0.951954
vn 0.100892 0.289143 0.951954
vn -0.386053 -0.423753 0.819388
vn 0.100896 0.289246 0.951923
vn 0.100891 0.289147 0.951953
vn 0.100891 0.289143 0.951955
vn 0.100909 0.289254 0.951919
vn 0.100899 0.289158 0.951949
vn 0.100923 0.289255 0.951917
vn 0.100912 0.289174 0.951943
vn 0.100921 0.289198 0.951935
vn 0.100924 0.289218 0.951928
vn 0.100918 0.289189 0.951938
vn 0.100921 0.289204 0.951933
vn 0.100917 0.289186 0.951939
vn 0.100917 0.289195 0.951936
vn 0.095948 0.414254 0.90509
vn 0.09595 0.414264 0.905085
vn 0.095948 0.414252 0.905091
vn 0.770001 -0.631448 -0.091498
vn 0.769999 -0.63145 -0.091507
vn 0.769994 -0.631457 -0.091498
vn 0.769994 -0.631454 -0.091516
vn 0.769984 -0.631467 -0.091505
vn 0.769982 -0.631468 -0.091523
vn 0.769966 -0.631489 -0.091512
vn 0.770003 -0.63144 -0.091537
vn 0.769977 -0.631474 -0.091523
vn 0.770001 -0.631441 -0.091541
vn 0.769974 -0.631475 -0.091534
vn 0.601812 0.795426 -0.071552
vn 0.601835 0.795409 -0.071548
vn 0.601832 0.795407 -0.071588
vn 0.601797 0.795436 -0.071564
vn 0.601815 0.795426 -0.071529
vn 0.601828 0.795417 -0.071513
vn 0.601824 0.795413 -0.071599
vn 0.601801 0.795431 -0.071585
vn 0.601808 0.79543 -0.071545
vn 0.601834 0.795411 -0.071531
vn 0.601824 0.795411 -0.07161
vn 0.601808 0.795425 -0.071597
vn 0.601807 0.795429 -0.071563
vn 0.601837 0.795407 -0.071549
vn 0.601825 0.79541 -0.071621
vn 0.601815 0.795419 -0.071609
vn 0.601806 0.795428 -0.07158
vn 0.60184 0.795403 -0.071567
vn 0.601825 0.795409 -0.071632
vn 0.601821 0.795413 -0.071621
vn 0.601806 0.795427 -0.071598
vn 0.601843 0.795399 -0.071585
vn 0.601824 0.79541 -0.071632
vn 0.601815 0.795419 -0.071602
vn 0.601812 0.795421 -0.071603
vn 0.601842 0.795399 -0.071602
vn 0.601817 0.795418 -0.0716
vn 0.601814 0.79542 -0.071602
vn 0.601819 0.795417 -0.071598
vn 0.601817 0.795418 -0.0716
vn 0.601819 0.795416 -0.071598
vn 0.601818 0.795417 -0.071598
vn 0.425562 0.903512 -0.050629
vn -0.222248 -0.735345 -0.640213
vn -0.222235 -0.735354 -0.640208
vn -0.222248 -0.735347 -0.640211
vn -0.222217 -0.735311 -0.640264
vn -0.222257 -0.735324 -0.640235
vn -0.222239 -0.735344 -0.640218
vn -0.437338 -0.740246 -0.510657
vn -0.375037 -0.679825 -0.630226
vn -0.222258 -0.735359 -0.640195
vn -0.222255 -0.735329 -0.64023
vn -0.437323 -0.740217 -0.510712
vn -0.437324 -0.740263 -0.510645
vn -0.437329 -0.740259 -0.510646
vn -0.375037 -0.679825 -0.630226
vn -0.375037 -0.679825 -0.630226
vn -0.222264 -0.735352 -0.6402
vn -0.222263 -0.735342 -0.640211
vn -0.437327 -0.740272 -0.51063
vn -0.437343 -0.740236 -0.510668
vn -0.375037 -0.679825 -0.630226
vn -0.375037 -0.679825 -0.630226
vn -0.222264 -0.735354 -0.640198
vn -0.437369 -0.740225 -0.510661
vn -0.437328 -0.740283 -0.510613
vn -0.437349 -0.740241 -0.510656
vn -0.375037 -0.679825 -0.630226
vn -0.375037 -0.679825 -0.630226
vn -0.437367 -0.740222 -0.510668
vn -0.437354 -0.740246 -0.510644
vn -0.375037 -0.679826 -0.630226
vn -0.375037 -0.679825 -0.630226
vn -0.437363 -0.740221 -0.510673
vn -0.437351 -0.740244 -0.51065
vn -0.375037 -0.679826 -0.630225
vn -0.437361 -0.740231 -0.51066
vn -0.437346 -0.740244 -0.510653
vn -0.437348 -0.740241 -0.510656
vn -0.437365 -0.740235 -0.510651
vn -0.43735 -0.740247 -0.510647
vn -0.437365 -0.740236 -0.510649
vn -0.437354 -0.74025 -0.510638
vn -0.424752 -0.757402 -0.495912
vn -0.42474 -0.757411 -0.495908
vn -0.424737 -0.757391 -0.49594
vn -0.424767 -0.7574 -0.495902
vn -0.424742 -0.757415 -0.4959
vn -0.410454 -0.754887 -0.51154
vn -0.424753 -0.757426 -0.495873
vn -0.424761 -0.757407 -0.495895
vn -0.410467 -0.754891 -0.511524
vn -0.410446 -0.754898 -0.51153
vn -0.424756 -0.757431 -0.495863
vn -0.42476 -0.757417 -0.495881
vn -0.410472 -0.754905 -0.511499
vn -0.410454 -0.754909 -0.511507
vn -0.424758 -0.757437 -0.495853
vn -0.42476 -0.757426 -0.495868
vn -0.410477 -0.75492 -0.511473
vn -0.410461 -0.75492 -0.511485
vn -0.424758 -0.757437 -0.495853
vn -0.424762 -0.757431 -0.495858
vn -0.410471 -0.754927 -0.511467
s off
g smoke-state-00
usemtl pigment_ff26283b
f 1//1 2//1 3//1
f 1//2 3//2 4//2
f 2//3 5//3 6//3
f 2//4 6//4 3//4
f 5//5 7//5 8//5
f 5//6 8//6 6//6
f 7//7 9//7 10//7
f 7//8 10//8 8//8
f 9//9 11//9 12//9
f 9//10 12//10 10//10
f 11//11 13//11 14//11
f 11//12 14//12 12//12
f 13//13 15//13 16//13
f 13//14 16//14 14//14
f 15//15 17//15 18//15
f 15//16 18//16 16//16
f 17//17 19//17 20//17
f 17//18 20//18 18//18
f 19//19 21//19 22//19
f 19//20 22//20 20//20
f 21//21 23//21 24//21
f 21//22 24//22 22//22
f 23//23 1//23 4//23
f 23//24 4//24 24//24
f 4//25 3//25 25//25
f 4//26 25//26 26//26
f 3//27 6//27 27//27
f 3//28 27//28 25//28
f 6//29 8//29 28//29
f 6//30 28//30 27//30
f 8//31 10//31 29//31
f 8//32 29//32 28//32
f 10//33 12//33 30//33
f 10//34 30//34 29//34
f 12//35 14//35 31//35
f 12//36 31//36 30//36
f 14//37 16//37 32//37
f 14//38 32//38 31//38
f 16//39 18//39 33//39
f 16//40 33//40 32//40
f 18//41 20//41 34//41
f 18//42 34//42 33//42
f 20//43 22//43 35//43
f 20//44 35//44 34//44
f 22//45 24//45 36//45
f 22//46 36//46 35//46
f 24//47 4//47 26//47
f 24//48 26//48 36//48
f 26//49 25//49 37//49
f 26//50 37//50 38//50
f 25//51 27//51 39//51
f 25//52 39//52 37//52
f 27//53 28//53 40//53
f 27//54 40//54 39//54
f 28//55 29//55 41//55
f 28//56 41//56 40//56
f 29//57 30//57 42//57
f 29//58 42//58 41//58
f 30//59 31//59 43//59
f 30//60 43//60 42//60
f 31//61 32//61 44//61
f 31//62 44//62 43//62
f 32//63 33//63 45//63
f 32//64 45//64 44//64
f 33//65 34//65 46//65
f 33//66 46//66 45//66
f 34//67 35//67 47//67
f 34//68 47//68 46//68
f 35//69 36//69 48//69
f 35//70 48//70 47//70
f 36//71 26//71 38//71
f 36//72 38//72 48//72
f 38//73 37//73 49//73
f 38//74 49//74 50//74
f 37//75 39//75 51//75
f 37//76 51//76 49//76
f 39//77 40//77 52//77
f 39//78 52//78 51//78
f 40//79 41//79 53//79
f 40//80 53//80 52//80
f 41//81 42//81 54//81
f 41//82 54//82 53//82
f 42//83 43//83 55//83
f 42//84 55//84 54//84
f 43//85 44//85 56//85
f 43//86 56//86 55//86
f 44//87 45//87 57//87
f 44//88 57//88 56//88
f 45//89 46//89 58//89
f 45//90 58//90 57//90
f 46//91 47//91 59//91
f 46//92 59//92 58//92
f 47//93 48//93 60//93
f 47//94 60//94 59//94
f 48//95 38//95 50//95
f 48//96 50//96 60//96
f 50//97 49//97 61//97
f 50//98 61//98 62//98
f 49//99 51//99 63//99
f 49//100 63//100 61//100
f 51//101 52//101 64//101
f 51//102 64//102 63//102
f 52//103 53//103 65//103
f 52//104 65//104 64//104
f 53//105 54//105 66//105
f 53//106 66//106 65//106
f 54//107 55//107 67//107
f 54//108 67//108 66//108
f 55//109 56//109 68//109
f 55//110 68//110 67//110
f 56//111 57//111 69//111
f 56//112 69//112 68//112
f 57//113 58//113 70//113
f 57//114 70//114 69//114
f 58//115 59//115 71//115
f 58//116 71//116 70//116
f 59//117 60//117 72//117
f 59//118 72//118 71//118
f 60//119 50//119 62//119
f 60//120 62//120 72//120
f 62//121 61//121 73//121
f 62//122 73//122 74//122
f 61//123 63//123 75//123
f 61//124 75//124 73//124
f 63//125 64//125 76//125
f 63//126 76//126 75//126
f 64//127 65//127 77//127
f 64//128 77//128 76//128
f 65//129 66//129 78//129
f 65//130 78//130 77//130
f 66//131 67//131 79//131
f 66//132 79//132 78//132
f 67//133 68//133 80//133
f 67//134 80//134 79//134
f 68//135 69//135 81//135
f 68//136 81//136 80//136
f 69//137 70//137 82//137
f 69//138 82//138 81//138
f 70//139 71//139 83//139
f 70//140 83//140 82//140
f 71//141 72//141 84//141
f 71//142 84//142 83//142
f 72//143 62//143 74//143
f 72//144 74//144 84//144
f 74//145 73//145 85//145
f 74//146 85//146 86//146
f 73//147 75//147 87//147
f 73//148 87//148 85//148
f 75//149 76//149 88//149
f 75//150 88//150 87//150
f 76//151 77//151 89//151
f 76//152 89//152 88//152
f 77//153 78//153 90//153
f 77//154 90//154 89//154
f 78//155 79//155 91//155
f 78//156 91//156 90//156
f 79//157 80//157 92//157
f 79//158 92//158 91//158
f 80//159 81//159 93//159
f 80//160 93//160 92//160
f 81//161 82//161 94//161
f 81//162 94//162 93//162
f 82//163 83//163 95//163
f 82//164 95//164 94//164
f 83//165 84//165 96//165
f 83//166 96//166 95//166
f 84//167 74//167 86//167
f 84//168 86//168 96//168
f 86//169 85//169 97//169
f 86//170 97//170 98//170
f 85//171 87//171 99//171
f 85//172 99//172 97//172
f 87//173 88//173 100//173
f 87//174 100//174 99//174
f 88//175 89//175 101//175
f 88//176 101//176 100//176
f 89//177 90//177 102//177
f 89//178 102//178 101//178
f 90//179 91//179 103//179
f 90//180 103//180 102//180
f 91//181 92//181 104//181
f 91//182 104//182 103//182
f 92//183 93//183 105//183
f 92//184 105//184 104//184
f 93//185 94//185 106//185
f 93//186 106//186 105//186
f 94//187 95//187 107//187
f 94//188 107//188 106//188
f 95//189 96//189 108//189
f 95//190 108//190 107//190
f 96//191 86//191 98//191
f 96//192 98//192 108//192
f 98//193 97//193 109//193
f 98//194 109//194 110//194
f 97//195 99//195 111//195
f 97//196 111//196 109//196
f 99//197 100//197 112//197
f 99//198 112//198 111//198
f 100//199 101//199 113//199
f 100//200 113//200 112//200
f 101//201 102//201 114//201
f 101//202 114//202 113//202
f 102//203 103//203 115//203
f 102//204 115//204 114//204
f 103//205 104//205 116//205
f 103//206 116//206 115//206
f 104//207 105//207 117//207
f 104//208 117//208 116//208
f 105//209 106//209 118//209
f 105//210 118//210 117//210
f 106//211 107//211 119//211
f 106//212 119//212 118//212
f 107//213 108//213 120//213
f 107//214 120//214 119//214
f 108//215 98//215 110//215
f 108//216 110//216 120//216
f 110//217 109//217 121//217
f 110//218 121//218 122//218
f 109//219 111//219 123//219
f 109//220 123//220 121//220
f 111//221 112//221 124//221
f 111//222 124//222 123//222
f 112//223 113//223 125//223
f 112//224 125//224 124//224
f 113//225 114//225 126//225
f 113//226 126//226 125//226
f 114//227 115//227 127//227
f 114//228 127//228 126//228
f 115//229 116//229 128//229
f 115//230 128//230 127//230
f 116//231 117//231 129//231
f 116//232 129//232 128//232
f 117//233 118//233 130//233
f 117//234 130//234 129//234
f 118//235 119//235 131//235
f 118//236 131//236 130//236
f 119//237 120//237 132//237
f 119//238 132//238 131//238
f 120//239 110//239 122//239
f 120//240 122//240 132//240
f 122//241 121//241 133//241
f 122//242 133//242 134//242
f 121//243 123//243 135//243
f 121//244 135//244 133//244
f 123//245 124//245 136//245
f 123//246 136//246 135//246
f 124//247 125//247 137//247
f 124//248 137//248 136//248
f 125//249 126//249 138//249
f 125//250 138//250 137//250
f 126//251 127//251 139//251
f 126//252 139//252 138//252
f 127//253 128//253 140//253
f 127//254 140//254 139//254
f 128//255 129//255 141//255
f 128//256 141//256 140//256
f 129//257 130//257 142//257
f 129//258 142//258 141//258
f 130//259 131//259 143//259
f 130//260 143//260 142//260
f 131//261 132//261 144//261
f 131//262 144//262 143//262
f 132//263 122//263 134//263
f 132//264 134//264 144//264
f 134//265 133//265 145//265
f 134//266 145//266 146//266
f 133//267 135//267 147//267
f 133//268 147//268 145//268
f 135//269 136//269 148//269
f 135//270 148//270 147//270
f 136//271 137//271 149//271
f 136//272 149//272 148//272
f 137//273 138//273 150//273
f 137//274 150//274 149//274
f 138//275 139//275 151//275
f 138//276 151//276 150//276
f 139//277 140//277 152//277
f 139//278 152//278 151//278
f 140//279 141//279 153//279
f 140//280 153//280 152//280
f 141//281 142//281 154//281
f 141//282 154//282 153//282
f 142//283 143//283 155//283
f 142//284 155//284 154//284
f 143//285 144//285 156//285
f 143//286 156//286 155//286
f 144//287 134//287 146//287
f 144//288 146//288 156//288
f 146//289 145//289 157//289
f 146//290 157//290 158//290
f 145//291 147//291 159//291
f 145//292 159//292 157//292
f 147//293 148//293 160//293
f 147//294 160//294 159//294
f 148//295 149//295 161//295
f 148//296 161//296 160//296
f 149//297 150//297 162//297
f 149//298 162//298 161//298
f 150//299 151//299 163//299
f 150//300 163//300 162//300
f 151//301 152//301 164//301
f 151//302 164//302 163//302
f 152//303 153//303 165//303
f 152//304 165//304 164//304
f 153//305 154//305 166//305
f 153//306 166//306 165//306
f 154//307 155//307 167//307
f 154//308 167//308 166//308
f 155//309 156//309 168//309
f 155//310 168//310 167//310
f 156//311 146//311 158//311
f 156//312 158//312 168//312
f 158//313 157//313 169//313
f 158//314 169//314 170//314
f 157//315 159//315 171//315
f 157//316 171//316 169//316
f 159//317 160//317 172//317
f 159//318 172//318 171//318
f 160//319 161//319 173//319
f 160//320 173//320 172//320
f 161//321 162//321 174//321
f 161//322 174//322 173//322
f 162//323 163//323 175//323
f 162//324 175//324 174//324
f 163//325 164//325 176//325
f 163//326 176//326 175//326
f 164//327 165//327 177//327
f 164//328 177//328 176//328
f 165//329 166//329 178//329
f 165//330 178//330 177//330
f 166//331 167//331 179//331
f 166//332 179//332 178//332
f 167//333 168//333 180//333
f 167//334 180//334 179//334
f 168//335 158//335 170//335
f 168//336 170//336 180//336
f 170//337 169//337 181//337
f 170//338 181//338 182//338
f 169//339 171//339 183//339
f 169//340 183//340 181//340
f 171//341 172//341 184//341
f 171//342 184//342 183//342
f 172//343 173//343 185//343
f 172//344 185//344 184//344
f 173//345 174//345 186//345
f 173//346 186//346 185//346
f 174//347 175//347 187//347
f 174//348 187//348 186//348
f 175//349 176//349 188//349
f 175//350 188//350 187//350
f 176//351 177//351 189//351
f 176//352 189//352 188//352
f 177//353 178//353 190//353
f 177//354 190//354 189//354
f 178//355 179//355 191//355
f 178//356 191//356 190//356
f 179//357 180//357 192//357
f 179//358 192//358 191//358
f 180//359 170//359 182//359
f 180//360 182//360 192//360
f 182//361 181//361 193//361
f 182//362 193//362 194//362
f 181//363 183//363 195//363
f 181//364 195//364 193//364
f 183//365 184//365 196//365
f 183//366 196//366 195//366
f 184//367 185//367 197//367
f 184//368 197//368 196//368
f 185//369 186//369 198//369
f 185//370 198//370 197//370
f 186//371 187//371 199//371
f 186//372 199//372 198//372
f 187//373 188//373 200//373
f 187//374 200//374 199//374
f 188//375 189//375 201//375
f 188//376 201//376 200//376
f 189//377 190//377 202//377
f 189//378 202//378 201//378
f 190//379 191//379 203//379
f 190//380 203//380 202//380
f 191//381 192//381 204//381
f 191//382 204//382 203//382
f 192//383 182//383 194//383
f 192//384 194//384 204//384
f 194//385 193//385 205//385
f 194//386 205//386 206//386
f 193//387 195//387 207//387
f 193//388 207//388 205//388
f 195//389 196//389 208//389
f 195//390 208//390 207//390
f 196//391 197//391 209//391
f 196//392 209//392 208//392
f 197//393 198//393 210//393
f 197//394 210//394 209//394
f 198//395 199//395 211//395
f 198//396 211//396 210//396
f 199//397 200//397 212//397
f 199//398 212//398 211//398
f 200//399 201//399 213//399
f 200//400 213//400 212//400
f 201//401 202//401 214//401
f 201//402 214//402 213//402
f 202//403 203//403 215//403
f 202//404 215//404 214//404
f 203//405 204//405 216//405
f 203//406 216//406 215//406
f 204//407 194//407 206//407
f 204//408 206//408 216//408
f 206//409 205//409 217//409
f 206//410 217//410 218//410
f 205//411 207//411 219//411
f 205//412 219//412 217//412
f 207//413 208//413 220//413
f 207//414 220//414 219//414
f 208//415 209//415 221//415
f 208//416 221//416 220//416
f 209//417 210//417 222//417
f 209//418 222//418 221//418
f 210//419 211//419 223//419
f 210//420 223//420 222//420
f 211//421 212//421 224//421
f 211//422 224//422 223//422
f 212//423 213//423 225//423
f 212//424 225//424 224//424
f 213//425 214//425 226//425
f 213//426 226//426 225//426
f 214//427 215//427 227//427
f 214//428 227//428 226//428
f 215//429 216//429 228//429
f 215//430 228//430 227//430
f 216//431 206//431 218//431
f 216//432 218//432 228//432
f 218//433 217//433 229//433
f 218//434 229//434 230//434
f 217//435 219//435 231//435
f 217//436 231//436 229//436
f 219//437 220//437 232//437
f 219//438 232//438 231//438
f 220//439 221//439 233//439
f 220//440 233//440 232//440
f 221//441 222//441 234//441
f 221//442 234//442 233//442
f 222//443 223//443 235//443
f 222//444 235//444 234//444
f 223//445 224//445 236//445
f 223//446 236//446 235//446
f 224//447 225//447 237//447
f 224//448 237//448 236//448
f 225//449 226//449 238//449
f 225//450 238//450 237//450
f 226//451 227//451 239//451
f 226//452 239//452 238//452
f 227//453 228//453 240//453
f 227//454 240//454 239//454
f 228//455 218//455 230//455
f 228//456 230//456 240//456
f 230//457 229//457 241//457
f 230//458 241//458 242//458
f 229//459 231//459 243//459
f 229//460 243//460 241//460
f 231//461 232//461 244//461
f 231//462 244//462 243//462
f 232//463 233//463 245//463
f 232//464 245//464 244//464
f 233//465 234//465 246//465
f 233//466 246//466 245//466
f 234//467 235//467 247//467
f 234//468 247//468 246//468
f 235//469 236//469 248//469
f 235//470 248//470 247//470
f 236//471 237//471 249//471
f 236//472 249//472 248//472
f 237//473 238//473 250//473
f 237//474 250//474 249//474
f 238//475 239//475 251//475
f 238//476 251//476 250//476
f 239//477 240//477 252//477
f 239//478 252//478 251//478
f 240//479 230//479 242//479
f 240//480 242//480 252//480
f 242//481 241//481 253//481
f 242//482 253//482 254//482
f 241//483 243//483 255//483
f 241//484 255//484 253//484
f 243//485 244//485 256//485
f 243//486 256//486 255//486
f 244//487 245//487 257//487
f 244//488 257//488 256//488
f 245//489 246//489 258//489
f 245//490 258//490 257//490
f 246//491 247//491 259//491
f 246//492 259//492 258//492
f 247//493 248//493 260//493
f 247//494 260//494 259//494
f 248//495 249//495 261//495
f 248//496 261//496 260//496
f 249//497 250//497 262//497
f 249//498 262//498 261//498
f 250//499 251//499 263//499
f 250//500 263//500 262//500
f 251//501 252//501 264//501
f 251//502 264//502 263//502
f 252//503 242//503 254//503
f 252//504 254//504 264//504
f 254//505 253//505 265//505
f 254//506 265//506 266//506
f 253//507 255//507 267//507
f 253//508 267//508 265//508
f 255//509 256//509 268//509
f 255//510 268//510 267//510
f 256//511 257//511 269//511
f 256//512 269//512 268//512
f 257//513 258//513 270//513
f 257//514 270//514 269//514
f 258//515 259//515 271//515
f 258//516 271//516 270//516
f 259//517 260//517 272//517
f 259//518 272//518 271//518
f 260//519 261//519 273//519
f 260//520 273//520 272//520
f 261//521 262//521 274//521
f 261//522 274//522 273//522
f 262//523 263//523 275//523
f 262//524 275//524 274//524
f 263//525 264//525 276//525
f 263//526 276//526 275//526
f 264//527 254//527 266//527
f 264//528 266//528 276//528
f 266//529 265//529 277//529
f 266//530 277//530 278//530
f 265//531 267//531 279//531
f 265//532 279//532 277//532
f 267//533 268//533 280//533
f 267//534 280//534 279//534
f 268//535 269//535 281//535
f 268//536 281//536 280//536
f 269//537 270//537 282//537
f 269//538 282//538 281//538
f 270//539 271//539 283//539
f 270//540 283//540 282//540
f 271//541 272//541 284//541
f 271//542 284//542 283//542
f 272//543 273//543 285//543
f 272//544 285//544 284//544
f 273//545 274//545 286//545
f 273//546 286//546 285//546
f 274//547 275//547 287//547
f 274//548 287//548 286//548
f 275//549 276//549 288//549
f 275//550 288//550 287//550
f 276//551 266//551 278//551
f 276//552 278//552 288//552
f 278//553 277//553 289//553
f 278//554 289//554 290//554
f 277//555 279//555 291//555
f 277//556 291//556 289//556
f 279//557 280//557 292//557
f 279//558 292//558 291//558
f 280//559 281//559 293//559
f 280//560 293//560 292//560
f 281//561 282//561 294//561
f 281//562 294//562 293//562
f 282//563 283//563 295//563
f 282//564 295//564 294//564
f 283//565 284//565 296//565
f 283//566 296//566 295//566
f 284//567 285//567 297//567
f 284//568 297//568 296//568
f 285//569 286//569 298//569
f 285//570 298//570 297//570
f 286//571 287//571 299//571
f 286//572 299//572 298//572
f 287//573 288//573 300//573
f 287//574 300//574 299//574
f 288//575 278//575 290//575
f 288//576 290//576 300//576
f 290//577 289//577 301//577
f 290//578 301//578 302//578
f 289//579 291//579 303//579
f 289//580 303//580 301//580
f 291//581 292//581 304//581
f 291//582 304//582 303//582
f 292//583 293//583 305//583
f 292//584 305//584 304//584
f 293//585 294//585 306//585
f 293//586 306//586 305//586
f 294//587 295//587 307//587
f 294//588 307//588 306//588
f 295//589 296//589 308//589
f 295//590 308//590 307//590
f 296//591 297//591 309//591
f 296//592 309//592 308//592
f 297//593 298//593 310//593
f 297//594 310//594 309//594
f 298//595 299//595 311//595
f 298//596 311//596 310//596
f 299//597 300//597 312//597
f 299//598 312//598 311//598
f 300//599 290//599 302//599
f 300//600 302//600 312//600
f 302//601 301//601 313//601
f 301//602 303//602 314//602
f 301//603 314//603 313//603
f 303//604 304//604 313//604
f 303//605 313//605 314//605
f 304//606 305//606 313//606
f 305//607 306//607 313//607
f 306//608 307//608 313//608
f 307//609 308//609 313//609
f 308//610 309//610 313//610
f 309//611 310//611 313//611
f 310//612 311//612 313//612
f 311//613 312//613 313//613
f 312//614 302//614 313//614
f 313//615 314//615 315//615
f 314//616 313//616 315//616
f 316//617 317//617 318//617
f 316//618 319//618 317//618
f 316//619 320//619 319//619
f 316//620 321//620 320//620
f 316//621 322//621 321//621
f 316//622 318//622 322//622
f 318//623 317//623 323//623
f 318//624 323//624 324//624
f 317//625 319//625 325//625
f 317//626 325//626 323//626
f 319//627 320//627 326//627
f 319//628 326//628 325//628
f 320//629 321//629 327//629
f 320//630 327//630 326//630
f 321//631 322//631 328//631
f 321//632 328//632 327//632
f 322//633 318//633 324//633
f 322//634 324//634 328//634
f 324//635 323//635 329//635
f 324//636 329//636 330//636
f 323//637 325//637 331//637
f 323//638 331//638 329//638
f 325//639 326//639 332//639
f 325//640 332//640 331//640
f 326//641 327//641 333//641
f 326//642 333//642 332//642
f 327//643 328//643 334//643
f 327//644 334//644 333//644
f 328//645 324//645 330//645
f 328//646 330//646 334//646
f 330//647 329//647 335//647
f 330//648 335//648 336//648
f 329//649 331//649 337//649
f 329//650 337//650 335//650
f 331//651 332//651 338//651
f 331//652 338//652 337//652
f 332//653 333//653 339//653
f 332//654 339//654 338//654
f 333//655 334//655 340//655
f 333//656 340//656 339//656
f 334//657 330//657 336//657
f 334//658 336//658 340//658
f 336//659 335//659 341//659
f 336//660 341//660 342//660
f 335//661 337//661 343//661
f 335//662 343//662 341//662
f 337//663 338//663 344//663
f 337//664 344//664 343//664
f 338//665 339//665 345//665
f 338//666 345//666 344//666
f 339//667 340//667 346//667
f 339//668 346//668 345//668
f 340//669 336//669 342//669
f 340//670 342//670 346//670
f 342//671 341//671 347//671
f 342//672 347//672 348//672
f 341//673 343//673 349//673
f 341//674 349//674 347//674
f 343//675 344//675 350//675
f 343//676 350//676 349//676
f 344//677 345//677 351//677
f 344//678 351//678 350//678
f 345//679 346//679 352//679
f 345//680 352//680 351//680
f 346//681 342//681 348//681
f 346//682 348//682 352//682
f 348//683 347//683 353//683
f 348//684 353//684 354//684
f 347//685 349//685 355//685
f 347//686 355//686 353//686
f 349//687 350//687 356//687
f 349//688 356//688 355//688
f 350//689 351//689 357//689
f 350//690 357//690 356//690
f 351//691 352//691 358//691
f 351//692 358//692 357//692
f 352//693 348//693 354//693
f 352//694 354//694 358//694
f 354//695 353//695 359//695
f 353//696 355//696 359//696
f 355//697 356//697 359//697
f 356//698 357//698 359//698
f 357//699 358//699 359//699
f 358//700 354//700 359//700
f 360//701 361//701 362//701
f 360//702 363//702 361//702
f 360//703 364//703 363//703
f 360//704 365//704 364//704
f 360//705 366//705 365//705
f 360//706 362//706 366//706
f 362//707 361//707 367//707
f 362//708 367//708 368//708
f 361//709 363//709 369//709
f 361//710 369//710 367//710
f 363//711 364//711 370//711
f 363//712 370//712 369//712
f 364//713 365//713 371//713
f 364//714 371//714 370//714
f 365//715 366//715 372//715
f 365//716 372//716 371//716
f 366//717 362//717 368//717
f 366//718 368//718 372//718
f 368//719 367//719 373//719
f 368//720 373//720 374//720
f 367//721 369//721 375//721
f 367//722 375//722 373//722
f 369//723 370//723 376//723
f 369//724 376//724 375//724
f 370//725 371//725 377//725
f 370//726 377//726 376//726
f 371//727 372//727 378//727
f 371//728 378//728 377//728
f 372//729 368//729 374//729
f 372//730 374//730 378//730
f 374//731 373//731 379//731
f 374//732 379//732 380//732
f 373//733 375//733 381//733
f 373//734 381//734 379//734
f 375//735 376//735 382//735
f 375//736 382//736 381//736
f 376//737 377//737 383//737
f 376//738 383//738 382//738
f 377//739 378//739 384//739
f 377//740 384//740 383//740
f 378//741 374//741 380//741
f 378//742 380//742 384//742
f 380//743 379//743 385//743
f 380//744 385//744 386//744
f 379//745 381//745 387//745
f 379//746 387//746 385//746
f 381//747 382//747 388//747
f 381//748 388//748 387//748
f 382//749 383//749 389//749
f 382//750 389//750 388//750
f 383//751 384//751 390//751
f 383//752 390//752 389//752
f 384//753 380//753 386//753
f 384//754 386//754 390//754
f 386//755 385//755 391//755
f 386//756 391//756 392//756
f 385//757 387//757 393//757
f 385//758 393//758 391//758
f 387//759 388//759 394//759
f 387//760 394//760 393//760
f 388//761 389//761 395//761
f 388//762 395//762 394//762
f 389//763 390//763 396//763
f 389//764 396//764 395//764
f 390//765 386//765 392//765
f 390//766 392//766 396//766
f 392//767 391//767 397//767
f 392//768 397//768 398//768
f 391//769 393//769 399//769
f 391//770 399//770 397//770
f 393//771 394//771 400//771
f 393//772 400//772 399//772
f 394//773 395//773 401//773
f 394//774 401//774 400//774
f 395//775 396//775 402//775
f 395//776 402//776 401//776
f 396//777 392//777 398//777
f 396//778 398//778 402//778
f 398//779 397//779 403//779
f 397//780 399//780 403//780
f 399//781 400//781 403//781
f 400//782 401//782 403//782
f 401//783 402//783 403//783
f 402//784 398//784 403//784
f 404//785 405//785 406//785
f 404//786 407//786 405//786
f 404//787 408//787 407//787
f 404//788 409//788 408//788
f 404//789 410//789 409//789
f 404//790 406//790 410//790
f 406//791 405//791 411//791
f 406//792 411//792 412//792
f 405//793 407//793 413//793
f 405//794 413//794 411//794
f 407//795 408//795 414//795
f 407//796 414//796 413//796
f 408//797 409//797 415//797
f 408//798 415//798 414//798
f 409//799 410//799 416//799
f 409//800 416//800 415//800
f 410//801 406//801 412//801
f 410//802 412//802 416//802
f 412//803 411//803 417//803
f 412//804 417//804 418//804
f 411//805 413//805 419//805
f 411//806 419//806 417//806
f 413//807 414//807 420//807
f 413//808 420//808 419//808
f 414//809 415//809 421//809
f 414//810 421//810 420//810
f 415//811 416//811 422//811
f 415//812 422//812 421//812
f 416//813 412//813 418//813
f 416//814 418//814 422//814
f 418//815 417//815 423//815
f 418//816 423//816 424//816
f 417//817 419//817 425//817
f 417//818 425//818 423//818
f 419//819 420//819 426//819
f 419//820 426//820 425//820
f 420//821 421//821 427//821
f 420//822 427//822 426//822
f 421//823 422//823 428//823
f 421//824 428//824 427//824
f 422//825 418//825 424//825
f 422//826 424//826 428//826
f 424//827 423//827 429//827
f 424//828 429//828 430//828
f 423//829 425//829 431//829
f 423//830 431//830 429//830
f 425//831 426//831 432//831
f 425//832 432//832 431//832
f 426//833 427//833 433//833
f 426//834 433//834 432//834
f 427//835 428//835 434//835
f 427//836 434//836 433//836
f 428//837 424//837 430//837
f 428//838 430//838 434//838
f 430//839 429//839 435//839
f 430//840 435//840 436//840
f 429//841 431//841 437//841
f 429//842 437//842 435//842
f 431//843 432//843 438//843
f 431//844 438//844 437//844
f 432//845 433//845 439//845
f 432//846 439//846 438//846
f 433//847 434//847 440//847
f 433//848 440//848 439//848
f 434//849 430//849 436//849
f 434//850 436//850 440//850
f 436//851 435//851 441//851
f 436//852 441//852 442//852
f 435//853 437//853 443//853
f 435//854 443//854 441//854
f 437//855 438//855 444//855
f 437//856 444//856 443//856
f 438//857 439//857 445//857
f 438//858 445//858 444//858
f 439//859 440//859 446//859
f 439//860 446//860 445//860
f 440//861 436//861 442//861
f 440//862 442//862 446//862
f 442//863 441//863 447//863
f 441//864 443//864 447//864
f 443//865 444//865 447//865
f 444//866 445//866 447//866
f 445//867 446//867 447//867
f 446//868 442//868 447//868
f 448//869 449//869 450//869
f 448//870 451//870 449//870
f 448//871 452//871 451//871
f 448//872 453//872 452//872
f 448//873 454//873 453//873
f 448//874 450//874 454//874
f 450//875 449//875 455//875
f 450//876 455//876 456//876
f 449//877 451//877 457//877
f 449//878 457//878 455//878
f 451//879 452//879 458//879
f 451//880 458//880 457//880
f 452//881 453//881 459//881
f 452//882 459//882 458//882
f 453//883 454//883 460//883
f 453//884 460//884 459//884
f 454//885 450//885 456//885
f 454//886 456//886 460//886
f 456//887 455//887 461//887
f 456//888 461//888 462//888
f 455//889 457//889 463//889
f 455//890 463//890 461//890
f 457//891 458//891 464//891
f 457//892 464//892 463//892
f 458//893 459//893 465//893
f 458//894 465//894 464//894
f 459//895 460//895 466//895
f 459//896 466//896 465//896
f 460//897 456//897 462//897
f 460//898 462//898 466//898
f 462//899 461//899 467//899
f 462//900 467//900 468//900
f 461//901 463//901 469//901
f 461//902 469//902 467//902
f 463//903 464//903 470//903
f 463//904 470//904 469//904
f 464//905 465//905 471//905
f 464//906 471//906 470//906
f 465//907 466//907 472//907
f 465//908 472//908 471//908
f 466//909 462//909 468//909
f 466//910 468//910 472//910
f 468//911 467//911 473//911
f 468//912 473//912 474//912
f 467//913 469//913 475//913
f 467//914 475//914 473//914
f 469//915 470//915 476//915
f 469//916 476//916 475//916
f 470//917 471//917 477//917
f 470//918 477//918 476//918
f 471//919 472//919 478//919
f 471//920 478//920 477//920
f 472//921 468//921 474//921
f 472//922 474//922 478//922
f 474//923 473//923 479//923
f 474//924 479//924 480//924
f 473//925 475//925 481//925
f 473//926 481//926 479//926
f 475//927 476//927 482//927
f 475//928 482//928 481//928
f 476//929 477//929 483//929
f 476//930 483//930 482//930
f 477//931 478//931 484//931
f 477//932 484//932 483//932
f 478//933 474//933 480//933
f 478//934 480//934 484//934
f 480//935 479//935 485//935
f 480//936 485//936 486//936
f 479//937 481//937 487//937
f 479//938 487//938 485//938
f 481//939 482//939 488//939
f 481//940 488//940 487//940
f 482//941 483//941 489//941
f 482//942 489//942 488//942
f 483//943 484//943 490//943
f 483//944 490//944 489//944
f 484//945 480//945 486//945
f 484//946 486//946 490//946
f 486//947 485//947 491//947
f 485//948 487//948 491//948
f 487//949 488//949 491//949
f 488//950 489//950 491//950
f 489//951 490//951 491//951
f 490//952 486//952 491//952
f 492//953 493//953 494//953
f 492//954 495//954 493//954
f 492//955 496//955 495//955
f 492//956 497//956 496//956
f 492//957 498//957 497//957
f 492//958 494//958 498//958
f 494//959 493//959 499//959
f 494//960 499//960 500//960
f 493//961 495//961 501//961
f 493//962 501//962 499//962
f 495//963 496//963 502//963
f 495//964 502//964 501//964
f 496//965 497//965 503//965
f 496//966 503//966 502//966
f 497//967 498//967 504//967
f 497//968 504//968 503//968
f 498//969 494//969 500//969
f 498//970 500//970 504//970
f 500//971 499//971 505//971
f 500//972 505//972 506//972
f 499//973 501//973 507//973
f 499//974 507//974 505//974
f 501//975 502//975 508//975
f 501//976 508//976 507//976
f 502//977 503//977 509//977
f 502//978 509//978 508//978
f 503//979 504//979 510//979
f 503//980 510//980 509//980
f 504//981 500//981 506//981
f 504//982 506//982 510//982
f 506//983 505//983 511//983
f 506//984 511//984 512//984
f 505//985 507//985 513//985
f 505//986 513//986 511//986
f 507//987 508//987 514//987
f 507//988 514//988 513//988
f 508//989 509//989 515//989
f 508//990 515//990 514//990
f 509//991 510//991 516//991
f 509//992 516//992 515//992
f 510//993 506//993 512//993
f 510//994 512//994 516//994
f 512//995 511//995 517//995
f 512//996 517//996 518//996
f 511//997 513//997 519//997
f 511//998 519//998 517//998
f 513//999 514//999 520//999
f 513//1000 520//1000 519//1000
f 514//1001 515//1001 521//1001
f 514//1002 521//1002 520//1002
f 515//1003 516//1003 522//1003
f 515//1004 522//1004 521//1004
f 516//1005 512//1005 518//1005
f 516//1006 518//1006 522//1006
f 518//1007 517//1007 523//1007
f 518//1008 523//1008 524//1008
f 517//1009 519//1009 525//1009
f 517//1010 525//1010 523//1010
f 519//1011 520//1011 526//1011
f 519//1012 526//1012 525//1012
f 520//1013 521//1013 527//1013
f 520//1014 527//1014 526//1014
f 521//1015 522//1015 528//1015
f 521//1016 528//1016 527//1016
f 522//1017 518//1017 524//1017
f 522//1018 524//1018 528//1018
f 524//1019 523//1019 529//1019
f 524//1020 529//1020 530//1020
f 523//1021 525//1021 531//1021
f 523//1022 531//1022 529//1022
f 525//1023 526//1023 532//1023
f 525//1024 532//1024 531//1024
f 526//1025 527//1025 533//1025
f 526//1026 533//1026 532//1026
f 527//1027 528//1027 534//1027
f 527//1028 534//1028 533//1028
f 528//1029 524//1029 530//1029
f 528//1030 530//1030 534//1030
f 530//1031 529//1031 535//1031
f 529//1032 531//1032 535//1032
f 531//1033 532//1033 535//1033
f 532//1034 533//1034 535//1034
f 533//1035 534//1035 535//1035
f 534//1036 530//1036 535//1036
f 536//1037 537//1037 538//1037
f 536//1038 539//1038 537//1038
f 536//1039 540//1039 539//1039
f 536//1040 541//1040 540//1040
f 536//1041 542//1041 541//1041
f 536//1042 538//1042 542//1042
f 538//1043 537//1043 543//1043
f 538//1044 543//1044 544//1044
f 537//1045 539//1045 545//1045
f 537//1046 545//1046 543//1046
f 539//1047 540//1047 546//1047
f 539//1048 546//1048 545//1048
f 540//1049 541//1049 547//1049
f 540//1050 547//1050 546//1050
f 541//1051 542//1051 548//1051
f 541//1052 548//1052 547//1052
f 542//1053 538//1053 544//1053
f 542//1054 544//1054 548//1054
f 544//1055 543//1055 549//1055
f 544//1056 549//1056 550//1056
f 543//1057 545//1057 551//1057
f 543//1058 551//1058 549//1058
f 545//1059 546//1059 552//1059
f 545//1060 552//1060 551//1060
f 546//1061 547//1061 553//1061
f 546//1062 553//1062 552//1062
f 547//1063 548//1063 554//1063
f 547//1064 554//1064 553//1064
f 548//1065 544//1065 550//1065
f 548//1066 550//1066 554//1066
f 550//1067 549//1067 555//1067
f 550//1068 555//1068 556//1068
f 549//1069 551//1069 557//1069
f 549//1070 557//1070 555//1070
f 551//1071 552//1071 558//1071
f 551//1072 558//1072 557//1072
f 552//1073 553//1073 559//1073
f 552//1074 559//1074 558//1074
f 553//1075 554//1075 560//1075
f 553//1076 560//1076 559//1076
f 554//1077 550//1077 556//1077
f 554//1078 556//1078 560//1078
f 556//1079 555//1079 561//1079
f 556//1080 561//1080 562//1080
f 555//1081 557//1081 563//1081
f 555//1082 563//1082 561//1082
f 557//1083 558//1083 564//1083
f 557//1084 564//1084 563//1084
f 558//1085 559//1085 565//1085
f 558//1086 565//1086 564//1086
f 559//1087 560//1087 566//1087
f 559//1088 566//1088 565//1088
f 560//1089 556//1089 562//1089
f 560//1090 562//1090 566//1090
f 562//1091 561//1091 567//1091
f 562//1092 567//1092 568//1092
f 561//1093 563//1093 569//1093
f 561//1094 569//1094 567//1094
f 563//1095 564//1095 570//1095
f 563//1096 570//1096 569//1096
f 564//1097 565//1097 571//1097
f 564//1098 571//1098 570//1098
f 565//1099 566//1099 572//1099
f 565//1100 572//1100 571//1100
f 566//1101 562//1101 568//1101
f 566//1102 568//1102 572//1102
f 568//1103 567//1103 573//1103
f 568//1104 573//1104 574//1104
f 567//1105 569//1105 575//1105
f 567//1106 575//1106 573//1106
f 569//1107 570//1107 576//1107
f 569//1108 576//1108 575//1108
f 570//1109 571//1109 577//1109
f 570//1110 577//1110 576//1110
f 571//1111 572//1111 578//1111
f 571//1112 578//1112 577//1112
f 572//1113 568//1113 574//1113
f 572//1114 574//1114 578//1114
f 574//1115 573//1115 579//1115
f 573//1116 575//1116 579//1116
f 575//1117 576//1117 579//1117
f 576//1118 577//1118 579//1118
f 577//1119 578//1119 579//1119
f 578//1120 574//1120 579//1120
f 580//1121 581//1121 582//1121
f 580//1122 583//1122 581//1122
f 580//1123 584//1123 583//1123
f 580//1124 585//1124 584//1124
f 580//1125 586//1125 585//1125
f 580//1126 582//1126 586//1126
f 582//1127 581//1127 587//1127
f 582//1128 587//1128 588//1128
f 581//1129 583//1129 589//1129
f 581//1130 589//1130 587//1130
f 583//1131 584//1131 590//1131
f 583//1132 590//1132 589//1132
f 584//1133 585//1133 591//1133
f 584//1134 591//1134 590//1134
f 585//1135 586//1135 592//1135
f 585//1136 592//1136 591//1136
f 586//1137 582//1137 588//1137
f 586//1138 588//1138 592//1138
f 588//1139 587//1139 593//1139
f 588//1140 593//1140 594//1140
f 587//1141 589//1141 595//1141
f 587//1142 595//1142 593//1142
f 589//1143 590//1143 596//1143
f 589//1144 596//1144 595//1144
f 590//1145 591//1145 597//1145
f 590//1146 597//1146 596//1146
f 591//1147 592//1147 598//1147
f 591//1148 598//1148 597//1148
f 592//1149 588//1149 594//1149
f 592//1150 594//1150 598//1150
f 594//1151 593//1151 599//1151
f 594//1152 599//1152 600//1152
f 593//1153 595//1153 601//1153
f 593//1154 601//1154 599//1154
f 595//1155 596//1155 602//1155
f 595//1156 602//1156 601//1156
f 596//1157 597//1157 603//1157
f 596//1158 603//1158 602//1158
f 597//1159 598//1159 604//1159
f 597//1160 604//1160 603//1160
f 598//1161 594//1161 600//1161
f 598//1162 600//1162 604//1162
f 600//1163 599//1163 605//1163
f 600//1164 605//1164 606//1164
f 599//1165 601//1165 607//1165
f 599//1166 607//1166 605//1166
f 601//1167 602//1167 608//1167
f 601//1168 608//1168 607//1168
f 602//1169 603//1169 609//1169
f 602//1170 609//1170 608//1170
f 603//1171 604//1171 610//1171
f 603//1172 610//1172 609//1172
f 604//1173 600//1173 606//1173
f 604//1174 606//1174 610//1174
f 606//1175 605//1175 611//1175
f 606//1176 611//1176 612//1176
f 605//1177 607//1177 613//1177
f 605//1178 613//1178 611//1178
f 607//1179 608//1179 614//1179
f 607//1180 614//1180 613//1180
f 608//1181 609//1181 615//1181
f 608//1182 615//1182 614//1182
f 609//1183 610//1183 616//1183
f 609//1184 616//1184 615//1184
f 610//1185 606//1185 612//1185
f 610//1186 612//1186 616//1186
f 612//1187 611//1187 617//1187
f 612//1188 617//1188 618//1188
f 611//1189 613//1189 619//1189
f 611//1190 619//1190 617//1190
f 613//1191 614//1191 620//1191
f 613//1192 620//1192 619//1192
f 614//1193 615//1193 621//1193
f 614//1194 621//1194 620//1194
f 615//1195 616//1195 622//1195
f 615//1196 622//1196 621//1196
f 616//1197 612//1197 618//1197
f 616//1198 618//1198 622//1198
f 618//1199 617//1199 623//1199
f 617//1200 619//1200 623//1200
f 619//1201 620//1201 623//1201
f 620//1202 621//1202 623//1202
f 621//1203 622//1203 623//1203
f 622//1204 618//1204 623//1204
f 624//1205 625//1205 626//1205
f 624//1206 627//1206 625//1206
f 624//1207 628//1207 627//1207
f 624//1208 629//1208 628//1208
f 624//1209 630//1209 629//1209
f 624//1210 626//1210 630//1210
f 626//1211 625//1211 631//1211
f 626//1212 631//1212 632//1212
f 625//1213 627//1213 633//1213
f 625//1214 633//1214 631//1214
f 627//1215 628//1215 634//1215
f 627//1216 634//1216 633//1216
f 628//1217 629//1217 635//1217
f 628//1218 635//1218 634//1218
f 629//1219 630//1219 636//1219
f 629//1220 636//1220 635//1220
f 630//1221 626//1221 632//1221
f 630//1222 632//1222 636//1222
f 632//1223 631//1223 637//1223
f 632//1224 637//1224 638//1224
f 631//1225 633//1225 639//1225
f 631//1226 639//1226 637//1226
f 633//1227 634//1227 640//1227
f 633//1228 640//1228 639//1228
f 634//1229 635//1229 641//1229
f 634//1230 641//1230 640//1230
f 635//1231 636//1231 642//1231
f 635//1232 642//1232 641//1232
f 636//1233 632//1233 638//1233
f 636//1234 638//1234 642//1234
f 638//1235 637//1235 643//1235
f 638//1236 643//1236 644//1236
f 637//1237 639//1237 645//1237
f 637//1238 645//1238 643//1238
f 639//1239 640//1239 646//1239
f 639//1240 646//1240 645//1240
f 640//1241 641//1241 647//1241
f 640//1242 647//1242 646//1242
f 641//1243 642//1243 648//1243
f 641//1244 648//1244 647//1244
f 642//1245 638//1245 644//1245
f 642//1246 644//1246 648//1246
f 644//1247 643//1247 649//1247
f 644//1248 649//1248 650//1248
f 643//1249 645//1249 651//1249
f 643//1250 651//1250 649//1250
f 645//1251 646//1251 652//1251
f 645//1252 652//1252 651//1252
f 646//1253 647//1253 653//1253
f 646//1254 653//1254 652//1254
f 647//1255 648//1255 654//1255
f 647//1256 654//1256 653//1256
f 648//1257 644//1257 650//1257
f 648//1258 650//1258 654//1258
f 650//1259 649//1259 655//1259
f 650//1260 655//1260 656//1260
f 649//1261 651//1261 657//1261
f 649//1262 657//1262 655//1262
f 651//1263 652//1263 658//1263
f 651//1264 658//1264 657//1264
f 652//1265 653//1265 659//1265
f 652//1266 659//1266 658//1266
f 653//1267 654//1267 660//1267
f 653//1268 660//1268 659//1268
f 654//1269 650//1269 656//1269
f 654//1270 656//1270 660//1270
f 656//1271 655//1271 661//1271
f 656//1272 661//1272 662//1272
f 655//1273 657//1273 663//1273
f 655//1274 663//1274 661//1274
f 657//1275 658//1275 664//1275
f 657//1276 664//1276 663//1276
f 658//1277 659//1277 665//1277
f 658//1278 665//1278 664//1278
f 659//1279 660//1279 666//1279
f 659//1280 666//1280 665//1280
f 660//1281 656//1281 662//1281
f 660//1282 662//1282 666//1282
f 662//1283 661//1283 667//1283
f 661//1284 663//1284 667//1284
f 663//1285 664//1285 667//1285
f 664//1286 665//1286 667//1286
f 665//1287 666//1287 667//1287
f 666//1288 662//1288 667//1288
f 668//1289 669//1289 670//1289
f 668//1290 671//1290 669//1290
f 668//1291 672//1291 671//1291
f 668//1292 673//1292 672//1292
f 668//1293 674//1293 673//1293
f 668//1294 670//1294 674//1294
f 670//1295 669//1295 675//1295
f 670//1296 675//1296 676//1296
f 669//1297 671//1297 677//1297
f 669//1298 677//1298 675//1298
f 671//1299 672//1299 678//1299
f 671//1300 678//1300 677//1300
f 672//1301 673//1301 679//1301
f 672//1302 679//1302 678//1302
f 673//1303 674//1303 680//1303
f 673//1304 680//1304 679//1304
f 674//1305 670//1305 676//1305
f 674//1306 676//1306 680//1306
f 676//1307 675//1307 681//1307
f 676//1308 681//1308 682//1308
f 675//1309 677//1309 683//1309
f 675//1310 683//1310 681//1310
f 677//1311 678//1311 684//1311
f 677//1312 684//1312 683//1312
f 678//1313 679//1313 685//1313
f 678//1314 685//1314 684//1314
f 679//1315 680//1315 686//1315
f 679//1316 686//1316 685//1316
f 680//1317 676//1317 682//1317
f 680//1318 682//1318 686//1318
f 682//1319 681//1319 687//1319
f 682//1320 687//1320 688//1320
f 681//1321 683//1321 689//1321
f 681//1322 689//1322 687//1322
f 683//1323 684//1323 690//1323
f 683//1324 690//1324 689//1324
f 684//1325 685//1325 691//1325
f 684//1326 691//1326 690//1326
f 685//1327 686//1327 692//1327
f 685//1328 692//1328 691//1328
f 686//1329 682//1329 688//1329
f 686//1330 688//1330 692//1330
f 688//1331 687//1331 693//1331
f 688//1332 693//1332 694//1332
f 687//1333 689//1333 695//1333
f 687//1334 695//1334 693//1334
f 689//1335 690//1335 696//1335
f 689//1336 696//1336 695//1336
f 690//1337 691//1337 697//1337
f 690//1338 697//1338 696//1338
f 691//1339 692//1339 698//1339
f 691//1340 698//1340 697//1340
f 692//1341 688//1341 694//1341
f 692//1342 694//1342 698//1342
f 694//1343 693//1343 699//1343
f 694//1344 699//1344 700//1344
f 693//1345 695//1345 701//1345
f 693//1346 701//1346 699//1346
f 695//1347 696//1347 702//1347
f 695//1348 702//1348 701//1348
f 696//1349 697//1349 703//1349
f 696//1350 703//1350 702//1350
f 697//1351 698//1351 704//1351
f 697//1352 704//1352 703//1352
f 698//1353 694//1353 700//1353
f 698//1354 700//1354 704//1354
f 700//1355 699//1355 705//1355
f 700//1356 705//1356 706//1356
f 699//1357 701//1357 707//1357
f 699//1358 707//1358 705//1358
f 701//1359 702//1359 708//1359
f 701//1360 708//1360 707//1360
f 702//1361 703//1361 709//1361
f 702//1362 709//1362 708//1362
f 703//1363 704//1363 710//1363
f 703//1364 710//1364 709//1364
f 704//1365 700//1365 706//1365
f 704//1366 706//1366 710//1366
f 706//1367 705//1367 711//1367
f 705//1368 707//1368 711//1368
f 707//1369 708//1369 711//1369
f 708//1370 709//1370 711//1370
f 709//1371 710//1371 711//1371
f 710//1372 706//1372 711//1372
f 712//1373 713//1373 714//1373
f 712//1374 715//1374 713//1374
f 712//1375 716//1375 715//1375
f 712//1376 717//1376 716//1376
f 712//1377 718//1377 717//1377
f 712//1378 714//1378 718//1378
f 714//1379 713//1379 719//1379
f 714//1380 719//1380 720//1380
f 713//1381 715//1381 721//1381
f 713//1382 721//1382 719//1382
f 715//1383 716//1383 722//1383
f 715//1384 722//1384 721//1384
f 716//1385 717//1385 723//1385
f 716//1386 723//1386 722//1386
f 717//1387 718//1387 724//1387
f 717//1388 724//1388 723//1388
f 718//1389 714//1389 720//1389
f 718//1390 720//1390 724//1390
f 720//1391 719//1391 725//1391
f 720//1392 725//1392 726//1392
f 719//1393 721//1393 727//1393
f 719//1394 727//1394 725//1394
f 721//1395 722//1395 728//1395
f 721//1396 728//1396 727//1396
f 722//1397 723//1397 729//1397
f 722//1398 729//1398 728//1398
f 723//1399 724//1399 730//1399
f 723//1400 730//1400 729//1400
f 724//1401 720//1401 726//1401
f 724//1402 726//1402 730//1402
f 726//1403 725//1403 731//1403
f 726//1404 731//1404 732//1404
f 725//1405 727//1405 733//1405
f 725//1406 733//1406 731//1406
f 727//1407 728//1407 734//1407
f 727//1408 734//1408 733//1408
f 728//1409 729//1409 735//1409
f 728//1410 735//1410 734//1410
f 729//1411 730//1411 736//1411
f 729//1412 736//1412 735//1412
f 730//1413 726//1413 732//1413
f 730//1414 732//1414 736//1414
f 732//1415 731//1415 737//1415
f 732//1416 737//1416 738//1416
f 731//1417 733//1417 739//1417
f 731//1418 739//1418 737//1418
f 733//1419 734//1419 740//1419
f 733//1420 740//1420 739//1420
f 734//1421 735//1421 741//1421
f 734//1422 741//1422 740//1422
f 735//1423 736//1423 742//1423
f 735//1424 742//1424 741//1424
f 736//1425 732//1425 738//1425
f 736//1426 738//1426 742//1426
f 738//1427 737//1427 743//1427
f 738//1428 743//1428 744//1428
f 737//1429 739//1429 745//1429
f 737//1430 745//1430 743//1430
f 739//1431 740//1431 746//1431
f 739//1432 746//1432 745//1432
f 740//1433 741//1433 747//1433
f 740//1434 747//1434 746//1434
f 741//1435 742//1435 748//1435
f 741//1436 748//1436 747//1436
f 742//1437 738//1437 744//1437
f 742//1438 744//1438 748//1438
f 744//1439 743//1439 749//1439
f 744//1440 749//1440 750//1440
f 743//1441 745//1441 751//1441
f 743//1442 751//1442 749//1442
f 745//1443 746//1443 752//1443
f 745//1444 752//1444 751//1444
f 746//1445 747//1445 753//1445
f 746//1446 753//1446 752//1446
f 747//1447 748//1447 754//1447
f 747//1448 754//1448 753//1448
f 748//1449 744//1449 750//1449
f 748//1450 750//1450 754//1450
f 750//1451 749//1451 755//1451
f 749//1452 751//1452 755//1452
f 751//1453 752//1453 755//1453
f 752//1454 753//1454 755//1454
f 753//1455 754//1455 755//1455
f 754//1456 750//1456 755//1456
f 756//1457 757//1457 758//1457
f 756//1458 759//1458 757//1458
f 756//1459 760//1459 759//1459
f 756//1460 761//1460 760//1460
f 756//1461 762//1461 761//1461
f 756//1462 758//1462 762//1462
f 758//1463 757//1463 763//1463
f 758//1464 763//1464 764//1464
f 757//1465 759//1465 765//1465
f 757//1466 765//1466 763//1466
f 759//1467 760//1467 766//1467
f 759//1468 766//1468 765//1468
f 760//1469 761//1469 767//1469
f 760//1470 767//1470 766//1470
f 761//1471 762//1471 768//1471
f 761//1472 768//1472 767//1472
f 762//1473 758//1473 764//1473
f 762//1474 764//1474 768//1474
f 764//1475 763//1475 769//1475
f 764//1476 769//1476 770//1476
f 763//1477 765//1477 771//1477
f 763//1478 771//1478 769//1478
f 765//1479 766//1479 772//1479
f 765//1480 772//1480 771//1480
f 766//1481 767//1481 773//1481
f 766//1482 773//1482 772//1482
f 767//1483 768//1483 774//1483
f 767//1484 774//1484 773//1484
f 768//1485 764//1485 770//1485
f 768//1486 770//1486 774//1486
f 770//1487 769//1487 775//1487
f 770//1488 775//1488 776//1488
f 769//1489 771//1489 777//1489
f 769//1490 777//1490 775//1490
f 771//1491 772//1491 778//1491
f 771//1492 778//1492 777//1492
f 772//1493 773//1493 779//1493
f 772//1494 779//1494 778//1494
f 773//1495 774//1495 780//1495
f 773//1496 780//1496 779//1496
f 774//1497 770//1497 776//1497
f 774//1498 776//1498 780//1498
f 776//1499 775//1499 781//1499
f 776//1500 781//1500 782//1500
f 775//1501 777//1501 783//1501
f 775//1502 783//1502 781//1502
f 777//1503 778//1503 784//1503
f 777//1504 784//1504 783//1504
f 778//1505 779//1505 785//1505
f 778//1506 785//1506 784//1506
f 779//1507 780//1507 786//1507
f 779//1508 786//1508 785//1508
f 780//1509 776//1509 782//1509
f 780//1510 782//1510 786//1510
f 782//1511 781//1511 787//1511
f 782//1512 787//1512 788//1512
f 781//1513 783//1513 789//1513
f 781//1514 789//1514 787//1514
f 783//1515 784//1515 790//1515
f 783//1516 790//1516 789//1516
f 784//1517 785//1517 791//1517
f 784//1518 791//1518 790//1518
f 785//1519 786//1519 792//1519
f 785//1520 792//1520 791//1520
f 786//1521 782//1521 788//1521
f 786//1522 788//1522 792//1522
f 788//1523 787//1523 793//1523
f 788//1524 793//1524 794//1524
f 787//1525 789//1525 795//1525
f 787//1526 795//1526 793//1526
f 789//1527 790//1527 796//1527
f 789//1528 796//1528 795//1528
f 790//1529 791//1529 797//1529
f 790//1530 797//1530 796//1530
f 791//1531 792//1531 798//1531
f 791//1532 798//1532 797//1532
f 792//1533 788//1533 794//1533
f 792//1534 794//1534 798//1534
f 794//1535 793//1535 799//1535
f 793//1536 795//1536 799//1536
f 795//1537 796//1537 799//1537
f 796//1538 797//1538 799//1538
f 797//1539 798//1539 799//1539
f 798//1540 794//1540 799//1540
f 800//1541 801//1541 802//1541
f 800//1542 803//1542 801//1542
f 800//1543 804//1543 803//1543
f 800//1544 805//1544 804//1544
f 800//1545 806//1545 805//1545
f 800//1546 802//1546 806//1546
f 802//1547 801//1547 807//1547
f 802//1548 807//1548 808//1548
f 801//1549 803//1549 809//1549
f 801//1550 809//1550 807//1550
f 803//1551 804//1551 810//1551
f 803//1552 810//1552 809//1552
f 804//1553 805//1553 811//1553
f 804//1554 811//1554 810//1554
f 805//1555 806//1555 812//1555
f 805//1556 812//1556 811//1556
f 806//1557 802//1557 808//1557
f 806//1558 808//1558 812//1558
f 808//1559 807//1559 813//1559
f 808//1560 813//1560 814//1560
f 807//1561 809//1561 815//1561
f 807//1562 815//1562 813//1562
f 809//1563 810//1563 816//1563
f 809//1564 816//1564 815//1564
f 810//1565 811//1565 817//1565
f 810//1566 817//1566 816//1566
f 811//1567 812//1567 818//1567
f 811//1568 818//1568 817//1568
f 812//1569 808//1569 814//1569
f 812//1570 814//1570 818//1570
f 814//1571 813//1571 819//1571
f 814//1572 819//1572 820//1572
f 813//1573 815//1573 821//1573
f 813//1574 821//1574 819//1574
f 815//1575 816//1575 822//1575
f 815//1576 822//1576 821//1576
f 816//1577 817//1577 823//1577
f 816//1578 823//1578 822//1578
f 817//1579 818//1579 824//1579
f 817//1580 824//1580 823//1580
f 818//1581 814//1581 820//1581
f 818//1582 820//1582 824//1582
f 820//1583 819//1583 825//1583
f 820//1584 825//1584 826//1584
f 819//1585 821//1585 827//1585
f 819//1586 827//1586 825//1586
f 821//1587 822//1587 828//1587
f 821//1588 828//1588 827//1588
f 822//1589 823//1589 829//1589
f 822//1590 829//1590 828//1590
f 823//1591 824//1591 830//1591
f 823//1592 830//1592 829//1592
f 824//1593 820//1593 826//1593
f 824//1594 826//1594 830//1594
f 826//1595 825//1595 831//1595
f 826//1596 831//1596 832//1596
f 825//1597 827//1597 833//1597
f 825//1598 833//1598 831//1598
f 827//1599 828//1599 834//1599
f 827//1600 834//1600 833//1600
f 828//1601 829//1601 835//1601
f 828//1602 835//1602 834//1602
f 829//1603 830//1603 836//1603
f 829//1604 836//1604 835//1604
f 830//1605 826//1605 832//1605
f 830//1606 832//1606 836//1606
f 832//1607 831//1607 837//1607
f 832//1608 837//1608 838//1608
f 831//1609 833//1609 839//1609
f 831//1610 839//1610 837//1610
f 833//1611 834//1611 840//1611
f 833//1612 840//1612 839//1612
f 834//1613 835//1613 841//1613
f 834//1614 841//1614 840//1614
f 835//1615 836//1615 842//1615
f 835//1616 842//1616 841//1616
f 836//1617 832//1617 838//1617
f 836//1618 838//1618 842//1618
f 838//1619 837//1619 843//1619
f 837//1620 839//1620 843//1620
f 839//1621 840//1621 843//1621
f 840//1622 841//1622 843//1622
f 841//1623 842//1623 843//1623
f 842//1624 838//1624 843//1624
f 844//1625 845//1625 846//1625
f 844//1626 847//1626 845//1626
f 844//1627 848//1627 847//1627
f 844//1628 849//1628 848//1628
f 844//1629 850//1629 849//1629
f 844//1630 846//1630 850//1630
f 846//1631 845//1631 851//1631
f 846//1632 851//1632 852//1632
f 845//1633 847//1633 853//1633
f 845//1634 853//1634 851//1634
f 847//1635 848//1635 854//1635
f 847//1636 854//1636 853//1636
f 848//1637 849//1637 855//1637
f 848//1638 855//1638 854//1638
f 849//1639 850//1639 856//1639
f 849//1640 856//1640 855//1640
f 850//1641 846//1641 852//1641
f 850//1642 852//1642 856//1642
f 852//1643 851//1643 857//1643
f 852//1644 857//1644 858//1644
f 851//1645 853//1645 859//1645
f 851//1646 859//1646 857//1646
f 853//1647 854//1647 860//1647
f 853//1648 860//1648 859//1648
f 854//1649 855//1649 861//1649
f 854//1650 861//1650 860//1650
f 855//1651 856//1651 862//1651
f 855//1652 862//1652 861//1652
f 856//1653 852//1653 858//1653
f 856//1654 858//1654 862//1654
f 858//1655 857//1655 863//1655
f 858//1656 863//1656 864//1656
f 857//1657 859//1657 865//1657
f 857//1658 865//1658 863//1658
f 859//1659 860//1659 866//1659
f 859//1660 866//1660 865//1660
f 860//1661 861//1661 867//1661
f 860//1662 867//1662 866//1662
f 861//1663 862//1663 868//1663
f 861//1664 868//1664 867//1664
f 862//1665 858//1665 864//1665
f 862//1666 864//1666 868//1666
f 864//1667 863//1667 869//1667
f 864//1668 869//1668 870//1668
f 863//1669 865//1669 871//1669
f 863//1670 871//1670 869//1670
f 865//1671 866//1671 872//1671
f 865//1672 872//1672 871//1672
f 866//1673 867//1673 873//1673
f 866//1674 873//1674 872//1674
f 867//1675 868//1675 874//1675
f 867//1676 874//1676 873//1676
f 868//1677 864//1677 870//1677
f 868//1678 870//1678 874//1678
f 870//1679 869//1679 875//1679
f 870//1680 875//1680 876//1680
f 869//1681 871//1681 877//1681
f 869//1682 877//1682 875//1682
f 871//1683 872//1683 878//1683
f 871//1684 878//1684 877//1684
f 872//1685 873//1685 879//1685
f 872//1686 879//1686 878//1686
f 873//1687 874//1687 880//1687
f 873//1688 880//1688 879//1688
f 874//1689 870//1689 876//1689
f 874//1690 876//1690 880//1690
f 876//1691 875//1691 881//1691
f 876//1692 881//1692 882//1692
f 875//1693 877//1693 883//1693
f 875//1694 883//1694 881//1694
f 877//1695 878//1695 884//1695
f 877//1696 884//1696 883//1696
f 878//1697 879//1697 885//1697
f 878//1698 885//1698 884//1698
f 879//1699 880//1699 886//1699
f 879//1700 886//1700 885//1700
f 880//1701 876//1701 882//1701
f 880//1702 882//1702 886//1702
f 882//1703 881//1703 887//1703
f 881//1704 883//1704 887//1704
f 883//1705 884//1705 887//1705
f 884//1706 885//1706 887//1706
f 885//1707 886//1707 887//1707
f 886//1708 882//1708 887//1708
f 888//1709 889//1709 890//1709
f 888//1710 891//1710 889//1710
f 888//1711 892//1711 891//1711
f 888//1712 893//1712 892//1712
f 888//1713 894//1713 893//1713
f 888//1714 890//1714 894//1714
f 890//1715 889//1715 895//1715
f 890//1716 895//1716 896//1716
f 889//1717 891//1717 897//1717
f 889//1718 897//1718 895//1718
f 891//1719 892//1719 898//1719
f 891//1720 898//1720 897//1720
f 892//1721 893//1721 899//1721
f 892//1722 899//1722 898//1722
f 893//1723 894//1723 900//1723
f 893//1724 900//1724 899//1724
f 894//1725 890//1725 896//1725
f 894//1726 896//1726 900//1726
f 896//1727 895//1727 901//1727
f 896//1728 901//1728 902//1728
f 895//1729 897//1729 903//1729
f 895//1730 903//1730 901//1730
f 897//1731 898//1731 904//1731
f 897//1732 904//1732 903//1732
f 898//1733 899//1733 905//1733
f 898//1734 905//1734 904//1734
f 899//1735 900//1735 906//1735
f 899//1736 906//1736 905//1736
f 900//1737 896//1737 902//1737
f 900//1738 902//1738 906//1738
f 902//1739 901//1739 907//1739
f 902//1740 907//1740 908//1740
f 901//1741 903//1741 909//1741
f 901//1742 909//1742 907//1742
f 903//1743 904//1743 910//1743
f 903//1744 910//1744 909//1744
f 904//1745 905//1745 911//1745
f 904//1746 911//1746 910//1746
f 905//1747 906//1747 912//1747
f 905//1748 912//1748 911//1748
f 906//1749 902//1749 908//1749
f 906//1750 908//1750 912//1750
f 908//1751 907//1751 913//1751
f 908//1752 913//1752 914//1752
f 907//1753 909//1753 915//1753
f 907//1754 915//1754 913//1754
f 909//1755 910//1755 916//1755
f 909//1756 916//1756 915//1756
f 910//1757 911//1757 917//1757
f 910//1758 917//1758 916//1758
f 911//1759 912//1759 918//1759
f 911//1760 918//1760 917//1760
f 912//1761 908//1761 914//1761
f 912//1762 914//1762 918//1762
f 914//1763 913//1763 919//1763
f 914//1764 919//1764 920//1764
f 913//1765 915//1765 921//1765
f 913//1766 921//1766 919//1766
f 915//1767 916//1767 922//1767
f 915//1768 922//1768 921//1768
f 916//1769 917//1769 923//1769
f 916//1770 923//1770 922//1770
f 917//1771 918//1771 924//1771
f 917//1772 924//1772 923//1772
f 918//1773 914//1773 920//1773
f 918//1774 920//1774 924//1774
f 920//1775 919//1775 925//1775
f 920//1776 925//1776 926//1776
f 919//1777 921//1777 927//1777
f 919//1778 927//1778 925//1778
f 921//1779 922//1779 928//1779
f 921//1780 928//1780 927//1780
f 922//1781 923//1781 929//1781
f 922//1782 929//1782 928//1782
f 923//1783 924//1783 930//1783
f 923//1784 930//1784 929//1784
f 924//1785 920//1785 926//1785
f 924//1786 926//1786 930//1786
f 926//1787 925//1787 931//1787
f 925//1788 927//1788 931//1788
f 927//1789 928//1789 931//1789
f 928//1790 929//1790 931//1790
f 929//1791 930//1791 931//1791
f 930//1792 926//1792 931//1792
f 932//1793 933//1793 934//1793
f 932//1794 935//1794 933//1794
f 932//1795 936//1795 935//1795
f 932//1796 937//1796 936//1796
f 932//1797 938//1797 937//1797
f 932//1798 934//1798 938//1798
f 934//1799 933//1799 939//1799
f 934//1800 939//1800 940//1800
f 933//1801 935//1801 941//1801
f 933//1802 941//1802 939//1802
f 935//1803 936//1803 942//1803
f 935//1804 942//1804 941//1804
f 936//1805 937//1805 943//1805
f 936//1806 943//1806 942//1806
f 937//1807 938//1807 944//1807
f 937//1808 944//1808 943//1808
f 938//1809 934//1809 940//1809
f 938//1810 940//1810 944//1810
f 940//1811 939//1811 945//1811
f 940//1812 945//1812 946//1812
f 939//1813 941//1813 947//1813
f 939//1814 947//1814 945//1814
f 941//1815 942//1815 948//1815
f 941//1816 948//1816 947//1816
f 942//1817 943//1817 949//1817
f 942//1818 949//1818 948//1818
f 943//1819 944//1819 950//1819
f 943//1820 950//1820 949//1820
f 944//1821 940//1821 946//1821
f 944//1822 946//1822 950//1822
f 946//1823 945//1823 951//1823
f 946//1824 951//1824 952//1824
f 945//1825 947//1825 953//1825
f 945//1826 953//1826 951//1826
f 947//1827 948//1827 954//1827
f 947//1828 954//1828 953//1828
f 948//1829 949//1829 955//1829
f 948//1830 955//1830 954//1830
f 949//1831 950//1831 956//1831
f 949//1832 956//1832 955//1832
f 950//1833 946//1833 952//1833
f 950//1834 952//1834 956//1834
f 952//1835 951//1835 957//1835
f 952//1836 957//1836 958//1836
f 951//1837 953//1837 959//1837
f 951//1838 959//1838 957//1838
f 953//1839 954//1839 960//1839
f 953//1840 960//1840 959//1840
f 954//1841 955//1841 961//1841
f 954//1842 961//1842 960//1842
f 955//1843 956//1843 962//1843
f 955//1844 962//1844 961//1844
f 956//1845 952//1845 958//1845
f 956//1846 958//1846 962//1846
f 958//1847 957//1847 963//1847
f 958//1848 963//1848 964//1848
f 957//1849 959//1849 965//1849
f 957//1850 965//1850 963//1850
f 959//1851 960//1851 966//1851
f 959//1852 966//1852 965//1852
f 960//1853 961//1853 967//1853
f 960//1854 967//1854 966//1854
f 961//1855 962//1855 968//1855
f 961//1856 968//1856 967//1856
f 962//1857 958//1857 964//1857
f 962//1858 964//1858 968//1858
f 964//1859 963//1859 969//1859
f 964//1860 969//1860 970//1860
f 963//1861 965//1861 971//1861
f 963//1862 971//1862 969//1862
f 965//1863 966//1863 972//1863
f 965//1864 972//1864 971//1864
f 966//1865 967//1865 973//1865
f 966//1866 973//1866 972//1866
f 967//1867 968//1867 974//1867
f 967//1868 974//1868 973//1868
f 968//1869 964//1869 970//1869
f 968//1870 970//1870 974//1870
f 970//1871 969//1871 975//1871
f 969//1872 971//1872 975//1872
f 971//1873 972//1873 975//1873
f 972//1874 973//1874 975//1874
f 973//1875 974//1875 975//1875
f 974//1876 970//1876 975//1876
f 976//1877 977//1877 978//1877
f 976//1878 979//1878 977//1878
f 976//1879 980//1879 979//1879
f 976//1880 981//1880 980//1880
f 976//1881 982//1881 981//1881
f 976//1882 978//1882 982//1882
f 978//1883 977//1883 983//1883
f 978//1884 983//1884 984//1884
f 977//1885 979//1885 985//1885
f 977//1886 985//1886 983//1886
f 979//1887 980//1887 986//1887
f 979//1888 986//1888 985//1888
f 980//1889 981//1889 987//1889
f 980//1890 987//1890 986//1890
f 981//1891 982//1891 988//1891
f 981//1892 988//1892 987//1892
f 982//1893 978//1893 984//1893
f 982//1894 984//1894 988//1894
f 984//1895 983//1895 989//1895
f 984//1896 989//1896 990//1896
f 983//1897 985//1897 991//1897
f 983//1898 991//1898 989//1898
f 985//1899 986//1899 992//1899
f 985//1900 992//1900 991//1900
f 986//1901 987//1901 993//1901
f 986//1902 993//1902 992//1902
f 987//1903 988//1903 994//1903
f 987//1904 994//1904 993//1904
f 988//1905 984//1905 990//1905
f 988//1906 990//1906 994//1906
f 990//1907 989//1907 995//1907
f 990//1908 995//1908 996//1908
f 989//1909 991//1909 997//1909
f 989//1910 997//1910 995//1910
f 991//1911 992//1911 998//1911
f 991//1912 998//1912 997//1912
f 992//1913 993//1913 999//1913
f 992//1914 999//1914 998//1914
f 993//1915 994//1915 1000//1915
f 993//1916 1000//1916 999//1916
f 994//1917 990//1917 996//1917
f 994//1918 996//1918 1000//1918
f 996//1919 995//1919 1001//1919
f 996//1920 1001//1920 1002//1920
f 995//1921 997//1921 1003//1921
f 995//1922 1003//1922 1001//1922
f 997//1923 998//1923 1004//1923
f 997//1924 1004//1924 1003//1924
f 998//1925 999//1925 1005//1925
f 998//1926 1005//1926 1004//1926
f 999//1927 1000//1927 1006//1927
f 999//1928 1006//1928 1005//1928
f 1000//1929 996//1929 1002//1929
f 1000//1930 1002//1930 1006//1930
f 1002//1931 1001//1931 1007//1931
f 1002//1932 1007//1932 1008//1932
f 1001//1933 1003//1933 1009//1933
f 1001//1934 1009//1934 1007//1934
f 1003//1935 1004//1935 1010//1935
f 1003//1936 1010//1936 1009//1936
f 1004//1937 1005//1937 1011//1937
f 1004//1938 1011//1938 1010//1938
f 1005//1939 1006//1939 1012//1939
f 1005//1940 1012//1940 1011//1940
f 1006//1941 1002//1941 1008//1941
f 1006//1942 1008//1942 1012//1942
f 1008//1943 1007//1943 1013//1943
f 1008//1944 1013//1944 1014//1944
f 1007//1945 1009//1945 1015//1945
f 1007//1946 1015//1946 1013//1946
f 1009//1947 1010//1947 1016//1947
f 1009//1948 1016//1948 1015//1948
f 1010//1949 1011//1949 1017//1949
f 1010//1950 1017//1950 1016//1950
f 1011//1951 1012//1951 1018//1951
f 1011//1952 1018//1952 1017//1952
f 1012//1953 1008//1953 1014//1953
f 1012//1954 1014//1954 1018//1954
f 1014//1955 1013//1955 1019//1955
f 1013//1956 1015//1956 1019//1956
f 1015//1957 1016//1957 1019//1957
f 1016//1958 1017//1958 1019//1958
f 1017//1959 1018//1959 1019//1959
f 1018//1960 1014//1960 1019//1960
f 1020//1961 1021//1961 1022//1961
f 1020//1962 1023//1962 1021//1962
f 1020//1963 1024//1963 1023//1963
f 1020//1964 1025//1964 1024//1964
f 1020//1965 1026//1965 1025//1965
f 1020//1966 1022//1966 1026//1966
f 1022//1967 1021//1967 1027//1967
f 1022//1968 1027//1968 1028//1968
f 1021//1969 1023//1969 1029//1969
f 1021//1970 1029//1970 1027//1970
f 1023//1971 1024//1971 1030//1971
f 1023//1972 1030//1972 1029//1972
f 1024//1973 1025//1973 1031//1973
f 1024//1974 1031//1974 1030//1974
f 1025//1975 1026//1975 1032//1975
f 1025//1976 1032//1976 1031//1976
f 1026//1977 1022//1977 1028//1977
f 1026//1978 1028//1978 1032//1978
f 1028//1979 1027//1979 1033//1979
f 1028//1980 1033//1980 1034//1980
f 1027//1981 1029//1981 1035//1981
f 1027//1982 1035//1982 1033//1982
f 1029//1983 1030//1983 1036//1983
f 1029//1984 1036//1984 1035//1984
f 1030//1985 1031//1985 1037//1985
f 1030//1986 1037//1986 1036//1986
f 1031//1987 1032//1987 1038//1987
f 1031//1988 1038//1988 1037//1988
f 1032//1989 1028//1989 1034//1989
f 1032//1990 1034//1990 1038//1990
f 1034//1991 1033//1991 1039//1991
f 1034//1992 1039//1992 1040//1992
f 1033//1993 1035//1993 1041//1993
f 1033//1994 1041//1994 1039//1994
f 1035//1995 1036//1995 1042//1995
f 1035//1996 1042//1996 1041//1996
f 1036//1997 1037//1997 1043//1997
f 1036//1998 1043//1998 1042//1998
f 1037//1999 1038//1999 1044//1999
f 1037//2000 1044//2000 1043//2000
f 1038//2001 1034//2001 1040//2001
f 1038//2002 1040//2002 1044//2002
f 1040//2003 1039//2003 1045//2003
f 1040//2004 1045//2004 1046//2004
f 1039//2005 1041//2005 1047//2005
f 1039//2006 1047//2006 1045//2006
f 1041//2007 1042//2007 1048//2007
f 1041//2008 1048//2008 1047//2008
f 1042//2009 1043//2009 1049//2009
f 1042//2010 1049//2010 1048//2010
f 1043//2011 1044//2011 1050//2011
f 1043//2012 1050//2012 1049//2012
f 1044//2013 1040//2013 1046//2013
f 1044//2014 1046//2014 1050//2014
f 1046//2015 1045//2015 1051//2015
f 1046//2016 1051//2016 1052//2016
f 1045//2017 1047//2017 1053//2017
f 1045//2018 1053//2018 1051//2018
f 1047//2019 1048//2019 1054//2019
f 1047//2020 1054//2020 1053//2020
f 1048//2021 1049//2021 1055//2021
f 1048//2022 1055//2022 1054//2022
f 1049//2023 1050//2023 1056//2023
f 1049//2024 1056//2024 1055//2024
f 1050//2025 1046//2025 1052//2025
f 1050//2026 1052//2026 1056//2026
f 1052//2027 1051//2027 1057//2027
f 1052//2028 1057//2028 1058//2028
f 1051//2029 1053//2029 1059//2029
f 1051//2030 1059//2030 1057//2030
f 1053//2031 1054//2031 1060//2031
f 1053//2032 1060//2032 1059//2032
f 1054//2033 1055//2033 1061//2033
f 1054//2034 1061//2034 1060//2034
f 1055//2035 1056//2035 1062//2035
f 1055//2036 1062//2036 1061//2036
f 1056//2037 1052//2037 1058//2037
f 1056//2038 1058//2038 1062//2038
f 1058//2039 1057//2039 1063//2039
f 1057//2040 1059//2040 1063//2040
f 1059//2041 1060//2041 1063//2041
f 1060//2042 1061//2042 1063//2042
f 1061//2043 1062//2043 1063//2043
f 1062//2044 1058//2044 1063//2044
f 1064//2045 1065//2045 1066//2045
f 1064//2046 1067//2046 1065//2046
f 1064//2047 1068//2047 1067//2047
f 1064//2048 1069//2048 1068//2048
f 1064//2049 1070//2049 1069//2049
f 1064//2050 1066//2050 1070//2050
f 1066//2051 1065//2051 1071//2051
f 1066//2052 1071//2052 1072//2052
f 1065//2053 1067//2053 1073//2053
f 1065//2054 1073//2054 1071//2054
f 1067//2055 1068//2055 1074//2055
f 1067//2056 1074//2056 1073//2056
f 1068//2057 1069//2057 1075//2057
f 1068//2058 1075//2058 1074//2058
f 1069//2059 1070//2059 1076//2059
f 1069//2060 1076//2060 1075//2060
f 1070//2061 1066//2061 1072//2061
f 1070//2062 1072//2062 1076//2062
f 1072//2063 1071//2063 1077//2063
f 1072//2064 1077//2064 1078//2064
f 1071//2065 1073//2065 1079//2065
f 1071//2066 1079//2066 1077//2066
f 1073//2067 1074//2067 1080//2067
f 1073//2068 1080//2068 1079//2068
f 1074//2069 1075//2069 1081//2069
f 1074//2070 1081//2070 1080//2070
f 1075//2071 1076//2071 1082//2071
f 1075//2072 1082//2072 1081//2072
f 1076//2073 1072//2073 1078//2073
f 1076//2074 1078//2074 1082//2074
f 1078//2075 1077//2075 1083//2075
f 1078//2076 1083//2076 1084//2076
f 1077//2077 1079//2077 1085//2077
f 1077//2078 1085//2078 1083//2078
f 1079//2079 1080//2079 1086//2079
f 1079//2080 1086//2080 1085//2080
f 1080//2081 1081//2081 1087//2081
f 1080//2082 1087//2082 1086//2082
f 1081//2083 1082//2083 1088//2083
f 1081//2084 1088//2084 1087//2084
f 1082//2085 1078//2085 1084//2085
f 1082//2086 1084//2086 1088//2086
f 1084//2087 1083//2087 1089//2087
f 1084//2088 1089//2088 1090//2088
f 1083//2089 1085//2089 1091//2089
f 1083//2090 1091//2090 1089//2090
f 1085//2091 1086//2091 1092//2091
f 1085//2092 1092//2092 1091//2092
f 1086//2093 1087//2093 1093//2093
f 1086//2094 1093//2094 1092//2094
f 1087//2095 1088//2095 1094//2095
f 1087//2096 1094//2096 1093//2096
f 1088//2097 1084//2097 1090//2097
f 1088//2098 1090//2098 1094//2098
f 1090//2099 1089//2099 1095//2099
f 1090//2100 1095//2100 1096//2100
f 1089//2101 1091//2101 1097//2101
f 1089//2102 1097//2102 1095//2102
f 1091//2103 1092//2103 1098//2103
f 1091//2104 1098//2104 1097//2104
f 1092//2105 1093//2105 1099//2105
f 1092//2106 1099//2106 1098//2106
f 1093//2107 1094//2107 1100//2107
f 1093//2108 1100//2108 1099//2108
f 1094//2109 1090//2109 1096//2109
f 1094//2110 1096//2110 1100//2110
f 1096//2111 1095//2111 1101//2111
f 1096//2112 1101//2112 1102//2112
f 1095//2113 1097//2113 1103//2113
f 1095//2114 1103//2114 1101//2114
f 1097//2115 1098//2115 1104//2115
f 1097//2116 1104//2116 1103//2116
f 1098//2117 1099//2117 1105//2117
f 1098//2118 1105//2118 1104//2118
f 1099//2119 1100//2119 1106//2119
f 1099//2120 1106//2120 1105//2120
f 1100//2121 1096//2121 1102//2121
f 1100//2122 1102//2122 1106//2122
f 1102//2123 1101//2123 1107//2123
f 1101//2124 1103//2124 1107//2124
f 1103//2125 1104//2125 1107//2125
f 1104//2126 1105//2126 1107//2126
f 1105//2127 1106//2127 1107//2127
f 1106//2128 1102//2128 1107//2128
f 1108//2129 1109//2129 1110//2129
f 1108//2130 1111//2130 1109//2130
f 1108//2131 1112//2131 1111//2131
f 1108//2132 1113//2132 1112//2132
f 1108//2133 1114//2133 1113//2133
f 1108//2134 1110//2134 1114//2134
f 1110//2135 1109//2135 1115//2135
f 1110//2136 1115//2136 1116//2136
f 1109//2137 1111//2137 1117//2137
f 1109//2138 1117//2138 1115//2138
f 1111//2139 1112//2139 1118//2139
f 1111//2140 1118//2140 1117//2140
f 1112//2141 1113//2141 1119//2141
f 1112//2142 1119//2142 1118//2142
f 1113//2143 1114//2143 1120//2143
f 1113//2144 1120//2144 1119//2144
f 1114//2145 1110//2145 1116//2145
f 1114//2146 1116//2146 1120//2146
f 1116//2147 1115//2147 1121//2147
f 1116//2148 1121//2148 1122//2148
f 1115//2149 1117//2149 1123//2149
f 1115//2150 1123//2150 1121//2150
f 1117//2151 1118//2151 1124//2151
f 1117//2152 1124//2152 1123//2152
f 1118//2153 1119//2153 1125//2153
f 1118//2154 1125//2154 1124//2154
f 1119//2155 1120//2155 1126//2155
f 1119//2156 1126//2156 1125//2156
f 1120//2157 1116//2157 1122//2157
f 1120//2158 1122//2158 1126//2158
f 1122//2159 1121//2159 1127//2159
f 1122//2160 1127//2160 1128//2160
f 1121//2161 1123//2161 1129//2161
f 1121//2162 1129//2162 1127//2162
f 1123//2163 1124//2163 1130//2163
f 1123//2164 1130//2164 1129//2164
f 1124//2165 1125//2165 1131//2165
f 1124//2166 1131//2166 1130//2166
f 1125//2167 1126//2167 1132//2167
f 1125//2168 1132//2168 1131//2168
f 1126//2169 1122//2169 1128//2169
f 1126//2170 1128//2170 1132//2170
f 1128//2171 1127//2171 1133//2171
f 1128//2172 1133//2172 1134//2172
f 1127//2173 1129//2173 1135//2173
f 1127//2174 1135//2174 1133//2174
f 1129//2175 1130//2175 1136//2175
f 1129//2176 1136//2176 1135//2176
f 1130//2177 1131//2177 1137//2177
f 1130//2178 1137//2178 1136//2178
f 1131//2179 1132//2179 1138//2179
f 1131//2180 1138//2180 1137//2180
f 1132//2181 1128//2181 1134//2181
f 1132//2182 1134//2182 1138//2182
f 1134//2183 1133//2183 1139//2183
f 1134//2184 1139//2184 1140//2184
f 1133//2185 1135//2185 1141//2185
f 1133//2186 1141//2186 1139//2186
f 1135//2187 1136//2187 1142//2187
f 1135//2188 1142//2188 1141//2188
f 1136//2189 1137//2189 1143//2189
f 1136//2190 1143//2190 1142//2190
f 1137//2191 1138//2191 1144//2191
f 1137//2192 1144//2192 1143//2192
f 1138//2193 1134//2193 1140//2193
f 1138//2194 1140//2194 1144//2194
f 1140//2195 1139//2195 1145//2195
f 1140//2196 1145//2196 1146//2196
f 1139//2197 1141//2197 1147//2197
f 1139//2198 1147//2198 1145//2198
f 1141//2199 1142//2199 1148//2199
f 1141//2200 1148//2200 1147//2200
f 1142//2201 1143//2201 1149//2201
f 1142//2202 1149//2202 1148//2202
f 1143//2203 1144//2203 1150//2203
f 1143//2204 1150//2204 1149//2204
f 1144//2205 1140//2205 1146//2205
f 1144//2206 1146//2206 1150//2206
f 1146//2207 1145//2207 1151//2207
f 1145//2208 1147//2208 1151//2208
f 1147//2209 1148//2209 1151//2209
f 1148//2210 1149//2210 1151//2210
f 1149//2211 1150//2211 1151//2211
f 1150//2212 1146//2212 1151//2212
f 1152//2213 1153//2213 1154//2213
f 1152//2214 1155//2214 1153//2214
f 1152//2215 1156//2215 1155//2215
f 1152//2216 1157//2216 1156//2216
f 1152//2217 1158//2217 1157//2217
f 1152//2218 1154//2218 1158//2218
f 1154//2219 1153//2219 1159//2219
f 1154//2220 1159//2220 1160//2220
f 1153//2221 1155//2221 1161//2221
f 1153//2222 1161//2222 1159//2222
f 1155//2223 1156//2223 1162//2223
f 1155//2224 1162//2224 1161//2224
f 1156//2225 1157//2225 1163//2225
f 1156//2226 1163//2226 1162//2226
f 1157//2227 1158//2227 1164//2227
f 1157//2228 1164//2228 1163//2228
f 1158//2229 1154//2229 1160//2229
f 1158//2230 1160//2230 1164//2230
f 1160//2231 1159//2231 1165//2231
f 1160//2232 1165//2232 1166//2232
f 1159//2233 1161//2233 1167//2233
f 1159//2234 1167//2234 1165//2234
f 1161//2235 1162//2235 1168//2235
f 1161//2236 1168//2236 1167//2236
f 1162//2237 1163//2237 1169//2237
f 1162//2238 1169//2238 1168//2238
f 1163//2239 1164//2239 1170//2239
f 1163//2240 1170//2240 1169//2240
f 1164//2241 1160//2241 1166//2241
f 1164//2242 1166//2242 1170//2242
f 1166//2243 1165//2243 1171//2243
f 1166//2244 1171//2244 1172//2244
f 1165//2245 1167//2245 1173//2245
f 1165//2246 1173//2246 1171//2246
f 1167//2247 1168//2247 1174//2247
f 1167//2248 1174//2248 1173//2248
f 1168//2249 1169//2249 1175//2249
f 1168//2250 1175//2250 1174//2250
f 1169//2251 1170//2251 1176//2251
f 1169//2252 1176//2252 1175//2252
f 1170//2253 1166//2253 1172//2253
f 1170//2254 1172//2254 1176//2254
f 1172//2255 1171//2255 1177//2255
f 1172//2256 1177//2256 1178//2256
f 1171//2257 1173//2257 1179//2257
f 1171//2258 1179//2258 1177//2258
f 1173//2259 1174//2259 1180//2259
f 1173//2260 1180//2260 1179//2260
f 1174//2261 1175//2261 1181//2261
f 1174//2262 1181//2262 1180//2262
f 1175//2263 1176//2263 1182//2263
f 1175//2264 1182//2264 1181//2264
f 1176//2265 1172//2265 1178//2265
f 1176//2266 1178//2266 1182//2266
f 1178//2267 1177//2267 1183//2267
f 1178//2268 1183//2268 1184//2268
f 1177//2269 1179//2269 1185//2269
f 1177//2270 1185//2270 1183//2270
f 1179//2271 1180//2271 1186//2271
f 1179//2272 1186//2272 1185//2272
f 1180//2273 1181//2273 1187//2273
f 1180//2274 1187//2274 1186//2274
f 1181//2275 1182//2275 1188//2275
f 1181//2276 1188//2276 1187//2276
f 1182//2277 1178//2277 1184//2277
f 1182//2278 1184//2278 1188//2278
f 1184//2279 1183//2279 1189//2279
f 1184//2280 1189//2280 1190//2280
f 1183//2281 1185//2281 1191//2281
f 1183//2282 1191//2282 1189//2282
f 1185//2283 1186//2283 1192//2283
f 1185//2284 1192//2284 1191//2284
f 1186//2285 1187//2285 1193//2285
f 1186//2286 1193//2286 1192//2286
f 1187//2287 1188//2287 1194//2287
f 1187//2288 1194//2288 1193//2288
f 1188//2289 1184//2289 1190//2289
f 1188//2290 1190//2290 1194//2290
f 1190//2291 1189//2291 1195//2291
f 1189//2292 1191//2292 1195//2292
f 1191//2293 1192//2293 1195//2293
f 1192//2294 1193//2294 1195//2294
f 1193//2295 1194//2295 1195//2295
f 1194//2296 1190//2296 1195//2296
f 1196//2297 1197//2297 1198//2297
f 1196//2298 1199//2298 1197//2298
f 1196//2299 1200//2299 1199//2299
f 1196//2300 1201//2300 1200//2300
f 1196//2301 1202//2301 1201//2301
f 1196//2302 1198//2302 1202//2302
f 1198//2303 1197//2303 1203//2303
f 1198//2304 1203//2304 1204//2304
f 1197//2305 1199//2305 1205//2305
f 1197//2306 1205//2306 1203//2306
f 1199//2307 1200//2307 1206//2307
f 1199//2308 1206//2308 1205//2308
f 1200//2309 1201//2309 1207//2309
f 1200//2310 1207//2310 1206//2310
f 1201//2311 1202//2311 1208//2311
f 1201//2312 1208//2312 1207//2312
f 1202//2313 1198//2313 1204//2313
f 1202//2314 1204//2314 1208//2314
f 1204//2315 1203//2315 1209//2315
f 1204//2316 1209//2316 1210//2316
f 1203//2317 1205//2317 1211//2317
f 1203//2318 1211//2318 1209//2318
f 1205//2319 1206//2319 1212//2319
f 1205//2320 1212//2320 1211//2320
f 1206//2321 1207//2321 1213//2321
f 1206//2322 1213//2322 1212//2322
f 1207//2323 1208//2323 1214//2323
f 1207//2324 1214//2324 1213//2324
f 1208//2325 1204//2325 1210//2325
f 1208//2326 1210//2326 1214//2326
f 1210//2327 1209//2327 1215//2327
f 1210//2328 1215//2328 1216//2328
f 1209//2329 1211//2329 1217//2329
f 1209//2330 1217//2330 1215//2330
f 1211//2331 1212//2331 1218//2331
f 1211//2332 1218//2332 1217//2332
f 1212//2333 1213//2333 1219//2333
f 1212//2334 1219//2334 1218//2334
f 1213//2335 1214//2335 1220//2335
f 1213//2336 1220//2336 1219//2336
f 1214//2337 1210//2337 1216//2337
f 1214//2338 1216//2338 1220//2338
f 1216//2339 1215//2339 1221//2339
f 1216//2340 1221//2340 1222//2340
f 1215//2341 1217//2341 1223//2341
f 1215//2342 1223//2342 1221//2342
f 1217//2343 1218//2343 1224//2343
f 1217//2344 1224//2344 1223//2344
f 1218//2345 1219//2345 1225//2345
f 1218//2346 1225//2346 1224//2346
f 1219//2347 1220//2347 1226//2347
f 1219//2348 1226//2348 1225//2348
f 1220//2349 1216//2349 1222//2349
f 1220//2350 1222//2350 1226//2350
f 1222//2351 1221//2351 1227//2351
f 1222//2352 1227//2352 1228//2352
f 1221//2353 1223//2353 1229//2353
f 1221//2354 1229//2354 1227//2354
f 1223//2355 1224//2355 1230//2355
f 1223//2356 1230//2356 1229//2356
f 1224//2357 1225//2357 1231//2357
f 1224//2358 1231//2358 1230//2358
f 1225//2359 1226//2359 1232//2359
f 1225//2360 1232//2360 1231//2360
f 1226//2361 1222//2361 1228//2361
f 1226//2362 1228//2362 1232//2362
f 1228//2363 1227//2363 1233//2363
f 1228//2364 1233//2364 1234//2364
f 1227//2365 1229//2365 1235//2365
f 1227//2366 1235//2366 1233//2366
f 1229//2367 1230//2367 1236//2367
f 1229//2368 1236//2368 1235//2368
f 1230//2369 1231//2369 1237//2369
f 1230//2370 1237//2370 1236//2370
f 1231//2371 1232//2371 1238//2371
f 1231//2372 1238//2372 1237//2372
f 1232//2373 1228//2373 1234//2373
f 1232//2374 1234//2374 1238//2374
f 1234//2375 1233//2375 1239//2375
f 1233//2376 1235//2376 1239//2376
f 1235//2377 1236//2377 1239//2377
f 1236//2378 1237//2378 1239//2378
f 1237//2379 1238//2379 1239//2379
f 1238//2380 1234//2380 1239//2380
f 1240//2381 1241//2381 1242//2381
f 1240//2382 1243//2382 1241//2382
f 1240//2383 1244//2383 1243//2383
f 1240//2384 1245//2384 1244//2384
f 1240//2385 1246//2385 1245//2385
f 1240//2386 1242//2386 1246//2386
f 1242//2387 1241//2387 1247//2387
f 1242//2388 1247//2388 1248//2388
f 1241//2389 1243//2389 1249//2389
f 1241//2390 1249//2390 1247//2390
f 1243//2391 1244//2391 1250//2391
f 1243//2392 1250//2392 1249//2392
f 1244//2393 1245//2393 1251//2393
f 1244//2394 1251//2394 1250//2394
f 1245//2395 1246//2395 1252//2395
f 1245//2396 1252//2396 1251//2396
f 1246//2397 1242//2397 1248//2397
f 1246//2398 1248//2398 1252//2398
f 1248//2399 1247//2399 1253//2399
f 1248//2400 1253//2400 1254//2400
f 1247//2401 1249//2401 1255//2401
f 1247//2402 1255//2402 1253//2402
f 1249//2403 1250//2403 1256//2403
f 1249//2404 1256//2404 1255//2404
f 1250//2405 1251//2405 1257//2405
f 1250//2406 1257//2406 1256//2406
f 1251//2407 1252//2407 1258//2407
f 1251//2408 1258//2408 1257//2408
f 1252//2409 1248//2409 1254//2409
f 1252//2410 1254//2410 1258//2410
f 1254//2411 1253//2411 1259//2411
f 1254//2412 1259//2412 1260//2412
f 1253//2413 1255//2413 1261//2413
f 1253//2414 1261//2414 1259//2414
f 1255//2415 1256//2415 1262//2415
f 1255//2416 1262//2416 1261//2416
f 1256//2417 1257//2417 1263//2417
f 1256//2418 1263//2418 1262//2418
f 1257//2419 1258//2419 1264//2419
f 1257//2420 1264//2420 1263//2420
f 1258//2421 1254//2421 1260//2421
f 1258//2422 1260//2422 1264//2422
f 1260//2423 1259//2423 1265//2423
f 1260//2424 1265//2424 1266//2424
f 1259//2425 1261//2425 1267//2425
f 1259//2426 1267//2426 1265//2426
f 1261//2427 1262//2427 1268//2427
f 1261//2428 1268//2428 1267//2428
f 1262//2429 1263//2429 1269//2429
f 1262//2430 1269//2430 1268//2430
f 1263//2431 1264//2431 1270//2431
f 1263//2432 1270//2432 1269//2432
f 1264//2433 1260//2433 1266//2433
f 1264//2434 1266//2434 1270//2434
f 1266//2435 1265//2435 1271//2435
f 1266//2436 1271//2436 1272//2436
f 1265//2437 1267//2437 1273//2437
f 1265//2438 1273//2438 1271//2438
f 1267//2439 1268//2439 1274//2439
f 1267//2440 1274//2440 1273//2440
f 1268//2441 1269//2441 1275//2441
f 1268//2442 1275//2442 1274//2442
f 1269//2443 1270//2443 1276//2443
f 1269//2444 1276//2444 1275//2444
f 1270//2445 1266//2445 1272//2445
f 1270//2446 1272//2446 1276//2446
f 1272//2447 1271//2447 1277//2447
f 1272//2448 1277//2448 1278//2448
f 1271//2449 1273//2449 1279//2449
f 1271//2450 1279//2450 1277//2450
f 1273//2451 1274//2451 1280//2451
f 1273//2452 1280//2452 1279//2452
f 1274//2453 1275//2453 1281//2453
f 1274//2454 1281//2454 1280//2454
f 1275//2455 1276//2455 1282//2455
f 1275//2456 1282//2456 1281//2456
f 1276//2457 1272//2457 1278//2457
f 1276//2458 1278//2458 1282//2458
f 1278//2459 1277//2459 1283//2459
f 1277//2460 1279//2460 1283//2460
f 1279//2461 1280//2461 1283//2461
f 1280//2462 1281//2462 1283//2462
f 1281//2463 1282//2463 1283//2463
f 1282//2464 1278//2464 1283//2464
f 1284//2465 1285//2465 1286//2465
f 1284//2466 1287//2466 1285//2466
f 1284//2467 1288//2467 1287//2467
f 1284//2468 1289//2468 1288//2468
f 1284//2469 1290//2469 1289//2469
f 1284//2470 1286//2470 1290//2470
f 1286//2471 1285//2471 1291//2471
f 1286//2472 1291//2472 1292//2472
f 1285//2473 1287//2473 1293//2473
f 1285//2474 1293//2474 1291//2474
f 1287//2475 1288//2475 1294//2475
f 1287//2476 1294//2476 1293//2476
f 1288//2477 1289//2477 1295//2477
f 1288//2478 1295//2478 1294//2478
f 1289//2479 1290//2479 1296//2479
f 1289//2480 1296//2480 1295//2480
f 1290//2481 1286//2481 1292//2481
f 1290//2482 1292//2482 1296//2482
f 1292//2483 1291//2483 1297//2483
f 1292//2484 1297//2484 1298//2484
f 1291//2485 1293//2485 1299//2485
f 1291//2486 1299//2486 1297//2486
f 1293//2487 1294//2487 1300//2487
f 1293//2488 1300//2488 1299//2488
f 1294//2489 1295//2489 1301//2489
f 1294//2490 1301//2490 1300//2490
f 1295//2491 1296//2491 1302//2491
f 1295//2492 1302//2492 1301//2492
f 1296//2493 1292//2493 1298//2493
f 1296//2494 1298//2494 1302//2494
f 1298//2495 1297//2495 1303//2495
f 1298//2496 1303//2496 1304//2496
f 1297//2497 1299//2497 1305//2497
f 1297//2498 1305//2498 1303//2498
f 1299//2499 1300//2499 1306//2499
f 1299//2500 1306//2500 1305//2500
f 1300//2501 1301//2501 1307//2501
f 1300//2502 1307//2502 1306//2502
f 1301//2503 1302//2503 1308//2503
f 1301//2504 1308//2504 1307//2504
f 1302//2505 1298//2505 1304//2505
f 1302//2506 1304//2506 1308//2506
f 1304//2507 1303//2507 1309//2507
f 1304//2508 1309//2508 1310//2508
f 1303//2509 1305//2509 1311//2509
f 1303//2510 1311//2510 1309//2510
f 1305//2511 1306//2511 1312//2511
f 1305//2512 1312//2512 1311//2512
f 1306//2513 1307//2513 1313//2513
f 1306//2514 1313//2514 1312//2514
f 1307//2515 1308//2515 1314//2515
f 1307//2516 1314//2516 1313//2516
f 1308//2517 1304//2517 1310//2517
f 1308//2518 1310//2518 1314//2518
f 1310//2519 1309//2519 1315//2519
f 1310//2520 1315//2520 1316//2520
f 1309//2521 1311//2521 1317//2521
f 1309//2522 1317//2522 1315//2522
f 1311//2523 1312//2523 1318//2523
f 1311//2524 1318//2524 1317//2524
f 1312//2525 1313//2525 1319//2525
f 1312//2526 1319//2526 1318//2526
f 1313//2527 1314//2527 1320//2527
f 1313//2528 1320//2528 1319//2528
f 1314//2529 1310//2529 1316//2529
f 1314//2530 1316//2530 1320//2530
f 1316//2531 1315//2531 1321//2531
f 1316//2532 1321//2532 1322//2532
f 1315//2533 1317//2533 1323//2533
f 1315//2534 1323//2534 1321//2534
f 1317//2535 1318//2535 1324//2535
f 1317//2536 1324//2536 1323//2536
f 1318//2537 1319//2537 1325//2537
f 1318//2538 1325//2538 1324//2538
f 1319//2539 1320//2539 1326//2539
f 1319//2540 1326//2540 1325//2540
f 1320//2541 1316//2541 1322//2541
f 1320//2542 1322//2542 1326//2542
f 1322//2543 1321//2543 1327//2543
f 1321//2544 1323//2544 1327//2544
f 1323//2545 1324//2545 1327//2545
f 1324//2546 1325//2546 1327//2546
f 1325//2547 1326//2547 1327//2547
f 1326//2548 1322//2548 1327//2548
f 1328//2549 1329//2549 1330//2549
f 1328//2550 1331//2550 1329//2550
f 1328//2551 1332//2551 1331//2551
f 1328//2552 1333//2552 1332//2552
f 1328//2553 1334//2553 1333//2553
f 1328//2554 1330//2554 1334//2554
f 1330//2555 1329//2555 1335//2555
f 1330//2556 1335//2556 1336//2556
f 1329//2557 1331//2557 1337//2557
f 1329//2558 1337//2558 1335//2558
f 1331//2559 1332//2559 1338//2559
f 1331//2560 1338//2560 1337//2560
f 1332//2561 1333//2561 1339//2561
f 1332//2562 1339//2562 1338//2562
f 1333//2563 1334//2563 1340//2563
f 1333//2564 1340//2564 1339//2564
f 1334//2565 1330//2565 1336//2565
f 1334//2566 1336//2566 1340//2566
f 1336//2567 1335//2567 1341//2567
f 1336//2568 1341//2568 1342//2568
f 1335//2569 1337//2569 1343//2569
f 1335//2570 1343//2570 1341//2570
f 1337//2571 1338//2571 1344//2571
f 1337//2572 1344//2572 1343//2572
f 1338//2573 1339//2573 1345//2573
f 1338//2574 1345//2574 1344//2574
f 1339//2575 1340//2575 1346//2575
f 1339//2576 1346//2576 1345//2576
f 1340//2577 1336//2577 1342//2577
f 1340//2578 1342//2578 1346//2578
f 1342//2579 1341//2579 1347//2579
f 1342//2580 1347//2580 1348//2580
f 1341//2581 1343//2581 1349//2581
f 1341//2582 1349//2582 1347//2582
f 1343//2583 1344//2583 1350//2583
f 1343//2584 1350//2584 1349//2584
f 1344//2585 1345//2585 1351//2585
f 1344//2586 1351//2586 1350//2586
f 1345//2587 1346//2587 1352//2587
f 1345//2588 1352//2588 1351//2588
f 1346//2589 1342//2589 1348//2589
f 1346//2590 1348//2590 1352//2590
f 1348//2591 1347//2591 1353//2591
f 1348//2592 1353//2592 1354//2592
f 1347//2593 1349//2593 1355//2593
f 1347//2594 1355//2594 1353//2594
f 1349//2595 1350//2595 1356//2595
f 1349//2596 1356//2596 1355//2596
f 1350//2597 1351//2597 1357//2597
f 1350//2598 1357//2598 1356//2598
f 1351//2599 1352//2599 1358//2599
f 1351//2600 1358//2600 1357//2600
f 1352//2601 1348//2601 1354//2601
f 1352//2602 1354//2602 1358//2602
f 1354//2603 1353//2603 1359//2603
f 1354//2604 1359//2604 1360//2604
f 1353//2605 1355//2605 1361//2605
f 1353//2606 1361//2606 1359//2606
f 1355//2607 1356//2607 1362//2607
f 1355//2608 1362//2608 1361//2608
f 1356//2609 1357//2609 1363//2609
f 1356//2610 1363//2610 1362//2610
f 1357//2611 1358//2611 1364//2611
f 1357//2612 1364//2612 1363//2612
f 1358//2613 1354//2613 1360//2613
f 1358//2614 1360//2614 1364//2614
f 1360//2615 1359//2615 1365//2615
f 1360//2616 1365//2616 1366//2616
f 1359//2617 1361//2617 1367//2617
f 1359//2618 1367//2618 1365//2618
f 1361//2619 1362//2619 1368//2619
f 1361//2620 1368//2620 1367//2620
f 1362//2621 1363//2621 1369//2621
f 1362//2622 1369//2622 1368//2622
f 1363//2623 1364//2623 1370//2623
f 1363//2624 1370//2624 1369//2624
f 1364//2625 1360//2625 1366//2625
f 1364//2626 1366//2626 1370//2626
f 1366//2627 1365//2627 1371//2627
f 1365//2628 1367//2628 1371//2628
f 1367//2629 1368//2629 1371//2629
f 1368//2630 1369//2630 1371//2630
f 1369//2631 1370//2631 1371//2631
f 1370//2632 1366//2632 1371//2632
f 1372//2633 1373//2633 1374//2633
f 1372//2634 1375//2634 1373//2634
f 1372//2635 1376//2635 1375//2635
f 1372//2636 1377//2636 1376//2636
f 1372//2637 1378//2637 1377//2637
f 1372//2638 1374//2638 1378//2638
f 1374//2639 1373//2639 1379//2639
f 1374//2640 1379//2640 1380//2640
f 1373//2641 1375//2641 1381//2641
f 1373//2642 1381//2642 1379//2642
f 1375//2643 1376//2643 1382//2643
f 1375//2644 1382//2644 1381//2644
f 1376//2645 1377//2645 1383//2645
f 1376//2646 1383//2646 1382//2646
f 1377//2647 1378//2647 1384//2647
f 1377//2648 1384//2648 1383//2648
f 1378//2649 1374//2649 1380//2649
f 1378//2650 1380//2650 1384//2650
f 1380//2651 1379//2651 1385//2651
f 1380//2652 1385//2652 1386//2652
f 1379//2653 1381//2653 1387//2653
f 1379//2654 1387//2654 1385//2654
f 1381//2655 1382//2655 1388//2655
f 1381//2656 1388//2656 1387//2656
f 1382//2657 1383//2657 1389//2657
f 1382//2658 1389//2658 1388//2658
f 1383//2659 1384//2659 1390//2659
f 1383//2660 1390//2660 1389//2660
f 1384//2661 1380//2661 1386//2661
f 1384//2662 1386//2662 1390//2662
f 1386//2663 1385//2663 1391//2663
f 1386//2664 1391//2664 1392//2664
f 1385//2665 1387//2665 1393//2665
f 1385//2666 1393//2666 1391//2666
f 1387//2667 1388//2667 1394//2667
f 1387//2668 1394//2668 1393//2668
f 1388//2669 1389//2669 1395//2669
f 1388//2670 1395//2670 1394//2670
f 1389//2671 1390//2671 1396//2671
f 1389//2672 1396//2672 1395//2672
f 1390//2673 1386//2673 1392//2673
f 1390//2674 1392//2674 1396//2674
f 1392//2675 1391//2675 1397//2675
f 1392//2676 1397//2676 1398//2676
f 1391//2677 1393//2677 1399//2677
f 1391//2678 1399//2678 1397//2678
f 1393//2679 1394//2679 1400//2679
f 1393//2680 1400//2680 1399//2680
f 1394//2681 1395//2681 1401//2681
f 1394//2682 1401//2682 1400//2682
f 1395//2683 1396//2683 1402//2683
f 1395//2684 1402//2684 1401//2684
f 1396//2685 1392//2685 1398//2685
f 1396//2686 1398//2686 1402//2686
f 1398//2687 1397//2687 1403//2687
f 1398//2688 1403//2688 1404//2688
f 1397//2689 1399//2689 1405//2689
f 1397//2690 1405//2690 1403//2690
f 1399//2691 1400//2691 1406//2691
f 1399//2692 1406//2692 1405//2692
f 1400//2693 1401//2693 1407//2693
f 1400//2694 1407//2694 1406//2694
f 1401//2695 1402//2695 1408//2695
f 1401//2696 1408//2696 1407//2696
f 1402//2697 1398//2697 1404//2697
f 1402//2698 1404//2698 1408//2698
f 1404//2699 1403//2699 1409//2699
f 1404//2700 1409//2700 1410//2700
f 1403//2701 1405//2701 1411//2701
f 1403//2702 1411//2702 1409//2702
f 1405//2703 1406//2703 1412//2703
f 1405//2704 1412//2704 1411//2704
f 1406//2705 1407//2705 1413//2705
f 1406//2706 1413//2706 1412//2706
f 1407//2707 1408//2707 1414//2707
f 1407//2708 1414//2708 1413//2708
f 1408//2709 1404//2709 1410//2709
f 1408//2710 1410//2710 1414//2710
f 1410//2711 1409//2711 1415//2711
f 1409//2712 1411//2712 1415//2712
f 1411//2713 1412//2713 1415//2713
f 1412//2714 1413//2714 1415//2714
f 1413//2715 1414//2715 1415//2715
f 1414//2716 1410//2716 1415//2716
f 1416//2717 1417//2717 1418//2717
f 1416//2718 1419//2718 1417//2718
f 1416//2719 1420//2719 1419//2719
f 1416//2720 1421//2720 1420//2720
f 1416//2721 1422//2721 1421//2721
f 1416//2722 1418//2722 1422//2722
f 1418//2723 1417//2723 1423//2723
f 1418//2724 1423//2724 1424//2724
f 1417//2725 1419//2725 1425//2725
f 1417//2726 1425//2726 1423//2726
f 1419//2727 1420//2727 1426//2727
f 1419//2728 1426//2728 1425//2728
f 1420//2729 1421//2729 1427//2729
f 1420//2730 1427//2730 1426//2730
f 1421//2731 1422//2731 1428//2731
f 1421//2732 1428//2732 1427//2732
f 1422//2733 1418//2733 1424//2733
f 1422//2734 1424//2734 1428//2734
f 1424//2735 1423//2735 1429//2735
f 1424//2736 1429//2736 1430//2736
f 1423//2737 1425//2737 1431//2737
f 1423//2738 1431//2738 1429//2738
f 1425//2739 1426//2739 1432//2739
f 1425//2740 1432//2740 1431//2740
f 1426//2741 1427//2741 1433//2741
f 1426//2742 1433//2742 1432//2742
f 1427//2743 1428//2743 1434//2743
f 1427//2744 1434//2744 1433//2744
f 1428//2745 1424//2745 1430//2745
f 1428//2746 1430//2746 1434//2746
f 1430//2747 1429//2747 1435//2747
f 1430//2748 1435//2748 1436//2748
f 1429//2749 1431//2749 1437//2749
f 1429//2750 1437//2750 1435//2750
f 1431//2751 1432//2751 1438//2751
f 1431//2752 1438//2752 1437//2752
f 1432//2753 1433//2753 1439//2753
f 1432//2754 1439//2754 1438//2754
f 1433//2755 1434//2755 1440//2755
f 1433//2756 1440//2756 1439//2756
f 1434//2757 1430//2757 1436//2757
f 1434//2758 1436//2758 1440//2758
f 1436//2759 1435//2759 1441//2759
f 1436//2760 1441//2760 1442//2760
f 1435//2761 1437//2761 1443//2761
f 1435//2762 1443//2762 1441//2762
f 1437//2763 1438//2763 1444//2763
f 1437//2764 1444//2764 1443//2764
f 1438//2765 1439//2765 1445//2765
f 1438//2766 1445//2766 1444//2766
f 1439//2767 1440//2767 1446//2767
f 1439//2768 1446//2768 1445//2768
f 1440//2769 1436//2769 1442//2769
f 1440//2770 1442//2770 1446//2770
f 1442//2771 1441//2771 1447//2771
f 1442//2772 1447//2772 1448//2772
f 1441//2773 1443//2773 1449//2773
f 1441//2774 1449//2774 1447//2774
f 1443//2775 1444//2775 1450//2775
f 1443//2776 1450//2776 1449//2776
f 1444//2777 1445//2777 1451//2777
f 1444//2778 1451//2778 1450//2778
f 1445//2779 1446//2779 1452//2779
f 1445//2780 1452//2780 1451//2780
f 1446//2781 1442//2781 1448//2781
f 1446//2782 1448//2782 1452//2782
f 1448//2783 1447//2783 1453//2783
f 1448//2784 1453//2784 1454//2784
f 1447//2785 1449//2785 1455//2785
f 1447//2786 1455//2786 1453//2786
f 1449//2787 1450//2787 1456//2787
f 1449//2788 1456//2788 1455//2788
f 1450//2789 1451//2789 1457//2789
f 1450//2790 1457//2790 1456//2790
f 1451//2791 1452//2791 1458//2791
f 1451//2792 1458//2792 1457//2792
f 1452//2793 1448//2793 1454//2793
f 1452//2794 1454//2794 1458//2794
f 1454//2795 1453//2795 1459//2795
f 1453//2796 1455//2796 1459//2796
f 1455//2797 1456//2797 1459//2797
f 1456//2798 1457//2798 1459//2798
f 1457//2799 1458//2799 1459//2799
f 1458//2800 1454//2800 1459//2800
f 1460//2801 1461//2801 1462//2801
f 1460//2802 1463//2802 1461//2802
f 1460//2803 1464//2803 1463//2803
f 1460//2804 1465//2804 1464//2804
f 1460//2805 1466//2805 1465//2805
f 1460//2806 1462//2806 1466//2806
f 1462//2807 1461//2807 1467//2807
f 1462//2808 1467//2808 1468//2808
f 1461//2809 1463//2809 1469//2809
f 1461//2810 1469//2810 1467//2810
f 1463//2811 1464//2811 1470//2811
f 1463//2812 1470//2812 1469//2812
f 1464//2813 1465//2813 1471//2813
f 1464//2814 1471//2814 1470//2814
f 1465//2815 1466//2815 1472//2815
f 1465//2816 1472//2816 1471//2816
f 1466//2817 1462//2817 1468//2817
f 1466//2818 1468//2818 1472//2818
f 1468//2819 1467//2819 1473//2819
f 1468//2820 1473//2820 1474//2820
f 1467//2821 1469//2821 1475//2821
f 1467//2822 1475//2822 1473//2822
f 1469//2823 1470//2823 1476//2823
f 1469//2824 1476//2824 1475//2824
f 1470//2825 1471//2825 1477//2825
f 1470//2826 1477//2826 1476//2826
f 1471//2827 1472//2827 1478//2827
f 1471//2828 1478//2828 1477//2828
f 1472//2829 1468//2829 1474//2829
f 1472//2830 1474//2830 1478//2830
f 1474//2831 1473//2831 1479//2831
f 1474//2832 1479//2832 1480//2832
f 1473//2833 1475//2833 1481//2833
f 1473//2834 1481//2834 1479//2834
f 1475//2835 1476//2835 1482//2835
f 1475//2836 1482//2836 1481//2836
f 1476//2837 1477//2837 1483//2837
f 1476//2838 1483//2838 1482//2838
f 1477//2839 1478//2839 1484//2839
f 1477//2840 1484//2840 1483//2840
f 1478//2841 1474//2841 1480//2841
f 1478//2842 1480//2842 1484//2842
f 1480//2843 1479//2843 1485//2843
f 1480//2844 1485//2844 1486//2844
f 1479//2845 1481//2845 1487//2845
f 1479//2846 1487//2846 1485//2846
f 1481//2847 1482//2847 1488//2847
f 1481//2848 1488//2848 1487//2848
f 1482//2849 1483//2849 1489//2849
f 1482//2850 1489//2850 1488//2850
f 1483//2851 1484//2851 1490//2851
f 1483//2852 1490//2852 1489//2852
f 1484//2853 1480//2853 1486//2853
f 1484//2854 1486//2854 1490//2854
f 1486//2855 1485//2855 1491//2855
f 1486//2856 1491//2856 1492//2856
f 1485//2857 1487//2857 1493//2857
f 1485//2858 1493//2858 1491//2858
f 1487//2859 1488//2859 1494//2859
f 1487//2860 1494//2860 1493//2860
f 1488//2861 1489//2861 1495//2861
f 1488//2862 1495//2862 1494//2862
f 1489//2863 1490//2863 1496//2863
f 1489//2864 1496//2864 1495//2864
f 1490//2865 1486//2865 1492//2865
f 1490//2866 1492//2866 1496//2866
f 1492//2867 1491//2867 1497//2867
f 1492//2868 1497//2868 1498//2868
f 1491//2869 1493//2869 1499//2869
f 1491//2870 1499//2870 1497//2870
f 1493//2871 1494//2871 1500//2871
f 1493//2872 1500//2872 1499//2872
f 1494//2873 1495//2873 1501//2873
f 1494//2874 1501//2874 1500//2874
f 1495//2875 1496//2875 1502//2875
f 1495//2876 1502//2876 1501//2876
f 1496//2877 1492//2877 1498//2877
f 1496//2878 1498//2878 1502//2878
f 1498//2879 1497//2879 1503//2879
f 1497//2880 1499//2880 1503//2880
f 1499//2881 1500//2881 1503//2881
f 1500//2882 1501//2882 1503//2882
f 1501//2883 1502//2883 1503//2883
f 1502//2884 1498//2884 1503//2884
f 1504//2885 1505//2885 1506//2885
f 1504//2886 1507//2886 1505//2886
f 1504//2887 1508//2887 1507//2887
f 1504//2888 1509//2888 1508//2888
f 1504//2889 1510//2889 1509//2889
f 1504//2890 1506//2890 1510//2890
f 1506//2891 1505//2891 1511//2891
f 1506//2892 1511//2892 1512//2892
f 1505//2893 1507//2893 1513//2893
f 1505//2894 1513//2894 1511//2894
f 1507//2895 1508//2895 1514//2895
f 1507//2896 1514//2896 1513//2896
f 1508//2897 1509//2897 1515//2897
f 1508//2898 1515//2898 1514//2898
f 1509//2899 1510//2899 1516//2899
f 1509//2900 1516//2900 1515//2900
f 1510//2901 1506//2901 1512//2901
f 1510//2902 1512//2902 1516//2902
f 1512//2903 1511//2903 1517//2903
f 1512//2904 1517//2904 1518//2904
f 1511//2905 1513//2905 1519//2905
f 1511//2906 1519//2906 1517//2906
f 1513//2907 1514//2907 1520//2907
f 1513//2908 1520//2908 1519//2908
f 1514//2909 1515//2909 1521//2909
f 1514//2910 1521//2910 1520//2910
f 1515//2911 1516//2911 1522//2911
f 1515//2912 1522//2912 1521//2912
f 1516//2913 1512//2913 1518//2913
f 1516//2914 1518//2914 1522//2914
f 1518//2915 1517//2915 1523//2915
f 1518//2916 1523//2916 1524//2916
f 1517//2917 1519//2917 1525//2917
f 1517//2918 1525//2918 1523//2918
f 1519//2919 1520//2919 1526//2919
f 1519//2920 1526//2920 1525//2920
f 1520//2921 1521//2921 1527//2921
f 1520//2922 1527//2922 1526//2922
f 1521//2923 1522//2923 1528//2923
f 1521//2924 1528//2924 1527//2924
f 1522//2925 1518//2925 1524//2925
f 1522//2926 1524//2926 1528//2926
f 1524//2927 1523//2927 1529//2927
f 1524//2928 1529//2928 1530//2928
f 1523//2929 1525//2929 1531//2929
f 1523//2930 1531//2930 1529//2930
f 1525//2931 1526//2931 1532//2931
f 1525//2932 1532//2932 1531//2932
f 1526//2933 1527//2933 1533//2933
f 1526//2934 1533//2934 1532//2934
f 1527//2935 1528//2935 1534//2935
f 1527//2936 1534//2936 1533//2936
f 1528//2937 1524//2937 1530//2937
f 1528//2938 1530//2938 1534//2938
f 1530//2939 1529//2939 1535//2939
f 1530//2940 1535//2940 1536//2940
f 1529//2941 1531//2941 1537//2941
f 1529//2942 1537//2942 1535//2942
f 1531//2943 1532//2943 1538//2943
f 1531//2944 1538//2944 1537//2944
f 1532//2945 1533//2945 1539//2945
f 1532//2946 1539//2946 1538//2946
f 1533//2947 1534//2947 1540//2947
f 1533//2948 1540//2948 1539//2948
f 1534//2949 1530//2949 1536//2949
f 1534//2950 1536//2950 1540//2950
f 1536//2951 1535//2951 1541//2951
f 1536//2952 1541//2952 1542//2952
f 1535//2953 1537//2953 1543//2953
f 1535//2954 1543//2954 1541//2954
f 1537//2955 1538//2955 1544//2955
f 1537//2956 1544//2956 1543//2956
f 1538//2957 1539//2957 1545//2957
f 1538//2958 1545//2958 1544//2958
f 1539//2959 1540//2959 1546//2959
f 1539//2960 1546//2960 1545//2960
f 1540//2961 1536//2961 1542//2961
f 1540//2962 1542//2962 1546//2962
f 1542//2963 1541//2963 1547//2963
f 1541//2964 1543//2964 1547//2964
f 1543//2965 1544//2965 1547//2965
f 1544//2966 1545//2966 1547//2966
f 1545//2967 1546//2967 1547//2967
f 1546//2968 1542//2968 1547//2968
f 1548//2969 1549//2969 1550//2969
f 1548//2970 1551//2970 1549//2970
f 1548//2971 1552//2971 1551//2971
f 1548//2972 1553//2972 1552//2972
f 1548//2973 1554//2973 1553//2973
f 1548//2974 1550//2974 1554//2974
f 1550//2975 1549//2975 1555//2975
f 1550//2976 1555//2976 1556//2976
f 1549//2977 1551//2977 1557//2977
f 1549//2978 1557//2978 1555//2978
f 1551//2979 1552//2979 1558//2979
f 1551//2980 1558//2980 1557//2980
f 1552//2981 1553//2981 1559//2981
f 1552//2982 1559//2982 1558//2982
f 1553//2983 1554//2983 1560//2983
f 1553//2984 1560//2984 1559//2984
f 1554//2985 1550//2985 1556//2985
f 1554//2986 1556//2986 1560//2986
f 1556//2987 1555//2987 1561//2987
f 1556//2988 1561//2988 1562//2988
f 1555//2989 1557//2989 1563//2989
f 1555//2990 1563//2990 1561//2990
f 1557//2991 1558//2991 1564//2991
f 1557//2992 1564//2992 1563//2992
f 1558//2993 1559//2993 1565//2993
f 1558//2994 1565//2994 1564//2994
f 1559//2995 1560//2995 1566//2995
f 1559//2996 1566//2996 1565//2996
f 1560//2997 1556//2997 1562//2997
f 1560//2998 1562//2998 1566//2998
f 1562//2999 1561//2999 1567//2999
f 1562//3000 1567//3000 1568//3000
f 1561//3001 1563//3001 1569//3001
f 1561//3002 1569//3002 1567//3002
f 1563//3003 1564//3003 1570//3003
f 1563//3004 1570//3004 1569//3004
f 1564//3005 1565//3005 1571//3005
f 1564//3006 1571//3006 1570//3006
f 1565//3007 1566//3007 1572//3007
f 1565//3008 1572//3008 1571//3008
f 1566//3009 1562//3009 1568//3009
f 1566//3010 1568//3010 1572//3010
f 1568//3011 1567//3011 1573//3011
f 1568//3012 1573//3012 1574//3012
f 1567//3013 1569//3013 1575//3013
f 1567//3014 1575//3014 1573//3014
f 1569//3015 1570//3015 1576//3015
f 1569//3016 1576//3016 1575//3016
f 1570//3017 1571//3017 1577//3017
f 1570//3018 1577//3018 1576//3018
f 1571//3019 1572//3019 1578//3019
f 1571//3020 1578//3020 1577//3020
f 1572//3021 1568//3021 1574//3021
f 1572//3022 1574//3022 1578//3022
f 1574//3023 1573//3023 1579//3023
f 1574//3024 1579//3024 1580//3024
f 1573//3025 1575//3025 1581//3025
f 1573//3026 1581//3026 1579//3026
f 1575//3027 1576//3027 1582//3027
f 1575//3028 1582//3028 1581//3028
f 1576//3029 1577//3029 1583//3029
f 1576//3030 1583//3030 1582//3030
f 1577//3031 1578//3031 1584//3031
f 1577//3032 1584//3032 1583//3032
f 1578//3033 1574//3033 1580//3033
f 1578//3034 1580//3034 1584//3034
f 1580//3035 1579//3035 1585//3035
f 1580//3036 1585//3036 1586//3036
f 1579//3037 1581//3037 1587//3037
f 1579//3038 1587//3038 1585//3038
f 1581//3039 1582//3039 1588//3039
f 1581//3040 1588//3040 1587//3040
f 1582//3041 1583//3041 1589//3041
f 1582//3042 1589//3042 1588//3042
f 1583//3043 1584//3043 1590//3043
f 1583//3044 1590//3044 1589//3044
f 1584//3045 1580//3045 1586//3045
f 1584//3046 1586//3046 1590//3046
f 1586//3047 1585//3047 1591//3047
f 1585//3048 1587//3048 1591//3048
f 1587//3049 1588//3049 1591//3049
f 1588//3050 1589//3050 1591//3050
f 1589//3051 1590//3051 1591//3051
f 1590//3052 1586//3052 1591//3052
f 1592//3053 1593//3053 1594//3053
f 1592//3054 1595//3054 1593//3054
f 1592//3055 1596//3055 1595//3055
f 1592//3056 1597//3056 1596//3056
f 1592//3057 1598//3057 1597//3057
f 1592//3058 1594//3058 1598//3058
f 1594//3059 1593//3059 1599//3059
f 1594//3060 1599//3060 1600//3060
f 1593//3061 1595//3061 1601//3061
f 1593//3062 1601//3062 1599//3062
f 1595//3063 1596//3063 1602//3063
f 1595//3064 1602//3064 1601//3064
f 1596//3065 1597//3065 1603//3065
f 1596//3066 1603//3066 1602//3066
f 1597//3067 1598//3067 1604//3067
f 1597//3068 1604//3068 1603//3068
f 1598//3069 1594//3069 1600//3069
f 1598//3070 1600//3070 1604//3070
f 1600//3071 1599//3071 1605//3071
f 1600//3072 1605//3072 1606//3072
f 1599//3073 1601//3073 1607//3073
f 1599//3074 1607//3074 1605//3074
f 1601//3075 1602//3075 1608//3075
f 1601//3076 1608//3076 1607//3076
f 1602//3077 1603//3077 1609//3077
f 1602//3078 1609//3078 1608//3078
f 1603//3079 1604//3079 1610//3079
f 1603//3080 1610//3080 1609//3080
f 1604//3081 1600//3081 1606//3081
f 1604//3082 1606//3082 1610//3082
f 1606//3083 1605//3083 1611//3083
f 1606//3084 1611//3084 1612//3084
f 1605//3085 1607//3085 1613//3085
f 1605//3086 1613//3086 1611//3086
f 1607//3087 1608//3087 1614//3087
f 1607//3088 1614//3088 1613//3088
f 1608//3089 1609//3089 1615//3089
f 1608//3090 1615//3090 1614//3090
f 1609//3091 1610//3091 1616//3091
f 1609//3092 1616//3092 1615//3092
f 1610//3093 1606//3093 1612//3093
f 1610//3094 1612//3094 1616//3094
f 1612//3095 1611//3095 1617//3095
f 1612//3096 1617//3096 1618//3096
f 1611//3097 1613//3097 1619//3097
f 1611//3098 1619//3098 1617//3098
f 1613//3099 1614//3099 1620//3099
f 1613//3100 1620//3100 1619//3100
f 1614//3101 1615//3101 1621//3101
f 1614//3102 1621//3102 1620//3102
f 1615//3103 1616//3103 1622//3103
f 1615//3104 1622//3104 1621//3104
f 1616//3105 1612//3105 1618//3105
f 1616//3106 1618//3106 1622//3106
f 1618//3107 1617//3107 1623//3107
f 1618//3108 1623//3108 1624//3108
f 1617//3109 1619//3109 1625//3109
f 1617//3110 1625//3110 1623//3110
f 1619//3111 1620//3111 1626//3111
f 1619//3112 1626//3112 1625//3112
f 1620//3113 1621//3113 1627//3113
f 1620//3114 1627//3114 1626//3114
f 1621//3115 1622//3115 1628//3115
f 1621//3116 1628//3116 1627//3116
f 1622//3117 1618//3117 1624//3117
f 1622//3118 1624//3118 1628//3118
f 1624//3119 1623//3119 1629//3119
f 1624//3120 1629//3120 1630//3120
f 1623//3121 1625//3121 1631//3121
f 1623//3122 1631//3122 1629//3122
f 1625//3123 1626//3123 1632//3123
f 1625//3124 1632//3124 1631//3124
f 1626//3125 1627//3125 1633//3125
f 1626//3126 1633//3126 1632//3126
f 1627//3127 1628//3127 1634//3127
f 1627//3128 1634//3128 1633//3128
f 1628//3129 1624//3129 1630//3129
f 1628//3130 1630//3130 1634//3130
f 1630//3131 1629//3131 1635//3131
f 1629//3132 1631//3132 1635//3132
f 1631//3133 1632//3133 1635//3133
f 1632//3134 1633//3134 1635//3134
f 1633//3135 1634//3135 1635//3135
f 1634//3136 1630//3136 1635//3136
f 1636//3137 1637//3137 1638//3137
f 1636//3138 1639//3138 1637//3138
f 1636//3139 1640//3139 1639//3139
f 1636//3140 1641//3140 1640//3140
f 1636//3141 1642//3141 1641//3141
f 1636//3142 1638//3142 1642//3142
f 1638//3143 1637//3143 1643//3143
f 1638//3144 1643//3144 1644//3144
f 1637//3145 1639//3145 1645//3145
f 1637//3146 1645//3146 1643//3146
f 1639//3147 1640//3147 1646//3147
f 1639//3148 1646//3148 1645//3148
f 1640//3149 1641//3149 1647//3149
f 1640//3150 1647//3150 1646//3150
f 1641//3151 1642//3151 1648//3151
f 1641//3152 1648//3152 1647//3152
f 1642//3153 1638//3153 1644//3153
f 1642//3154 1644//3154 1648//3154
f 1644//3155 1643//3155 1649//3155
f 1644//3156 1649//3156 1650//3156
f 1643//3157 1645//3157 1651//3157
f 1643//3158 1651//3158 1649//3158
f 1645//3159 1646//3159 1652//3159
f 1645//3160 1652//3160 1651//3160
f 1646//3161 1647//3161 1653//3161
f 1646//3162 1653//3162 1652//3162
f 1647//3163 1648//3163 1654//3163
f 1647//3164 1654//3164 1653//3164
f 1648//3165 1644//3165 1650//3165
f 1648//3166 1650//3166 1654//3166
f 1650//3167 1649//3167 1655//3167
f 1650//3168 1655//3168 1656//3168
f 1649//3169 1651//3169 1657//3169
f 1649//3170 1657//3170 1655//3170
f 1651//3171 1652//3171 1658//3171
f 1651//3172 1658//3172 1657//3172
f 1652//3173 1653//3173 1659//3173
f 1652//3174 1659//3174 1658//3174
f 1653//3175 1654//3175 1660//3175
f 1653//3176 1660//3176 1659//3176
f 1654//3177 1650//3177 1656//3177
f 1654//3178 1656//3178 1660//3178
f 1656//3179 1655//3179 1661//3179
f 1656//3180 1661//3180 1662//3180
f 1655//3181 1657//3181 1663//3181
f 1655//3182 1663//3182 1661//3182
f 1657//3183 1658//3183 1664//3183
f 1657//3184 1664//3184 1663//3184
f 1658//3185 1659//3185 1665//3185
f 1658//3186 1665//3186 1664//3186
f 1659//3187 1660//3187 1666//3187
f 1659//3188 1666//3188 1665//3188
f 1660//3189 1656//3189 1662//3189
f 1660//3190 1662//3190 1666//3190
f 1662//3191 1661//3191 1667//3191
f 1662//3192 1667//3192 1668//3192
f 1661//3193 1663//3193 1669//3193
f 1661//3194 1669//3194 1667//3194
f 1663//3195 1664//3195 1670//3195
f 1663//3196 1670//3196 1669//3196
f 1664//3197 1665//3197 1671//3197
f 1664//3198 1671//3198 1670//3198
f 1665//3199 1666//3199 1672//3199
f 1665//3200 1672//3200 1671//3200
f 1666//3201 1662//3201 1668//3201
f 1666//3202 1668//3202 1672//3202
f 1668//3203 1667//3203 1673//3203
f 1668//3204 1673//3204 1674//3204
f 1667//3205 1669//3205 1675//3205
f 1667//3206 1675//3206 1673//3206
f 1669//3207 1670//3207 1676//3207
f 1669//3208 1676//3208 1675//3208
f 1670//3209 1671//3209 1677//3209
f 1670//3210 1677//3210 1676//3210
f 1671//3211 1672//3211 1678//3211
f 1671//3212 1678//3212 1677//3212
f 1672//3213 1668//3213 1674//3213
f 1672//3214 1674//3214 1678//3214
f 1674//3215 1673//3215 1679//3215
f 1673//3216 1675//3216 1679//3216
f 1675//3217 1676//3217 1679//3217
f 1676//3218 1677//3218 1679//3218
f 1677//3219 1678//3219 1679//3219
f 1678//3220 1674//3220 1679//3220
f 1680//3221 1681//3221 1682//3221
f 1680//3222 1683//3222 1681//3222
f 1680//3223 1684//3223 1683//3223
f 1680//3224 1685//3224 1684//3224
f 1680//3225 1686//3225 1685//3225
f 1680//3226 1682//3226 1686//3226
f 1682//3227 1681//3227 1687//3227
f 1682//3228 1687//3228 1688//3228
f 1681//3229 1683//3229 1689//3229
f 1681//3230 1689//3230 1687//3230
f 1683//3231 1684//3231 1690//3231
f 1683//3232 1690//3232 1689//3232
f 1684//3233 1685//3233 1691//3233
f 1684//3234 1691//3234 1690//3234
f 1685//3235 1686//3235 1692//3235
f 1685//3236 1692//3236 1691//3236
f 1686//3237 1682//3237 1688//3237
f 1686//3238 1688//3238 1692//3238
f 1688//3239 1687//3239 1693//3239
f 1688//3240 1693//3240 1694//3240
f 1687//3241 1689//3241 1695//3241
f 1687//3242 1695//3242 1693//3242
f 1689//3243 1690//3243 1696//3243
f 1689//3244 1696//3244 1695//3244
f 1690//3245 1691//3245 1697//3245
f 1690//3246 1697//3246 1696//3246
f 1691//3247 1692//3247 1698//3247
f 1691//3248 1698//3248 1697//3248
f 1692//3249 1688//3249 1694//3249
f 1692//3250 1694//3250 1698//3250
f 1694//3251 1693//3251 1699//3251
f 1694//3252 1699//3252 1700//3252
f 1693//3253 1695//3253 1701//3253
f 1693//3254 1701//3254 1699//3254
f 1695//3255 1696//3255 1702//3255
f 1695//3256 1702//3256 1701//3256
f 1696//3257 1697//3257 1703//3257
f 1696//3258 1703//3258 1702//3258
f 1697//3259 1698//3259 1704//3259
f 1697//3260 1704//3260 1703//3260
f 1698//3261 1694//3261 1700//3261
f 1698//3262 1700//3262 1704//3262
f 1700//3263 1699//3263 1705//3263
f 1700//3264 1705//3264 1706//3264
f 1699//3265 1701//3265 1707//3265
f 1699//3266 1707//3266 1705//3266
f 1701//3267 1702//3267 1708//3267
f 1701//3268 1708//3268 1707//3268
f 1702//3269 1703//3269 1709//3269
f 1702//3270 1709//3270 1708//3270
f 1703//3271 1704//3271 1710//3271
f 1703//3272 1710//3272 1709//3272
f 1704//3273 1700//3273 1706//3273
f 1704//3274 1706//3274 1710//3274
f 1706//3275 1705//3275 1711//3275
f 1706//3276 1711//3276 1712//3276
f 1705//3277 1707//3277 1713//3277
f 1705//3278 1713//3278 1711//3278
f 1707//3279 1708//3279 1714//3279
f 1707//3280 1714//3280 1713//3280
f 1708//3281 1709//3281 1715//3281
f 1708//3282 1715//3282 1714//3282
f 1709//3283 1710//3283 1716//3283
f 1709//3284 1716//3284 1715//3284
f 1710//3285 1706//3285 1712//3285
f 1710//3286 1712//3286 1716//3286
f 1712//3287 1711//3287 1717//3287
f 1712//3288 1717//3288 1718//3288
f 1711//3289 1713//3289 1719//3289
f 1711//3290 1719//3290 1717//3290
f 1713//3291 1714//3291 1720//3291
f 1713//3292 1720//3292 1719//3292
f 1714//3293 1715//3293 1721//3293
f 1714//3294 1721//3294 1720//3294
f 1715//3295 1716//3295 1722//3295
f 1715//3296 1722//3296 1721//3296
f 1716//3297 1712//3297 1718//3297
f 1716//3298 1718//3298 1722//3298
f 1718//3299 1717//3299 1723//3299
f 1717//3300 1719//3300 1723//3300
f 1719//3301 1720//3301 1723//3301
f 1720//3302 1721//3302 1723//3302
f 1721//3303 1722//3303 1723//3303
f 1722//3304 1718//3304 1723//3304
f 1724//3305 1725//3305 1726//3305
f 1724//3306 1727//3306 1725//3306
f 1724//3307 1728//3307 1727//3307
f 1724//3308 1729//3308 1728//3308
f 1724//3309 1730//3309 1729//3309
f 1724//3310 1726//3310 1730//3310
f 1726//3311 1725//3311 1731//3311
f 1726//3312 1731//3312 1732//3312
f 1725//3313 1727//3313 1733//3313
f 1725//3314 1733//3314 1731//3314
f 1727//3315 1728//3315 1734//3315
f 1727//3316 1734//3316 1733//3316
f 1728//3317 1729//3317 1735//3317
f 1728//3318 1735//3318 1734//3318
f 1729//3319 1730//3319 1736//3319
f 1729//3320 1736//3320 1735//3320
f 1730//3321 1726//3321 1732//3321
f 1730//3322 1732//3322 1736//3322
f 1732//3323 1731//3323 1737//3323
f 1732//3324 1737//3324 1738//3324
f 1731//3325 1733//3325 1739//3325
f 1731//3326 1739//3326 1737//3326
f 1733//3327 1734//3327 1740//3327
f 1733//3328 1740//3328 1739//3328
f 1734//3329 1735//3329 1741//3329
f 1734//3330 1741//3330 1740//3330
f 1735//3331 1736//3331 1742//3331
f 1735//3332 1742//3332 1741//3332
f 1736//3333 1732//3333 1738//3333
f 1736//3334 1738//3334 1742//3334
f 1738//3335 1737//3335 1743//3335
f 1738//3336 1743//3336 1744//3336
f 1737//3337 1739//3337 1745//3337
f 1737//3338 1745//3338 1743//3338
f 1739//3339 1740//3339 1746//3339
f 1739//3340 1746//3340 1745//3340
f 1740//3341 1741//3341 1747//3341
f 1740//3342 1747//3342 1746//3342
f 1741//3343 1742//3343 1748//3343
f 1741//3344 1748//3344 1747//3344
f 1742//3345 1738//3345 1744//3345
f 1742//3346 1744//3346 1748//3346
f 1744//3347 1743//3347 1749//3347
f 1744//3348 1749//3348 1750//3348
f 1743//3349 1745//3349 1751//3349
f 1743//3350 1751//3350 1749//3350
f 1745//3351 1746//3351 1752//3351
f 1745//3352 1752//3352 1751//3352
f 1746//3353 1747//3353 1753//3353
f 1746//3354 1753//3354 1752//3354
f 1747//3355 1748//3355 1754//3355
f 1747//3356 1754//3356 1753//3356
f 1748//3357 1744//3357 1750//3357
f 1748//3358 1750//3358 1754//3358
f 1750//3359 1749//3359 1755//3359
f 1750//3360 1755//3360 1756//3360
f 1749//3361 1751//3361 1757//3361
f 1749//3362 1757//3362 1755//3362
f 1751//3363 1752//3363 1758//3363
f 1751//3364 1758//3364 1757//3364
f 1752//3365 1753//3365 1759//3365
f 1752//3366 1759//3366 1758//3366
f 1753//3367 1754//3367 1760//3367
f 1753//3368 1760//3368 1759//3368
f 1754//3369 1750//3369 1756//3369
f 1754//3370 1756//3370 1760//3370
f 1756//3371 1755//3371 1761//3371
f 1756//3372 1761//3372 1762//3372
f 1755//3373 1757//3373 1763//3373
f 1755//3374 1763//3374 1761//3374
f 1757//3375 1758//3375 1764//3375
f 1757//3376 1764//3376 1763//3376
f 1758//3377 1759//3377 1765//3377
f 1758//3378 1765//3378 1764//3378
f 1759//3379 1760//3379 1766//3379
f 1759//3380 1766//3380 1765//3380
f 1760//3381 1756//3381 1762//3381
f 1760//3382 1762//3382 1766//3382
f 1762//3383 1761//3383 1767//3383
f 1761//3384 1763//3384 1767//3384
f 1763//3385 1764//3385 1767//3385
f 1764//3386 1765//3386 1767//3386
f 1765//3387 1766//3387 1767//3387
f 1766//3388 1762//3388 1767//3388
f 1768//3389 1769//3389 1770//3389
f 1768//3390 1771//3390 1769//3390
f 1768//3391 1772//3391 1771//3391
f 1768//3392 1773//3392 1772//3392
f 1768//3393 1774//3393 1773//3393
f 1768//3394 1770//3394 1774//3394
f 1770//3395 1769//3395 1775//3395
f 1770//3396 1775//3396 1776//3396
f 1769//3397 1771//3397 1777//3397
f 1769//3398 1777//3398 1775//3398
f 1771//3399 1772//3399 1778//3399
f 1771//3400 1778//3400 1777//3400
f 1772//3401 1773//3401 1779//3401
f 1772//3402 1779//3402 1778//3402
f 1773//3403 1774//3403 1780//3403
f 1773//3404 1780//3404 1779//3404
f 1774//3405 1770//3405 1776//3405
f 1774//3406 1776//3406 1780//3406
f 1776//3407 1775//3407 1781//3407
f 1776//3408 1781//3408 1782//3408
f 1775//3409 1777//3409 1783//3409
f 1775//3410 1783//3410 1781//3410
f 1777//3411 1778//3411 1784//3411
f 1777//3412 1784//3412 1783//3412
f 1778//3413 1779//3413 1785//3413
f 1778//3414 1785//3414 1784//3414
f 1779//3415 1780//3415 1786//3415
f 1779//3416 1786//3416 1785//3416
f 1780//3417 1776//3417 1782//3417
f 1780//3418 1782//3418 1786//3418
f 1782//3419 1781//3419 1787//3419
f 1782//3420 1787//3420 1788//3420
f 1781//3421 1783//3421 1789//3421
f 1781//3422 1789//3422 1787//3422
f 1783//3423 1784//3423 1790//3423
f 1783//3424 1790//3424 1789//3424
f 1784//3425 1785//3425 1791//3425
f 1784//3426 1791//3426 1790//3426
f 1785//3427 1786//3427 1792//3427
f 1785//3428 1792//3428 1791//3428
f 1786//3429 1782//3429 1788//3429
f 1786//3430 1788//3430 1792//3430
f 1788//3431 1787//3431 1793//3431
f 1788//3432 1793//3432 1794//3432
f 1787//3433 1789//3433 1795//3433
f 1787//3434 1795//3434 1793//3434
f 1789//3435 1790//3435 1796//3435
f 1789//3436 1796//3436 1795//3436
f 1790//3437 1791//3437 1797//3437
f 1790//3438 1797//3438 1796//3438
f 1791//3439 1792//3439 1798//3439
f 1791//3440 1798//3440 1797//3440
f 1792//3441 1788//3441 1794//3441
f 1792//3442 1794//3442 1798//3442
f 1794//3443 1793//3443 1799//3443
f 1794//3444 1799//3444 1800//3444
f 1793//3445 1795//3445 1801//3445
f 1793//3446 1801//3446 1799//3446
f 1795//3447 1796//3447 1802//3447
f 1795//3448 1802//3448 1801//3448
f 1796//3449 1797//3449 1803//3449
f 1796//3450 1803//3450 1802//3450
f 1797//3451 1798//3451 1804//3451
f 1797//3452 1804//3452 1803//3452
f 1798//3453 1794//3453 1800//3453
f 1798//3454 1800//3454 1804//3454
f 1800//3455 1799//3455 1805//3455
f 1800//3456 1805//3456 1806//3456
f 1799//3457 1801//3457 1807//3457
f 1799//3458 1807//3458 1805//3458
f 1801//3459 1802//3459 1808//3459
f 1801//3460 1808//3460 1807//3460
f 1802//3461 1803//3461 1809//3461
f 1802//3462 1809//3462 1808//3462
f 1803//3463 1804//3463 1810//3463
f 1803//3464 1810//3464 1809//3464
f 1804//3465 1800//3465 1806//3465
f 1804//3466 1806//3466 1810//3466
f 1806//3467 1805//3467 1811//3467
f 1805//3468 1807//3468 1811//3468
f 1807//3469 1808//3469 1811//3469
f 1808//3470 1809//3470 1811//3470
f 1809//3471 1810//3471 1811//3471
f 1810//3472 1806//3472 1811//3472
f 1812//3473 1813//3473 1814//3473
f 1812//3474 1815//3474 1813//3474
f 1812//3475 1816//3475 1815//3475
f 1812//3476 1817//3476 1816//3476
f 1812//3477 1818//3477 1817//3477
f 1812//3478 1814//3478 1818//3478
f 1814//3479 1813//3479 1819//3479
f 1814//3480 1819//3480 1820//3480
f 1813//3481 1815//3481 1821//3481
f 1813//3482 1821//3482 1819//3482
f 1815//3483 1816//3483 1822//3483
f 1815//3484 1822//3484 1821//3484
f 1816//3485 1817//3485 1823//3485
f 1816//3486 1823//3486 1822//3486
f 1817//3487 1818//3487 1824//3487
f 1817//3488 1824//3488 1823//3488
f 1818//3489 1814//3489 1820//3489
f 1818//3490 1820//3490 1824//3490
f 1820//3491 1819//3491 1825//3491
f 1820//3492 1825//3492 1826//3492
f 1819//3493 1821//3493 1827//3493
f 1819//3494 1827//3494 1825//3494
f 1821//3495 1822//3495 1828//3495
f 1821//3496 1828//3496 1827//3496
f 1822//3497 1823//3497 1829//3497
f 1822//3498 1829//3498 1828//3498
f 1823//3499 1824//3499 1830//3499
f 1823//3500 1830//3500 1829//3500
f 1824//3501 1820//3501 1826//3501
f 1824//3502 1826//3502 1830//3502
f 1826//3503 1825//3503 1831//3503
f 1826//3504 1831//3504 1832//3504
f 1825//3505 1827//3505 1833//3505
f 1825//3506 1833//3506 1831//3506
f 1827//3507 1828//3507 1834//3507
f 1827//3508 1834//3508 1833//3508
f 1828//3509 1829//3509 1835//3509
f 1828//3510 1835//3510 1834//3510
f 1829//3511 1830//3511 1836//3511
f 1829//3512 1836//3512 1835//3512
f 1830//3513 1826//3513 1832//3513
f 1830//3514 1832//3514 1836//3514
f 1832//3515 1831//3515 1837//3515
f 1832//3516 1837//3516 1838//3516
f 1831//3517 1833//3517 1839//3517
f 1831//3518 1839//3518 1837//3518
f 1833//3519 1834//3519 1840//3519
f 1833//3520 1840//3520 1839//3520
f 1834//3521 1835//3521 1841//3521
f 1834//3522 1841//3522 1840//3522
f 1835//3523 1836//3523 1842//3523
f 1835//3524 1842//3524 1841//3524
f 1836//3525 1832//3525 1838//3525
f 1836//3526 1838//3526 1842//3526
f 1838//3527 1837//3527 1843//3527
f 1838//3528 1843//3528 1844//3528
f 1837//3529 1839//3529 1845//3529
f 1837//3530 1845//3530 1843//3530
f 1839//3531 1840//3531 1846//3531
f 1839//3532 1846//3532 1845//3532
f 1840//3533 1841//3533 1847//3533
f 1840//3534 1847//3534 1846//3534
f 1841//3535 1842//3535 1848//3535
f 1841//3536 1848//3536 1847//3536
f 1842//3537 1838//3537 1844//3537
f 1842//3538 1844//3538 1848//3538
f 1844//3539 1843//3539 1849//3539
f 1844//3540 1849//3540 1850//3540
f 1843//3541 1845//3541 1851//3541
f 1843//3542 1851//3542 1849//3542
f 1845//3543 1846//3543 1852//3543
f 1845//3544 1852//3544 1851//3544
f 1846//3545 1847//3545 1853//3545
f 1846//3546 1853//3546 1852//3546
f 1847//3547 1848//3547 1854//3547
f 1847//3548 1854//3548 1853//3548
f 1848//3549 1844//3549 1850//3549
f 1848//3550 1850//3550 1854//3550
f 1850//3551 1849//3551 1855//3551
f 1849//3552 1851//3552 1855//3552
f 1851//3553 1852//3553 1855//3553
f 1852//3554 1853//3554 1855//3554
f 1853//3555 1854//3555 1855//3555
f 1854//3556 1850//3556 1855//3556
f 1856//3557 1857//3557 1858//3557
f 1856//3558 1859//3558 1857//3558
f 1856//3559 1860//3559 1859//3559
f 1856//3560 1861//3560 1860//3560
f 1856//3561 1862//3561 1861//3561
f 1856//3562 1858//3562 1862//3562
f 1858//3563 1857//3563 1863//3563
f 1858//3564 1863//3564 1864//3564
f 1857//3565 1859//3565 1865//3565
f 1857//3566 1865//3566 1863//3566
f 1859//3567 1860//3567 1866//3567
f 1859//3568 1866//3568 1865//3568
f 1860//3569 1861//3569 1867//3569
f 1860//3570 1867//3570 1866//3570
f 1861//3571 1862//3571 1868//3571
f 1861//3572 1868//3572 1867//3572
f 1862//3573 1858//3573 1864//3573
f 1862//3574 1864//3574 1868//3574
f 1864//3575 1863//3575 1869//3575
f 1864//3576 1869//3576 1870//3576
f 1863//3577 1865//3577 1871//3577
f 1863//3578 1871//3578 1869//3578
f 1865//3579 1866//3579 1872//3579
f 1865//3580 1872//3580 1871//3580
f 1866//3581 1867//3581 1873//3581
f 1866//3582 1873//3582 1872//3582
f 1867//3583 1868//3583 1874//3583
f 1867//3584 1874//3584 1873//3584
f 1868//3585 1864//3585 1870//3585
f 1868//3586 1870//3586 1874//3586
f 1870//3587 1869//3587 1875//3587
f 1870//3588 1875//3588 1876//3588
f 1869//3589 1871//3589 1877//3589
f 1869//3590 1877//3590 1875//3590
f 1871//3591 1872//3591 1878//3591
f 1871//3592 1878//3592 1877//3592
f 1872//3593 1873//3593 1879//3593
f 1872//3594 1879//3594 1878//3594
f 1873//3595 1874//3595 1880//3595
f 1873//3596 1880//3596 1879//3596
f 1874//3597 1870//3597 1876//3597
f 1874//3598 1876//3598 1880//3598
f 1876//3599 1875//3599 1881//3599
f 1876//3600 1881//3600 1882//3600
f 1875//3601 1877//3601 1883//3601
f 1875//3602 1883//3602 1881//3602
f 1877//3603 1878//3603 1884//3603
f 1877//3604 1884//3604 1883//3604
f 1878//3605 1879//3605 1885//3605
f 1878//3606 1885//3606 1884//3606
f 1879//3607 1880//3607 1886//3607
f 1879//3608 1886//3608 1885//3608
f 1880//3609 1876//3609 1882//3609
f 1880//3610 1882//3610 1886//3610
f 1882//3611 1881//3611 1887//3611
f 1882//3612 1887//3612 1888//3612
f 1881//3613 1883//3613 1889//3613
f 1881//3614 1889//3614 1887//3614
f 1883//3615 1884//3615 1890//3615
f 1883//3616 1890//3616 1889//3616
f 1884//3617 1885//3617 1891//3617
f 1884//3618 1891//3618 1890//3618
f 1885//3619 1886//3619 1892//3619
f 1885//3620 1892//3620 1891//3620
f 1886//3621 1882//3621 1888//3621
f 1886//3622 1888//3622 1892//3622
f 1888//3623 1887//3623 1893//3623
f 1888//3624 1893//3624 1894//3624
f 1887//3625 1889//3625 1895//3625
f 1887//3626 1895//3626 1893//3626
f 1889//3627 1890//3627 1896//3627
f 1889//3628 1896//3628 1895//3628
f 1890//3629 1891//3629 1897//3629
f 1890//3630 1897//3630 1896//3630
f 1891//3631 1892//3631 1898//3631
f 1891//3632 1898//3632 1897//3632
f 1892//3633 1888//3633 1894//3633
f 1892//3634 1894//3634 1898//3634
f 1894//3635 1893//3635 1899//3635
f 1893//3636 1895//3636 1899//3636
f 1895//3637 1896//3637 1899//3637
f 1896//3638 1897//3638 1899//3638
f 1897//3639 1898//3639 1899//3639
f 1898//3640 1894//3640 1899//3640
f 1900//3641 1901//3641 1902//3641
f 1900//3642 1903//3642 1901//3642
f 1900//3643 1904//3643 1903//3643
f 1900//3644 1905//3644 1904//3644
f 1900//3645 1906//3645 1905//3645
f 1900//3646 1902//3646 1906//3646
f 1902//3647 1901//3647 1907//3647
f 1902//3648 1907//3648 1908//3648
f 1901//3649 1903//3649 1909//3649
f 1901//3650 1909//3650 1907//3650
f 1903//3651 1904//3651 1910//3651
f 1903//3652 1910//3652 1909//3652
f 1904//3653 1905//3653 1911//3653
f 1904//3654 1911//3654 1910//3654
f 1905//3655 1906//3655 1912//3655
f 1905//3656 1912//3656 1911//3656
f 1906//3657 1902//3657 1908//3657
f 1906//3658 1908//3658 1912//3658
f 1908//3659 1907//3659 1913//3659
f 1908//3660 1913//3660 1914//3660
f 1907//3661 1909//3661 1915//3661
f 1907//3662 1915//3662 1913//3662
f 1909//3663 1910//3663 1916//3663
f 1909//3664 1916//3664 1915//3664
f 1910//3665 1911//3665 1917//3665
f 1910//3666 1917//3666 1916//3666
f 1911//3667 1912//3667 1918//3667
f 1911//3668 1918//3668 1917//3668
f 1912//3669 1908//3669 1914//3669
f 1912//3670 1914//3670 1918//3670
f 1914//3671 1913//3671 1919//3671
f 1914//3672 1919//3672 1920//3672
f 1913//3673 1915//3673 1921//3673
f 1913//3674 1921//3674 1919//3674
f 1915//3675 1916//3675 1922//3675
f 1915//3676 1922//3676 1921//3676
f 1916//3677 1917//3677 1923//3677
f 1916//3678 1923//3678 1922//3678
f 1917//3679 1918//3679 1924//3679
f 1917//3680 1924//3680 1923//3680
f 1918//3681 1914//3681 1920//3681
f 1918//3682 1920//3682 1924//3682
f 1920//3683 1919//3683 1925//3683
f 1920//3684 1925//3684 1926//3684
f 1919//3685 1921//3685 1927//3685
f 1919//3686 1927//3686 1925//3686
f 1921//3687 1922//3687 1928//3687
f 1921//3688 1928//3688 1927//3688
f 1922//3689 1923//3689 1929//3689
f 1922//3690 1929//3690 1928//3690
f 1923//3691 1924//3691 1930//3691
f 1923//3692 1930//3692 1929//3692
f 1924//3693 1920//3693 1926//3693
f 1924//3694 1926//3694 1930//3694
f 1926//3695 1925//3695 1931//3695
f 1926//3696 1931//3696 1932//3696
f 1925//3697 1927//3697 1933//3697
f 1925//3698 1933//3698 1931//3698
f 1927//3699 1928//3699 1934//3699
f 1927//3700 1934//3700 1933//3700
f 1928//3701 1929//3701 1935//3701
f 1928//3702 1935//3702 1934//3702
f 1929//3703 1930//3703 1936//3703
f 1929//3704 1936//3704 1935//3704
f 1930//3705 1926//3705 1932//3705
f 1930//3706 1932//3706 1936//3706
f 1932//3707 1931//3707 1937//3707
f 1932//3708 1937//3708 1938//3708
f 1931//3709 1933//3709 1939//3709
f 1931//3710 1939//3710 1937//3710
f 1933//3711 1934//3711 1940//3711
f 1933//3712 1940//3712 1939//3712
f 1934//3713 1935//3713 1941//3713
f 1934//3714 1941//3714 1940//3714
f 1935//3715 1936//3715 1942//3715
f 1935//3716 1942//3716 1941//3716
f 1936//3717 1932//3717 1938//3717
f 1936//3718 1938//3718 1942//3718
f 1938//3719 1937//3719 1943//3719
f 1937//3720 1939//3720 1943//3720
f 1939//3721 1940//3721 1943//3721
f 1940//3722 1941//3722 1943//3722
f 1941//3723 1942//3723 1943//3723
f 1942//3724 1938//3724 1943//3724
f 1944//3725 1945//3725 1946//3725
f 1944//3726 1947//3726 1945//3726
f 1944//3727 1948//3727 1947//3727
f 1944//3728 1949//3728 1948//3728
f 1944//3729 1950//3729 1949//3729
f 1944//3730 1946//3730 1950//3730
f 1946//3731 1945//3731 1951//3731
f 1946//3732 1951//3732 1952//3732
f 1945//3733 1947//3733 1953//3733
f 1945//3734 1953//3734 1951//3734
f 1947//3735 1948//3735 1954//3735
f 1947//3736 1954//3736 1953//3736
f 1948//3737 1949//3737 1955//3737
f 1948//3738 1955//3738 1954//3738
f 1949//3739 1950//3739 1956//3739
f 1949//3740 1956//3740 1955//3740
f 1950//3741 1946//3741 1952//3741
f 1950//3742 1952//3742 1956//3742
f 1952//3743 1951//3743 1957//3743
f 1952//3744 1957//3744 1958//3744
f 1951//3745 1953//3745 1959//3745
f 1951//3746 1959//3746 1957//3746
f 1953//3747 1954//3747 1960//3747
f 1953//3748 1960//3748 1959//3748
f 1954//3749 1955//3749 1961//3749
f 1954//3750 1961//3750 1960//3750
f 1955//3751 1956//3751 1962//3751
f 1955//3752 1962//3752 1961//3752
f 1956//3753 1952//3753 1958//3753
f 1956//3754 1958//3754 1962//3754
f 1958//3755 1957//3755 1963//3755
f 1958//3756 1963//3756 1964//3756
f 1957//3757 1959//3757 1965//3757
f 1957//3758 1965//3758 1963//3758
f 1959//3759 1960//3759 1966//3759
f 1959//3760 1966//3760 1965//3760
f 1960//3761 1961//3761 1967//3761
f 1960//3762 1967//3762 1966//3762
f 1961//3763 1962//3763 1968//3763
f 1961//3764 1968//3764 1967//3764
f 1962//3765 1958//3765 1964//3765
f 1962//3766 1964//3766 1968//3766
f 1964//3767 1963//3767 1969//3767
f 1964//3768 1969//3768 1970//3768
f 1963//3769 1965//3769 1971//3769
f 1963//3770 1971//3770 1969//3770
f 1965//3771 1966//3771 1972//3771
f 1965//3772 1972//3772 1971//3772
f 1966//3773 1967//3773 1973//3773
f 1966//3774 1973//3774 1972//3774
f 1967//3775 1968//3775 1974//3775
f 1967//3776 1974//3776 1973//3776
f 1968//3777 1964//3777 1970//3777
f 1968//3778 1970//3778 1974//3778
f 1970//3779 1969//3779 1975//3779
f 1970//3780 1975//3780 1976//3780
f 1969//3781 1971//3781 1977//3781
f 1969//3782 1977//3782 1975//3782
f 1971//3783 1972//3783 1978//3783
f 1971//3784 1978//3784 1977//3784
f 1972//3785 1973//3785 1979//3785
f 1972//3786 1979//3786 1978//3786
f 1973//3787 1974//3787 1980//3787
f 1973//3788 1980//3788 1979//3788
f 1974//3789 1970//3789 1976//3789
f 1974//3790 1976//3790 1980//3790
f 1976//3791 1975//3791 1981//3791
f 1976//3792 1981//3792 1982//3792
f 1975//3793 1977//3793 1983//3793
f 1975//3794 1983//3794 1981//3794
f 1977//3795 1978//3795 1984//3795
f 1977//3796 1984//3796 1983//3796
f 1978//3797 1979//3797 1985//3797
f 1978//3798 1985//3798 1984//3798
f 1979//3799 1980//3799 1986//3799
f 1979//3800 1986//3800 1985//3800
f 1980//3801 1976//3801 1982//3801
f 1980//3802 1982//3802 1986//3802
f 1982//3803 1981//3803 1987//3803
f 1981//3804 1983//3804 1987//3804
f 1983//3805 1984//3805 1987//3805
f 1984//3806 1985//3806 1987//3806
f 1985//3807 1986//3807 1987//3807
f 1986//3808 1982//3808 1987//3808
f 1988//3809 1989//3809 1990//3809
f 1988//3810 1991//3810 1989//3810
f 1988//3811 1992//3811 1991//3811
f 1988//3812 1993//3812 1992//3812
f 1988//3813 1994//3813 1993//3813
f 1988//3814 1990//3814 1994//3814
f 1990//3815 1989//3815 1995//3815
f 1990//3816 1995//3816 1996//3816
f 1989//3817 1991//3817 1997//3817
f 1989//3818 1997//3818 1995//3818
f 1991//3819 1992//3819 1998//3819
f 1991//3820 1998//3820 1997//3820
f 1992//3821 1993//3821 1999//3821
f 1992//3822 1999//3822 1998//3822
f 1993//3823 1994//3823 2000//3823
f 1993//3824 2000//3824 1999//3824
f 1994//3825 1990//3825 1996//3825
f 1994//3826 1996//3826 2000//3826
f 1996//3827 1995//3827 2001//3827
f 1996//3828 2001//3828 2002//3828
f 1995//3829 1997//3829 2003//3829
f 1995//3830 2003//3830 2001//3830
f 1997//3831 1998//3831 2004//3831
f 1997//3832 2004//3832 2003//3832
f 1998//3833 1999//3833 2005//3833
f 1998//3834 2005//3834 2004//3834
f 1999//3835 2000//3835 2006//3835
f 1999//3836 2006//3836 2005//3836
f 2000//3837 1996//3837 2002//3837
f 2000//3838 2002//3838 2006//3838
f 2002//3839 2001//3839 2007//3839
f 2002//3840 2007//3840 2008//3840
f 2001//3841 2003//3841 2009//3841
f 2001//3842 2009//3842 2007//3842
f 2003//3843 2004//3843 2010//3843
f 2003//3844 2010//3844 2009//3844
f 2004//3845 2005//3845 2011//3845
f 2004//3846 2011//3846 2010//3846
f 2005//3847 2006//3847 2012//3847
f 2005//3848 2012//3848 2011//3848
f 2006//3849 2002//3849 2008//3849
f 2006//3850 2008//3850 2012//3850
f 2008//3851 2007//3851 2013//3851
f 2008//3852 2013//3852 2014//3852
f 2007//3853 2009//3853 2015//3853
f 2007//3854 2015//3854 2013//3854
f 2009//3855 2010//3855 2016//3855
f 2009//3856 2016//3856 2015//3856
f 2010//3857 2011//3857 2017//3857
f 2010//3858 2017//3858 2016//3858
f 2011//3859 2012//3859 2018//3859
f 2011//3860 2018//3860 2017//3860
f 2012//3861 2008//3861 2014//3861
f 2012//3862 2014//3862 2018//3862
f 2014//3863 2013//3863 2019//3863
f 2014//3864 2019//3864 2020//3864
f 2013//3865 2015//3865 2021//3865
f 2013//3866 2021//3866 2019//3866
f 2015//3867 2016//3867 2022//3867
f 2015//3868 2022//3868 2021//3868
f 2016//3869 2017//3869 2023//3869
f 2016//3870 2023//3870 2022//3870
f 2017//3871 2018//3871 2024//3871
f 2017//3872 2024//3872 2023//3872
f 2018//3873 2014//3873 2020//3873
f 2018//3874 2020//3874 2024//3874
f 2020//3875 2019//3875 2025//3875
f 2020//3876 2025//3876 2026//3876
f 2019//3877 2021//3877 2027//3877
f 2019//3878 2027//3878 2025//3878
f 2021//3879 2022//3879 2028//3879
f 2021//3880 2028//3880 2027//3880
f 2022//3881 2023//3881 2029//3881
f 2022//3882 2029//3882 2028//3882
f 2023//3883 2024//3883 2030//3883
f 2023//3884 2030//3884 2029//3884
f 2024//3885 2020//3885 2026//3885
f 2024//3886 2026//3886 2030//3886
f 2026//3887 2025//3887 2031//3887
f 2025//3888 2027//3888 2031//3888
f 2027//3889 2028//3889 2031//3889
f 2028//3890 2029//3890 2031//3890
f 2029//3891 2030//3891 2031//3891
f 2030//3892 2026//3892 2031//3892
usemtl pigment_ffffffff
f 2032//3893 2033//3893 2034//3893
f 2035//3894 2032//3894 2034//3894
f 2035//3895 2034//3895 2036//3895
f 2033//3896 2037//3896 2038//3896
f 2033//3897 2038//3897 2034//3897
f 2038//3898 2039//3898 2036//3898
f 2038//3899 2036//3899 2034//3899
f 2037//3900 2040//3900 2041//3900
f 2037//3901 2041//3901 2038//3901
f 2041//3902 2042//3902 2039//3902
f 2041//3903 2039//3903 2038//3903
f 2040//3904 2043//3904 2044//3904
f 2040//3905 2044//3905 2041//3905
f 2044//3906 2045//3906 2042//3906
f 2044//3907 2042//3907 2041//3907
f 2043//3908 2046//3908 2047//3908
f 2043//3909 2047//3909 2048//3909
f 2043//3910 2048//3910 2044//3910
f 2046//3911 2049//3911 2047//3911
f 2048//3912 2050//3912 2045//3912
f 2048//3913 2045//3913 2044//3913
f 2051//3914 2052//3914 2048//3914
f 2051//3915 2048//3915 2047//3915
f 2049//3916 2053//3916 2051//3916
f 2049//3917 2051//3917 2047//3917
f 2052//3918 2054//3918 2050//3918
f 2052//3919 2050//3919 2048//3919
f 2055//3920 2056//3920 2052//3920
f 2055//3921 2052//3921 2051//3921
f 2053//3922 2057//3922 2055//3922
f 2053//3923 2055//3923 2051//3923
f 2056//3924 2058//3924 2054//3924
f 2056//3925 2054//3925 2052//3925
f 2059//3926 2060//3926 2056//3926
f 2059//3927 2056//3927 2055//3927
f 2057//3928 2061//3928 2059//3928
f 2057//3929 2059//3929 2055//3929
f 2060//3930 2062//3930 2058//3930
f 2060//3931 2058//3931 2056//3931
f 2063//3932 2064//3932 2060//3932
f 2063//3933 2060//3933 2059//3933
f 2061//3934 2065//3934 2063//3934
f 2061//3935 2063//3935 2059//3935
f 2064//3936 2066//3936 2062//3936
f 2064//3937 2062//3937 2060//3937
f 2067//3938 2068//3938 2064//3938
f 2067//3939 2064//3939 2063//3939
f 2065//3940 2069//3940 2067//3940
f 2065//3941 2067//3941 2063//3941
f 2068//3942 2070//3942 2066//3942
f 2068//3943 2066//3943 2064//3943
f 2071//3944 2068//3944 2067//3944
f 2069//3945 2072//3945 2071//3945
f 2069//3946 2071//3946 2067//3946
f 2073//3947 2070//3947 2068//3947
f 2073//3948 2068//3948 2071//3948
f 2072//3949 2074//3949 2075//3949
f 2072//3950 2075//3950 2071//3950
f 2076//3951 2077//3951 2073//3951
f 2076//3952 2073//3952 2071//3952
f 2075//3953 2076//3953 2071//3953
f 2074//3954 2078//3954 2079//3954
f 2074//3955 2079//3955 2075//3955
f 2080//3956 2081//3956 2077//3956
f 2080//3957 2077//3957 2076//3957
f 2079//3958 2080//3958 2076//3958
f 2079//3959 2076//3959 2075//3959
f 2078//3960 2082//3960 2083//3960
f 2078//3961 2083//3961 2079//3961
f 2084//3962 2085//3962 2081//3962
f 2084//3963 2081//3963 2080//3963
f 2083//3964 2084//3964 2080//3964
f 2083//3965 2080//3965 2079//3965
f 2082//3966 2086//3966 2087//3966
f 2082//3967 2087//3967 2083//3967
f 2088//3968 2085//3968 2084//3968
f 2087//3969 2089//3969 2088//3969
f 2087//3970 2088//3970 2084//3970
f 2087//3971 2084//3971 2083//3971
f 2086//3972 2090//3972 2087//3972
f 2090//3973 2091//3973 2092//3973
f 2090//3974 2092//3974 2089//3974
f 2090//3975 2089//3975 2087//3975
f 2091//3976 2093//3976 2092//3976
f 2094//3977 2095//3977 2096//3977
f 2095//3978 2097//3978 2098//3978
f 2095//3979 2098//3979 2096//3979
f 2097//3980 2099//3980 2100//3980
f 2097//3981 2100//3981 2098//3981
f 2099//3982 2101//3982 2102//3982
f 2099//3983 2102//3983 2100//3983
f 2101//3984 2103//3984 2104//3984
f 2101//3985 2104//3985 2102//3985
f 2103//3986 2105//3986 2106//3986
f 2103//3987 2106//3987 2107//3987
f 2103//3988 2107//3988 2104//3988
f 2105//3989 2108//3989 2106//3989
f 2109//3990 2110//3990 2111//3990
f 2109//3991 2111//3991 2107//3991
f 2109//3992 2107//3992 2106//3992
f 2108//3993 2112//3993 2109//3993
f 2108//3994 2109//3994 2106//3994
f 2110//3995 2113//3995 2111//3995
f 2114//3996 2115//3996 2110//3996
f 2114//3997 2110//3997 2109//3997
f 2112//3998 2116//3998 2114//3998
f 2112//3999 2114//3999 2109//3999
f 2115//4000 2117//4000 2113//4000
f 2115//4001 2113//4001 2110//4001
f 2118//4002 2119//4002 2115//4002
f 2118//4003 2115//4003 2114//4003
f 2116//4004 2120//4004 2118//4004
f 2116//4005 2118//4005 2114//4005
f 2119//4006 2121//4006 2117//4006
f 2119//4007 2117//4007 2115//4007
f 2122//4008 2123//4008 2119//4008
f 2122//4009 2119//4009 2118//4009
f 2120//4010 2124//4010 2122//4010
f 2120//4011 2122//4011 2118//4011
f 2123//4012 2125//4012 2121//4012
f 2123//4013 2121//4013 2119//4013
f 2126//4014 2127//4014 2123//4014
f 2126//4015 2123//4015 2122//4015
f 2124//4016 2128//4016 2126//4016
f 2124//4017 2126//4017 2122//4017
f 2127//4018 2129//4018 2125//4018
f 2127//4019 2125//4019 2123//4019
f 2130//4020 2131//4020 2127//4020
f 2130//4021 2127//4021 2126//4021
f 2128//4022 2132//4022 2130//4022
f 2128//4023 2130//4023 2126//4023
f 2131//4024 2133//4024 2129//4024
f 2131//4025 2129//4025 2127//4025
f 2134//4026 2135//4026 2131//4026
f 2134//4027 2131//4027 2130//4027
f 2132//4028 2136//4028 2134//4028
f 2132//4029 2134//4029 2130//4029
f 2135//4030 2137//4030 2133//4030
f 2135//4031 2133//4031 2131//4031
f 2138//4032 2139//4032 2135//4032
f 2138//4033 2135//4033 2134//4033
f 2136//4034 2140//4034 2138//4034
f 2136//4035 2138//4035 2134//4035
f 2139//4036 2141//4036 2137//4036
f 2139//4037 2137//4037 2135//4037
f 2142//4038 2143//4038 2139//4038
f 2142//4039 2139//4039 2138//4039
f 2140//4040 2144//4040 2142//4040
f 2140//4041 2142//4041 2138//4041
f 2143//4042 2145//4042 2141//4042
f 2143//4043 2141//4043 2139//4043
f 2146//4044 2147//4044 2148//4044
f 2146//4045 2148//4045 2143//4045
f 2146//4046 2143//4046 2142//4046
f 2144//4047 2149//4047 2146//4047
f 2144//4048 2146//4048 2142//4048
f 2148//4049 2145//4049 2143//4049
f 2150//4050 2147//4050 2146//4050
f 2149//4051 2151//4051 2150//4051
f 2149//4052 2150//4052 2146//4052
f 2152//4053 2153//4053 2154//4053
f 2152//4054 2154//4054 2155//4054
f 2153//4055 2156//4055 2154//4055
f 2157//4056 2158//4056 2159//4056
f 2157//4057 2159//4057 2155//4057
f 2157//4058 2155//4058 2154//4058
f 2156//4059 2160//4059 2157//4059
f 2156//4060 2157//4060 2154//4060
f 2158//4061 2161//4061 2159//4061
f 2162//4062 2163//4062 2158//4062
f 2162//4063 2158//4063 2157//4063
f 2160//4064 2164//4064 2162//4064
f 2160//4065 2162//4065 2157//4065
f 2163//4066 2165//4066 2161//4066
f 2163//4067 2161//4067 2158//4067
f 2166//4068 2163//4068 2162//4068
f 2164//4069 2167//4069 2166//4069
f 2164//4070 2166//4070 2162//4070
f 2168//4071 2165//4071 2163//4071
f 2168//4072 2163//4072 2166//4072
f 2167//4073 2169//4073 2170//4073
f 2167//4074 2170//4074 2166//4074
f 2171//4075 2172//4075 2168//4075
f 2171//4076 2168//4076 2166//4076
f 2170//4077 2171//4077 2166//4077
f 2169//4078 2173//4078 2174//4078
f 2169//4079 2174//4079 2170//4079
f 2175//4080 2176//4080 2172//4080
f 2175//4081 2172//4081 2171//4081
f 2174//4082 2175//4082 2171//4082
f 2174//4083 2171//4083 2170//4083
f 2173//4084 2177//4084 2178//4084
f 2173//4085 2178//4085 2174//4085
f 2179//4086 2180//4086 2176//4086
f 2179//4087 2176//4087 2175//4087
f 2178//4088 2179//4088 2175//4088
f 2178//4089 2175//4089 2174//4089
f 2181//4090 2182//4090 2183//4090
f 2181//4091 2183//4091 2184//4091
f 2185//4092 2186//4092 2187//4092
f 2185//4093 2187//4093 2188//4093
f 2183//4094 2185//4094 2188//4094
f 2183//4095 2188//4095 2184//4095
f 2182//4096 2189//4096 2190//4096
f 2182//4097 2190//4097 2183//4097
f 2191//4098 2192//4098 2186//4098
f 2191//4099 2186//4099 2185//4099
f 2190//4100 2191//4100 2185//4100
f 2190//4101 2185//4101 2183//4101
f 2189//4102 2193//4102 2194//4102
f 2189//4103 2194//4103 2190//4103
f 2195//4104 2192//4104 2191//4104
f 2194//4105 2196//4105 2195//4105
f 2194//4106 2195//4106 2191//4106
f 2194//4107 2191//4107 2190//4107
f 2193//4108 2197//4108 2198//4108
f 2193//4109 2198//4109 2194//4109
f 2198//4110 2199//4110 2196//4110
f 2198//4111 2196//4111 2194//4111
f 2197//4112 2200//4112 2201//4112
f 2197//4113 2201//4113 2198//4113
f 2201//4114 2202//4114 2199//4114
f 2201//4115 2199//4115 2198//4115
f 2200//4116 2203//4116 2204//4116
f 2200//4117 2204//4117 2201//4117
f 2204//4118 2205//4118 2202//4118
f 2204//4119 2202//4119 2201//4119
f 2203//4120 2206//4120 2204//4120
f 2206//4121 2207//4121 2208//4121
f 2206//4122 2208//4122 2205//4122
f 2206//4123 2205//4123 2204//4123
f 2207//4124 2209//4124 2210//4124
f 2207//4125 2210//4125 2208//4125
f 2209//4126 2211//4126 2210//4126
f 2212//4127 2213//4127 2214//4127
f 2213//4128 2215//4128 2216//4128
f 2213//4129 2216//4129 2214//4129
f 2215//4130 2217//4130 2218//4130
f 2215//4131 2218//4131 2216//4131
f 2219//4132 2220//4132 2221//4132
f 2217//4133 2219//4133 2221//4133
f 2217//4134 2221//4134 2222//4134
f 2217//4135 2222//4135 2218//4135
f 2220//4136 2223//4136 2221//4136
f 2223//4137 2224//4137 2225//4137
f 2223//4138 2225//4138 2222//4138
f 2223//4139 2222//4139 2221//4139
f 2224//4140 2226//4140 2227//4140
f 2224//4141 2227//4141 2225//4141
f 2226//4142 2228//4142 2229//4142
f 2226//4143 2229//4143 2227//4143
f 2228//4144 2230//4144 2231//4144
f 2228//4145 2231//4145 2229//4145
f 2230//4146 2232//4146 2233//4146
f 2230//4147 2233//4147 2231//4147
f 2232//4148 2234//4148 2235//4148
f 2232//4149 2235//4149 2233//4149
f 2234//4150 2236//4150 2237//4150
f 2234//4151 2237//4151 2235//4151
f 2236//4152 2238//4152 2239//4152
f 2236//4153 2239//4153 2237//4153
f 2238//4154 2240//4154 2241//4154
f 2238//4155 2241//4155 2239//4155
f 2240//4156 2242//4156 2243//4156
f 2240//4157 2243//4157 2244//4157
f 2240//4158 2244//4158 2241//4158
f 2242//4159 2245//4159 2243//4159
f 2246//4160 2247//4160 2244//4160
f 2246//4161 2244//4161 2243//4161
f 2245//4162 2248//4162 2246//4162
f 2245//4163 2246//4163 2243//4163
f 2249//4164 2247//4164 2246//4164
f 2248//4165 2250//4165 2251//4165
f 2248//4166 2251//4166 2249//4166
f 2248//4167 2249//4167 2246//4167
f 2250//4168 2252//4168 2251//4168
f 2253//4169 2254//4169 2255//4169
f 2254//4170 2256//4170 2257//4170
f 2254//4171 2257//4171 2255//4171
f 2256//4172 2258//4172 2259//4172
f 2256//4173 2259//4173 2257//4173
f 2258//4174 2260//4174 2261//4174
f 2258//4175 2261//4175 2262//4175
f 2258//4176 2262//4176 2259//4176
f 2260//4177 2263//4177 2261//4177
f 2264//4178 2265//4178 2262//4178
f 2264//4179 2262//4179 2261//4179
f 2263//4180 2266//4180 2264//4180
f 2263//4181 2264//4181 2261//4181
f 2267//4182 2268//4182 2265//4182
f 2267//4183 2265//4183 2264//4183
f 2266//4184 2269//4184 2267//4184
f 2266//4185 2267//4185 2264//4185
f 2270//4186 2271//4186 2268//4186
f 2270//4187 2268//4187 2267//4187
f 2269//4188 2272//4188 2270//4188
f 2269//4189 2270//4189 2267//4189
f 2273//4190 2274//4190 2275//4190
f 2276//4191 2277//4191 2278//4191
f 2276//4192 2278//4192 2273//4192
f 2276//4193 2273//4193 2275//4193
f 2277//4194 2279//4194 2280//4194
f 2277//4195 2280//4195 2278//4195
f 2279//4196 2281//4196 2282//4196
f 2279//4197 2282//4197 2280//4197
f 2281//4198 2283//4198 2284//4198
f 2281//4199 2284//4199 2282//4199
f 2283//4200 2285//4200 2286//4200
f 2283//4201 2286//4201 2284//4201
f 2285//4202 2287//4202 2288//4202
f 2285//4203 2288//4203 2286//4203
f 2287//4204 2289//4204 2290//4204
f 2287//4205 2290//4205 2288//4205
f 2289//4206 2291//4206 2292//4206
f 2289//4207 2292//4207 2290//4207
f 2291//4208 2293//4208 2294//4208
f 2291//4209 2294//4209 2292//4209
f 2293//4210 2295//4210 2294//4210
f 2296//4211 2297//4211 2298//4211
f 2297//4212 2299//4212 2300//4212
f 2297//4213 2300//4213 2301//4213
f 2297//4214 2301//4214 2298//4214
f 2299//4215 2302//4215 2300//4215
f 2303//4216 2301//4216 2300//4216
f 2302//4217 2304//4217 2305//4217
f 2302//4218 2305//4218 2303//4218
f 2302//4219 2303//4219 2300//4219
f 2304//4220 2306//4220 2307//4220
f 2304//4221 2307//4221 2305//4221
f 2306//4222 2308//4222 2309//4222
f 2306//4223 2309//4223 2307//4223
f 2308//4224 2310//4224 2311//4224
f 2308//4225 2311//4225 2309//4225
f 2310//4226 2312//4226 2313//4226
f 2310//4227 2313//4227 2311//4227
f 2314//4228 2315//4228 2316//4228
f 2314//4229 2316//4229 2317//4229
f 2315//4230 2318//4230 2319//4230
f 2315//4231 2319//4231 2316//4231
f 2318//4232 2320//4232 2321//4232
f 2318//4233 2321//4233 2319//4233
f 2320//4234 2322//4234 2323//4234
f 2320//4235 2323//4235 2321//4235
f 2322//4236 2324//4236 2325//4236
f 2322//4237 2325//4237 2323//4237
f 2324//4238 2326//4238 2327//4238
f 2324//4239 2327//4239 2328//4239
f 2324//4240 2328//4240 2325//4240
f 2326//4241 2329//4241 2327//4241
f 2330//4242 2328//4242 2327//4242
f 2329//4243 2331//4243 2332//4243
f 2329//4244 2332//4244 2330//4244
f 2329//4245 2330//4245 2327//4245
f 2331//4246 2333//4246 2334//4246
f 2331//4247 2334//4247 2332//4247
f 2333//4248 2335//4248 2336//4248
f 2333//4249 2336//4249 2334//4249
f 2335//4250 2337//4250 2336//4250
f 2338//4251 2339//4251 2340//4251
f 2339//4252 2341//4252 2342//4252
f 2339//4253 2342//4253 2340//4253
f 2341//4254 2343//4254 2344//4254
f 2341//4255 2344//4255 2342//4255
f 2343//4256 2345//4256 2346//4256
f 2343//4257 2346//4257 2344//4257
f 2345//4258 2347//4258 2348//4258
f 2345//4259 2348//4259 2346//4259
f 2347//4260 2349//4260 2350//4260
f 2347//4261 2350//4261 2351//4261
f 2347//4262 2351//4262 2348//4262
f 2349//4263 2352//4263 2350//4263
f 2353//4264 2354//4264 2351//4264
f 2353//4265 2351//4265 2350//4265
f 2352//4266 2355//4266 2353//4266
f 2352//4267 2353//4267 2350//4267
f 2356//4268 2357//4268 2354//4268
f 2356//4269 2354//4269 2353//4269
f 2355//4270 2358//4270 2356//4270
f 2355//4271 2356//4271 2353//4271
f 2359//4272 2360//4272 2357//4272
f 2359//4273 2357//4273 2356//4273
f 2358//4274 2361//4274 2359//4274
f 2358//4275 2359//4275 2356//4275
f 2362//4276 2360//4276 2359//4276
f 2361//4277 2363//4277 2364//4277
f 2361//4278 2364//4278 2362//4278
f 2361//4279 2362//4279 2359//4279
f 2363//4280 2365//4280 2366//4280
f 2363//4281 2366//4281 2364//4281
f 2365//4282 2367//4282 2368//4282
f 2365//4283 2368//4283 2366//4283
f 2367//4284 2369//4284 2370//4284
f 2367//4285 2370//4285 2368//4285
f 2369//4286 2371//4286 2372//4286
f 2369//4287 2372//4287 2370//4287
f 2371//4288 2373//4288 2374//4288
f 2371//4289 2374//4289 2372//4289
f 2373//4290 2375//4290 2376//4290
f 2373//4291 2376//4291 2374//4291
f 2375//4292 2377//4292 2378//4292
f 2375//4293 2378//4293 2376//4293
f 2377//4294 2379//4294 2378//4294
f 2380//4295 2381//4295 2382//4295
f 2383//4296 2380//4296 2382//4296
f 2383//4297 2382//4297 2384//4297
f 2381//4298 2385//4298 2386//4298
f 2381//4299 2386//4299 2382//4299
f 2386//4300 2387//4300 2384//4300
f 2386//4301 2384//4301 2382//4301
f 2385//4302 2388//4302 2389//4302
f 2385//4303 2389//4303 2386//4303
f 2389//4304 2390//4304 2387//4304
f 2389//4305 2387//4305 2386//4305
f 2388//4306 2391//4306 2392//4306
f 2388//4307 2392//4307 2393//4307
f 2388//4308 2393//4308 2389//4308
f 2391//4309 2394//4309 2392//4309
f 2393//4310 2395//4310 2390//4310
f 2393//4311 2390//4311 2389//4311
f 2396//4312 2397//4312 2393//4312
f 2396//4313 2393//4313 2392//4313
f 2394//4314 2398//4314 2396//4314
f 2394//4315 2396//4315 2392//4315
f 2397//4316 2399//4316 2395//4316
f 2397//4317 2395//4317 2393//4317
f 2400//4318 2401//4318 2397//4318
f 2400//4319 2397//4319 2396//4319
f 2398//4320 2402//4320 2403//4320
f 2398//4321 2403//4321 2400//4321
f 2398//4322 2400//4322 2396//4322
f 2401//4323 2399//4323 2397//4323
f 2402//4324 2404//4324 2405//4324
f 2402//4325 2405//4325 2403//4325
f 2404//4326 2406//4326 2407//4326
f 2404//4327 2407//4327 2405//4327
f 2406//4328 2408//4328 2409//4328
f 2406//4329 2409//4329 2407//4329
f 2408//4330 2410//4330 2411//4330
f 2408//4331 2411//4331 2409//4331
f 2410//4332 2412//4332 2413//4332
f 2410//4333 2413//4333 2411//4333
f 2412//4334 2414//4334 2415//4334
f 2412//4335 2415//4335 2413//4335
f 2414//4336 2416//4336 2417//4336
f 2414//4337 2417//4337 2418//4337
f 2414//4338 2418//4338 2415//4338
f 2416//4339 2419//4339 2417//4339
f 2420//4340 2421//4340 2422//4340
f 2420//4341 2422//4341 2418//4341
f 2420//4342 2418//4342 2417//4342
f 2419//4343 2423//4343 2420//4343
f 2419//4344 2420//4344 2417//4344
f 2421//4345 2424//4345 2422//4345
f 2425//4346 2421//4346 2420//4346
f 2423//4347 2426//4347 2425//4347
f 2423//4348 2425//4348 2420//4348
f 2427//4349 2424//4349 2421//4349
f 2427//4350 2421//4350 2425//4350
f 2426//4351 2428//4351 2429//4351
f 2426//4352 2429//4352 2425//4352
f 2430//4353 2427//4353 2425//4353
f 2429//4354 2431//4354 2430//4354
f 2429//4355 2430//4355 2425//4355
f 2428//4356 2432//4356 2433//4356
f 2428//4357 2433//4357 2429//4357
f 2433//4358 2434//4358 2431//4358
f 2433//4359 2431//4359 2429//4359
f 2432//4360 2435//4360 2433//4360
f 2435//4361 2436//4361 2434//4361
f 2435//4362 2434//4362 2433//4362
f 2437//4363 2438//4363 2439//4363
f 2438//4364 2440//4364 2441//4364
f 2438//4365 2441//4365 2439//4365
f 2440//4366 2442//4366 2443//4366
f 2440//4367 2443//4367 2441//4367
f 2442//4368 2444//4368 2445//4368
f 2442//4369 2445//4369 2443//4369
f 2444//4370 2446//4370 2447//4370
f 2444//4371 2447//4371 2448//4371
f 2444//4372 2448//4372 2445//4372
f 2446//4373 2449//4373 2447//4373
f 2450//4374 2451//4374 2448//4374
f 2450//4375 2448//4375 2447//4375
f 2449//4376 2452//4376 2450//4376
f 2449//4377 2450//4377 2447//4377
f 2453//4378 2451//4378 2450//4378
f 2452//4379 2454//4379 2455//4379
f 2452//4380 2455//4380 2453//4380
f 2452//4381 2453//4381 2450//4381
f 2454//4382 2456//4382 2457//4382
f 2454//4383 2457//4383 2455//4383
f 2456//4384 2458//4384 2459//4384
f 2456//4385 2459//4385 2457//4385
f 2458//4386 2460//4386 2461//4386
f 2458//4387 2461//4387 2459//4387
f 2460//4388 2462//4388 2463//4388
f 2460//4389 2463//4389 2461//4389
f 2462//4390 2464//4390 2465//4390
f 2462//4391 2465//4391 2463//4391
f 2464//4392 2466//4392 2467//4392
f 2464//4393 2467//4393 2465//4393
f 2466//4394 2468//4394 2469//4394
f 2466//4395 2469//4395 2467//4395
f 2468//4396 2470//4396 2471//4396
f 2468//4397 2471//4397 2469//4397
f 2470//4398 2472//4398 2473//4398
f 2470//4399 2473//4399 2471//4399
f 2472//4400 2474//4400 2475//4400
f 2472//4401 2475//4401 2473//4401
f 2474//4402 2476//4402 2475//4402
f 2477//4403 2478//4403 2479//4403
f 2478//4404 2480//4404 2481//4404
f 2478//4405 2481//4405 2482//4405
f 2478//4406 2482//4406 2479//4406
f 2480//4407 2483//4407 2481//4407
f 2484//4408 2482//4408 2481//4408
f 2483//4409 2485//4409 2486//4409
f 2483//4410 2486//4410 2484//4410
f 2483//4411 2484//4411 2481//4411
f 2485//4412 2487//4412 2488//4412
f 2485//4413 2488//4413 2486//4413
f 2487//4414 2489//4414 2490//4414
f 2487//4415 2490//4415 2488//4415
f 2489//4416 2491//4416 2492//4416
f 2489//4417 2492//4417 2493//4417
f 2489//4418 2493//4418 2490//4418
f 2492//4419 2494//4419 2493//4419
f 2491//4420 2495//4420 2496//4420
f 2491//4421 2496//4421 2492//4421
f 2496//4422 2497//4422 2494//4422
f 2496//4423 2494//4423 2492//4423
f 2498//4424 2499//4424 2500//4424
f 2498//4425 2500//4425 2501//4425
f 2500//4426 2502//4426 2503//4426
f 2500//4427 2503//4427 2501//4427
f 2499//4428 2504//4428 2505//4428
f 2499//4429 2505//4429 2500//4429
f 2505//4430 2506//4430 2502//4430
f 2505//4431 2502//4431 2500//4431
f 2504//4432 2507//4432 2508//4432
f 2504//4433 2508//4433 2509//4433
f 2504//4434 2509//4434 2505//4434
f 2507//4435 2510//4435 2508//4435
f 2509//4436 2511//4436 2506//4436
f 2509//4437 2506//4437 2505//4437
f 2512//4438 2509//4438 2508//4438
f 2510//4439 2513//4439 2512//4439
f 2510//4440 2512//4440 2508//4440
f 2514//4441 2511//4441 2509//4441
f 2514//4442 2509//4442 2512//4442
f 2513//4443 2515//4443 2512//4443
f 2516//4444 2517//4444 2514//4444
f 2516//4445 2514//4445 2512//4445
f 2515//4446 2518//4446 2516//4446
f 2515//4447 2516//4447 2512//4447
f 2519//4448 2520//4448 2517//4448
f 2519//4449 2517//4449 2516//4449
f 2518//4450 2521//4450 2519//4450
f 2518//4451 2519//4451 2516//4451
f 2522//4452 2520//4452 2519//4452
f 2521//4453 2523//4453 2524//4453
f 2521//4454 2524//4454 2522//4454
f 2521//4455 2522//4455 2519//4455
f 2523//4456 2525//4456 2526//4456
f 2523//4457 2526//4457 2524//4457
f 2525//4458 2527//4458 2528//4458
f 2525//4459 2528//4459 2526//4459
f 2527//4460 2529//4460 2528//4460
f 2530//4461 2531//4461 2532//4461
f 2533//4462 2530//4462 2532//4462
f 2533//4463 2532//4463 2534//4463
f 2531//4464 2535//4464 2536//4464
f 2531//4465 2536//4465 2537//4465
f 2531//4466 2537//4466 2532//4466
f 2535//4467 2538//4467 2536//4467
f 2537//4468 2539//4468 2534//4468
f 2537//4469 2534//4469 2532//4469
f 2540//4470 2537//4470 2536//4470
f 2538//4471 2541//4471 2540//4471
f 2538//4472 2540//4472 2536//4472
f 2542//4473 2539//4473 2537//4473
f 2542//4474 2537//4474 2540//4474
f 2541//4475 2543//4475 2544//4475
f 2541//4476 2544//4476 2540//4476
f 2545//4477 2546//4477 2542//4477
f 2545//4478 2542//4478 2540//4478
f 2544//4479 2545//4479 2540//4479
f 2543//4480 2547//4480 2548//4480
f 2543//4481 2548//4481 2544//4481
f 2549//4482 2546//4482 2545//4482
f 2548//4483 2550//4483 2549//4483
f 2548//4484 2549//4484 2545//4484
f 2548//4485 2545//4485 2544//4485
f 2547//4486 2551//4486 2552//4486
f 2547//4487 2552//4487 2548//4487
f 2552//4488 2553//4488 2550//4488
f 2552//4489 2550//4489 2548//4489
f 2551//4490 2554//4490 2555//4490
f 2551//4491 2555//4491 2552//4491
f 2555//4492 2556//4492 2553//4492
f 2555//4493 2553//4493 2552//4493
f 2554//4494 2557//4494 2558//4494
f 2554//4495 2558//4495 2555//4495
f 2558//4496 2559//4496 2556//4496
f 2558//4497 2556//4497 2555//4497
f 2557//4498 2560//4498 2561//4498
f 2557//4499 2561//4499 2558//4499
f 2561//4500 2562//4500 2559//4500
f 2561//4501 2559//4501 2558//4501
f 2560//4502 2563//4502 2564//4502
f 2560//4503 2564//4503 2561//4503
f 2564//4504 2565//4504 2562//4504
f 2564//4505 2562//4505 2561//4505
f 2563//4506 2566//4506 2564//4506
f 2566//4507 2567//4507 2568//4507
f 2566//4508 2568//4508 2565//4508
f 2566//4509 2565//4509 2564//4509
f 2567//4510 2569//4510 2570//4510
f 2567//4511 2570//4511 2568//4511
f 2569//4512 2571//4512 2572//4512
f 2569//4513 2572//4513 2570//4513
f 2571//4514 2573//4514 2574//4514
f 2571//4515 2574//4515 2572//4515
f 2573//4516 2575//4516 2576//4516
f 2573//4517 2576//4517 2574//4517
f 2575//4518 2577//4518 2578//4518
f 2575//4519 2578//4519 2576//4519
f 2577//4520 2579//4520 2580//4520
f 2577//4521 2580//4521 2578//4521
f 2579//4522 2581//4522 2580//4522
f 2582//4523 2583//4523 2584//4523
f 2583//4524 2585//4524 2586//4524
f 2583//4525 2586//4525 2584//4525
f 2585//4526 2587//4526 2588//4526
f 2585//4527 2588//4527 2586//4527
f 2587//4528 2589//4528 2590//4528
f 2587//4529 2590//4529 2588//4529
f 2589//4530 2591//4530 2592//4530
f 2589//4531 2592//4531 2590//4531
f 2591//4532 2593//4532 2594//4532
f 2591//4533 2594//4533 2592//4533
f 2593//4534 2595//4534 2596//4534
f 2593//4535 2596//4535 2594//4535
f 2597//4536 2598//4536 2599//4536
f 2597//4537 2599//4537 2600//4537
f 2601//4538 2602//4538 2597//4538
f 2601//4539 2597//4539 2600//4539
f 2603//4540 2604//4540 2598//4540
f 2603//4541 2598//4541 2597//4541
f 2602//4542 2605//4542 2603//4542
f 2602//4543 2603//4543 2597//4543
f 2606//4544 2607//4544 2604//4544
f 2606//4545 2604//4545 2603//4545
f 2605//4546 2608//4546 2606//4546
f 2605//4547 2606//4547 2603//4547
f 2609//4548 2610//4548 2607//4548
f 2609//4549 2607//4549 2606//4549
f 2608//4550 2611//4550 2609//4550
f 2608//4551 2609//4551 2606//4551
f 2612//4552 2613//4552 2610//4552
f 2612//4553 2610//4553 2609//4553
f 2611//4554 2614//4554 2612//4554
f 2611//4555 2612//4555 2609//4555
f 2615//4556 2613//4556 2612//4556
f 2614//4557 2616//4557 2617//4557
f 2614//4558 2617//4558 2615//4558
f 2614//4559 2615//4559 2612//4559
f 2616//4560 2618//4560 2619//4560
f 2616//4561 2619//4561 2617//4561
f 2618//4562 2620//4562 2621//4562
f 2618//4563 2621//4563 2619//4563
f 2620//4564 2622//4564 2623//4564
f 2620//4565 2623//4565 2621//4565
f 2622//4566 2624//4566 2623//4566
f 2625//4567 2626//4567 2627//4567
f 2626//4568 2628//4568 2629//4568
f 2626//4569 2629//4569 2627//4569
f 2628//4570 2630//4570 2631//4570
f 2628//4571 2631//4571 2632//4571
f 2628//4572 2632//4572 2629//4572
f 2630//4573 2633//4573 2631//4573
f 2634//4574 2635//4574 2636//4574
f 2637//4575 2638//4575 2632//4575
f 2637//4576 2632//4576 2631//4576
f 2633//4577 2634//4577 2636//4577
f 2633//4578 2636//4578 2637//4578
f 2633//4579 2637//4579 2631//4579
f 2635//4580 2639//4580 2640//4580
f 2635//4581 2640//4581 2636//4581
f 2641//4582 2642//4582 2638//4582
f 2641//4583 2638//4583 2637//4583
f 2640//4584 2641//4584 2637//4584
f 2640//4585 2637//4585 2636//4585
f 2639//4586 2643//4586 2644//4586
f 2639//4587 2644//4587 2640//4587
f 2645//4588 2642//4588 2641//4588
f 2644//4589 2646//4589 2645//4589
f 2644//4590 2645//4590 2641//4590
f 2644//4591 2641//4591 2640//4591
f 2643//4592 2647//4592 2648//4592
f 2643//4593 2648//4593 2644//4593
f 2648//4594 2649//4594 2646//4594
f 2648//4595 2646//4595 2644//4595
f 2647//4596 2650//4596 2651//4596
f 2647//4597 2651//4597 2648//4597
f 2651//4598 2652//4598 2649//4598
f 2651//4599 2649//4599 2648//4599
f 2650//4600 2653//4600 2651//4600
f 2653//4601 2654//4601 2655//4601
f 2653//4602 2655//4602 2652//4602
f 2653//4603 2652//4603 2651//4603
f 2654//4604 2656//4604 2657//4604
f 2654//4605 2657//4605 2655//4605
f 2656//4606 2658//4606 2659//4606
f 2656//4607 2659//4607 2657//4607
f 2658//4608 2660//4608 2661//4608
f 2658//4609 2661//4609 2659//4609
f 2660//4610 2662//4610 2663//4610
f 2660//4611 2663//4611 2664//4611
f 2660//4612 2664//4612 2661//4612
f 2662//4613 2665//4613 2663//4613
f 2666//4614 2667//4614 2664//4614
f 2666//4615 2664//4615 2663//4615
f 2665//4616 2668//4616 2666//4616
f 2665//4617 2666//4617 2663//4617
f 2669//4618 2670//4618 2667//4618
f 2669//4619 2667//4619 2666//4619
f 2668//4620 2671//4620 2669//4620
f 2668//4621 2669//4621 2666//4621
f 2672//4622 2673//4622 2670//4622
f 2672//4623 2670//4623 2669//4623
f 2671//4624 2674//4624 2672//4624
f 2671//4625 2672//4625 2669//4625
f 2675//4626 2676//4626 2673//4626
f 2675//4627 2673//4627 2672//4627
f 2674//4628 2675//4628 2672//4628
