# Kabbalah adventure: town-fire
# Roy town-fire drawing at the centre of the town: scalloped grey hearth, maroon and orange tongues, blue cores and black strokes. Flames change with each settled view; state zero shown. Hidden sides are reconstructed. Actual world coordinates.
# Actual runtime triangles; +Y up; metres; no image planes or textures.
# Base inks are semantic materials. The game maps them to its discrete lighting palette.
mtllib town-fire.mtl
v 240 -5.5 147.54097
v 240.541497 -5.5 147.41888
v 240.552327 -4.885 147.487258
v 240 -4.885 147.611789
v 241.008831 -5.5 147.104862
v 241.029007 -4.885 147.166959
v 241.361659 -5.5 146.672406
v 241.388892 -4.885 146.725854
v 241.688097 -5.5 146.323467
v 241.721859 -4.885 146.369936
v 242.247776 -5.5 146.247776
v 242.292732 -4.885 146.292732
v 242.626514 -5.5 145.908274
v 242.679045 -4.885 145.94644
v 242.781646 -5.5 145.41732
v 242.837279 -4.885 145.445666
v 243.201993 -5.5 145.040391
v 243.266033 -4.885 145.061198
v 243.436207 -5.5 144.544242
v 243.504931 -4.885 144.555127
v 243.323496 -5.5 144
v 243.389966 -4.885 144
v 243.089862 -5.5 143.510614
v 243.151659 -4.885 143.500826
v 242.685424 -5.5 143.127453
v 242.739133 -4.885 143.110002
v 242.620953 -5.5 142.664558
v 242.673372 -4.885 142.637849
v 242.718257 -5.5 142.025071
v 242.772622 -4.885 141.985572
v 242.35042 -5.5 141.64958
v 242.397429 -4.885 141.602571
v 241.916404 -5.5 141.362296
v 241.954733 -4.885 141.309541
v 241.534682 -5.5 140.988016
v 241.565376 -4.885 140.927777
v 241.018052 -5.5 140.866757
v 241.038413 -4.885 140.804092
v 240.501226 -5.5 140.835386
v 240.51125 -4.885 140.772094
v 240 -5.5 141.002857
v 240 -4.885 140.942914
v 239.563239 -5.5 141.2424
v 239.554504 -4.885 141.187248
v 239.020571 -5.5 140.985629
v 239.000983 -4.885 140.925341
v 238.407818 -5.5 140.875168
v 238.375975 -4.885 140.812671
v 238.019856 -5.5 141.274565
v 237.980253 -4.885 141.220057
v 237.665176 -5.5 141.665176
v 237.61848 -4.885 141.61848
v 237.39682 -5.5 142.108679
v 237.344757 -4.885 142.070853
v 237.218482 -5.5 142.582746
v 237.162851 -4.885 142.554401
v 237.001579 -5.5 143.025754
v 236.941611 -4.885 143.006269
v 237.099364 -5.5 143.540584
v 237.041352 -4.885 143.531396
v 237.061609 -5.5 144
v 237.002841 -4.885 144
v 236.623931 -5.5 144.534717
v 236.556409 -4.885 144.545411
v 236.631134 -5.5 145.094611
v 236.563756 -4.885 145.116503
v 237.013308 -5.5 145.521796
v 236.953574 -4.885 145.552232
v 237.411741 -5.5 145.88048
v 237.359976 -4.885 145.91809
v 237.882054 -5.5 146.117946
v 237.839695 -4.885 146.160305
v 238.192349 -5.5 146.488019
v 238.156195 -4.885 146.537779
v 238.558178 -5.5 146.829736
v 238.529341 -4.885 146.88633
v 239.077272 -5.5 146.839866
v 239.058817 -4.885 146.896664
v 239.502522 -5.5 147.140954
v 239.492572 -4.885 147.203773
v 240.525252 -4.75 147.316314
v 240 -4.75 147.434741
v 240.978566 -4.75 147.011716
v 241.320809 -4.75 146.592234
v 241.637454 -4.75 146.253763
v 242.180343 -4.75 146.180343
v 242.547719 -4.75 145.851026
v 242.698197 -4.75 145.3748
v 243.105933 -4.75 145.009179
v 243.333121 -4.75 144.527914
v 243.223791 -4.75 144
v 242.997166 -4.75 143.525296
v 242.604861 -4.75 143.153629
v 242.542324 -4.75 142.704621
v 242.636709 -4.75 142.084318
v 242.279908 -4.75 141.720092
v 241.858912 -4.75 141.441427
v 241.488642 -4.75 141.078376
v 240.987511 -4.75 140.960754
v 240.486189 -4.75 140.930325
v 240 -4.75 141.092771
v 239.576342 -4.75 141.325128
v 239.049954 -4.75 141.07606
v 238.455584 -4.75 140.968913
v 238.07926 -4.75 141.356328
v 237.735221 -4.75 141.735221
v 237.474916 -4.75 142.165419
v 237.301927 -4.75 142.625263
v 237.091532 -4.75 143.054981
v 237.186383 -4.75 143.554367
v 237.149761 -4.75 144
v 236.725213 -4.75 144.518675
v 236.7322 -4.75 145.061773
v 237.102909 -4.75 145.476142
v 237.489389 -4.75 145.824066
v 237.945592 -4.75 146.054408
v 238.246578 -4.75 146.413378
v 238.601432 -4.75 146.744843
v 239.104953 -4.75 146.75467
v 239.517446 -4.75 147.046725
v 240.465688 -4.65 146.940237
v 240 -4.65 147.045234
v 240.867595 -4.65 146.670181
v 241.171027 -4.65 146.298269
v 241.451764 -4.65 145.998181
v 241.933088 -4.65 145.933088
v 242.258802 -4.65 145.641116
v 242.392216 -4.65 145.218895
v 242.753714 -4.65 144.894736
v 242.955138 -4.65 144.468048
v 242.858206 -4.65 144
v 242.657281 -4.65 143.579128
v 242.309465 -4.65 143.249609
v 242.25402 -4.65 142.85152
v 242.337701 -4.65 142.301561
v 242.021361 -4.65 141.978639
v 241.648108 -4.65 141.731574
v 241.319827 -4.65 141.409694
v 240.875525 -4.65 141.305411
v 240.431054 -4.65 141.278432
v 240 -4.65 141.422457
v 239.624386 -4.65 141.628464
v 239.157691 -4.65 141.407641
v 238.630724 -4.65 141.312644
v 238.297076 -4.65 141.656126
v 237.992051 -4.65 141.992051
v 237.761265 -4.65 142.373464
v 237.607894 -4.65 142.781161
v 237.421358 -4.65 143.162148
v 237.505453 -4.65 143.604903
v 237.472984 -4.65 144
v 237.09658 -4.65 144.459857
v 237.102775 -4.65 144.941365
v 237.431445 -4.65 145.308744
v 237.774097 -4.65 145.617213
v 238.178566 -4.65 145.821434
v 238.44542 -4.65 146.139696
v 238.760033 -4.65 146.433573
v 239.206453 -4.65 146.442285
v 239.572169 -4.65 146.70122
v 240.389878 -4.6 146.461594
v 240 -4.6 146.549498
v 240.726358 -4.6 146.235501
v 240.980394 -4.6 145.924132
v 241.21543 -4.6 145.672896
v 241.618399 -4.6 145.618399
v 241.89109 -4.6 145.373958
v 242.002785 -4.6 145.02047
v 242.305435 -4.6 144.749081
v 242.474069 -4.6 144.391854
v 242.392917 -4.6 144
v 242.2247 -4.6 143.647642
v 241.933505 -4.6 143.371766
v 241.887086 -4.6 143.038482
v 241.957145 -4.6 142.578051
v 241.692303 -4.6 142.307697
v 241.379811 -4.6 142.100853
v 241.104971 -4.6 141.831372
v 240.732998 -4.6 141.744065
v 240.360882 -4.6 141.721478
v 240 -4.6 141.842057
v 239.685532 -4.6 142.014528
v 239.294811 -4.6 141.829653
v 238.853629 -4.6 141.750121
v 238.574296 -4.6 142.037687
v 238.318927 -4.6 142.318927
v 238.125711 -4.6 142.638249
v 237.997307 -4.6 142.979577
v 237.841137 -4.6 143.298543
v 237.911542 -4.6 143.669221
v 237.884359 -4.6 144
v 237.56923 -4.6 144.384996
v 237.574416 -4.6 144.78812
v 237.849582 -4.6 145.095693
v 238.136453 -4.6 145.353946
v 238.475079 -4.6 145.524921
v 238.698491 -4.6 145.791374
v 238.961888 -4.6 146.03741
v 239.335635 -4.6 146.044704
v 239.641816 -4.6 146.261487
v 240 -4.6 144
v 237.88032 -4.75 144.328149
v 238.189792 -4.75 144.132377
v 238.157798 -4.597105 144.09092
v 237.860413 -4.597105 144.279046
v 238.343391 -4.75 143.8848
v 238.305399 -4.597105 143.853012
v 238.264746 -4.75 143.577259
v 238.229825 -4.597105 143.557483
v 237.88032 -4.75 143.561378
v 237.860413 -4.597105 143.542222
v 237.512055 -4.75 143.590188
v 237.506531 -4.597105 143.569907
v 237.384927 -4.75 143.8848
v 237.384368 -4.597105 143.853012
v 237.58701 -4.75 144.119448
v 237.578558 -4.597105 144.078496
v 238.116701 -4.44421 144.055028
v 237.838144 -4.44421 144.231244
v 238.254957 -4.44421 143.832183
v 238.184168 -4.44421 143.555363
v 237.838144 -4.44421 143.541069
v 237.506666 -4.44421 143.567001
v 237.392237 -4.44421 143.832183
v 237.574133 -4.44421 144.043391
v 238.062864 -4.291315 144.036544
v 237.810799 -4.291315 144.196001
v 238.187971 -4.291315 143.834892
v 238.123915 -4.291315 143.5844
v 237.810799 -4.291315 143.571465
v 237.510847 -4.291315 143.59493
v 237.407301 -4.291315 143.834892
v 237.571897 -4.291315 144.026013
v 237.995606 -4.138419 144.040491
v 237.777355 -4.138419 144.178556
v 238.103929 -4.138419 143.86589
v 238.048466 -4.138419 143.649001
v 237.777355 -4.138419 143.637801
v 237.517641 -4.138419 143.658119
v 237.427985 -4.138419 143.86589
v 237.570502 -4.138419 144.031373
v 237.917504 -3.985524 144.062664
v 237.738964 -3.985524 144.175609
v 238.006119 -3.985524 143.919832
v 237.960747 -3.985524 143.742405
v 237.738964 -3.985524 143.733243
v 237.526504 -3.985524 143.749864
v 237.453161 -3.985524 143.919832
v 237.569747 -3.985524 144.055205
v 237.833889 -3.832629 144.090006
v 237.698811 -3.832629 144.175456
v 237.900932 -3.832629 143.981943
v 237.866605 -3.832629 143.847708
v 237.698811 -3.832629 143.840776
v 237.538071 -3.832629 143.853351
v 237.482582 -3.832629 143.981943
v 237.570787 -3.832629 144.084362
v 237.751562 -3.679734 144.10373
v 237.661352 -3.679734 144.160796
v 237.796335 -3.679734 144.031562
v 237.773411 -3.679734 143.941915
v 237.661352 -3.679734 143.937286
v 237.554004 -3.679734 143.945684
v 237.516947 -3.679734 144.031562
v 237.575853 -3.679734 144.099961
v 237.676871 -3.526839 144.084342
v 237.631105 -3.526839 144.113293
v 237.699586 -3.526839 144.047729
v 237.687955 -3.526839 144.002249
v 237.631105 -3.526839 143.999901
v 237.576645 -3.526839 144.004161
v 237.557845 -3.526839 144.047729
v 237.58773 -3.526839 144.08243
v 237.611313 -3.373944 144.015412
v 238.57152 -4.75 143.628433
v 239.028207 -4.75 143.55895
v 238.994722 -4.478973 143.515443
v 238.555871 -4.478973 143.582214
v 239.254251 -4.75 143.1936
v 239.211937 -4.478973 143.164363
v 238.945061 -4.75 142.894767
v 238.914823 -4.478973 142.877201
v 238.57152 -4.75 142.625733
v 238.555871 -4.478973 142.618674
v 238.141936 -4.75 142.849933
v 238.143065 -4.478973 142.834118
v 238.000875 -4.75 143.1936
v 238.007513 -4.478973 143.164363
v 238.05879 -4.75 143.603784
v 238.063166 -4.478973 143.558527
v 238.94978 -4.207947 143.466218
v 238.538713 -4.207947 143.528761
v 239.153243 -4.207947 143.137364
v 238.874939 -4.207947 142.868383
v 238.538713 -4.207947 142.626224
v 238.152042 -4.207947 142.828028
v 238.025072 -4.207947 143.137364
v 238.077202 -4.207947 143.506573
v 238.880947 -3.93692 143.426607
v 238.508975 -3.93692 143.483202
v 239.06506 -3.93692 143.12903
v 238.813225 -3.93692 142.88563
v 238.508975 -3.93692 142.666501
v 238.159079 -3.93692 142.849112
v 238.044184 -3.93692 143.12903
v 238.091356 -3.93692 143.463125
v 238.781259 -3.665893 143.408101
v 238.459186 -3.665893 143.457104
v 238.940673 -3.665893 143.150443
v 238.722621 -3.665893 142.939695
v 238.459186 -3.665893 142.749962
v 238.156228 -3.665893 142.908077
v 238.056746 -3.665893 143.150443
v 238.09759 -3.665893 143.43972
v 238.651769 -3.394867 143.41394
v 238.388297 -3.394867 143.454026
v 238.782178 -3.394867 143.203162
v 238.6038 -3.394867 143.030759
v 238.388297 -3.394867 142.875548
v 238.140461 -3.394867 143.004893
v 238.05908 -3.394867 143.203162
v 238.092492 -3.394867 143.439805
v 238.502061 -3.12384 143.43713
v 238.302726 -3.12384 143.467458
v 238.600725 -3.12384 143.277662
v 238.465769 -3.12384 143.147227
v 238.302726 -3.12384 143.029799
v 238.115221 -3.12384 143.127658
v 238.053651 -3.12384 143.277662
v 238.07893 -3.12384 143.456699
v 238.348371 -2.852813 143.461488
v 238.215249 -2.852813 143.481742
v 238.414262 -2.852813 143.35499
v 238.324135 -2.852813 143.267882
v 238.215249 -2.852813 143.189459
v 238.090027 -2.852813 143.254813
v 238.048908 -2.852813 143.35499
v 238.06579 -2.852813 143.474557
v 238.209446 -2.581787 143.465371
v 238.14191 -2.581787 143.475647
v 238.242874 -2.581787 143.411343
v 238.19715 -2.581787 143.36715
v 238.14191 -2.581787 143.327365
v 238.078382 -2.581787 143.36052
v 238.057522 -2.581787 143.411343
v 238.066086 -2.581787 143.472002
v 238.097695 -2.31076 143.424487
v 238.7328 -4.75 145.188148
v 239.089684 -4.75 144.976707
v 239.064975 -4.403966 145.00146
v 238.722029 -4.403966 145.204644
v 239.411633 -4.75 144.6912
v 239.37435 -4.403966 144.727104
v 239.121045 -4.75 144.380604
v 239.095111 -4.403966 144.428639
v 238.7328 -4.75 144.24443
v 238.722029 -4.403966 144.297783
v 238.255547 -4.75 144.309397
v 238.263415 -4.403966 144.360213
v 238.231985 -4.75 144.6912
v 238.240773 -4.403966 144.727104
v 238.286908 -4.75 145.047914
v 238.293552 -4.403966 145.069886
v 239.064397 -4.057932 145.031236
v 238.743164 -4.057932 145.221555
v 239.354185 -4.057932 144.774249
v 239.092625 -4.057932 144.49468
v 238.743164 -4.057932 144.372109
v 238.313585 -4.057932 144.430586
v 238.292377 -4.057932 144.774249
v 238.341813 -4.057932 145.09533
v 239.074576 -3.711899 145.060845
v 238.783893 -3.711899 145.233064
v 239.336803 -3.711899 144.828299
v 239.100119 -3.711899 144.575318
v 238.783893 -3.711899 144.464404
v 238.39517 -3.711899 144.51732
v 238.375978 -3.711899 144.828299
v 238.420714 -3.711899 145.118843
v 239.074002 -3.365865 145.082885
v 238.822314 -3.365865 145.232001
v 239.301052 -3.365865 144.881535
v 239.096119 -3.365865 144.662492
v 238.822314 -3.365865 144.566456
v 238.485738 -3.365865 144.612274
v 238.469121 -3.365865 144.881535
v 238.507855 -3.365865 145.133103
v 239.039403 -3.019831 145.089893
v 238.833509 -3.019831 145.211878
v 239.225142 -3.019831 144.925179
v 239.057496 -3.019831 144.745989
v 238.833509 -3.019831 144.667428
v 238.558172 -3.019831 144.704909
v 238.544579 -3.019831 144.925179
v 238.576265 -3.019831 145.130974
v 238.953215 -2.673797 145.076788
v 238.797442 -2.673797 145.169078
v 239.093739 -2.673797 144.95217
v 238.966903 -2.673797 144.816601
v 238.797442 -2.673797 144.757163
v 238.58913 -2.673797 144.78552
v 238.578846 -2.673797 144.95217
v 238.602819 -2.673797 145.107868
v 238.810022 -2.327763 145.042871
v 238.705992 -2.327763 145.104505
v 238.903869 -2.327763 144.959647
v 238.819164 -2.327763 144.86911
v 238.705992 -2.327763 144.829415
v 238.566875 -2.327763 144.848353
v 238.560006 -2.327763 144.959647
v 238.576016 -2.327763 145.063628
v 238.619878 -1.98173 144.992631
v 238.567101 -1.98173 145.023899
v 238.667488 -1.98173 144.950409
v 238.624515 -1.98173 144.904477
v 238.567101 -1.98173 144.884339
v 238.496523 -1.98173 144.893947
v 238.493039 -1.98173 144.950409
v 238.501161 -1.98173 145.003161
v 238.404685 -1.635696 144.932883
v 239.35488 -4.75 144.608511
v 239.852923 -4.75 144.513634
v 239.840002 -4.352913 144.504587
v 239.36141 -4.352913 144.595758
v 239.881803 -4.75 144.1152
v 239.867754 -4.352913 144.121714
v 239.842873 -4.75 143.724806
v 239.830345 -4.352913 143.746567
v 239.35488 -4.75 143.60581
v 239.36141 -4.352913 143.632218
v 238.966652 -4.75 143.804618
v 238.988345 -4.352913 143.823262
v 238.628427 -4.75 144.1152
v 238.663329 -4.352913 144.121714
v 238.956602 -4.75 144.433822
v 238.978688 -4.352913 144.427892
v 239.850339 -3.955826 144.490297
v 239.402047 -3.955826 144.575695
v 239.876334 -3.955826 144.131664
v 239.841293 -3.955826 143.780267
v 239.402047 -3.955826 143.673158
v 239.052601 -3.955826 143.852107
v 238.748163 -3.955826 144.131664
v 239.043555 -3.955826 144.418457
v 239.862567 -3.558739 144.467571
v 239.456911 -3.558739 144.544848
v 239.88609 -3.558739 144.143046
v 239.854382 -3.558739 143.825069
v 239.456911 -3.558739 143.728147
v 239.140699 -3.558739 143.890077
v 238.865214 -3.558739 144.143046
v 239.132513 -3.558739 144.402564
v 239.848916 -3.161652 144.433999
v 239.497678 -3.161652 144.50091
v 239.869284 -3.161652 144.153009
v 239.841829 -3.161652 143.877689
v 239.497678 -3.161652 143.793768
v 239.223886 -3.161652 143.933975
v 238.985357 -3.161652 144.153009
v 239.216798 -3.161652 144.377713
v 239.78376 -2.764565 144.388604
v 239.496429 -2.764565 144.44334
v 239.800422 -2.764565 144.158739
v 239.777962 -2.764565 143.933513
v 239.496429 -2.764565 143.864862
v 239.272453 -2.764565 143.979558
v 239.077323 -2.764565 144.158739
v 239.266655 -2.764565 144.342559
v 239.652287 -2.367478 144.332306
v 239.434901 -2.367478 144.373718
v 239.664892 -2.367478 144.158397
v 239.6479 -2.367478 143.987998
v 239.434901 -2.367478 143.936058
v 239.265447 -2.367478 144.022834
v 239.117818 -2.367478 144.158397
v 239.26106 -2.367478 144.29747
v 239.456735 -1.970391 144.26797
v 239.311558 -1.970391 144.295626
v 239.465153 -1.970391 144.151828
v 239.453805 -1.970391 144.03803
v 239.311558 -1.970391 144.003343
v 239.198391 -1.970391 144.061295
v 239.099799 -1.970391 144.151828
v 239.195461 -1.970391 144.244705
v 239.218012 -1.573304 144.199763
v 239.14436 -1.573304 144.213794
v 239.222283 -1.573304 144.140842
v 239.216526 -1.573304 144.083109
v 239.14436 -1.573304 144.065512
v 239.086948 -1.573304 144.094912
v 239.03693 -1.573304 144.140842
v 239.085462 -1.573304 144.18796
v 238.968171 -1.176217 144.128949
v 239.3088 -4.75 143.077533
v 239.679377 -4.75 142.867982
v 239.680071 -4.620671 142.806242
v 239.323966 -4.620671 143.007609
v 239.823052 -4.75 142.57152
v 239.818134 -4.620671 142.521359
v 239.758934 -4.75 142.211413
v 239.75652 -4.620671 142.175316
v 239.3088 -4.75 142.192797
v 239.323966 -4.620671 142.157427
v 238.897374 -4.75 142.242379
v 238.928609 -4.620671 142.205073
v 238.717132 -4.75 142.57152
v 238.755406 -4.620671 142.521359
v 238.976931 -4.75 142.837016
v 239.005058 -4.620671 142.776485
v 239.669277 -4.491342 142.745064
v 239.335717 -4.491342 142.933683
v 239.798599 -4.491342 142.478217
v 239.740886 -4.491342 142.154082
v 239.335717 -4.491342 142.137327
v 238.96539 -4.491342 142.181955
v 238.803154 -4.491342 142.478217
v 239.037 -4.491342 142.717191
v 239.636722 -4.362013 142.702404
v 239.334887 -4.362013 142.873084
v 239.753745 -4.362013 142.460935
v 239.701521 -4.362013 142.167627
v 239.334887 -4.362013 142.152465
v 238.99978 -4.362013 142.192849
v 238.852972 -4.362013 142.460935
v 239.064579 -4.362013 142.677182
v 239.577508 -4.232684 142.689503
v 239.316164 -4.232684 142.837286
v 239.678833 -4.232684 142.480427
v 239.633615 -4.232684 142.226466
v 239.316164 -4.232684 142.213338
v 239.026011 -4.232684 142.248305
v 238.898898 -4.232684 142.480427
v 239.082117 -4.232684 142.667664
v 239.494005 -4.103354 142.706364
v 239.280211 -4.103354 142.827259
v 239.576894 -4.103354 142.535329
v 239.539903 -4.103354 142.327576
v 239.280211 -4.103354 142.316837
v 239.042851 -4.103354 142.345441
v 238.938866 -4.103354 142.535329
v 239.088749 -4.103354 142.688499
v 239.395848 -3.974025 142.740516
v 239.234098 -3.974025 142.831982
v 239.458559 -3.974025 142.611117
v 239.430573 -3.974025 142.453937
v 239.234098 -3.974025 142.445812
v 239.054519 -3.974025 142.467453
v 238.975847 -3.974025 142.611117
v 239.089244 -3.974025 142.727
v 239.297863 -3.844696 142.769507
v 239.189841 -3.844696 142.83059
v 239.339743 -3.844696 142.683089
v 239.321053 -3.844696 142.578119
v 239.189841 -3.844696 142.572693
v 239.069912 -3.844696 142.587146
v 239.017372 -3.844696 142.683089
v 239.093102 -3.844696 142.76048
v 239.216165 -3.715367 142.76647
v 239.161364 -3.715367 142.797459
v 239.237412 -3.715367 142.722629
v 239.227931 -3.715367 142.669375
v 239.161364 -3.715367 142.666622
v 239.100521 -3.715367 142.673954
v 239.073866 -3.715367 142.722629
v 239.112286 -3.715367 142.761891
v 239.160607 -3.586038 142.705194
v 240.1152 -4.75 142.836278
v 240.552977 -4.75 142.737422
v 240.570602 -4.528934 142.67492
v 240.149923 -4.528934 142.769915
v 240.817945 -4.75 142.3872
v 240.825222 -4.528934 142.338376
v 240.487636 -4.75 142.089251
v 240.507813 -4.528934 142.052064
v 240.1152 -4.75 141.833577
v 240.149923 -4.528934 141.806376
v 239.666706 -4.75 142.028405
v 239.718945 -4.528934 141.993595
v 239.564569 -4.75 142.3872
v 239.620797 -4.528934 142.338376
v 239.601366 -4.75 142.798267
v 239.656157 -4.528934 142.733389
v 240.583067 -4.307868 142.60103
v 240.189021 -4.307868 142.690011
v 240.821567 -4.307868 142.285794
v 240.524254 -4.307868 142.017608
v 240.189021 -4.307868 141.787474
v 239.78533 -4.307868 141.96284
v 239.693395 -4.307868 142.285794
v 239.726516 -4.307868 142.655798
v 240.572622 -4.086802 142.528835
v 240.216052 -4.086802 142.609353
v 240.788439 -4.086802 142.243579
v 240.519402 -4.086802 142.000899
v 240.216052 -4.086802 141.792652
v 239.850753 -4.086802 141.95134
v 239.767562 -4.086802 142.243579
v 239.797533 -4.086802 142.578394
v 240.525973 -3.865736 142.470557
v 240.217236 -3.865736 142.540274
v 240.712838 -3.865736 142.223568
v 240.479892 -3.865736 142.013443
v 240.217236 -3.865736 141.833133
v 239.900942 -3.865736 141.970533
v 239.828911 -3.865736 142.223568
v 239.854861 -3.865736 142.513468
v 240.438899 -3.64467 142.433171
v 240.186336 -3.64467 142.490203
v 240.591764 -3.64467 142.231121
v 240.401202 -3.64467 142.059228
v 240.186336 -3.64467 141.911725
v 239.927591 -3.64467 142.024125
v 239.868666 -3.64467 142.231121
v 239.889895 -3.64467 142.468274
v 240.318613 -3.423604 142.415511
v 240.127532 -3.423604 142.45866
v 240.434267 -3.423604 142.262646
v 240.290094 -3.423604 142.132597
v 240.127532 -3.423604 142.021001
v 239.931774 -3.423604 142.106039
v 239.887193 -3.423604 142.262646
v 239.903254 -3.423604 142.442069
v 240.183011 -3.202539 142.407709
v 240.055401 -3.202539 142.436525
v 240.260248 -3.202539 142.305621
v 240.163965 -3.202539 142.21877
v 240.055401 -3.202539 142.144242
v 239.924667 -3.202539 142.201034
v 239.894894 -3.202539 142.305621
v 239.90562 -3.202539 142.425446
v 240.056564 -2.981473 142.393038
v 239.991825 -2.981473 142.407657
v 240.095748 -2.981473 142.341246
v 240.046902 -2.981473 142.297185
v 239.991825 -2.981473 142.259375
v 239.9255 -2.981473 142.288187
v 239.910396 -2.981473 142.341246
v 239.915837 -2.981473 142.402036
v 239.960492 -2.760407 142.349171
v 240.2304 -4.75 143.776337
v 240.564326 -4.75 143.575941
v 240.565098 -4.578371 143.561692
v 240.244214 -4.578371 143.754262
v 240.866051 -4.75 143.3088
v 240.855039 -4.578371 143.304984
v 240.595787 -4.75 143.01649
v 240.595331 -4.578371 143.024091
v 240.2304 -4.75 142.891601
v 240.244214 -4.578371 142.90408
v 239.782322 -4.75 142.950338
v 239.813636 -4.578371 142.960522
v 239.760131 -4.75 143.3088
v 239.792311 -4.578371 143.304984
v 239.813784 -4.75 143.642093
v 239.843869 -4.578371 143.625261
v 240.580994 -4.406743 143.550145
v 240.280426 -4.406743 143.730524
v 240.852579 -4.406743 143.309691
v 240.609313 -4.406743 143.046581
v 240.280426 -4.406743 142.934167
v 239.877108 -4.406743 142.987037
v 239.857133 -4.406743 143.309691
v 239.905427 -4.406743 143.60969
v 240.602784 -4.235114 143.537372
v 240.330802 -4.235114 143.700596
v 240.84854 -4.235114 143.319786
v 240.62841 -4.235114 143.081699
v 240.330802 -4.235114 142.979977
v 239.965842 -4.235114 143.027818
v 239.947767 -4.235114 143.319786
v 239.991467 -4.235114 143.591254
v 240.615759 -4.063486 143.51793
v 240.380263 -4.063486 143.659257
v 240.828547 -4.063486 143.329533
v 240.637947 -4.063486 143.123386
v 240.380263 -4.063486 143.035309
v 240.064262 -4.063486 143.076732
v 240.048611 -4.063486 143.329533
v 240.086449 -4.063486 143.564584
v 240.604043 -3.891857 143.486425
v 240.411395 -3.891857 143.602038
v 240.778114 -3.891857 143.332307
v 240.622194 -3.891857 143.163667
v 240.411395 -3.891857 143.091616
v 240.152889 -3.891857 143.125502
v 240.140087 -3.891857 143.332307
v 240.17104 -3.891857 143.52459
v 240.555692 -3.720228 143.439283
v 240.40994 -3.720228 143.526753
v 240.687389 -3.720228 143.322682
v 240.569425 -3.720228 143.195094
v 240.40994 -3.720228 143.140583
v 240.214363 -3.720228 143.16622
v 240.204677 -3.720228 143.322682
v 240.228095 -3.720228 143.468158
v 240.467103 -3.5486 143.376195
v 240.369765 -3.5486 143.43461
v 240.555054 -3.5486 143.298325
v 240.476274 -3.5486 143.213118
v 240.369765 -3.5486 143.176713
v 240.239152 -3.5486 143.193835
v 240.232683 -3.5486 143.298325
v 240.248323 -3.5486 143.395478
v 240.34525 -3.376971 143.300644
v 240.295868 -3.376971 143.330279
v 240.38987 -3.376971 143.261138
v 240.349903 -3.376971 143.217911
v 240.295868 -3.376971 143.199442
v 240.229605 -3.376971 143.208128
v 240.226324 -3.376971 143.261138
v 240.234258 -3.376971 143.310426
v 240.204477 -3.205343 143.217295
v 240.18432 -4.75 145.316001
v 240.618667 -4.75 145.153878
v 240.635074 -4.512353 145.117819
v 240.217691 -4.512353 145.27361
v 240.69241 -4.75 144.8064
v 240.705938 -4.512353 144.783912
v 240.665844 -4.75 144.421181
v 240.680409 -4.512353 144.413738
v 240.18432 -4.75 144.372282
v 240.217691 -4.512353 144.366749
v 239.78453 -4.75 144.486568
v 239.833515 -4.512353 144.476571
v 239.512762 -4.75 144.8064
v 239.572361 -4.512353 144.783912
v 239.831707 -4.75 145.088491
v 239.878849 -4.512353 145.054986
v 240.656405 -4.274707 145.065888
v 240.265447 -4.274707 145.211816
v 240.722782 -4.274707 144.753122
v 240.698869 -4.274707 144.406384
v 240.265447 -4.274707 144.36237
v 239.905593 -4.274707 144.465239
v 239.660973 -4.274707 144.753122
v 239.948057 -4.274707 145.007033
v 240.654547 -4.03706 145.012528
v 240.30077 -4.03706 145.144577
v 240.714611 -4.03706 144.729507
v 240.692972 -4.03706 144.415745
v 240.30077 -4.03706 144.375917
v 239.975141 -4.03706 144.469003
v 239.753786 -4.03706 144.729507
v 240.013566 -4.03706 144.95927
v 240.604578 -3.799414 144.972783
v 240.29826 -3.799414 145.087119
v 240.656584 -3.799414 144.72773
v 240.637849 -3.799414 144.456059
v 240.29826 -3.799414 144.421574
v 240.016314 -3.799414 144.502172
v 239.824653 -3.799414 144.72773
v 240.049584 -3.799414 144.92667
v 240.4932 -3.561767 144.957088
v 240.242617 -3.561767 145.05062
v 240.535745 -3.561767 144.756621
v 240.520418 -3.561767 144.53438
v 240.242617 -3.561767 144.50617
v 240.01197 -3.561767 144.572103
v 239.855182 -3.561767 144.756621
v 240.039187 -3.561767 144.919365
v 240.324376 -3.324121 144.967299
v 240.134792 -3.324121 145.038063
v 240.356564 -3.324121 144.815632
v 240.344968 -3.324121 144.647491
v 240.134792 -3.324121 144.626148
v 239.960292 -3.324121 144.676031
v 239.841671 -3.324121 144.815632
v 239.980884 -3.324121 144.938759
v 240.120348 -3.086474 144.995111
v 239.993738 -3.086474 145.04237
v 240.141844 -3.086474 144.893823
v 240.1341 -3.086474 144.781533
v 239.993738 -3.086474 144.76728
v 239.877201 -3.086474 144.800593
v 239.797982 -3.086474 144.893823
v 239.890953 -3.086474 144.976051
v 239.917234 -2.848828 145.023217
v 239.853001 -2.848828 145.047192
v 239.928139 -2.848828 144.971831
v 239.92421 -2.848828 144.914864
v 239.853001 -2.848828 144.907632
v 239.793879 -2.848828 144.924533
v 239.75369 -2.848828 144.971831
v 239.800856 -2.848828 145.013547
v 239.752779 -2.611181 145.026454
v 241.0368 -4.75 144.781915
v 241.399463 -4.75 144.52053
v 241.420035 -4.405553 144.500554
v 241.071536 -4.405553 144.75173
v 241.698796 -4.75 144.2304
v 241.707677 -4.405553 144.221754
v 241.480601 -4.75 143.875359
v 241.498004 -4.405553 143.88058
v 241.0368 -4.75 143.808706
v 241.071536 -4.405553 143.81653
v 240.539259 -4.75 143.832367
v 240.593426 -4.405553 143.839267
v 240.482284 -4.75 144.2304
v 240.538677 -4.405553 144.221754
v 240.620397 -4.75 144.563522
v 240.671396 -4.405553 144.541867
v 241.444411 -4.061105 144.491929
v 241.117976 -4.061105 144.727203
v 241.713843 -4.061105 144.230781
v 241.517444 -4.061105 143.911207
v 241.117976 -4.061105 143.851211
v 240.670136 -4.061105 143.872509
v 240.618853 -4.061105 144.230781
v 240.743169 -4.061105 144.530626
v 241.472158 -3.716658 144.494768
v 241.176768 -3.716658 144.707666
v 241.715965 -3.716658 144.258457
v 241.538245 -3.716658 143.969275
v 241.176768 -3.716658 143.914986
v 240.77152 -3.716658 143.934258
v 240.725114 -3.716658 144.258457
v 240.837607 -3.716658 144.529785
v 241.49941 -3.37221 144.502951
v 241.243646 -3.37221 144.68729
v 241.71051 -3.37221 144.298341
v 241.556631 -3.37221 144.047953
v 241.243646 -3.37221 144.000946
v 240.892762 -3.37221 144.017633
v 240.852581 -3.37221 144.298341
v 240.949984 -3.37221 144.533271
v 241.519684 -3.027763 144.505504
v 241.310457 -3.027763 144.656303
v 241.692376 -3.027763 144.338122
v 241.566495 -3.027763 144.133292
v 241.310457 -3.027763 144.094838
v 241.023415 -3.027763 144.108489
v 240.990545 -3.027763 144.338122
v 241.070225 -3.027763 144.530307
v 241.52572 -2.683315 144.489679
v 241.367424 -2.683315 144.603768
v 241.656373 -2.683315 144.363043
v 241.561135 -2.683315 144.208075
v 241.367424 -2.683315 144.178982
v 241.150257 -2.683315 144.189309
v 241.125389 -2.683315 144.363043
v 241.185673 -2.683315 144.508444
v 241.511794 -2.338868 144.444887
v 241.40608 -2.338868 144.52108
v 241.599049 -2.338868 144.360316
v 241.535446 -2.338868 144.256823
v 241.40608 -2.338868 144.237393
v 241.261049 -2.338868 144.244291
v 241.244441 -2.338868 144.360316
v 241.2847 -2.338868 144.457419
v 241.475692 -1.99442 144.366259
v 241.422061 -1.99442 144.404913
v 241.519958 -1.99442 144.323354
v 241.487691 -1.99442 144.270849
v 241.422061 -1.99442 144.260993
v 241.348483 -1.99442 144.264492
v 241.340057 -1.99442 144.323354
v 241.360482 -1.99442 144.372617
v 241.417 -1.649973 144.254623
v 240.9216 -4.75 143.13245
v 241.304029 -4.75 143.038743
v 241.309309 -4.550079 143.000171
v 240.941816 -4.550079 143.090219
v 241.545103 -4.75 142.7328
v 241.540968 -4.550079 142.706177
v 241.250632 -4.75 142.469575
v 241.257997 -4.550079 142.453232
v 240.9216 -4.75 142.247714
v 240.941816 -4.550079 142.240037
v 240.522025 -4.75 142.41314
v 240.557847 -4.550079 142.399002
v 240.439183 -4.75 142.7328
v 240.47824 -4.550079 142.706177
v 240.468628 -4.75 143.095177
v 240.506535 -4.550079 143.054402
v 241.310162 -4.350158 142.95198
v 240.965936 -4.350158 143.036327
v 241.527155 -4.350158 142.676599
v 241.262099 -4.350158 142.439669
v 240.965936 -4.350158 142.239971
v 240.606276 -4.350158 142.388872
v 240.53171 -4.350158 142.676599
v 240.558213 -4.350158 143.002778
v 241.294464 -4.150236 142.901572
v 240.982976 -4.150236 142.977896
v 241.49082 -4.150236 142.652381
v 241.250972 -4.150236 142.437983
v 240.982976 -4.150236 142.257278
v 240.657521 -4.150236 142.392017
v 240.590047 -4.150236 142.652381
v 240.61403 -4.150236 142.947538
v 241.253039 -3.950315 142.856549
v 240.983336 -3.950315 142.922635
v 241.423054 -3.950315 142.640787
v 241.215381 -3.950315 142.455151
v 240.983336 -3.950315 142.298687
v 240.701541 -3.950315 142.415351
v 240.643118 -3.950315 142.640787
v 240.663884 -3.950315 142.896349
v 241.182788 -3.750394 142.822003
v 240.962157 -3.750394 142.876065
v 241.321868 -3.750394 142.645498
v 241.151982 -3.750394 142.493638
v 240.962157 -3.750394 142.365643
v 240.731634 -3.750394 142.46108
v 240.683841 -3.750394 142.645498
v 240.700828 -3.750394 142.854561
v 241.088358 -3.550473 142.798539
v 240.921436 -3.550473 142.839441
v 241.193583 -3.550473 142.665001
v 241.065052 -3.550473 142.550108
v 240.921436 -3.550473 142.453271
v 240.747029 -3.550473 142.525476
v 240.71087 -3.550473 142.665001
v 240.723722 -3.550473 142.823172
v 240.981733 -3.350551 142.781601
v 240.870257 -3.350551 142.808916
v 241.052005 -3.350551 142.69242
v 240.966168 -3.350551 142.615691
v 240.870257 -3.350551 142.551019
v 240.753782 -3.350551 142.59924
v 240.729634 -3.350551 142.69242
v 240.738217 -3.350551 142.798051
v 240.879502 -3.15063 142.762153
v 240.822947 -3.15063 142.776011
v 240.915152 -3.15063 142.71691
v 240.871605 -3.15063 142.677983
v 240.822947 -3.15063 142.645174
v 240.763857 -3.15063 142.669638
v 240.751606 -3.15063 142.71691
v 240.75596 -3.15063 142.770499
v 240.795541 -2.950709 142.726334
v 241.728 -4.75 143.781788
v 242.072489 -4.75 143.584391
v 242.082501 -4.593151 143.530687
v 241.751466 -4.593151 143.720374
v 242.209849 -4.75 143.3088
v 242.214497 -4.593151 143.265859
v 242.147628 -4.75 142.973098
v 242.154705 -4.593151 142.943268
v 241.728 -4.75 142.956034
v 241.751466 -4.593151 142.926871
v 241.342619 -4.75 143.000495
v 241.381136 -4.593151 142.969595
v 241.177657 -4.75 143.3088
v 241.222617 -4.593151 143.265859
v 241.417758 -4.75 143.556994
v 241.453341 -4.593151 143.504359
v 242.080945 -4.436301 143.479895
v 241.770868 -4.436301 143.657573
v 242.204584 -4.436301 143.231834
v 242.148578 -4.436301 142.929667
v 241.770868 -4.436301 142.914308
v 241.423984 -4.436301 142.954327
v 241.275502 -4.436301 143.231834
v 241.491617 -4.436301 143.455235
v 242.057076 -4.279452 143.452516
v 241.776489 -4.279452 143.613296
v 242.168956 -4.279452 143.228046
v 242.118277 -4.279452 142.954616
v 241.776489 -4.279452 142.940718
v 241.462596 -4.279452 142.976932
v 241.328234 -4.279452 143.228046
v 241.523796 -4.279452 143.430201
v 242.005825 -4.122602 143.46081
v 241.762879 -4.122602 143.600021
v 242.102697 -4.122602 143.266453
v 242.058816 -4.122602 143.029703
v 241.762879 -4.122602 143.01767
v 241.491094 -4.122602 143.049025
v 241.374757 -4.122602 143.266453
v 241.544085 -4.122602 143.441488
v 241.929797 -3.965753 143.503818
v 241.731054 -3.965753 143.6177
v 242.009043 -3.965753 143.344823
v 241.973146 -3.965753 143.15115
v 241.731054 -3.965753 143.141306
v 241.50872 -3.965753 143.166956
v 241.41355 -3.965753 143.344823
v 241.552069 -3.965753 143.488012
v 241.839228 -3.808903 143.566222
v 241.688865 -3.808903 143.652382
v 241.899183 -3.808903 143.445932
v 241.872025 -3.808903 143.299405
v 241.688865 -3.808903 143.291957
v 241.520654 -3.808903 143.311363
v 241.448652 -3.808903 143.445932
v 241.553451 -3.808903 143.554264
v 241.749764 -3.652054 143.621515
v 241.649347 -3.652054 143.679056
v 241.789804 -3.652054 143.541182
v 241.771667 -3.652054 143.443326
v 241.649347 -3.652054 143.438352
v 241.53701 -3.652054 143.451312
v 241.488925 -3.652054 143.541182
v 241.558913 -3.652054 143.613529
v 241.678335 -3.495204 143.638654
v 241.627391 -3.495204 143.667846
v 241.698649 -3.495204 143.597899
v 241.689447 -3.495204 143.548254
v 241.627391 -3.495204 143.545731
v 241.5704 -3.495204 143.552306
v 241.546005 -3.495204 143.597899
v 241.581512 -3.495204 143.634602
v 241.63556 -3.338355 143.588522
v 241.9584 -4.75 144.819737
v 242.269597 -4.75 144.594558
v 242.2735 -4.476936 144.559918
v 241.974457 -4.476936 144.776304
v 242.505396 -4.75 144.3456
v 242.50009 -4.476936 144.320684
v 242.346173 -4.75 144.035382
v 242.347085 -4.476936 144.022581
v 241.9584 -4.75 143.993984
v 241.974457 -4.476936 143.9828
v 241.539727 -4.75 144.010662
v 241.572135 -4.476936 143.998827
v 241.473204 -4.75 144.3456
v 241.508211 -4.476936 144.320684
v 241.616303 -4.75 144.619278
v 241.645721 -4.476936 144.583673
v 242.275732 -4.203873 144.532514
v 241.995622 -4.203873 144.7352
v 242.487976 -4.203873 144.308426
v 242.344658 -4.203873 144.029197
v 241.995622 -4.203873 143.991934
v 241.618772 -4.203873 144.006946
v 241.558894 -4.203873 144.308426
v 241.687698 -4.203873 144.554765
v 242.276453 -3.930809 144.5143
v 242.022983 -3.930809 144.697709
v 242.468512 -3.930809 144.311524
v 242.338824 -3.930809 144.058851
v 242.022983 -3.930809 144.025132
v 241.681973 -3.930809 144.038716
v 241.62779 -3.930809 144.311524
v 241.744344 -3.930809 144.534435
v 242.274734 -3.657745 144.502395
v 242.055267 -3.657745 144.661201
v 242.441029 -3.657745 144.326821
v 242.328739 -3.657745 144.108044
v 242.055267 -3.657745 144.078849
v 241.760003 -3.657745 144.09061
v 241.713089 -3.657745 144.326821
v 241.814007 -3.657745 144.519829
v 242.268605 -3.384682 144.489511
v 242.08907 -3.384682 144.619422
v 242.404643 -3.384682 144.345882
v 242.312784 -3.384682 144.166911
v 242.08907 -3.384682 144.143028
v 241.847529 -3.384682 144.152649
v 241.80915 -3.384682 144.345882
v 241.891707 -3.384682 144.503772
v 242.255578 -3.111618 144.465862
v 242.119747 -3.111618 144.564149
v 242.3585 -3.111618 144.357197
v 242.289002 -3.111618 144.221793
v 242.119747 -3.111618 144.203724
v 241.937004 -3.111618 144.211003
v 241.907968 -3.111618 144.357197
v 241.970428 -3.111618 144.476652
v 242.233458 -2.838554 144.422054
v 242.142745 -2.838554 144.487693
v 242.302192 -2.838554 144.349484
v 242.255779 -2.838554 144.259056
v 242.142745 -2.838554 144.246989
v 242.020704 -2.838554 144.25185
v 242.001313 -2.838554 144.349484
v 242.043025 -2.838554 144.429259
v 242.201046 -2.56549 144.352026
v 242.155026 -2.56549 144.385326
v 242.235917 -2.56549 144.315209
v 242.212371 -2.56549 144.269334
v 242.155026 -2.56549 144.263212
v 242.093111 -2.56549 144.265678
v 242.083274 -2.56549 144.315209
v 242.104436 -2.56549 144.355682
v 242.156187 -2.292427 144.253379
v 241.3824 -4.75 145.638797
v 241.816981 -4.75 145.614865
v 241.832206 -4.434849 145.578124
v 241.414598 -4.434849 145.601121
v 241.936665 -4.75 145.2672
v 241.947215 -4.434849 145.244037
v 241.728517 -4.75 144.990306
v 241.747197 -4.434849 144.977958
v 241.3824 -4.75 144.754061
v 241.414598 -4.434849 144.750939
v 241.034978 -4.75 144.989262
v 241.080744 -4.434849 144.976955
v 240.830745 -4.75 145.2672
v 240.884488 -4.434849 145.244037
v 240.946514 -4.75 145.615909
v 240.995735 -4.434849 145.579127
v 241.837624 -4.119698 145.55692
v 241.446455 -4.119698 145.578461
v 241.945352 -4.119698 145.243985
v 241.757997 -4.119698 144.994751
v 241.446455 -4.119698 144.782105
v 241.133738 -4.119698 144.993811
v 240.949906 -4.119698 145.243985
v 241.054111 -4.119698 145.55786
v 241.831704 -3.804547 145.56605
v 241.477737 -3.804547 145.585542
v 241.929187 -3.804547 145.282876
v 241.75965 -3.804547 145.057346
v 241.477737 -3.804547 144.864924
v 241.194761 -3.804547 145.056496
v 241.028413 -3.804547 145.282876
v 241.122707 -3.804547 145.5669
v 241.814895 -3.489396 145.608103
v 241.508412 -3.489396 145.62498
v 241.8993 -3.489396 145.362917
v 241.752507 -3.489396 145.167641
v 241.508412 -3.489396 145.001032
v 241.263398 -3.489396 145.166905
v 241.119365 -3.489396 145.362917
v 241.20101 -3.489396 145.608839
v 241.789396 -3.174245 145.671364
v 241.538677 -3.174245 145.685171
v 241.858444 -3.174245 145.470789
v 241.73836 -3.174245 145.311043
v 241.538677 -3.174245 145.174749
v 241.338242 -3.174245 145.310441
v 241.220416 -3.174245 145.470789
v 241.287206 -3.174245 145.671966
v 241.758604 -2.859094 145.732108
v 241.568917 -2.859094 145.742553
v 241.810843 -2.859094 145.580359
v 241.719991 -2.859094 145.4595
v 241.568917 -2.859094 145.356383
v 241.417274 -2.859094 145.459044
v 241.328131 -2.859094 145.580359
v 241.378661 -2.859094 145.732563
v 241.726286 -2.543943 145.76077
v 241.599607 -2.543943 145.767746
v 241.761173 -2.543943 145.659427
v 241.700499 -2.543943 145.578713
v 241.599607 -2.543943 145.509849
v 241.498335 -2.543943 145.578409
v 241.438802 -2.543943 145.659427
v 241.472548 -2.543943 145.761074
v 241.695443 -2.228792 145.730281
v 241.631176 -2.228792 145.73382
v 241.713143 -2.228792 145.678868
v 241.682361 -2.228792 145.63792
v 241.631176 -2.228792 145.602983
v 241.579799 -2.228792 145.637765
v 241.549596 -2.228792 145.678868
v 241.566716 -2.228792 145.730436
v 241.663875 -1.913641 145.621775
v 239.5392 -4.75 146.082204
v 239.872422 -4.75 145.879377
v 239.839268 -4.483648 145.881611
v 239.51906 -4.483648 146.076516
v 240.173925 -4.75 145.6128
v 240.128995 -4.483648 145.625445
v 239.906217 -4.75 145.319186
v 239.871743 -4.483648 145.343299
v 239.5392 -4.75 145.197468
v 239.51906 -4.483648 145.226334
v 239.090418 -4.75 145.253775
v 239.087806 -4.483648 145.280442
v 239.068005 -4.75 145.6128
v 239.066268 -4.483648 145.625445
v 239.124213 -4.75 145.944789
v 239.120281 -4.483648 145.944468
v 239.832074 -4.217296 145.891768
v 239.532139 -4.217296 146.074333
v 240.103459 -4.217296 145.65182
v 239.862493 -4.217296 145.387537
v 239.532139 -4.217296 145.277977
v 239.128188 -4.217296 145.328659
v 239.108014 -4.217296 145.65182
v 239.158607 -4.217296 145.950646
v 239.838316 -3.950944 145.904287
v 239.566906 -3.950944 146.069489
v 240.08389 -3.950944 145.687159
v 239.865842 -3.950944 145.44801
v 239.566906 -3.950944 145.348871
v 239.201373 -3.950944 145.394732
v 239.183117 -3.950944 145.687159
v 239.228899 -3.950944 145.957565
v 239.836493 -3.684592 145.910424
v 239.601493 -3.684592 146.053465
v 240.049124 -3.684592 145.722424
v 239.860327 -3.684592 145.515357
v 239.601493 -3.684592 145.429516
v 239.284996 -3.684592 145.469226
v 239.269189 -3.684592 145.722424
v 239.308829 -3.684592 145.956555
v 239.802446 -3.41824 145.900787
v 239.610203 -3.41824 146.017802
v 239.976389 -3.41824 145.746993
v 239.821943 -3.41824 145.577601
v 239.610203 -3.41824 145.50738
v 239.351292 -3.41824 145.539864
v 239.338361 -3.41824 145.746993
v 239.370789 -3.41824 145.938524
v 239.717017 -3.151888 145.868351
v 239.571572 -3.151888 145.956881
v 239.848617 -3.151888 145.751995
v 239.731768 -3.151888 145.623839
v 239.571572 -3.151888 145.570711
v 239.375688 -3.151888 145.595288
v 239.365905 -3.151888 145.751995
v 239.390439 -3.151888 145.896902
v 239.57291 -2.885537 145.811076
v 239.475777 -2.885537 145.870199
v 239.660797 -2.885537 145.73337
v 239.582761 -2.885537 145.647783
v 239.475777 -2.885537 145.612303
v 239.344959 -2.885537 145.628716
v 239.338426 -2.885537 145.73337
v 239.35481 -2.885537 145.830144
v 239.378553 -2.619185 145.733209
v 239.329275 -2.619185 145.763204
v 239.42314 -2.619185 145.693787
v 239.383551 -2.619185 145.650366
v 239.329275 -2.619185 145.632366
v 239.262908 -2.619185 145.640693
v 239.259593 -2.619185 145.693787
v 239.267906 -2.619185 145.742882
v 239.15519 -2.352833 145.642803
v 240.576 -4.75 146.168168
v 240.961478 -4.75 146.036382
v 240.967339 -4.486609 146.032821
v 240.596917 -4.486609 146.15946
v 241.016897 -4.75 145.728
v 241.020594 -4.486609 145.736483
v 240.995592 -4.75 145.392327
v 241.000121 -4.486609 145.413919
v 240.576 -4.75 145.342414
v 240.596917 -4.486609 145.365956
v 240.231608 -4.75 145.452486
v 240.265975 -4.486609 145.471729
v 239.984705 -4.75 145.728
v 240.028715 -4.486609 145.736483
v 240.265722 -4.75 145.976223
v 240.298757 -4.486609 145.975011
v 240.974678 -4.223218 146.018063
v 240.627707 -4.223218 146.136684
v 241.024561 -4.223218 145.740486
v 241.005384 -4.223218 145.438345
v 240.627707 -4.223218 145.393419
v 240.317717 -4.223218 145.492495
v 240.095478 -4.223218 145.740486
v 240.348423 -4.223218 145.963913
v 240.967878 -3.959828 145.99775
v 240.653906 -3.959828 146.10509
v 241.013017 -3.959828 145.746573
v 240.995664 -3.959828 145.473167
v 240.653906 -3.959828 145.432513
v 240.373398 -3.959828 145.522166
v 240.172295 -3.959828 145.746573
v 240.401184 -3.959828 145.948751
v 240.93281 -3.696437 145.978828
v 240.660957 -3.696437 146.071768
v 240.971894 -3.696437 145.761346
v 240.956868 -3.696437 145.524617
v 240.660957 -3.696437 145.489417
v 240.418079 -3.696437 145.567043
v 240.243954 -3.696437 145.761346
v 240.442137 -3.696437 145.936402
v 240.861502 -3.433046 145.967139
v 240.639113 -3.433046 146.043169
v 240.893475 -3.433046 145.789227
v 240.881184 -3.433046 145.59557
v 240.639113 -3.433046 145.566775
v 240.440426 -3.433046 145.630277
v 240.297982 -3.433046 145.789227
v 240.460107 -3.433046 145.932432
v 240.755429 -3.169655 145.965363
v 240.587176 -3.169655 146.022885
v 240.779619 -3.169655 145.83076
v 240.770319 -3.169655 145.684245
v 240.587176 -3.169655 145.662459
v 240.436855 -3.169655 145.710503
v 240.329087 -3.169655 145.83076
v 240.451745 -3.169655 145.939104
v 240.626327 -2.906264 145.971837
v 240.513962 -2.906264 146.010252
v 240.642482 -2.906264 145.881945
v 240.636272 -2.906264 145.784097
v 240.513962 -2.906264 145.769548
v 240.413573 -2.906264 145.801633
v 240.341602 -2.906264 145.881945
v 240.423517 -2.906264 145.9543
v 240.493949 -2.642874 145.98046
v 240.436944 -2.642874 145.999949
v 240.502145 -2.642874 145.934856
v 240.498994 -2.642874 145.885215
v 240.436944 -2.642874 145.877834
v 240.386014 -2.642874 145.894112
v 240.349502 -2.642874 145.934856
v 240.391059 -2.642874 145.971563
v 240.378257 -2.379483 145.97945
v 238.1568 -4.75 145.361714
v 238.543803 -4.75 145.346403
v 238.500165 -4.595054 145.321826
v 238.128277 -4.595054 145.336539
v 238.612851 -4.75 145.0368
v 238.566516 -4.595054 145.024315
v 238.470714 -4.75 144.785669
v 238.429931 -4.595054 144.782991
v 238.1568 -4.75 144.594943
v 238.128277 -4.595054 144.599715
v 237.866067 -4.75 144.804214
v 237.848898 -4.595054 144.800812
v 237.654387 -4.75 145.0368
v 237.645485 -4.595054 145.024315
v 237.792978 -4.75 145.327858
v 237.778664 -4.595054 145.304005
v 238.453796 -4.440108 145.308472
v 238.105452 -4.440108 145.322255
v 238.515946 -4.440108 145.029797
v 238.388008 -4.440108 144.803752
v 238.105452 -4.440108 144.632079
v 237.843761 -4.440108 144.820445
v 237.653227 -4.440108 145.029797
v 237.777973 -4.440108 145.29178
v 238.405147 -4.285162 145.310483
v 238.089932 -4.285162 145.322955
v 238.461386 -4.285162 145.058312
v 238.345615 -4.285162 144.853765
v 238.089932 -4.285162 144.698418
v 237.853129 -4.285162 144.86887
v 237.680716 -4.285162 145.058312
v 237.793598 -4.285162 145.295378
v 238.353511 -4.130216 145.324624
v 238.080582 -4.130216 145.335422
v 238.402206 -4.130216 145.106281
v 238.301966 -4.130216 144.929174
v 238.080582 -4.130216 144.794667
v 237.875547 -4.130216 144.942252
v 237.726262 -4.130216 145.106281
v 237.824002 -4.130216 145.311545
v 238.29695 -3.97527 145.340582
v 238.07368 -3.97527 145.349415
v 238.336785 -3.97527 145.161966
v 238.254783 -3.97527 145.017083
v 238.07368 -3.97527 144.907049
v 237.90595 -3.97527 145.027782
v 237.783827 -3.97527 145.161966
v 237.863783 -3.97527 145.329883
v 238.232779 -3.820323 145.343585
v 238.063859 -3.820323 145.350268
v 238.262917 -3.820323 145.208449
v 238.200877 -3.820323 145.098835
v 238.063859 -3.820323 145.015587
v 237.93696 -3.820323 145.10693
v 237.844566 -3.820323 145.208449
v 237.905058 -3.820323 145.33549
v 238.158434 -3.665377 145.318651
v 238.045624 -3.665377 145.323114
v 238.178561 -3.665377 145.228403
v 238.137129 -3.665377 145.155199
v 238.045624 -3.665377 145.099604
v 237.960877 -3.665377 145.160605
v 237.899173 -3.665377 145.228403
v 237.939572 -3.665377 145.313245
v 238.072263 -3.510431 145.255179
v 238.015032 -3.510431 145.257443
v 238.082474 -3.510431 145.209394
v 238.061454 -3.510431 145.172256
v 238.015032 -3.510431 145.144051
v 237.972037 -3.510431 145.174999
v 237.940734 -3.510431 145.209394
v 237.961229 -3.510431 145.252437
v 237.971092 -3.355485 145.148301
v 239.8848 -4.75 144.458678
v 240.222562 -4.75 144.270209
v 240.214081 -4.373105 144.252761
v 239.889511 -4.373105 144.433869
v 240.523852 -4.75 144
v 240.503605 -4.373105 143.993105
v 240.242949 -4.75 143.71348
v 240.233673 -4.373105 143.717776
v 239.8848 -4.75 143.573942
v 239.889511 -4.373105 143.583687
v 239.440558 -4.75 143.644606
v 239.462619 -4.373105 143.651592
v 239.417932 -4.75 144
v 239.440877 -4.373105 143.993105
v 239.460946 -4.75 144.339083
v 239.482211 -4.373105 144.318945
v 240.214848 -3.99621 144.233359
v 239.910827 -3.99621 144.403001
v 240.486042 -3.99621 143.990142
v 240.233199 -3.99621 143.732244
v 239.910827 -3.99621 143.606645
v 239.510962 -3.99621 143.670251
v 239.490597 -3.99621 143.990142
v 239.529313 -3.99621 144.295353
v 240.216085 -3.619315 144.209358
v 239.940977 -3.619315 144.362866
v 240.461486 -3.619315 143.989272
v 240.23269 -3.619315 143.755901
v 239.940977 -3.619315 143.642247
v 239.579142 -3.619315 143.699803
v 239.560713 -3.619315 143.989272
v 239.595748 -3.619315 144.265456
v 240.205769 -3.24242 144.17812
v 239.967567 -3.24242 144.311035
v 240.418251 -3.24242 143.987558
v 240.220147 -3.24242 143.785494
v 239.967567 -3.24242 143.687087
v 239.654272 -3.24242 143.736922
v 239.638315 -3.24242 143.987558
v 239.66865 -3.24242 144.226692
v 240.17223 -2.865526 144.137758
v 239.977368 -2.865526 144.246489
v 240.346051 -2.865526 143.981869
v 240.183992 -2.865526 143.81657
v 239.977368 -2.865526 143.736067
v 239.721076 -2.865526 143.776835
v 239.708023 -2.865526 143.981869
v 239.732838 -2.865526 144.177493
v 240.108019 -2.488631 144.087826
v 239.960592 -2.488631 144.170089
v 240.239526 -2.488631 143.969885
v 240.116918 -2.488631 143.844825
v 239.960592 -2.488631 143.783919
v 239.766689 -2.488631 143.814763
v 239.756814 -2.488631 143.969885
v 239.775588 -2.488631 144.117889
v 240.01292 -2.111736 144.029716
v 239.914463 -2.111736 144.084654
v 240.100745 -2.111736 143.950951
v 240.018863 -2.111736 143.867432
v 239.914463 -2.111736 143.826757
v 239.784969 -2.111736 143.847355
v 239.778373 -2.111736 143.950951
v 239.790912 -2.111736 144.049792
v 239.894985 -1.734841 143.966458
v 239.845036 -1.734841 143.99433
v 239.939541 -1.734841 143.926499
v 239.898 -1.734841 143.884128
v 239.845036 -1.734841 143.863492
v 239.77934 -1.734841 143.873942
v 239.775994 -1.734841 143.926499
v 239.782355 -1.734841 143.976644
v 239.766643 -1.357946 143.899924
v 240.6912 -4.75 144.708562
v 240.982483 -4.75 144.693827
v 240.987822 -4.566537 144.663953
v 240.707915 -4.566537 144.678112
v 241.057547 -4.75 144.4608
v 241.059954 -4.566537 144.440027
v 240.923545 -4.75 144.274924
v 240.931186 -4.566537 144.26141
v 240.6912 -4.75 144.118738
v 240.707915 -4.566537 144.111324
v 240.461148 -4.75 144.276758
v 240.486848 -4.566537 144.263173
v 240.320267 -4.75 144.4608
v 240.351469 -4.566537 144.440027
v 240.40221 -4.75 144.691992
v 240.430212 -4.566537 144.66219
v 240.98754 -4.383074 144.647606
v 240.725354 -4.383074 144.66087
v 241.055105 -4.383074 144.437858
v 240.93449 -4.383074 144.270549
v 240.725354 -4.383074 144.129965
v 240.518283 -4.383074 144.2722
v 240.391475 -4.383074 144.437858
v 240.465232 -4.383074 144.645955
v 240.981201 -4.199612 144.655229
v 240.74395 -4.199612 144.66723
v 241.042341 -4.199612 144.465428
v 240.933196 -4.199612 144.314032
v 240.74395 -4.199612 144.186818
v 240.556572 -4.199612 144.315526
v 240.441825 -4.199612 144.465428
v 240.508568 -4.199612 144.653735
v 240.969151 -4.016149 144.687676
v 240.763727 -4.016149 144.698068
v 241.022088 -4.016149 144.523337
v 240.927586 -4.016149 144.392251
v 240.763727 -4.016149 144.282103
v 240.601486 -4.016149 144.393544
v 240.502131 -4.016149 144.523337
v 240.55992 -4.016149 144.686383
v 240.952302 -3.832686 144.734995
v 240.784255 -3.832686 144.743496
v 240.995608 -3.832686 144.600557
v 240.9183 -3.832686 144.493321
v 240.784255 -3.832686 144.403214
v 240.651533 -3.832686 144.494379
v 240.570256 -3.832686 144.600557
v 240.61753 -3.832686 144.733937
v 240.931884 -3.649223 144.778516
v 240.804745 -3.649223 144.784948
v 240.964648 -3.649223 144.676805
v 240.906159 -3.649223 144.595673
v 240.804745 -3.649223 144.527501
v 240.704331 -3.649223 144.596474
v 240.64284 -3.649223 144.676805
v 240.678606 -3.649223 144.777716
v 240.909163 -3.46576 144.795799
v 240.824255 -3.46576 144.800094
v 240.931044 -3.46576 144.727872
v 240.891983 -3.46576 144.67369
v 240.824255 -3.46576 144.628163
v 240.757196 -3.46576 144.674225
v 240.71613 -3.46576 144.727872
v 240.740016 -3.46576 144.795264
v 240.885038 -3.282298 144.767044
v 240.841962 -3.282298 144.769224
v 240.896138 -3.282298 144.732584
v 240.876322 -3.282298 144.705096
v 240.841962 -3.282298 144.681999
v 240.807941 -3.282298 144.705367
v 240.787107 -3.282298 144.732584
v 240.799225 -3.282298 144.766773
v 240.857422 -3.098835 144.679556
v 239.1936 -4.75 143.971333
v 239.423881 -4.75 143.838624
v 239.415411 -4.593673 143.810505
v 239.194124 -4.593673 143.938031
v 239.516824 -4.75 143.6544
v 239.504724 -4.593673 143.633475
v 239.474447 -4.75 143.429722
v 239.464002 -4.593673 143.417573
v 239.1936 -4.75 143.418373
v 239.194124 -4.593673 143.406667
v 238.935128 -4.75 143.447623
v 238.945747 -4.593673 143.434774
v 238.825624 -4.75 143.6544
v 238.84052 -4.593673 143.633475
v 238.985695 -4.75 143.820724
v 238.994339 -4.593673 143.793304
v 239.400154 -4.437346 143.782373
v 239.192877 -4.437346 143.901825
v 239.483814 -4.437346 143.616551
v 239.44567 -4.437346 143.414317
v 239.192877 -4.437346 143.404102
v 238.960225 -4.437346 143.43043
v 238.86166 -4.437346 143.616551
v 239.005741 -4.437346 143.76626
v 239.373389 -4.281019 143.762799
v 239.185825 -4.281019 143.870891
v 239.449092 -4.281019 143.612748
v 239.414575 -4.281019 143.429748
v 239.185825 -4.281019 143.420504
v 238.975299 -4.281019 143.444328
v 238.886108 -4.281019 143.612748
v 239.016486 -4.281019 143.748219
v 239.333139 -4.124691 143.757028
v 239.170736 -4.124691 143.850619
v 239.398686 -4.124691 143.627106
v 239.3688 -4.124691 143.468655
v 239.170736 -4.124691 143.460651
v 238.988453 -4.124691 143.481279
v 238.911226 -4.124691 143.627106
v 239.024114 -4.124691 143.744404
v 239.280945 -3.968364 143.764822
v 239.148092 -3.968364 143.841385
v 239.334567 -3.968364 143.658539
v 239.310118 -3.968364 143.528918
v 239.148092 -3.968364 143.522371
v 238.998974 -3.968364 143.539245
v 238.935799 -3.968364 143.658539
v 239.028147 -3.968364 143.754495
v 239.221732 -3.812037 143.779939
v 239.121219 -3.812037 143.837864
v 239.2623 -3.812037 143.699529
v 239.243803 -3.812037 143.601461
v 239.121219 -3.812037 143.596508
v 239.008401 -3.812037 143.609274
v 238.960605 -3.812037 143.699529
v 239.030472 -3.812037 143.772126
v 239.162712 -3.65571 143.791417
v 239.095586 -3.65571 143.830101
v 239.189804 -3.65571 143.737716
v 239.177452 -3.65571 143.672223
v 239.095586 -3.65571 143.668915
v 239.020242 -3.65571 143.677441
v 238.988322 -3.65571 143.737716
v 239.034982 -3.65571 143.786199
v 239.111456 -3.499383 143.786314
v 239.077401 -3.499383 143.805939
v 239.125201 -3.499383 143.75907
v 239.118934 -3.499383 143.725844
v 239.077401 -3.499383 143.724166
v 239.039178 -3.499383 143.728491
v 239.022984 -3.499383 143.75907
v 239.046656 -3.499383 143.783666
v 239.071865 -3.343056 143.75184
v 241.42848 -4.75 144.113905
v 241.656251 -4.75 144.067017
v 241.676806 -4.613745 144.035745
v 241.457931 -4.613745 144.080802
v 241.787846 -4.75 143.8848
v 241.803261 -4.613745 143.860645
v 241.620072 -4.75 143.731526
v 241.64204 -4.613745 143.713357
v 241.42848 -4.75 143.597809
v 241.457931 -4.613745 143.584863
v 241.200082 -4.75 143.702082
v 241.238453 -4.613745 143.685063
v 241.142726 -4.75 143.8848
v 241.183337 -4.613745 143.860645
v 241.163903 -4.75 144.096461
v 241.203687 -4.613745 144.06404
v 241.694075 -4.47749 143.998857
v 241.489057 -4.47749 144.041062
v 241.812524 -4.47749 143.834843
v 241.66151 -4.47749 143.69688
v 241.489057 -4.47749 143.576521
v 241.283474 -4.47749 143.670377
v 241.231848 -4.47749 143.834843
v 241.25091 -4.47749 144.025361
v 241.697442 -4.341235 143.965577
v 241.511922 -4.341235 144.003768
v 241.804626 -4.341235 143.817161
v 241.667974 -4.341235 143.692319
v 241.511922 -4.341235 143.583407
v 241.325891 -4.341235 143.668337
v 241.279175 -4.341235 143.817161
v 241.296424 -4.341235 143.989559
v 241.679225 -4.204981 143.943903
v 241.518593 -4.204981 143.976971
v 241.772031 -4.204981 143.815397
v 241.653711 -4.204981 143.707303
v 241.518593 -4.204981 143.613001
v 241.357518 -4.204981 143.686538
v 241.317069 -4.204981 143.815397
v 241.332004 -4.204981 143.964669
v 241.637391 -4.068726 143.937709
v 241.505985 -4.068726 143.96476
v 241.713311 -4.068726 143.832584
v 241.616519 -4.068726 143.744157
v 241.505985 -4.068726 143.667013
v 241.374218 -4.068726 143.72717
v 241.341128 -4.068726 143.832584
v 241.353346 -4.068726 143.954696
v 241.576826 -3.932471 143.945002
v 241.477409 -3.932471 143.965467
v 241.634265 -3.932471 143.865468
v 241.561035 -3.932471 143.798567
v 241.477409 -3.932471 143.740202
v 241.377717 -3.932471 143.785715
v 241.352682 -3.932471 143.865468
v 241.361926 -3.932471 143.957853
v 241.508709 -3.796216 143.957873
v 241.442315 -3.796216 143.97154
v 241.547068 -3.796216 143.904757
v 241.498163 -3.796216 143.860078
v 241.442315 -3.796216 143.8211
v 241.375738 -3.796216 143.851495
v 241.359019 -3.796216 143.904757
v 241.365192 -3.796216 143.966455
v 241.447895 -3.659961 143.964121
v 241.414212 -3.659961 143.971055
v 241.467356 -3.659961 143.937175
v 241.442545 -3.659961 143.914508
v 241.414212 -3.659961 143.894734
v 241.380436 -3.659961 143.910154
v 241.371954 -3.659961 143.937175
v 241.375086 -3.659961 143.968476
v 241.407205 -3.523706 143.948856
v 238.272 -4.75 143.722305
v 238.392132 -4.75 143.635305
v 238.366304 -4.514385 143.610156
v 238.253043 -4.514385 143.69218
v 238.484144 -4.75 143.5392
v 238.453054 -4.514385 143.519547
v 238.421468 -4.75 143.419626
v 238.393962 -4.514385 143.406811
v 238.272 -4.75 143.403033
v 238.253043 -4.514385 143.391167
v 238.109933 -4.75 143.409546
v 238.100244 -4.514385 143.397308
v 238.085055 -4.75 143.5392
v 238.076789 -4.514385 143.519547
v 238.139269 -4.75 143.645385
v 238.127903 -4.514385 143.619659
v 238.358881 -4.27877 143.628539
v 238.252935 -4.27877 143.705265
v 238.440029 -4.27877 143.543782
v 238.384753 -4.27877 143.438327
v 238.252935 -4.27877 143.423694
v 238.110005 -4.27877 143.429438
v 238.088065 -4.27877 143.543782
v 238.135877 -4.27877 143.637428
v 238.356526 -4.043155 143.659553
v 238.258439 -4.043155 143.730587
v 238.431654 -4.043155 143.581083
v 238.380479 -4.043155 143.483451
v 238.258439 -4.043155 143.469903
v 238.126112 -4.043155 143.475221
v 238.105799 -4.043155 143.581083
v 238.150065 -4.043155 143.667783
v 238.331535 -3.80754 143.638912
v 238.241994 -3.80754 143.703757
v 238.400117 -3.80754 143.567279
v 238.353401 -3.80754 143.478154
v 238.241994 -3.80754 143.465786
v 238.121196 -3.80754 143.470641
v 238.102653 -3.80754 143.567279
v 238.143062 -3.80754 143.646425
v 238.270357 -3.571925 143.535401
v 238.190269 -3.571925 143.593401
v 238.331699 -3.571925 143.471331
v 238.289914 -3.571925 143.391615
v 238.190269 -3.571925 143.380553
v 238.082224 -3.571925 143.384895
v 238.065639 -3.571925 143.471331
v 238.101781 -3.571925 143.542121
v 238.192945 -3.33631 143.396044
v 238.123586 -3.33631 143.446273
v 238.246068 -3.33631 143.340557
v 238.209882 -3.33631 143.271521
v 238.123586 -3.33631 143.261941
v 238.030017 -3.33631 143.265701
v 238.015654 -3.33631 143.340557
v 238.046954 -3.33631 143.401863
v 238.141899 -3.100695 143.321128
v 238.085268 -3.100695 143.36214
v 238.185274 -3.100695 143.275824
v 238.155728 -3.100695 143.219456
v 238.085268 -3.100695 143.211634
v 238.008869 -3.100695 143.214704
v 237.997141 -3.100695 143.275824
v 238.022698 -3.100695 143.32588
v 238.145794 -2.86508 143.380035
v 238.10575 -2.86508 143.409034
v 238.176465 -2.86508 143.348
v 238.155573 -2.86508 143.308142
v 238.10575 -2.86508 143.302611
v 238.051728 -2.86508 143.304782
v 238.043435 -2.86508 143.348
v 238.061506 -2.86508 143.383395
v 238.170637 -2.629465 143.523564
v 238.9632 -4.75 144.38512
v 239.090349 -4.75 144.33212
v 239.08424 -4.416704 144.307352
v 238.964363 -4.416704 144.357322
v 239.117063 -4.75 144.2304
v 239.109426 -4.416704 144.21145
v 239.107556 -4.75 144.114915
v 239.100463 -4.416704 144.10257
v 238.9632 -4.75 144.103211
v 238.964363 -4.416704 144.091535
v 238.841175 -4.75 144.13278
v 238.849316 -4.416704 144.119413
v 238.764676 -4.75 144.2304
v 238.777193 -4.416704 144.21145
v 238.858381 -4.75 144.314255
v 238.865539 -4.416704 144.29051
v 239.056555 -4.083409 144.298472
v 238.94442 -4.083409 144.345214
v 239.080114 -4.083409 144.208763
v 239.07173 -4.083409 144.106915
v 238.94442 -4.083409 144.096593
v 238.836803 -4.083409 144.12267
v 238.769338 -4.083409 144.208763
v 238.851978 -4.083409 144.282717
v 238.96028 -3.750113 144.341537
v 238.856463 -3.750113 144.384812
v 238.982091 -3.750113 144.258483
v 238.974329 -3.750113 144.16419
v 238.856463 -3.750113 144.154634
v 238.75683 -3.750113 144.178777
v 238.694369 -3.750113 144.258483
v 238.770879 -3.750113 144.326951
v 238.823197 -3.416817 144.414905
v 238.728425 -3.416817 144.454409
v 238.843107 -3.416817 144.339088
v 238.836022 -3.416817 144.253011
v 238.728425 -3.416817 144.244287
v 238.637473 -3.416817 144.266326
v 238.580454 -3.416817 144.339088
v 238.650298 -3.416817 144.40159
v 238.736862 -3.083521 144.447662
v 238.652096 -3.083521 144.482995
v 238.754671 -3.083521 144.379849
v 238.748333 -3.083521 144.302859
v 238.652096 -3.083521 144.295056
v 238.570746 -3.083521 144.314768
v 238.519747 -3.083521 144.379849
v 238.582217 -3.083521 144.435752
v 238.774768 -2.750226 144.382564
v 238.701358 -2.750226 144.413164
v 238.790191 -2.750226 144.323836
v 238.784703 -2.750226 144.257161
v 238.701358 -2.750226 144.250403
v 238.630907 -2.750226 144.267475
v 238.586741 -2.750226 144.323836
v 238.640841 -2.750226 144.37225
v 238.909553 -2.41693 144.239497
v 238.849614 -2.41693 144.264481
v 238.922146 -2.41693 144.191546
v 238.917665 -2.41693 144.137105
v 238.849614 -2.41693 144.131588
v 238.792091 -2.41693 144.145527
v 238.756029 -2.41693 144.191546
v 238.800202 -2.41693 144.231075
v 239.009066 -2.083634 144.117193
v 238.966683 -2.083634 144.134859
v 239.01797 -2.083634 144.083286
v 239.014802 -2.083634 144.044791
v 238.966683 -2.083634 144.04089
v 238.926008 -2.083634 144.050746
v 238.900508 -2.083634 144.083286
v 238.931743 -2.083634 144.111238
v 238.913175 -1.750338 144.106462
v 239.72352 -4.75 143.119932
v 239.889716 -4.75 143.096157
v 239.889663 -4.538393 143.081815
v 239.732972 -4.538393 143.10423
v 239.897938 -4.75 142.9632
v 239.897415 -4.538393 142.956462
v 239.879808 -4.75 142.83817
v 239.880322 -4.538393 142.838582
v 239.72352 -4.75 142.790615
v 239.732972 -4.538393 142.793746
v 239.598638 -4.75 142.863294
v 239.615232 -4.538393 142.86227
v 239.486291 -4.75 142.9632
v 239.50931 -4.538393 142.956462
v 239.58873 -4.75 143.071032
v 239.60589 -4.538393 143.058127
v 239.913212 -4.326786 143.07462
v 239.76664 -4.326786 143.095588
v 239.920462 -4.326786 142.957363
v 239.904473 -4.326786 142.847097
v 239.76664 -4.326786 142.805157
v 239.656504 -4.326786 142.869255
v 239.557424 -4.326786 142.957363
v 239.647766 -4.326786 143.052462
v 239.903587 -4.115178 143.056595
v 239.767888 -4.115178 143.076008
v 239.9103 -4.115178 142.948036
v 239.895497 -4.115178 142.845949
v 239.767888 -4.115178 142.807121
v 239.665922 -4.115178 142.866464
v 239.574191 -4.115178 142.948036
v 239.657832 -4.115178 143.036081
v 239.823304 -3.903571 143.015818
v 239.699428 -3.903571 143.033539
v 239.829432 -3.903571 142.916717
v 239.815919 -3.903571 142.823525
v 239.699428 -3.903571 142.78808
v 239.606347 -3.903571 142.842252
v 239.522608 -3.903571 142.916717
v 239.598961 -3.903571 142.997091
v 239.704278 -3.691964 142.962209
v 239.59348 -3.691964 142.978059
v 239.709759 -3.691964 142.873571
v 239.697672 -3.691964 142.790217
v 239.59348 -3.691964 142.758514
v 239.510226 -3.691964 142.806967
v 239.435327 -3.691964 142.873571
v 239.50362 -3.691964 142.945459
v 239.634146 -3.480357 142.92317
v 239.538193 -3.480357 142.936897
v 239.638893 -3.480357 142.846408
v 239.628425 -3.480357 142.774221
v 239.538193 -3.480357 142.746765
v 239.466092 -3.480357 142.788727
v 239.401228 -3.480357 142.846408
v 239.460371 -3.480357 142.908665
v 239.68163 -3.268749 142.9199
v 239.603285 -3.268749 142.931108
v 239.685506 -3.268749 142.857223
v 239.67696 -3.268749 142.798283
v 239.603285 -3.268749 142.775866
v 239.544415 -3.268749 142.810127
v 239.491454 -3.268749 142.857223
v 239.539744 -3.268749 142.908056
v 239.821564 -3.057142 142.943209
v 239.766165 -3.057142 142.951134
v 239.824304 -3.057142 142.89889
v 239.818261 -3.057142 142.857213
v 239.766165 -3.057142 142.841362
v 239.724538 -3.057142 142.865588
v 239.687088 -3.057142 142.89889
v 239.721235 -3.057142 142.934834
v 239.908503 -2.845535 142.934076
v 240 -4.75 145.164527
v 240.150897 -4.75 145.157517
v 240.143166 -4.329173 145.180205
v 240.0009 -4.329173 145.186813
v 240.168713 -4.75 145.0368
v 240.159964 -4.329173 145.066391
v 240.125984 -4.75 144.936013
v 240.119679 -4.329173 144.971368
v 240 -4.75 144.869213
v 240.0009 -4.329173 144.908389
v 239.889874 -4.75 144.948699
v 239.897072 -4.329173 144.983329
v 239.799571 -4.75 145.0368
v 239.811933 -4.329173 145.066391
v 239.864962 -4.75 145.144831
v 239.873584 -4.329173 145.168244
v 240.162056 -3.908345 145.24514
v 240.028978 -3.908345 145.251322
v 240.177768 -3.908345 145.138678
v 240.140085 -3.908345 145.049792
v 240.028978 -3.908345 144.99088
v 239.931856 -3.908345 145.06098
v 239.852216 -3.908345 145.138678
v 239.909885 -3.908345 145.233952
v 240.183044 -3.487518 145.313899
v 240.059837 -3.487518 145.319622
v 240.19759 -3.487518 145.215334
v 240.162703 -3.487518 145.133041
v 240.059837 -3.487518 145.0785
v 239.969919 -3.487518 145.1434
v 239.896187 -3.487518 145.215334
v 239.949579 -3.487518 145.30354
v 240.165959 -3.06669 145.323513
v 240.053487 -3.06669 145.328738
v 240.179238 -3.06669 145.233536
v 240.14739 -3.06669 145.158414
v 240.053487 -3.06669 145.108624
v 239.971404 -3.06669 145.16787
v 239.904096 -3.06669 145.233536
v 239.952835 -3.06669 145.314057
v 240.097916 -2.645863 145.253955
v 239.997319 -2.645863 145.258628
v 240.109794 -2.645863 145.173476
v 240.081308 -2.645863 145.106285
v 239.997319 -2.645863 145.061752
v 239.923901 -2.645863 145.114742
v 239.863699 -2.645863 145.173476
v 239.907293 -2.645863 145.245497
v 240.016067 -2.225036 145.163942
v 239.928947 -2.225036 145.167989
v 240.026353 -2.225036 145.094246
v 240.001684 -2.225036 145.036056
v 239.928947 -2.225036 144.99749
v 239.865365 -2.225036 145.043381
v 239.813229 -2.225036 145.094246
v 239.850982 -2.225036 145.156617
v 239.983851 -1.804208 145.153836
v 239.912718 -1.804208 145.157141
v 239.99225 -1.804208 145.09693
v 239.972108 -1.804208 145.049418
v 239.912718 -1.804208 145.017929
v 239.860804 -1.804208 145.055398
v 239.818235 -1.804208 145.09693
v 239.84906 -1.804208 145.147856
v 240.034552 -1.383381 145.277723
v 239.984253 -1.383381 145.28006
v 240.04049 -1.383381 145.237484
v 240.026247 -1.383381 145.203888
v 239.984253 -1.383381 145.181622
v 239.947544 -1.383381 145.208117
v 239.917443 -1.383381 145.237484
v 239.93924 -1.383381 145.273494
v 240.109415 -0.962554 145.462285
v 240.50688 -4.75 143.891172
v 240.612082 -4.75 143.853762
v 240.623477 -4.362379 143.844932
v 240.524292 -4.362379 143.880202
v 240.691317 -4.75 143.7696
v 240.69818 -4.362379 143.765583
v 240.603892 -4.75 143.691991
v 240.615755 -4.362379 143.692412
v 240.50688 -4.75 143.634923
v 240.524292 -4.362379 143.638608
v 240.385588 -4.75 143.672566
v 240.409936 -4.362379 143.674099
v 240.371005 -4.75 143.7696
v 240.396187 -4.362379 143.765583
v 240.377397 -4.75 143.873186
v 240.402214 -4.362379 143.863245
v 240.631857 -3.974758 143.836676
v 240.539077 -3.974758 143.869669
v 240.701735 -3.974758 143.762452
v 240.624634 -3.974758 143.694007
v 240.539077 -3.974758 143.643678
v 240.432108 -3.974758 143.676876
v 240.419247 -3.974758 143.762452
v 240.424884 -3.974758 143.853807
v 240.591122 -3.587136 143.844446
v 240.505224 -3.587136 143.874992
v 240.655816 -3.587136 143.775729
v 240.584434 -3.587136 143.712361
v 240.505224 -3.587136 143.665765
v 240.40619 -3.587136 143.696501
v 240.394283 -3.587136 143.775729
v 240.399502 -3.587136 143.860306
v 240.502715 -3.199515 143.867614
v 240.424302 -3.199515 143.895498
v 240.561773 -3.199515 143.804883
v 240.49661 -3.199515 143.747037
v 240.424302 -3.199515 143.704501
v 240.333896 -3.199515 143.732558
v 240.323026 -3.199515 143.804883
v 240.327791 -3.199515 143.882092
v 240.427892 -2.811894 143.885295
v 240.357757 -2.811894 143.910235
v 240.480715 -2.811894 143.829187
v 240.422432 -2.811894 143.777448
v 240.357757 -2.811894 143.739403
v 240.276896 -2.811894 143.764498
v 240.267174 -2.811894 143.829187
v 240.271435 -2.811894 143.898245
v 240.438418 -2.424273 143.872915
v 240.377679 -2.424273 143.894513
v 240.484164 -2.424273 143.824324
v 240.433689 -2.424273 143.779516
v 240.377679 -2.424273 143.746568
v 240.307651 -2.424273 143.768301
v 240.299232 -2.424273 143.824324
v 240.302922 -2.424273 143.884129
v 240.54461 -2.036651 143.826273
v 240.495018 -2.036651 143.843908
v 240.581962 -2.036651 143.786598
v 240.540749 -2.036651 143.750013
v 240.495018 -2.036651 143.723111
v 240.43784 -2.036651 143.740856
v 240.430965 -2.036651 143.786598
v 240.433979 -2.036651 143.835429
v 240.666096 -1.64903 143.770628
v 240.631028 -1.64903 143.783098
v 240.692507 -1.64903 143.742574
v 240.663366 -1.64903 143.716704
v 240.631028 -1.64903 143.697682
v 240.590598 -1.64903 143.71023
v 240.585737 -1.64903 143.742574
v 240.587867 -1.64903 143.777103
v 240.667157 -1.261409 143.732243
v 241.2672 -4.75 144.967049
v 241.379147 -4.75 144.895958
v 241.387565 -4.343661 144.870227
v 241.282021 -4.343661 144.937253
v 241.435213 -4.75 144.8064
v 241.440425 -4.343661 144.785792
v 241.406355 -4.75 144.695076
v 241.413217 -4.343661 144.680834
v 241.2672 -4.75 144.689284
v 241.282021 -4.343661 144.675374
v 241.133635 -4.75 144.699548
v 241.156094 -4.343661 144.68505
v 241.088007 -4.75 144.8064
v 241.113076 -4.343661 144.785792
v 241.160843 -4.75 144.891486
v 241.181746 -4.343661 144.866011
v 241.3871 -3.937321 144.88539
v 241.288372 -3.937321 144.948087
v 241.436546 -3.937321 144.806408
v 241.411095 -3.937321 144.708229
v 241.288372 -3.937321 144.703121
v 241.170579 -3.937321 144.712173
v 241.130339 -3.937321 144.806408
v 241.194574 -3.937321 144.881446
v 241.377321 -3.530982 144.943015
v 241.285916 -3.530982 145.001061
v 241.423099 -3.530982 144.869891
v 241.399536 -3.530982 144.778996
v 241.285916 -3.530982 144.774267
v 241.176861 -3.530982 144.782647
v 241.139606 -3.530982 144.869891
v 241.199076 -3.530982 144.939363
v 241.37018 -3.124642 144.984168
v 241.286739 -3.124642 145.037157
v 241.411969 -3.124642 144.917416
v 241.39046 -3.124642 144.83444
v 241.286739 -3.124642 144.830123
v 241.187186 -3.124642 144.837773
v 241.153177 -3.124642 144.917416
v 241.207466 -3.124642 144.980835
v 241.379289 -2.718303 144.941436
v 241.304658 -2.718303 144.988831
v 241.416667 -2.718303 144.881731
v 241.397428 -2.718303 144.807515
v 241.304658 -2.718303 144.803654
v 241.215614 -2.718303 144.810496
v 241.185195 -2.718303 144.881731
v 241.233753 -2.718303 144.938455
v 241.405012 -2.311963 144.811097
v 241.340379 -2.311963 144.852142
v 241.437382 -2.311963 144.759391
v 241.42072 -2.311963 144.695118
v 241.340379 -2.311963 144.691774
v 241.263265 -2.311963 144.697699
v 241.236922 -2.311963 144.759391
v 241.278974 -2.311963 144.808515
v 241.429441 -1.905624 144.6765
v 241.376669 -1.905624 144.710013
v 241.455871 -1.905624 144.634282
v 241.442268 -1.905624 144.581803
v 241.376669 -1.905624 144.579073
v 241.313706 -1.905624 144.583911
v 241.292197 -1.905624 144.634282
v 241.326532 -1.905624 144.674392
v 241.427382 -1.499284 144.650453
v 241.390067 -1.499284 144.67415
v 241.446071 -1.499284 144.6206
v 241.436452 -1.499284 144.583492
v 241.390067 -1.499284 144.581562
v 241.345545 -1.499284 144.584983
v 241.330336 -1.499284 144.6206
v 241.354615 -1.499284 144.648962
v 241.371207 -1.092945 144.76393
v 241.6128 -4.75 143.81367
v 241.743059 -4.75 143.758607
v 241.768084 -4.456255 143.739348
v 241.645274 -4.456255 143.791261
v 241.771183 -4.75 143.6544
v 241.794599 -4.456255 143.6411
v 241.761142 -4.75 143.535727
v 241.785132 -4.456255 143.529214
v 241.6128 -4.75 143.524062
v 241.645274 -4.456255 143.518217
v 241.48708 -4.75 143.553824
v 241.526744 -4.456255 143.546276
v 241.409174 -4.75 143.6544
v 241.453294 -4.456255 143.6411
v 241.505163 -4.75 143.74051
v 241.543793 -4.456255 143.722285
v 241.77867 -4.16251 143.730858
v 241.663793 -4.16251 143.779419
v 241.803473 -4.16251 143.638956
v 241.794618 -4.16251 143.534296
v 241.663793 -4.16251 143.524009
v 241.552918 -4.16251 143.550256
v 241.484211 -4.16251 143.638956
v 241.568865 -4.16251 143.714898
v 241.745547 -3.868765 143.756365
v 241.639191 -3.868765 143.801323
v 241.76851 -3.868765 143.67128
v 241.760311 -3.868765 143.574384
v 241.639191 -3.868765 143.56486
v 241.536541 -3.868765 143.58916
v 241.47293 -3.868765 143.67128
v 241.551305 -3.868765 143.741589
v 241.687116 -3.57502 143.80091
v 241.590026 -3.57502 143.841951
v 241.708078 -3.57502 143.723238
v 241.700594 -3.57502 143.634784
v 241.590026 -3.57502 143.62609
v 241.49632 -3.57502 143.648273
v 241.438252 -3.57502 143.723238
v 241.509798 -3.57502 143.787421
v 241.661528 -3.281275 143.817628
v 241.574689 -3.281275 143.854337
v 241.680277 -3.281275 143.748157
v 241.673583 -3.281275 143.669041
v 241.574689 -3.281275 143.661265
v 241.490875 -3.281275 143.681106
v 241.438938 -3.281275 143.748157
v 241.50293 -3.281275 143.805563
v 241.714335 -2.98753 143.769468
v 241.63913 -2.98753 143.801259
v 241.730572 -2.98753 143.709304
v 241.724775 -2.98753 143.640788
v 241.63913 -2.98753 143.634054
v 241.566545 -2.98753 143.651237
v 241.521566 -2.98753 143.709304
v 241.576985 -2.98753 143.75902
v 241.826508 -2.693785 143.67039
v 241.765104 -2.693785 143.696347
v 241.839766 -2.693785 143.621266
v 241.835033 -2.693785 143.565323
v 241.765104 -2.693785 143.559824
v 241.705839 -2.693785 143.573854
v 241.669113 -2.693785 143.621266
v 241.714363 -2.693785 143.661859
v 241.912833 -2.40004 143.58528
v 241.869413 -2.40004 143.603634
v 241.922208 -2.40004 143.550544
v 241.918861 -2.40004 143.510987
v 241.869413 -2.40004 143.507099
v 241.827507 -2.40004 143.517019
v 241.801538 -2.40004 143.550544
v 241.833534 -2.40004 143.579248
v 241.864559 -2.106295 143.567083
v 242.1888 -4.75 143.540142
v 242.275815 -4.75 143.493612
v 242.299573 -4.529109 143.495173
v 242.217534 -4.529109 143.539042
v 242.352598 -4.75 143.424
v 242.371965 -4.529109 143.429542
v 242.279523 -4.75 143.351421
v 242.303069 -4.529109 143.361114
v 242.1888 -4.75 143.313792
v 242.217534 -4.529109 143.325637
v 242.075747 -4.75 143.333558
v 242.110947 -4.529109 143.344273
v 242.06966 -4.75 143.424
v 242.105208 -4.529109 143.429542
v 242.079456 -4.75 143.511475
v 242.114444 -4.529109 143.512015
v 242.342867 -4.308218 143.499775
v 242.266127 -4.308218 143.540811
v 242.410583 -4.308218 143.438383
v 242.346137 -4.308218 143.374374
v 242.266127 -4.308218 143.341188
v 242.166424 -4.308218 143.35862
v 242.161055 -4.308218 143.438383
v 242.169694 -4.308218 143.515529
v 242.344752 -4.087327 143.497249
v 242.273704 -4.087327 143.535241
v 242.407445 -4.087327 143.440411
v 242.34778 -4.087327 143.381151
v 242.273704 -4.087327 143.350426
v 242.181397 -4.087327 143.366565
v 242.176427 -4.087327 143.440411
v 242.184425 -4.087327 143.511834
v 242.273863 -3.866436 143.482321
v 242.209006 -3.866436 143.517002
v 242.331094 -3.866436 143.430435
v 242.276627 -3.866436 143.376338
v 242.209006 -3.866436 143.348291
v 242.124741 -3.866436 143.363023
v 242.120204 -3.866436 143.430435
v 242.127505 -3.866436 143.495635
v 242.174428 -3.645545 143.462235
v 242.116418 -3.645545 143.493255
v 242.225617 -3.645545 143.415827
v 242.1769 -3.645545 143.367441
v 242.116418 -3.645545 143.342355
v 242.041049 -3.645545 143.355532
v 242.036991 -3.645545 143.415827
v 242.043522 -3.645545 143.474144
v 242.141053 -3.424654 143.452535
v 242.090815 -3.424654 143.479399
v 242.185384 -3.424654 143.412344
v 242.143194 -3.424654 143.370441
v 242.090815 -3.424654 143.348715
v 242.025544 -3.424654 143.360127
v 242.022029 -3.424654 143.412344
v 242.027685 -3.424654 143.462848
v 242.23551 -3.203763 143.463149
v 242.194491 -3.203763 143.485084
v 242.271706 -3.203763 143.430334
v 242.237258 -3.203763 143.39612
v 242.194491 -3.203763 143.378381
v 242.141197 -3.203763 143.387699
v 242.138328 -3.203763 143.430334
v 242.142945 -3.203763 143.47157
v 242.415462 -2.982872 143.486191
v 242.386457 -2.982872 143.501701
v 242.441056 -2.982872 143.462987
v 242.416698 -2.982872 143.438794
v 242.386457 -2.982872 143.426251
v 242.348773 -2.982872 143.43284
v 242.346743 -2.982872 143.462987
v 242.350009 -2.982872 143.492145
v 242.533329 -2.761981 143.488151
v 237.8112 -4.75 144.69537
v 237.953266 -4.75 144.689653
v 237.926811 -4.524084 144.691057
v 237.792869 -4.524084 144.696447
v 237.974983 -4.75 144.576
v 237.947286 -4.524084 144.583904
v 237.927584 -4.75 144.482893
v 237.902597 -4.524084 144.496123
v 237.8112 -4.75 144.415538
v 237.792869 -4.524084 144.43262
v 237.705928 -4.75 144.491782
v 237.693618 -4.524084 144.504503
v 237.625194 -4.75 144.576
v 237.617501 -4.524084 144.583904
v 237.680245 -4.75 144.680764
v 237.669404 -4.524084 144.682677
v 237.918064 -4.298169 144.73419
v 237.792774 -4.298169 144.739232
v 237.937217 -4.298169 144.633958
v 237.895414 -4.298169 144.551845
v 237.792774 -4.298169 144.492444
v 237.699932 -4.298169 144.559685
v 237.628732 -4.298169 144.633958
v 237.677282 -4.298169 144.726351
v 237.914047 -4.072253 144.789226
v 237.79805 -4.072253 144.793893
v 237.931779 -4.072253 144.696428
v 237.893077 -4.072253 144.620407
v 237.79805 -4.072253 144.565412
v 237.712096 -4.072253 144.627665
v 237.646177 -4.072253 144.696428
v 237.691126 -4.072253 144.781968
v 237.887923 -3.846338 144.794393
v 237.782034 -3.846338 144.798654
v 237.904111 -3.846338 144.709681
v 237.868781 -3.846338 144.640284
v 237.782034 -3.846338 144.59008
v 237.703568 -3.846338 144.646909
v 237.643393 -3.846338 144.709681
v 237.684426 -3.846338 144.787768
v 237.826608 -3.620422 144.71984
v 237.731898 -3.620422 144.723651
v 237.841086 -3.620422 144.644071
v 237.809487 -3.620422 144.582
v 237.731898 -3.620422 144.537097
v 237.661716 -3.620422 144.587926
v 237.607894 -3.620422 144.644071
v 237.644594 -3.620422 144.713914
v 237.749414 -3.394507 144.610864
v 237.667392 -3.394507 144.614165
v 237.761952 -3.394507 144.545247
v 237.734586 -3.394507 144.491491
v 237.667392 -3.394507 144.452604
v 237.606613 -3.394507 144.496624
v 237.560001 -3.394507 144.545247
v 237.591785 -3.394507 144.605732
v 237.697417 -3.168591 144.563701
v 237.630446 -3.168591 144.566396
v 237.707654 -3.168591 144.510124
v 237.68531 -3.168591 144.466233
v 237.630446 -3.168591 144.434482
v 237.58082 -3.168591 144.470424
v 237.542762 -3.168591 144.510124
v 237.568713 -3.168591 144.55951
v 237.697772 -2.942676 144.644444
v 237.650417 -2.942676 144.646349
v 237.705011 -2.942676 144.606559
v 237.689211 -2.942676 144.575524
v 237.650417 -2.942676 144.553072
v 237.615326 -2.942676 144.578487
v 237.588415 -2.942676 144.606559
v 237.606765 -2.942676 144.641481
v 237.713234 -2.71676 144.802028
v 240.8064 -4.75 143.026705
v 240.944254 -4.75 142.958283
v 240.972183 -4.507464 142.925027
v 240.842213 -4.507464 142.989536
v 240.985144 -4.75 142.848
v 241.010735 -4.507464 142.821051
v 240.969102 -4.75 142.717838
v 240.995611 -4.507464 142.698333
v 240.8064 -4.75 142.709053
v 240.842213 -4.507464 142.69005
v 240.663486 -4.75 142.733669
v 240.707473 -4.507464 142.713259
v 240.588079 -4.75 142.848
v 240.636378 -4.507464 142.821051
v 240.688335 -4.75 142.942452
v 240.7309 -4.507464 142.910101
v 240.980103 -4.264928 142.915848
v 240.858527 -4.264928 142.97619
v 241.016165 -4.264928 142.818587
v 241.002017 -4.264928 142.703795
v 240.858527 -4.264928 142.696047
v 240.732489 -4.264928 142.717757
v 240.665986 -4.264928 142.818587
v 240.754403 -4.264928 142.901886
v 240.948031 -4.022391 142.955603
v 240.835474 -4.022391 143.011469
v 240.981418 -4.022391 142.865557
v 240.96832 -4.022391 142.75928
v 240.835474 -4.022391 142.752107
v 240.718785 -4.022391 142.772206
v 240.657215 -4.022391 142.865557
v 240.739074 -4.022391 142.942677
v 240.902723 -3.779855 143.010358
v 240.799972 -3.779855 143.061357
v 240.9332 -3.779855 142.928158
v 240.921244 -3.779855 142.831141
v 240.799972 -3.779855 142.824592
v 240.693451 -3.779855 142.84294
v 240.637245 -3.779855 142.928158
v 240.711972 -3.779855 142.998558
v 240.899506 -3.537319 143.010119
v 240.807604 -3.537319 143.055734
v 240.926766 -3.537319 142.936597
v 240.916072 -3.537319 142.849822
v 240.807604 -3.537319 142.843965
v 240.712328 -3.537319 142.860376
v 240.662056 -3.537319 142.936597
v 240.728893 -3.537319 142.999565
v 240.969475 -3.294783 142.91497
v 240.889885 -3.294783 142.954473
v 240.993083 -3.294783 142.851298
v 240.983821 -3.294783 142.776149
v 240.889885 -3.294783 142.771077
v 240.807374 -3.294783 142.785289
v 240.763837 -3.294783 142.851298
v 240.82172 -3.294783 142.90583
v 241.078899 -3.052247 142.765565
v 241.013914 -3.052247 142.797819
v 241.098175 -3.052247 142.713577
v 241.090612 -3.052247 142.652218
v 241.013914 -3.052247 142.648077
v 240.946544 -3.052247 142.659681
v 240.910996 -3.052247 142.713577
v 240.958257 -3.052247 142.758102
v 241.141906 -2.809711 142.665341
v 241.095955 -2.809711 142.688149
v 241.155536 -2.809711 142.62858
v 241.150189 -2.809711 142.585193
v 241.095955 -2.809711 142.582265
v 241.048317 -2.809711 142.59047
v 241.023181 -2.809711 142.62858
v 241.056599 -2.809711 142.660064
v 241.066352 -2.567174 142.683774
v 239.3088 -4.75 145.370384
v 239.425918 -4.75 145.360894
v 239.422249 -4.479482 145.352932
v 239.31183 -4.479482 145.36188
v 239.46718 -4.75 145.2672
v 239.461152 -4.479482 145.264596
v 239.402126 -4.75 145.192539
v 239.399818 -4.479482 145.194205
v 239.3088 -4.75 145.125949
v 239.31183 -4.479482 145.131424
v 239.209865 -4.75 145.188052
v 239.218553 -4.479482 145.189975
v 239.161637 -4.75 145.2672
v 239.173083 -4.479482 145.264596
v 239.186074 -4.75 145.365381
v 239.196122 -4.479482 145.357162
v 239.408016 -4.208963 145.3876
v 239.304728 -4.208963 145.39597
v 239.444407 -4.208963 145.30497
v 239.387034 -4.208963 145.239125
v 239.304728 -4.208963 145.180398
v 239.217476 -4.208963 145.235168
v 239.174942 -4.208963 145.30497
v 239.196494 -4.208963 145.391557
v 239.382291 -3.938445 145.468344
v 239.286665 -3.938445 145.476093
v 239.415982 -3.938445 145.391843
v 239.362865 -3.938445 145.330883
v 239.286665 -3.938445 145.276512
v 239.205885 -3.938445 145.327219
v 239.166506 -3.938445 145.391843
v 239.186459 -3.938445 145.472007
v 239.35937 -3.667927 145.533811
v 239.272076 -3.667927 145.540885
v 239.390126 -3.667927 145.463976
v 239.341637 -3.667927 145.408327
v 239.272076 -3.667927 145.358694
v 239.198335 -3.667927 145.404983
v 239.162387 -3.667927 145.463976
v 239.180602 -3.667927 145.537156
v 239.3561 -3.397408 145.511468
v 239.278021 -3.397408 145.517795
v 239.383608 -3.397408 145.449005
v 239.340239 -3.397408 145.399231
v 239.278021 -3.397408 145.354838
v 239.212065 -3.397408 145.39624
v 239.179912 -3.397408 145.449005
v 239.196204 -3.397408 145.514459
v 239.373633 -3.12689 145.394596
v 239.306016 -3.12689 145.400075
v 239.397457 -3.12689 145.340502
v 239.359897 -3.12689 145.297396
v 239.306016 -3.12689 145.258951
v 239.248896 -3.12689 145.294806
v 239.221051 -3.12689 145.340502
v 239.23516 -3.12689 145.397187
v 239.390804 -2.856372 145.269444
v 239.335594 -2.856372 145.273918
v 239.410256 -2.856372 145.225277
v 239.379589 -2.856372 145.190081
v 239.335594 -2.856372 145.15869
v 239.288956 -2.856372 145.187966
v 239.266221 -2.856372 145.225277
v 239.277741 -2.856372 145.27156
v 239.377068 -2.585853 145.25643
v 239.338029 -2.585853 145.259593
v 239.390822 -2.585853 145.225198
v 239.369137 -2.585853 145.200311
v 239.338029 -2.585853 145.178115
v 239.305051 -2.585853 145.198816
v 239.288974 -2.585853 145.225198
v 239.29712 -2.585853 145.257925
v 239.30104 -2.315335 145.392351
v 240.3456 -4.75 144.459394
v 240.481111 -4.75 144.454009
v 240.474787 -4.383344 144.44384
v 240.347026 -4.383344 144.448918
v 240.506016 -4.75 144.3456
v 240.498267 -4.383344 144.341632
v 240.455326 -4.75 144.257819
v 240.450477 -4.383344 144.258871
v 240.3456 -4.75 144.190551
v 240.347026 -4.383344 144.19545
v 240.243485 -4.75 144.263908
v 240.250751 -4.383344 144.264612
v 240.169962 -4.75 144.3456
v 240.181433 -4.383344 144.341632
v 240.217701 -4.75 144.44792
v 240.226441 -4.383344 144.4381
v 240.483207 -4.016689 144.484918
v 240.363698 -4.016689 144.489668
v 240.505171 -4.016689 144.389311
v 240.460467 -4.016689 144.311895
v 240.363698 -4.016689 144.25257
v 240.273641 -4.016689 144.317265
v 240.2088 -4.016689 144.389311
v 240.250901 -4.016689 144.479548
v 240.497648 -3.650033 144.547981
v 240.387004 -3.650033 144.552378
v 240.517983 -3.650033 144.459465
v 240.476595 -3.650033 144.387792
v 240.387004 -3.650033 144.332868
v 240.303627 -3.650033 144.392764
v 240.243596 -3.650033 144.459465
v 240.282575 -3.650033 144.543009
v 240.495756 -3.283377 144.557719
v 240.394753 -3.283377 144.561733
v 240.514319 -3.283377 144.476916
v 240.476538 -3.283377 144.411488
v 240.394753 -3.283377 144.361349
v 240.318641 -3.283377 144.416026
v 240.26384 -3.283377 144.476916
v 240.299422 -3.283377 144.55318
v 240.463893 -2.916722 144.468568
v 240.373552 -2.916722 144.472159
v 240.480496 -2.916722 144.396296
v 240.446703 -2.916722 144.337775
v 240.373552 -2.916722 144.29293
v 240.305475 -2.916722 144.341835
v 240.25646 -2.916722 144.396296
v 240.288286 -2.916722 144.464509
v 240.414796 -2.550066 144.324765
v 240.336559 -2.550066 144.327874
v 240.429175 -2.550066 144.262175
v 240.399909 -2.550066 144.211495
v 240.336559 -2.550066 144.172658
v 240.277603 -2.550066 144.21501
v 240.235154 -2.550066 144.262175
v 240.262716 -2.550066 144.32125
v 240.381948 -2.183411 144.241838
v 240.318068 -2.183411 144.244377
v 240.393688 -2.183411 144.190734
v 240.369793 -2.183411 144.149353
v 240.318068 -2.183411 144.117643
v 240.26993 -2.183411 144.152224
v 240.235271 -2.183411 144.190734
v 240.257775 -2.183411 144.238967
v 240.391129 -1.816755 144.312556
v 240.345959 -1.816755 144.314351
v 240.399431 -1.816755 144.27642
v 240.382534 -1.816755 144.24716
v 240.345959 -1.816755 144.224737
v 240.31192 -1.816755 144.249189
v 240.287413 -1.816755 144.27642
v 240.303326 -1.816755 144.310527
v 240.413867 -1.450099 144.497673
v 238.6176 -4.75 143.011066
v 238.766752 -4.75 142.967322
v 238.757802 -4.527645 142.942481
v 238.61718 -4.527645 142.983724
v 238.782952 -4.75 142.848
v 238.773075 -4.527645 142.829984
v 238.775082 -4.75 142.722014
v 238.765655 -4.527645 142.711203
v 238.6176 -4.75 142.698261
v 238.61718 -4.527645 142.688809
v 238.490269 -4.75 142.746135
v 238.497131 -4.527645 142.733945
v 238.391946 -4.75 142.848
v 238.404431 -4.527645 142.829984
v 238.498599 -4.75 142.943201
v 238.504985 -4.527645 142.91974
v 238.747957 -4.30529 142.917294
v 238.616417 -4.30529 142.955873
v 238.762244 -4.30529 142.812062
v 238.755303 -4.30529 142.700953
v 238.616417 -4.30529 142.680005
v 238.504122 -4.30529 142.722226
v 238.417409 -4.30529 142.812062
v 238.511468 -4.30529 142.896021
v 238.686408 -4.082935 142.905663
v 238.564626 -4.082935 142.941381
v 238.699636 -4.082935 142.808238
v 238.69321 -4.082935 142.705371
v 238.564626 -4.082935 142.685976
v 238.460661 -4.082935 142.725065
v 238.380381 -4.082935 142.808238
v 238.467462 -4.082935 142.885969
v 238.571064 -3.86058 142.907977
v 238.459893 -3.86058 142.940582
v 238.583139 -3.86058 142.81904
v 238.577273 -3.86058 142.725136
v 238.459893 -3.86058 142.707431
v 238.364986 -3.86058 142.743114
v 238.2917 -3.86058 142.81904
v 238.371195 -3.86058 142.889998
v 238.465306 -3.638225 142.90643
v 238.365871 -3.638225 142.935593
v 238.476106 -3.638225 142.826882
v 238.470859 -3.638225 142.742892
v 238.365871 -3.638225 142.727057
v 238.280984 -3.638225 142.758973
v 238.215435 -3.638225 142.826882
v 238.286537 -3.638225 142.89035
v 238.448029 -3.41587 142.878733
v 238.361916 -3.41587 142.903989
v 238.457382 -3.41587 142.809843
v 238.452838 -3.41587 142.737105
v 238.361916 -3.41587 142.723391
v 238.288401 -3.41587 142.751031
v 238.231634 -3.41587 142.809843
v 238.293211 -3.41587 142.864807
v 238.535623 -3.193515 142.819394
v 238.465313 -3.193515 142.840015
v 238.54326 -3.193515 142.763145
v 238.53955 -3.193515 142.703755
v 238.465313 -3.193515 142.692557
v 238.405288 -3.193515 142.715125
v 238.358938 -3.193515 142.763145
v 238.409215 -3.193515 142.808023
v 238.645944 -2.97116 142.748619
v 238.596226 -2.97116 142.7632
v 238.651344 -2.97116 142.708845
v 238.64872 -2.97116 142.66685
v 238.596226 -2.97116 142.658932
v 238.553783 -2.97116 142.67489
v 238.521008 -2.97116 142.708845
v 238.556559 -2.97116 142.740578
v 238.626628 -2.748805 142.682313
v 241.152 -4.75 143.428377
v 241.260957 -4.75 143.395966
v 241.310218 -4.443991 143.357052
v 241.207492 -4.443991 143.387609
v 241.336454 -4.75 143.3088
v 241.381397 -4.443991 143.274871
v 241.248798 -4.75 143.231362
v 241.298754 -4.443991 143.201862
v 241.152 -4.75 143.169769
v 241.207492 -4.443991 143.143791
v 241.032378 -4.75 143.213102
v 241.094712 -4.443991 143.184647
v 241.013194 -4.75 143.3088
v 241.076625 -4.443991 143.274871
v 241.020219 -4.75 143.414225
v 241.083248 -4.443991 143.374267
v 241.348289 -4.137982 143.323562
v 241.252198 -4.137982 143.352146
v 241.414871 -4.137982 143.246689
v 241.337566 -4.137982 143.178395
v 241.252198 -4.137982 143.124075
v 241.146701 -4.137982 143.162292
v 241.129782 -4.137982 143.246689
v 241.135978 -4.137982 143.339665
v 241.327368 -3.831972 143.320842
v 241.238405 -3.831972 143.347306
v 241.389011 -3.831972 143.249672
v 241.31744 -3.831972 143.186443
v 241.238405 -3.831972 143.136153
v 241.140734 -3.831972 143.171535
v 241.12507 -3.831972 143.249672
v 241.130806 -3.831972 143.335751
v 241.260475 -3.525963 143.341783
v 241.179263 -3.525963 143.365941
v 241.316747 -3.525963 143.276814
v 241.251412 -3.525963 143.219094
v 241.179263 -3.525963 143.173186
v 241.090102 -3.525963 143.205485
v 241.075803 -3.525963 143.276814
v 241.081039 -3.525963 143.355393
v 241.223881 -3.219954 143.345486
v 241.151243 -3.219954 143.367093
v 241.274212 -3.219954 143.287375
v 241.215775 -3.219954 143.23575
v 241.151243 -3.219954 143.194688
v 241.071495 -3.219954 143.223577
v 241.058705 -3.219954 143.287375
v 241.063388 -3.219954 143.357659
v 241.292172 -2.913945 143.291769
v 241.229266 -2.913945 143.310481
v 241.33576 -2.913945 143.241444
v 241.285152 -2.913945 143.196735
v 241.229266 -2.913945 143.161174
v 241.160202 -2.913945 143.186193
v 241.149126 -2.913945 143.241444
v 241.153182 -2.913945 143.302311
v 241.459525 -2.607936 143.182862
v 241.408162 -2.607936 143.198141
v 241.495115 -2.607936 143.141772
v 241.453793 -2.607936 143.105267
v 241.408162 -2.607936 143.076232
v 241.351772 -2.607936 143.09666
v 241.342728 -2.607936 143.141772
v 241.34604 -2.607936 143.19147
v 241.620763 -2.301927 143.072549
v 241.584444 -2.301927 143.083352
v 241.645929 -2.301927 143.043493
v 241.61671 -2.301927 143.017681
v 241.584444 -2.301927 142.99715
v 241.54457 -2.301927 143.011594
v 241.538175 -2.301927 143.043493
v 241.540517 -2.301927 143.078635
v 241.627073 -1.995917 143.016418
v 239.7696 -4.75 143.80412
v 239.868182 -4.75 143.733266
v 239.860039 -4.412232 143.725323
v 239.767094 -4.412232 143.792125
v 239.950381 -4.75 143.6544
v 239.937536 -4.412232 143.650967
v 239.88982 -4.75 143.558224
v 239.880439 -4.412232 143.560292
v 239.7696 -4.75 143.5393
v 239.767094 -4.412232 143.54245
v 239.634112 -4.75 143.54601
v 239.639355 -4.412232 143.548776
v 239.619356 -4.75 143.6544
v 239.625442 -4.412232 143.650967
v 239.655749 -4.75 143.745481
v 239.659755 -4.412232 143.736839
v 239.884403 -4.074464 143.763673
v 239.797461 -4.074464 143.826161
v 239.956895 -4.074464 143.69412
v 239.903485 -4.074464 143.609301
v 239.797461 -4.074464 143.592611
v 239.677972 -4.074464 143.598528
v 239.664958 -4.074464 143.69412
v 239.697055 -4.074464 143.774445
v 239.909675 -3.736697 143.803586
v 239.829183 -3.736697 143.861438
v 239.976791 -3.736697 143.739192
v 239.927342 -3.736697 143.660665
v 239.829183 -3.736697 143.645213
v 239.718558 -3.736697 143.650692
v 239.706509 -3.736697 143.739192
v 239.736225 -3.736697 143.813559
v 239.887274 -3.398929 143.776286
v 239.813795 -3.398929 143.829097
v 239.948541 -3.398929 143.717503
v 239.903401 -3.398929 143.645817
v 239.813795 -3.398929 143.631712
v 239.712808 -3.398929 143.636713
v 239.701809 -3.398929 143.717503
v 239.728935 -3.398929 143.78539
v 239.804268 -3.061161 143.66356
v 239.738546 -3.061161 143.710796
v 239.859067 -3.061161 143.610983
v 239.818693 -3.061161 143.546866
v 239.738546 -3.061161 143.534249
v 239.648221 -3.061161 143.538723
v 239.638383 -3.061161 143.610983
v 239.662646 -3.061161 143.671703
v 239.708996 -2.723393 143.5341
v 239.65208 -2.723393 143.575007
v 239.756454 -2.723393 143.488566
v 239.721489 -2.723393 143.433039
v 239.65208 -2.723393 143.422113
v 239.573856 -2.723393 143.425987
v 239.565336 -2.723393 143.488566
v 239.586348 -2.723393 143.541152
v 239.679412 -2.385625 143.498738
v 239.63294 -2.385625 143.532139
v 239.718161 -2.385625 143.46156
v 239.689612 -2.385625 143.416222
v 239.63294 -2.385625 143.407301
v 239.56907 -2.385625 143.410464
v 239.562114 -2.385625 143.46156
v 239.57927 -2.385625 143.504496
v 239.75394 -2.047858 143.612873
v 239.721079 -2.047858 143.636491
v 239.78134 -2.047858 143.586585
v 239.761153 -2.047858 143.554526
v 239.721079 -2.047858 143.548218
v 239.675917 -2.047858 143.550454
v 239.670998 -2.047858 143.586585
v 239.683129 -2.047858 143.616945
v 239.87015 -1.71009 143.797957
v 241.8432 -4.75 145.047718
v 241.926196 -4.75 144.987997
v 241.941017 -4.47575 144.985106
v 241.862768 -4.47575 145.041412
v 241.986508 -4.75 144.9216
v 241.99788 -4.47575 144.922507
v 241.947078 -4.75 144.838498
v 241.960705 -4.47575 144.844157
v 241.8432 -4.75 144.828893
v 241.862768 -4.47575 144.835102
v 241.73278 -4.75 144.833264
v 241.758663 -4.47575 144.839223
v 241.712977 -4.75 144.9216
v 241.739992 -4.47575 144.922507
v 241.753662 -4.75 144.99323
v 241.778351 -4.47575 144.990041
v 241.970144 -4.2015 145.02861
v 241.896949 -4.2015 145.081279
v 242.023334 -4.2015 144.970054
v 241.98856 -4.2015 144.896765
v 241.896949 -4.2015 144.888294
v 241.799568 -4.2015 144.892149
v 241.782102 -4.2015 144.970054
v 241.817984 -4.2015 145.033226
v 242.004975 -3.92725 145.091221
v 241.93721 -3.92725 145.139983
v 242.05422 -3.92725 145.037009
v 242.022025 -3.92725 144.969156
v 241.93721 -3.92725 144.961314
v 241.847052 -3.92725 144.964883
v 241.830883 -3.92725 145.037009
v 241.864102 -3.92725 145.095495
v 242.024129 -3.653 145.104926
v 241.962267 -3.653 145.14944
v 242.069082 -3.653 145.055437
v 242.039693 -3.653 144.993496
v 241.962267 -3.653 144.986337
v 241.879965 -3.653 144.989595
v 241.865204 -3.653 145.055437
v 241.895529 -3.653 145.108827
v 242.014964 -3.37875 145.029742
v 241.959633 -3.37875 145.069556
v 242.055172 -3.37875 144.985477
v 242.028885 -3.37875 144.930076
v 241.959633 -3.37875 144.923673
v 241.88602 -3.37875 144.926587
v 241.872818 -3.37875 144.985477
v 241.899941 -3.37875 145.033231
v 241.990271 -3.1045 144.907106
v 241.942354 -3.1045 144.941586
v 242.025092 -3.1045 144.868772
v 242.002327 -3.1045 144.820793
v 241.942354 -3.1045 144.815247
v 241.878603 -3.1045 144.817771
v 241.867169 -3.1045 144.868772
v 241.890659 -3.1045 144.910128
v 241.982523 -2.830249 144.841852
v 241.943398 -2.830249 144.870005
v 242.010954 -2.830249 144.810552
v 241.992366 -2.830249 144.771378
v 241.943398 -2.830249 144.76685
v 241.891346 -2.830249 144.768911
v 241.88201 -2.830249 144.810552
v 241.901189 -2.830249 144.844319
v 242.01672 -2.555999 144.916861
v 241.989054 -2.555999 144.936768
v 242.036823 -2.555999 144.894729
v 242.02368 -2.555999 144.867028
v 241.989054 -2.555999 144.863827
v 241.952248 -2.555999 144.865284
v 241.945646 -2.555999 144.894729
v 241.959208 -2.555999 144.918606
v 242.07252 -2.281749 145.099589
v 238.6176 -4.75 145.512756
v 238.703648 -4.75 145.451239
v 238.681163 -4.454742 145.474851
v 238.600036 -4.454742 145.53285
v 238.776429 -4.75 145.3824
v 238.749781 -4.454742 145.409949
v 238.721942 -4.75 145.298926
v 238.69841 -4.454742 145.33125
v 238.6176 -4.75 145.281314
v 238.600036 -4.454742 145.314644
v 238.49908 -4.75 145.287584
v 238.488295 -4.454742 145.320556
v 238.487126 -4.75 145.3824
v 238.477024 -4.454742 145.409949
v 238.517374 -4.75 145.462581
v 238.505542 -4.454742 145.485545
v 238.68402 -4.159485 145.531319
v 238.608133 -4.159485 145.585572
v 238.748207 -4.159485 145.470609
v 238.700154 -4.159485 145.396993
v 238.608133 -4.159485 145.381459
v 238.503608 -4.159485 145.38699
v 238.493066 -4.159485 145.470609
v 238.519742 -4.159485 145.541322
v 238.686019 -3.864227 145.586871
v 238.615761 -3.864227 145.637099
v 238.745444 -3.864227 145.530664
v 238.700955 -3.864227 145.462508
v 238.615761 -3.864227 145.448127
v 238.51899 -3.864227 145.453247
v 238.509229 -3.864227 145.530664
v 238.533926 -3.864227 145.596131
v 238.649151 -3.568969 145.592514
v 238.585014 -3.568969 145.638366
v 238.703398 -3.568969 145.541204
v 238.662786 -3.568969 145.478987
v 238.585014 -3.568969 145.465859
v 238.496675 -3.568969 145.470533
v 238.487765 -3.568969 145.541204
v 238.51031 -3.568969 145.600968
v 238.565208 -3.273712 145.537734
v 238.507842 -3.273712 145.578745
v 238.613728 -3.273712 145.491841
v 238.577403 -3.273712 145.436192
v 238.507842 -3.273712 145.42445
v 238.428829 -3.273712 145.428631
v 238.420859 -3.273712 145.491841
v 238.441025 -3.273712 145.545295
v 238.474285 -2.978454 145.474396
v 238.424605 -2.978454 145.509913
v 238.516305 -2.978454 145.434652
v 238.484847 -2.978454 145.386459
v 238.424605 -2.978454 145.37629
v 238.356178 -2.978454 145.379911
v 238.349276 -2.978454 145.434652
v 238.366739 -2.978454 145.480945
v 238.43772 -2.683197 145.481899
v 238.397157 -2.683197 145.510899
v 238.47203 -2.683197 145.449448
v 238.446344 -2.683197 145.410099
v 238.397157 -2.683197 145.401796
v 238.341286 -2.683197 145.404752
v 238.335651 -2.683197 145.449448
v 238.34991 -2.683197 145.487246
v 238.482993 -2.387939 145.596353
v 238.45431 -2.387939 145.616858
v 238.507253 -2.387939 145.573407
v 238.489091 -2.387939 145.545582
v 238.45431 -2.387939 145.539711
v 238.414804 -2.387939 145.541801
v 238.410819 -2.387939 145.573407
v 238.420902 -2.387939 145.600133
v 238.556039 -2.092681 145.75488
v 240.6912 -4.75 145.406568
v 240.835822 -4.75 145.382898
v 240.843672 -4.446849 145.407451
v 240.70732 -4.446849 145.429767
v 240.843291 -4.75 145.2672
v 240.850713 -4.446849 145.29837
v 240.829743 -4.75 145.156365
v 240.83794 -4.446849 145.193874
v 240.6912 -4.75 145.118105
v 240.70732 -4.446849 145.157802
v 240.580855 -4.75 145.178924
v 240.603286 -4.446849 145.215143
v 240.482712 -4.75 145.2672
v 240.510756 -4.446849 145.29837
v 240.574776 -4.75 145.360339
v 240.597555 -4.446849 145.386182
v 240.872009 -4.143697 145.436108
v 240.744464 -4.143697 145.456983
v 240.878596 -4.143697 145.334072
v 240.866648 -4.143697 145.236326
v 240.744464 -4.143697 145.202583
v 240.647149 -4.143697 145.25622
v 240.560596 -4.143697 145.334072
v 240.641788 -4.143697 145.416214
v 240.862376 -3.840546 145.456197
v 240.744292 -3.840546 145.475524
v 240.868474 -3.840546 145.36173
v 240.857412 -3.840546 145.271234
v 240.744292 -3.840546 145.239995
v 240.654196 -3.840546 145.289653
v 240.574063 -3.840546 145.36173
v 240.649233 -3.840546 145.437778
v 240.781792 -3.537394 145.460506
v 240.673996 -3.537394 145.478149
v 240.787358 -3.537394 145.37427
v 240.777261 -3.537394 145.291659
v 240.673996 -3.537394 145.263142
v 240.59175 -3.537394 145.308473
v 240.518599 -3.537394 145.37427
v 240.587219 -3.537394 145.443692
v 240.669382 -3.234243 145.457317
v 240.572967 -3.234243 145.473097
v 240.674361 -3.234243 145.380185
v 240.665329 -3.234243 145.306295
v 240.572967 -3.234243 145.280788
v 240.499404 -3.234243 145.321334
v 240.433975 -3.234243 145.380185
v 240.495351 -3.234243 145.442278
v 240.615586 -2.931091 145.465865
v 240.532088 -2.931091 145.479531
v 240.619898 -2.931091 145.399067
v 240.612076 -2.931091 145.335076
v 240.532088 -2.931091 145.312987
v 240.468381 -2.931091 145.348101
v 240.411718 -2.931091 145.399067
v 240.464871 -2.931091 145.452841
v 240.68332 -2.62794 145.499207
v 240.615144 -2.62794 145.510366
v 240.68684 -2.62794 145.444667
v 240.680454 -2.62794 145.392419
v 240.615144 -2.62794 145.374383
v 240.563127 -2.62794 145.403053
v 240.516862 -2.62794 145.444667
v 240.560261 -2.62794 145.488573
v 240.836453 -2.324788 145.548245
v 240.788245 -2.324788 145.556135
v 240.838942 -2.324788 145.509679
v 240.834426 -2.324788 145.472735
v 240.788245 -2.324788 145.459981
v 240.751463 -2.324788 145.480254
v 240.718749 -2.324788 145.509679
v 240.749437 -2.324788 145.540726
v 240.92556 -2.021637 145.566977
v 238.0416 -4.75 144.020684
v 238.169466 -4.75 143.987093
v 238.18152 -4.590242 143.960823
v 238.060967 -4.590242 143.992493
v 238.252885 -4.75 143.8848
v 238.260169 -4.590242 143.86438
v 238.152786 -4.75 143.795851
v 238.165794 -4.590242 143.780518
v 238.0416 -4.75 143.722227
v 238.060967 -4.590242 143.711105
v 237.905665 -4.75 143.776052
v 237.932806 -4.590242 143.761851
v 237.879814 -4.75 143.8848
v 237.908434 -4.590242 143.86438
v 237.888984 -4.75 144.006892
v 237.91708 -4.590242 143.97949
v 238.175889 -4.430484 143.945774
v 238.063122 -4.430484 143.975399
v 238.249458 -4.430484 143.85556
v 238.161179 -4.430484 143.777115
v 238.063122 -4.430484 143.712185
v 237.943238 -4.430484 143.759654
v 237.92044 -4.430484 143.85556
v 237.928528 -4.430484 143.963236
v 238.10418 -4.270727 143.974406
v 237.999778 -4.270727 144.001834
v 238.172292 -4.270727 143.890885
v 238.090561 -4.270727 143.818258
v 237.999778 -4.270727 143.758145
v 237.888787 -4.270727 143.802092
v 237.86768 -4.270727 143.890885
v 237.875168 -4.270727 143.990573
v 237.988545 -4.110969 144.031566
v 237.893239 -4.110969 144.056603
v 238.050722 -4.110969 143.955321
v 237.976112 -4.110969 143.889023
v 237.893239 -4.110969 143.834147
v 237.791919 -4.110969 143.874265
v 237.772651 -4.110969 143.955321
v 237.779486 -4.110969 144.046323
v 237.916098 -3.951211 144.058195
v 237.830854 -3.951211 144.080589
v 237.97171 -3.951211 143.99
v 237.904978 -3.951211 143.9307
v 237.830854 -3.951211 143.881618
v 237.74023 -3.951211 143.917501
v 237.722996 -3.951211 143.99
v 237.72911 -3.951211 144.071394
v 237.962403 -3.791453 144.002786
v 237.88858 -3.791453 144.02218
v 238.010565 -3.791453 143.943727
v 237.952773 -3.791453 143.892372
v 237.88858 -3.791453 143.849865
v 237.810097 -3.791453 143.880941
v 237.795172 -3.791453 143.943727
v 237.800467 -3.791453 144.014217
v 238.108563 -3.631696 143.876944
v 238.048286 -3.631696 143.892779
v 238.147887 -3.631696 143.828723
v 238.1007 -3.631696 143.786792
v 238.048286 -3.631696 143.752085
v 237.984206 -3.631696 143.777458
v 237.972019 -3.631696 143.828723
v 237.976343 -3.631696 143.886278
v 238.230812 -3.471938 143.761163
v 238.18819 -3.471938 143.77236
v 238.258618 -3.471938 143.727065
v 238.225252 -3.471938 143.697416
v 238.18819 -3.471938 143.672874
v 238.142878 -3.471938 143.690816
v 238.134261 -3.471938 143.727065
v 238.137318 -3.471938 143.767763
v 238.169344 -3.31218 143.732399
v 241.3824 -4.75 142.758965
v 241.489219 -4.75 142.703055
v 241.515225 -4.551253 142.658005
v 241.414515 -4.551253 142.710717
v 241.524502 -4.75 142.6176
v 241.54849 -4.551253 142.577437
v 241.509976 -4.75 142.515539
v 241.534795 -4.551253 142.481213
v 241.3824 -4.75 142.509445
v 241.414515 -4.551253 142.475468
v 241.268672 -4.75 142.526618
v 241.307292 -4.551253 142.491658
v 241.212602 -4.75 142.6176
v 241.254428 -4.551253 142.577437
v 241.289429 -4.75 142.691977
v 241.326861 -4.551253 142.64756
v 241.524124 -4.352507 142.637688
v 241.429918 -4.352507 142.686996
v 241.555241 -4.352507 142.562323
v 241.54243 -4.352507 142.472314
v 241.429918 -4.352507 142.46694
v 241.32962 -4.352507 142.482085
v 241.280171 -4.352507 142.562323
v 241.347926 -4.352507 142.627918
v 241.502916 -4.15376 142.661386
v 241.415699 -4.15376 142.707037
v 241.531725 -4.15376 142.591612
v 241.519864 -4.15376 142.50828
v 241.415699 -4.15376 142.503304
v 241.32284 -4.15376 142.517326
v 241.277059 -4.15376 142.591612
v 241.339788 -4.15376 142.652341
v 241.47474 -3.955014 142.694124
v 241.395122 -3.955014 142.735797
v 241.501039 -3.955014 142.630429
v 241.490211 -3.955014 142.554358
v 241.395122 -3.955014 142.549815
v 241.310354 -3.955014 142.562615
v 241.268562 -3.955014 142.630429
v 241.325826 -3.955014 142.685866
v 241.481911 -3.756267 142.672026
v 241.410699 -3.756267 142.709299
v 241.505434 -3.756267 142.615056
v 241.495749 -3.756267 142.547015
v 241.410699 -3.756267 142.542953
v 241.33488 -3.756267 142.554401
v 241.2975 -3.756267 142.615056
v 241.348718 -3.756267 142.66464
v 241.544668 -3.55752 142.564001
v 241.482996 -3.55752 142.596281
v 241.565039 -3.55752 142.514663
v 241.556652 -3.55752 142.455739
v 241.482996 -3.55752 142.45222
v 241.417335 -3.55752 142.462135
v 241.384963 -3.55752 142.514663
v 241.429319 -3.55752 142.557605
v 241.632708 -3.358774 142.413995
v 241.582353 -3.358774 142.440352
v 241.64934 -3.358774 142.373711
v 241.642492 -3.358774 142.3256
v 241.582353 -3.358774 142.322727
v 241.528741 -3.358774 142.330822
v 241.502309 -3.358774 142.373711
v 241.538526 -3.358774 142.408773
v 241.679018 -3.160027 142.318649
v 241.643412 -3.160027 142.337285
v 241.69078 -3.160027 142.290164
v 241.685937 -3.160027 142.256143
v 241.643412 -3.160027 142.254112
v 241.605503 -3.160027 142.259836
v 241.586813 -3.160027 142.290164
v 241.612422 -3.160027 142.314956
v 241.616847 -2.961281 142.337957
vn 0.218572 -0.111631 0.969415
vn 0.218572 -0.111631 0.969415
vn 0.554839 -0.101578 0.825733
vn 0.554839 -0.101578 0.825733
vn 0.771766 -0.088897 0.629662
vn 0.771766 -0.088897 0.629662
vn 0.727208 -0.091326 0.680315
vn 0.727208 -0.091326 0.680315
vn 0.133568 -0.081959 0.987645
vn 0.133568 -0.081959 0.987645
vn 0.663955 -0.102677 0.740689
vn 0.663955 -0.102677 0.740689
vn 0.948785 -0.099645 0.299797
vn 0.948785 -0.099645 0.299797
vn 0.664636 -0.094286 0.741195
vn 0.664636 -0.094286 0.741195
vn 0.899017 -0.107973 0.424393
vn 0.899017 -0.107973 0.424393
vn 0.973783 -0.105248 -0.201668
vn 0.973783 -0.105248 -0.201668
vn 0.898173 -0.097076 -0.42879
vn 0.898173 -0.097076 -0.42879
vn 0.685527 -0.0804 -0.723594
vn 0.685527 -0.0804 -0.723594
vn 0.986416 -0.090043 -0.137386
vn 0.986416 -0.090043 -0.137386
vn 0.985648 -0.077498 0.149976
vn 0.985648 -0.077498 0.149976
vn 0.710213 -0.107466 -0.695736
vn 0.710213 -0.107466 -0.695736
vn 0.548887 -0.105339 -0.829233
vn 0.548887 -0.105339 -0.829233
vn 0.696292 -0.104309 -0.710139
vn 0.696292 -0.104309 -0.710139
vn 0.227211 -0.10616 -0.968042
vn 0.227211 -0.10616 -0.968042
vn 0.060265 -0.103159 -0.992838
vn 0.060265 -0.103159 -0.992838
vn -0.315555 -0.092052 -0.944432
vn -0.315555 -0.092052 -0.944432
vn -0.479132 -0.085148 -0.873603
vn -0.479132 -0.085148 -0.873603
vn 0.426506 -0.074777 -0.901389
vn 0.426506 -0.074777 -0.901389
vn 0.176683 -0.09045 -0.980103
vn 0.176683 -0.09045 -0.980103
vn -0.713158 -0.107323 -0.69274
vn -0.713158 -0.107323 -0.69274
vn -0.736115 -0.106644 -0.668402
vn -0.736115 -0.106644 -0.668402
vn -0.850955 -0.103708 -0.514898
vn -0.850955 -0.103708 -0.514898
vn -0.931235 -0.100382 -0.35032
vn -0.931235 -0.100382 -0.35032
vn -0.893536 -0.100989 -0.437487
vn -0.893536 -0.100989 -0.437487
vn -0.978491 -0.089524 0.185851
vn -0.978491 -0.089524 0.185851
vn -0.992151 -0.094807 -0.081535
vn -0.992151 -0.094807 -0.081535
vn -0.77172 -0.073744 -0.631672
vn -0.77172 -0.073744 -0.631672
vn -0.993922 -0.109346 0.012787
vn -0.993922 -0.109346 0.012787
vn -0.741175 -0.104804 0.663081
vn -0.741175 -0.104804 0.663081
vn -0.665625 -0.101243 0.739387
vn -0.665625 -0.101243 0.739387
vn -0.4488 -0.092134 0.88887
vn -0.4488 -0.092134 0.88887
vn -0.7627 -0.096578 0.639501
vn -0.7627 -0.096578 0.639501
vn -0.679275 -0.098771 0.727207
vn -0.679275 -0.098771 0.727207
vn -0.019429 -0.092523 0.995521
vn -0.019429 -0.092523 0.995521
vn -0.575382 -0.092317 0.812658
vn -0.575382 -0.092317 0.812658
vn -0.624127 -0.089381 0.776193
vn -0.624127 -0.089381 0.776193
vn 0.135451 0.787874 0.600756
vn 0.135451 0.787874 0.600756
vn 0.363643 0.758209 0.541187
vn 0.363643 0.758209 0.541187
vn 0.543398 0.712857 0.443343
vn 0.543398 0.712857 0.443343
vn 0.50502 0.722317 0.472454
vn 0.50502 0.722317 0.472454
vn 0.097817 0.68358 0.723291
vn 0.097817 0.68358 0.723291
vn 0.432482 0.761701 0.482464
vn 0.432482 0.761701 0.482464
vn 0.62863 0.75191 0.198634
vn 0.62863 0.75191 0.198634
vn 0.453892 0.733326 0.506176
vn 0.453892 0.733326 0.506176
vn 0.568532 0.777651 0.268383
vn 0.568532 0.777651 0.268383
vn 0.625236 0.769619 -0.129485
vn 0.625236 0.769619 -0.129485
vn 0.603782 0.74321 -0.288247
vn 0.603782 0.74321 -0.288247
vn 0.506482 0.676514 -0.534607
vn 0.506482 0.676514 -0.534607
vn 0.690034 0.717367 -0.096106
vn 0.690034 0.717367 -0.096106
vn 0.740232 0.662851 0.112633
vn 0.740232 0.662851 0.112633
vn 0.450403 0.776183 -0.441222
vn 0.450403 0.776183 -0.441222
vn 0.352245 0.769893 -0.532155
vn 0.352245 0.769893 -0.532155
vn 0.449418 0.766768 -0.458356
vn 0.449418 0.766768 -0.458356
vn 0.145144 0.772349 -0.618394
vn 0.145144 0.772349 -0.618394
vn 0.039149 0.763212 -0.644961
vn 0.039149 0.763212 -0.644961
vn -0.218243 0.725067 -0.653183
vn -0.218243 0.725067 -0.653183
vn -0.344605 0.697468 -0.62832
vn -0.344605 0.697468 -0.62832
vn 0.325238 0.64942 -0.687368
vn 0.325238 0.64942 -0.687368
vn 0.123311 0.71895 -0.684036
vn 0.123311 0.71895 -0.684036
vn -0.452631 0.775767 -0.439672
vn -0.452631 0.775767 -0.439672
vn -0.46897 0.773779 -0.425831
vn -0.46897 0.773779 -0.425831
vn -0.551096 0.764918 -0.333458
vn -0.551096 0.764918 -0.333458
vn -0.614451 0.754334 -0.231149
vn -0.614451 0.754334 -0.231149
vn -0.587566 0.756311 -0.28768
vn -0.587566 0.756311 -0.28768
vn -0.686508 0.715335 0.130393
vn -0.686508 0.715335 0.130393
vn -0.675562 0.73521 -0.055518
vn -0.675562 0.73521 -0.055518
vn -0.591896 0.644156 -0.484481
vn -0.591896 0.644156 -0.484481
vn -0.623779 0.78156 0.008025
vn -0.623779 0.78156 0.008025
vn -0.477066 0.768278 0.426799
vn -0.477066 0.768278 0.426799
vn -0.437074 0.757131 0.485509
vn -0.437074 0.757131 0.485509
vn -0.310253 0.725375 0.61447
vn -0.310253 0.725375 0.61447
vn -0.514154 0.741482 0.431103
vn -0.514154 0.741482 0.431103
vn -0.452286 0.748991 0.4842
vn -0.452286 0.748991 0.4842
vn -0.013401 0.726834 0.686682
vn -0.013401 0.726834 0.686682
vn -0.397344 0.726065 0.561201
vn -0.397344 0.726065 0.561201
vn -0.438241 0.714774 0.545017
vn -0.438241 0.714774 0.545017
vn 0.055979 0.967069 0.248281
vn 0.055979 0.967069 0.248281
vn 0.155113 0.960547 0.230845
vn 0.155113 0.960547 0.230845
vn 0.243642 0.949276 0.19878
vn 0.243642 0.949276 0.19878
vn 0.224056 0.951769 0.209608
vn 0.224056 0.951769 0.209608
vn 0.045339 0.941036 0.335254
vn 0.045339 0.941036 0.335254
vn 0.183784 0.961347 0.205024
vn 0.183784 0.961347 0.205024
vn 0.269978 0.95908 0.085307
vn 0.269978 0.95908 0.085307
vn 0.198934 0.954572 0.221849
vn 0.198934 0.954572 0.221849
vn 0.237515 0.964891 0.112122
vn 0.237515 0.964891 0.112122
vn 0.263449 0.963129 -0.05456
vn 0.263449 0.963129 -0.05456
vn 0.261774 0.957004 -0.124971
vn 0.261774 0.957004 -0.124971
vn 0.236679 0.938921 -0.249821
vn 0.236679 0.938921 -0.249821
vn 0.307831 0.950474 -0.042874
vn 0.307831 0.950474 -0.042874
vn 0.351446 0.93468 0.053476
vn 0.351446 0.93468 0.053476
vn 0.188458 0.964572 -0.184617
vn 0.188458 0.964572 -0.184617
vn 0.148378 0.96319 -0.224163
vn 0.148378 0.96319 -0.224163
vn 0.189945 0.962493 -0.193722
vn 0.189945 0.962493 -0.193722
vn 0.06098 0.963733 -0.259808
vn 0.06098 0.963733 -0.259808
vn 0.016609 0.961691 -0.273632
vn 0.016609 0.961691 -0.273632
vn -0.096529 0.952479 -0.288905
vn -0.096529 0.952479 -0.288905
vn -0.157215 0.945047 -0.286651
vn -0.157215 0.945047 -0.286651
vn 0.156872 0.930308 -0.331538
vn 0.156872 0.930308 -0.331538
vn 0.054913 0.950891 -0.304617
vn 0.054913 0.950891 -0.304617
vn -0.189474 0.964482 -0.18405
vn -0.189474 0.964482 -0.18405
vn -0.19673 0.964047 -0.178633
vn -0.19673 0.964047 -0.178633
vn -0.233381 0.962077 -0.141215
vn -0.233381 0.962077 -0.141215
vn -0.263196 0.959648 -0.099011
vn -0.263196 0.959648 -0.099011
vn -0.251142 0.960108 -0.122963
vn -0.251142 0.960108 -0.122963
vn -0.306955 0.949937 0.058302
vn -0.306955 0.949937 0.058302
vn -0.295475 0.955042 -0.024282
vn -0.295475 0.955042 -0.024282
vn -0.287275 0.928538 -0.235141
vn -0.287275 0.928538 -0.235141
vn -0.259519 0.965732 0.003339
vn -0.259519 0.965732 0.003339
vn -0.201304 0.962831 0.180094
vn -0.201304 0.962831 0.180094
vn -0.186653 0.960298 0.207337
vn -0.186653 0.960298 0.207337
vn -0.137179 0.952558 0.27169
vn -0.137179 0.952558 0.27169
vn -0.223336 0.956585 0.187261
vn -0.223336 0.956585 0.187261
vn -0.19486 0.95839 0.20861
vn -0.19486 0.95839 0.20861
vn -0.005916 0.952932 0.303128
vn -0.005916 0.952932 0.303128
vn -0.175552 0.952735 0.247947
vn -0.175552 0.952735 0.247947
vn -0.196072 0.949787 0.243844
vn -0.196072 0.949787 0.243844
vn 0.02262 0.994698 0.100325
vn 0.02262 0.994698 0.100325
vn 0.063034 0.993593 0.093809
vn 0.063034 0.993593 0.093809
vn 0.099988 0.991639 0.081577
vn 0.099988 0.991639 0.081577
vn 0.09175 0.992076 0.085833
vn 0.09175 0.992076 0.085833
vn 0.018742 0.990173 0.138584
vn 0.018742 0.990173 0.138584
vn 0.074633 0.993729 0.083258
vn 0.074633 0.993729 0.083258
vn 0.109852 0.993342 0.034711
vn 0.109852 0.993342 0.034711
vn 0.081263 0.992564 0.090624
vn 0.081263 0.992564 0.090624
vn 0.096157 0.994331 0.045392
vn 0.096157 0.994331 0.045392
vn 0.106819 0.994032 -0.022122
vn 0.106819 0.994032 -0.022122
vn 0.106706 0.992985 -0.050942
vn 0.106706 0.992985 -0.050942
vn 0.098019 0.989792 -0.103462
vn 0.098019 0.989792 -0.103462
vn 0.126198 0.991849 -0.017577
vn 0.126198 0.991849 -0.017577
vn 0.146095 0.989021 0.02223
vn 0.146095 0.989021 0.02223
vn 0.076317 0.994277 -0.074762
vn 0.076317 0.994277 -0.074762
vn 0.060159 0.994043 -0.090885
vn 0.060159 0.994043 -0.090885
vn 0.077058 0.993924 -0.07859
vn 0.077058 0.993924 -0.07859
vn 0.024712 0.994135 -0.105287
vn 0.024712 0.994135 -0.105287
vn 0.006743 0.993788 -0.111086
vn 0.006743 0.993788 -0.111086
vn -0.039504 0.9922 -0.118232
vn -0.039504 0.9922 -0.118232
vn -0.064759 0.990891 -0.118076
vn -0.064759 0.990891 -0.118076
vn 0.065465 0.988217 -0.138355
vn 0.065465 0.988217 -0.138355
vn 0.022504 0.991922 -0.124835
vn 0.022504 0.991922 -0.124835
vn -0.076735 0.994261 -0.074538
vn -0.076735 0.994261 -0.074538
vn -0.079703 0.994188 -0.072371
vn -0.079703 0.994188 -0.072371
vn -0.094714 0.993854 -0.05731
vn -0.094714 0.993854 -0.05731
vn -0.107039 0.993439 -0.040267
vn -0.107039 0.993439 -0.040267
vn -0.102096 0.993518 -0.049988
vn -0.102096 0.993518 -0.049988
vn -0.125898 0.991755 0.023913
vn -0.125898 0.991755 0.023913
vn -0.12065 0.992646 -0.009915
vn -0.12065 0.992646 -0.009915
vn -0.120072 0.987888 -0.098282
vn -0.120072 0.987888 -0.098282
vn -0.104988 0.994473 0.001351
vn -0.104988 0.994473 0.001351
vn -0.081643 0.993982 0.07304
vn -0.081643 0.993982 0.07304
vn -0.075867 0.99355 0.084274
vn -0.075867 0.99355 0.084274
vn -0.056135 0.992214 0.111179
vn -0.056135 0.992214 0.111179
vn -0.091071 0.992912 0.076361
vn -0.091071 0.992912 0.076361
vn -0.079334 0.993223 0.084932
vn -0.079334 0.993223 0.084932
vn -0.00242 0.992279 0.124003
vn -0.00242 0.992279 0.124003
vn -0.071827 0.992245 0.101447
vn -0.071827 0.992245 0.101447
vn -0.08043 0.991729 0.100026
vn -0.08043 0.991729 0.100026
vn 0 1 0
vn 0 1 0
vn 0 1 0
vn 0 1 0
vn 0 1 0
vn 0 1 0
vn 0 1 0
vn 0 1 0
vn 0 1 0
vn 0 1 0
vn 0 1 0
vn 0 1 0
vn 0 1 0
vn 0 1 0
vn 0 1 0
vn 0 1 0
vn 0 1 0
vn 0 1 0
vn 0 1 0
vn 0 1 0
vn 0 1 0
vn 0 1 0
vn 0 1 0
vn 0 1 0
vn 0 1 0
vn 0 1 0
vn 0 1 0
vn 0 1 0
vn 0 1 0
vn 0 1 0
vn 0 1 0
vn 0 1 0
vn 0 1 0
vn 0 1 0
vn 0 1 0
vn 0 1 0
vn 0 1 0
vn 0 1 0
vn 0 1 0
vn 0 1 0
vn 0.505998 0.322762 0.799869
vn 0.505998 0.322762 0.799869
vn 0.809142 0.305429 0.501999
vn 0.809142 0.305429 0.501999
vn 0.951931 0.185931 -0.243429
vn 0.951931 0.185931 -0.243429
vn 0.040983 -0.118959 -0.992053
vn 0.040983 -0.118959 -0.992053
vn -0.077292 -0.133848 -0.987983
vn -0.077292 -0.133848 -0.987983
vn -0.914809 -0.085414 -0.394751
vn -0.914809 -0.085414 -0.394751
vn -0.751125 0.131745 0.646881
vn -0.751125 0.131745 0.646881
vn -0.569959 0.183045 0.801025
vn -0.569959 0.183045 0.801025
vn 0.505832 0.32367 0.799607
vn 0.505832 0.32367 0.799607
vn 0.801499 0.332168 0.497257
vn 0.801499 0.332168 0.497257
vn 0.931508 0.274864 -0.238206
vn 0.931508 0.274864 -0.238206
vn 0.041276 -0.001524 -0.999147
vn 0.041276 -0.001524 -0.999147
vn -0.07798 -0.018876 -0.996776
vn -0.07798 -0.018876 -0.996776
vn -0.918144 -0.006718 -0.39619
vn -0.918144 -0.006718 -0.39619
vn -0.751606 0.126869 0.647296
vn -0.751606 0.126869 0.647296
vn -0.571526 0.167883 0.803227
vn -0.571526 0.167883 0.803227
vn 0.513399 0.278891 0.811567
vn 0.513399 0.278891 0.811567
vn 0.798764 0.341169 0.495561
vn 0.798764 0.341169 0.495561
vn 0.890401 0.394134 -0.227694
vn 0.890401 0.394134 -0.227694
vn 0.040427 0.201777 -0.978597
vn 0.040427 0.201777 -0.978597
vn -0.076702 0.181198 -0.980451
vn -0.076702 0.181198 -0.980451
vn -0.913834 0.097019 -0.394329
vn -0.913834 0.097019 -0.394329
vn -0.756226 0.062962 0.651274
vn -0.756226 0.062962 0.651274
vn -0.577713 0.083832 0.811923
vn -0.577713 0.083832 0.811923
vn 0.522842 0.208664 0.826496
vn 0.522842 0.208664 0.826496
vn 0.799466 0.338882 0.495997
vn 0.799466 0.338882 0.495997
vn 0.837059 0.503501 -0.214054
vn 0.837059 0.503501 -0.214054
vn 0.037745 0.404675 -0.913681
vn 0.037745 0.404675 -0.913681
vn -0.072024 0.383688 -0.92065
vn -0.072024 0.383688 -0.92065
vn -0.899541 0.200392 -0.388162
vn -0.899541 0.200392 -0.388162
vn -0.757393 -0.029778 0.65228
vn -0.757393 -0.029778 0.65228
vn -0.579422 -0.033833 0.814325
vn -0.579422 -0.033833 0.814325
vn 0.528655 0.148851 0.835684
vn 0.528655 0.148851 0.835684
vn 0.800124 0.336726 0.496405
vn 0.800124 0.336726 0.496405
vn 0.791012 0.577394 -0.202278
vn 0.791012 0.577394 -0.202278
vn 0.034859 0.535493 -0.84382
vn 0.034859 0.535493 -0.84382
vn -0.066798 0.516225 -0.853844
vn -0.066798 0.516225 -0.853844
vn -0.881604 0.27938 -0.380422
vn -0.881604 0.27938 -0.380422
vn -0.75355 -0.104878 0.64897
vn -0.75355 -0.104878 0.64897
vn -0.574926 -0.128786 0.808006
vn -0.574926 -0.128786 0.808006
vn 0.529357 0.139853 0.836793
vn 0.529357 0.139853 0.836793
vn 0.796833 0.347365 0.494363
vn 0.796833 0.347365 0.494363
vn 0.768682 0.608678 -0.196568
vn 0.768682 0.608678 -0.196568
vn 0.033599 0.580842 -0.813323
vn 0.033599 0.580842 -0.813323
vn -0.064474 0.562697 -0.824145
vn -0.064474 0.562697 -0.824145
vn -0.869921 0.319885 -0.375381
vn -0.869921 0.319885 -0.375381
vn -0.752395 -0.118452 0.647975
vn -0.752395 -0.118452 0.647975
vn -0.573218 -0.149731 0.805606
vn -0.573218 -0.149731 0.805606
vn 0.522986 0.2074 0.826723
vn 0.522986 0.2074 0.826723
vn 0.786166 0.379538 0.487745
vn 0.786166 0.379538 0.487745
vn 0.777596 0.596493 -0.198848
vn 0.777596 0.596493 -0.198848
vn 0.034753 0.539526 -0.841251
vn 0.034753 0.539526 -0.841251
vn -0.066578 0.520875 -0.851033
vn -0.066578 0.520875 -0.851033
vn -0.870625 0.317605 -0.375684
vn -0.870625 0.317605 -0.375684
vn -0.757079 -0.041431 0.652009
vn -0.757079 -0.041431 0.652009
vn -0.578574 -0.063784 0.813132
vn -0.578574 -0.063784 0.813132
vn 0.501664 0.345627 0.793017
vn 0.501664 0.345627 0.793017
vn 0.76548 0.434166 0.474911
vn 0.76548 0.434166 0.474911
vn 0.81629 0.538608 -0.208742
vn 0.81629 0.538608 -0.208742
vn 0.038091 0.385149 -0.922068
vn 0.038091 0.385149 -0.922068
vn -0.072593 0.365648 -0.927918
vn -0.072593 0.365648 -0.927918
vn -0.882421 0.276306 -0.380774
vn -0.882421 0.276306 -0.380774
vn -0.751048 0.132506 0.646815
vn -0.751048 0.132506 0.646815
vn -0.574276 0.137152 0.807092
vn -0.574276 0.137152 0.807092
vn 0.456353 0.520899 0.721392
vn 0.728 0.515771 0.451658
vn 0.864118 0.452184 -0.220973
vn 0.041043 0.106104 -0.993508
vn -0.077672 0.090669 -0.992847
vn -0.893349 0.230924 -0.38549
vn -0.702826 0.373718 0.605286
vn -0.529368 0.407756 0.743979
vn 0.148107 0.174559 0.973444
vn 0.148107 0.174559 0.973444
vn 0.835522 0.18621 0.516942
vn 0.835522 0.18621 0.516942
vn 0.694629 0.030916 -0.718704
vn 0.694629 0.030916 -0.718704
vn 0.58438 0.01261 -0.811382
vn 0.58438 0.01261 -0.811382
vn -0.462107 -0.049743 -0.885428
vn -0.462107 -0.049743 -0.885428
vn -0.924948 -0.018302 -0.379654
vn -0.924948 -0.018302 -0.379654
vn -0.989414 0.039303 0.139699
vn -0.989414 0.039303 0.139699
vn -0.047359 0.165263 0.985112
vn -0.047359 0.165263 0.985112
vn 0.147367 0.200355 0.968577
vn 0.147367 0.200355 0.968577
vn 0.827552 0.230221 0.512011
vn 0.827552 0.230221 0.512011
vn 0.692809 0.078631 -0.716821
vn 0.692809 0.078631 -0.716821
vn 0.583391 0.059497 -0.810009
vn 0.583391 0.059497 -0.810009
vn -0.462674 -0.004596 -0.886516
vn -0.462674 -0.004596 -0.886516
vn -0.924876 0.022104 -0.379625
vn -0.924876 0.022104 -0.379625
vn -0.987174 0.077841 0.139383
vn -0.987174 0.077841 0.139383
vn -0.047141 0.190407 0.980573
vn -0.047141 0.190407 0.980573
vn 0.147968 0.179714 0.972527
vn 0.147968 0.179714 0.972527
vn 0.816115 0.281064 0.504935
vn 0.816115 0.281064 0.504935
vn 0.680936 0.199886 -0.704537
vn 0.680936 0.199886 -0.704537
vn 0.574705 0.181641 -0.797948
vn 0.574705 0.181641 -0.797948
vn -0.46117 0.080716 -0.883633
vn -0.46117 0.080716 -0.883633
vn -0.923778 0.053482 -0.379174
vn -0.923778 0.053482 -0.379174
vn -0.98747 0.073922 0.139424
vn -0.98747 0.073922 0.139424
vn -0.047397 0.160525 0.985893
vn -0.047397 0.160525 0.985893
vn 0.149295 0.121914 0.981248
vn 0.149295 0.121914 0.981248
vn 0.802973 0.329271 0.496804
vn 0.802973 0.329271 0.496804
vn 0.650549 0.35175 -0.673096
vn 0.650549 0.35175 -0.673096
vn 0.550362 0.336421 -0.764149
vn 0.550362 0.336421 -0.764149
vn -0.454713 0.184768 -0.871262
vn -0.454713 0.184768 -0.871262
vn -0.922655 0.072687 -0.378713
vn -0.922655 0.072687 -0.378713
vn -0.989578 0.034828 0.139722
vn -0.989578 0.034828 0.139722
vn -0.047837 0.08703 0.995056
vn -0.047837 0.08703 0.995056
vn 0.150225 0.050504 0.987361
vn 0.150225 0.050504 0.987361
vn 0.790938 0.367349 0.489358
vn 0.790938 0.367349 0.489358
vn 0.609893 0.479407 -0.631031
vn 0.609893 0.479407 -0.631031
vn 0.516627 0.467507 -0.71731
vn 0.516627 0.467507 -0.71731
vn -0.444398 0.278321 -0.851497
vn -0.444398 0.278321 -0.851497
vn -0.922021 0.081553 -0.378453
vn -0.922021 0.081553 -0.378453
vn -0.990006 -0.018666 0.139782
vn -0.990006 -0.018666 0.139782
vn -0.04802 -0.001218 0.998846
vn -0.04802 -0.001218 0.998846
vn 0.150416 -0.001504 0.988622
vn 0.150416 -0.001504 0.988622
vn 0.782725 0.390919 0.484276
vn 0.782725 0.390919 0.484276
vn 0.579239 0.552542 -0.599315
vn 0.579239 0.552542 -0.599315
vn 0.490828 0.542827 -0.681489
vn 0.490828 0.542827 -0.681489
vn -0.435541 0.337447 -0.834526
vn -0.435541 0.337447 -0.834526
vn -0.921712 0.085531 -0.378326
vn -0.921712 0.085531 -0.378326
vn -0.988502 -0.058166 0.13957
vn -0.988502 -0.058166 0.13957
vn -0.04792 -0.064528 0.996765
vn -0.04792 -0.064528 0.996765
vn 0.150416 -0.003556 0.988616
vn 0.150416 -0.003556 0.988616
vn 0.779826 0.398849 0.482483
vn 0.779826 0.398849 0.482483
vn 0.573805 0.56416 -0.593693
vn 0.573805 0.56416 -0.593693
vn 0.486276 0.554691 -0.67517
vn 0.486276 0.554691 -0.67517
vn -0.433517 0.349408 -0.830649
vn -0.433517 0.349408 -0.830649
vn -0.921199 0.091763 -0.378115
vn -0.921199 0.091763 -0.378115
vn -0.988562 -0.057122 0.139579
vn -0.988562 -0.057122 0.139579
vn -0.047909 -0.067985 0.996535
vn -0.047909 -0.067985 0.996535
vn 0.15012 0.062811 0.986671
vn 0.15012 0.062811 0.986671
vn 0.781695 0.393758 0.483639
vn 0.781695 0.393758 0.483639
vn 0.598817 0.507494 -0.619571
vn 0.598817 0.507494 -0.619571
vn 0.507512 0.495878 -0.704654
vn 0.507512 0.495878 -0.704654
vn -0.439909 0.309851 -0.842896
vn -0.439909 0.309851 -0.842896
vn -0.919719 0.107721 -0.377508
vn -0.919719 0.107721 -0.377508
vn -0.990176 0.002399 0.139806
vn -0.990176 0.002399 0.139806
vn -0.048018 0.009469 0.998802
vn -0.048018 0.009469 0.998802
vn 0.147171 0.206599 0.967294
vn 0.781229 0.395035 0.483351
vn 0.643658 0.377084 -0.665967
vn 0.545196 0.360206 -0.756976
vn -0.449678 0.235398 -0.861613
vn -0.914111 0.153692 -0.375206
vn -0.980617 0.138637 0.138457
vn -0.047254 0.177831 0.982926
vn 0.50956 -0.025138 0.860068
vn 0.50956 -0.025138 0.860068
vn 0.663481 -0.006143 0.748168
vn 0.663481 -0.006143 0.748168
vn 0.722203 0.14792 -0.675679
vn 0.722203 0.14792 -0.675679
vn 0.32703 0.153939 -0.932392
vn 0.32703 0.153939 -0.932392
vn -0.133419 0.146963 -0.980103
vn -0.133419 0.146963 -0.980103
vn -0.997599 0.031726 -0.061564
vn -0.997599 0.031726 -0.061564
vn -0.98831 0.009313 0.15217
vn -0.98831 0.009313 0.15217
vn -0.299566 -0.05473 0.952505
vn -0.299566 -0.05473 0.952505
vn 0.508362 -0.072985 0.858045
vn 0.508362 -0.072985 0.858045
vn 0.66217 -0.063146 0.746689
vn 0.66217 -0.063146 0.746689
vn 0.72361 0.134405 -0.676996
vn 0.72361 0.134405 -0.676996
vn 0.325599 0.17951 -0.928311
vn 0.325599 0.17951 -0.928311
vn -0.131704 0.215858 -0.967502
vn -0.131704 0.215858 -0.967502
vn -0.985987 0.155328 -0.060848
vn -0.985987 0.155328 -0.060848
vn -0.98052 0.125654 0.150971
vn -0.98052 0.125654 0.150971
vn -0.299895 -0.028287 0.953553
vn -0.299895 -0.028287 0.953553
vn 0.507732 -0.088264 0.856982
vn 0.507732 -0.088264 0.856982
vn 0.661191 -0.083246 0.745585
vn 0.661191 -0.083246 0.745585
vn 0.722842 0.141942 -0.676278
vn 0.722842 0.141942 -0.676278
vn 0.323731 0.208077 -0.922985
vn 0.323731 0.208077 -0.922985
vn -0.129883 0.269775 -0.954124
vn -0.129883 0.269775 -0.954124
vn -0.968126 0.243232 -0.059746
vn -0.968126 0.243232 -0.059746
vn -0.966269 0.210212 0.148777
vn -0.966269 0.210212 0.148777
vn -0.300013 0.003587 0.953928
vn -0.300013 0.003587 0.953928
vn 0.508981 -0.053875 0.85909
vn 0.508981 -0.053875 0.85909
vn 0.662776 -0.046504 0.747372
vn 0.662776 -0.046504 0.747372
vn 0.718617 0.177681 -0.672324
vn 0.718617 0.177681 -0.672324
vn 0.321723 0.234797 -0.91726
vn 0.321723 0.234797 -0.91726
vn -0.128937 0.293657 -0.947175
vn -0.128937 0.293657 -0.947175
vn -0.961599 0.267965 -0.059343
vn -0.961599 0.267965 -0.059343
vn -0.960487 0.235784 0.147886
vn -0.960487 0.235784 0.147886
vn -0.299818 0.036217 0.953309
vn -0.299818 0.036217 0.953309
vn 0.509435 0.033523 0.859856
vn 0.509435 0.033523 0.859856
vn 0.662626 0.051121 0.747203
vn 0.662626 0.051121 0.747203
vn 0.709036 0.239209 -0.66336
vn 0.709036 0.239209 -0.66336
vn 0.31996 0.255835 -0.912236
vn 0.31996 0.255835 -0.912236
vn -0.129425 0.281615 -0.950759
vn -0.129425 0.281615 -0.950759
vn -0.97367 0.219902 -0.060088
vn -0.97367 0.219902 -0.060088
vn -0.969838 0.192654 0.149326
vn -0.969838 0.192654 0.149326
vn -0.29938 0.065043 0.951914
vn -0.29938 0.065043 0.951914
vn 0.503356 0.15755 0.849595
vn 0.503356 0.15755 0.849595
vn 0.651399 0.190066 0.734543
vn 0.651399 0.190066 0.734543
vn 0.693331 0.313882 -0.648668
vn 0.693331 0.313882 -0.648668
vn 0.318783 0.268922 -0.908878
vn 0.318783 0.268922 -0.908878
vn -0.131073 0.236034 -0.962864
vn -0.131073 0.236034 -0.962864
vn -0.992783 0.103093 -0.061267
vn -0.992783 0.103093 -0.061267
vn -0.984718 0.085689 0.151617
vn -0.984718 0.085689 0.151617
vn -0.298893 0.086396 0.950368
vn -0.298893 0.086396 0.950368
vn 0.488858 0.28317 0.825126
vn 0.488858 0.28317 0.825126
vn 0.626655 0.328578 0.70664
vn 0.626655 0.328578 0.70664
vn 0.674356 0.383655 -0.630914
vn 0.674356 0.383655 -0.630914
vn 0.318342 0.273644 -0.907622
vn 0.318342 0.273644 -0.907622
vn -0.132949 0.168789 -0.976645
vn -0.132949 0.168789 -0.976645
vn -0.996702 -0.052935 -0.061509
vn -0.996702 -0.052935 -0.061509
vn -0.986746 -0.057006 0.151929
vn -0.986746 -0.057006 0.151929
vn -0.298564 0.098245 0.94932
vn -0.298564 0.098245 0.94932
vn 0.472445 0.375385 0.797422
vn 0.472445 0.375385 0.797422
vn 0.599733 0.427741 0.676283
vn 0.599733 0.427741 0.676283
vn 0.658172 0.433167 -0.615773
vn 0.658172 0.433167 -0.615773
vn 0.318499 0.271972 -0.908069
vn 0.318499 0.271972 -0.908069
vn -0.134172 0.10259 -0.985633
vn -0.134172 0.10259 -0.985633
vn -0.979685 -0.191212 -0.060459
vn -0.979685 -0.191212 -0.060459
vn -0.971475 -0.184016 0.149578
vn -0.971475 -0.184016 0.149578
vn -0.298473 0.101269 0.94903
vn -0.298473 0.101269 0.94903
vn 0.462101 0.422044 0.779962
vn 0.583372 0.476374 0.657834
vn 0.64788 0.461346 -0.606144
vn 0.318071 0.276507 -0.906849
vn -0.134499 0.075477 -0.988035
vn -0.966462 -0.249789 -0.059643
vn -0.96004 -0.237642 0.147817
vn -0.298213 0.109434 0.948205
vn 0.187057 0.028459 0.981937
vn 0.187057 0.028459 0.981937
vn 0.996804 0.034081 0.072252
vn 0.996804 0.034081 0.072252
vn 0.994391 0.036808 -0.09916
vn 0.994391 0.036808 -0.09916
vn 0.23647 0.060604 -0.969747
vn 0.23647 0.060604 -0.969747
vn -0.454792 0.066544 -0.888108
vn -0.454792 0.066544 -0.888108
vn -0.674642 0.071351 -0.734688
vn -0.674642 0.071351 -0.734688
vn -0.695736 0.049398 0.716597
vn -0.695736 0.049398 0.716597
vn -0.401411 0.035993 0.91519
vn -0.401411 0.035993 0.91519
vn 0.187046 0.030467 0.981879
vn 0.187046 0.030467 0.981879
vn 0.997111 -0.023355 0.072274
vn 0.997111 -0.023355 0.072274
vn 0.994885 -0.019011 -0.099209
vn 0.994885 -0.019011 -0.099209
vn 0.236226 0.075704 -0.968745
vn 0.236226 0.075704 -0.968745
vn -0.451498 0.137107 -0.881675
vn -0.451498 0.137107 -0.881675
vn -0.667561 0.160832 -0.726977
vn -0.667561 0.160832 -0.726977
vn -0.6907 0.129735 0.711409
vn -0.6907 0.129735 0.711409
vn -0.400147 0.087044 0.912308
vn -0.400147 0.087044 0.912308
vn 0.186895 0.050392 0.981087
vn 0.186895 0.050392 0.981087
vn 0.997031 -0.026568 0.072269
vn 0.997031 -0.026568 0.072269
vn 0.994833 -0.021599 -0.099204
vn 0.994833 -0.021599 -0.099204
vn 0.235688 0.101283 -0.966537
vn 0.235688 0.101283 -0.966537
vn -0.448098 0.183087 -0.875036
vn -0.448098 0.183087 -0.875036
vn -0.660501 0.215318 -0.719289
vn -0.660501 0.215318 -0.719289
vn -0.684992 0.181694 0.70553
vn -0.684992 0.181694 0.70553
vn -0.398489 0.125634 0.908528
vn -0.398489 0.125634 0.908528
vn 0.186388 0.089129 0.978425
vn 0.186388 0.089129 0.978425
vn 0.99657 0.040367 0.072235
vn 0.99657 0.040367 0.072235
vn 0.994076 0.04456 -0.099129
vn 0.994076 0.04456 -0.099129
vn 0.234738 0.134983 -0.962641
vn 0.234738 0.134983 -0.962641
vn -0.447469 0.190343 -0.873808
vn -0.447469 0.190343 -0.873808
vn -0.660134 0.217768 -0.718888
vn -0.660134 0.217768 -0.718888
vn -0.683995 0.189275 0.704504
vn -0.683995 0.189275 0.704504
vn -0.39765 0.141145 0.906616
vn -0.39765 0.141145 0.906616
vn 0.185248 0.141567 0.972441
vn 0.185248 0.141567 0.972441
vn 0.982963 0.169435 0.071249
vn 0.982963 0.169435 0.071249
vn 0.980336 0.171418 -0.097758
vn 0.980336 0.171418 -0.097758
vn 0.233372 0.17208 -0.95704
vn 0.233372 0.17208 -0.95704
vn -0.450223 0.15599 -0.879185
vn -0.450223 0.15599 -0.879185
vn -0.667097 0.164985 -0.726472
vn -0.667097 0.164985 -0.726472
vn -0.688781 0.149286 0.709433
vn -0.688781 0.149286 0.709433
vn -0.398243 0.130384 0.907966
vn -0.398243 0.130384 0.907966
vn 0.183455 0.197278 0.963029
vn 0.183455 0.197278 0.963029
vn 0.944157 0.322309 0.068436
vn 0.944157 0.322309 0.068436
vn 0.942232 0.321512 -0.093959
vn 0.942232 0.321512 -0.093959
vn 0.231807 0.206362 -0.950621
vn 0.231807 0.206362 -0.950621
vn -0.454009 0.088613 -0.886579
vn -0.454009 0.088613 -0.886579
vn -0.674792 0.068182 -0.734851
vn -0.674792 0.068182 -0.734851
vn -0.694805 0.071472 0.715638
vn -0.694805 0.071472 0.715638
vn -0.399744 0.097856 0.911389
vn -0.399744 0.097856 0.911389
vn 0.181489 0.243734 0.952709
vn 0.181489 0.243734 0.952709
vn 0.891054 0.449278 0.064587
vn 0.891054 0.449278 0.064587
vn 0.890409 0.446416 -0.088791
vn 0.890409 0.446416 -0.088791
vn 0.230457 0.231726 -0.945089
vn 0.230457 0.231726 -0.945089
vn -0.455783 0.009239 -0.890043
vn -0.455783 0.009239 -0.890043
vn -0.675745 -0.042837 -0.735889
vn -0.675745 -0.042837 -0.735889
vn -0.696451 -0.019736 0.717333
vn -0.696451 -0.019736 0.717333
vn -0.401058 0.055247 0.914385
vn -0.401058 0.055247 0.914385
vn 0.180144 0.270733 0.945649
vn 0.180144 0.270733 0.945649
vn 0.850701 0.522021 0.061662
vn 0.850701 0.522021 0.061662
vn 0.85105 0.51818 -0.084866
vn 0.85105 0.51818 -0.084866
vn 0.229732 0.24423 -0.942112
vn 0.229732 0.24423 -0.942112
vn -0.455174 -0.052495 -0.888854
vn -0.455174 -0.052495 -0.888854
vn -0.670938 -0.126442 -0.730654
vn -0.670938 -0.126442 -0.730654
vn -0.693755 -0.090069 0.714557
vn -0.693755 -0.090069 0.714557
vn -0.401594 0.019595 0.915608
vn -0.401594 0.019595 0.915608
vn 0.179587 0.281112 0.942722
vn 0.839903 0.539311 0.060879
vn 0.840469 0.535339 -0.083811
vn 0.229265 0.251929 -0.940197
vn -0.454983 -0.059936 -0.888481
vn -0.669909 -0.13785 -0.729534
vn -0.693189 -0.098649 0.713973
vn -0.40161 0.017447 0.915644
vn 0.454967 0.381654 0.804578
vn 0.454967 0.381654 0.804578
vn 0.88184 0.199291 0.427366
vn 0.88184 0.199291 0.427366
vn 0.984057 -0.030537 -0.175213
vn 0.984057 -0.030537 -0.175213
vn 0.039809 -0.267932 -0.962615
vn 0.039809 -0.267932 -0.962615
vn -0.115867 -0.249359 -0.961455
vn -0.115867 -0.249359 -0.961455
vn -0.874753 0.073085 -0.479026
vn -0.874753 0.073085 -0.479026
vn -0.643647 0.434771 0.629836
vn -0.643647 0.434771 0.629836
vn -0.523485 0.451918 0.722311
vn -0.523485 0.451918 0.722311
vn 0.448392 0.412522 0.79295
vn 0.448392 0.412522 0.79295
vn 0.866245 0.270886 0.419809
vn 0.866245 0.270886 0.419809
vn 0.980532 0.089871 -0.174586
vn 0.980532 0.089871 -0.174586
vn 0.040807 -0.157072 -0.986744
vn 0.040807 -0.157072 -0.986744
vn -0.118434 -0.141983 -0.982758
vn -0.118434 -0.141983 -0.982758
vn -0.865592 0.161448 -0.47401
vn -0.865592 0.161448 -0.47401
vn -0.639998 0.445191 0.626265
vn -0.639998 0.445191 0.626265
vn -0.521459 0.458668 0.719516
vn -0.521459 0.458668 0.719516
vn 0.455267 0.380171 0.80511
vn 0.455267 0.380171 0.80511
vn 0.843871 0.347316 0.408966
vn 0.843871 0.347316 0.408966
vn 0.938214 0.303064 -0.167051
vn 0.938214 0.303064 -0.167051
vn 0.041039 0.116422 -0.992352
vn 0.041039 0.116422 -0.992352
vn -0.118857 0.114683 -0.986266
vn -0.118857 0.114683 -0.986266
vn -0.845987 0.263975 -0.463274
vn -0.845987 0.263975 -0.463274
vn -0.670587 0.346002 0.656198
vn -0.670587 0.346002 0.656198
vn -0.54935 0.351642 0.757999
vn -0.54935 0.351642 0.757999
vn 0.469859 0.298014 0.830915
vn 0.469859 0.298014 0.830915
vn 0.818929 0.414541 0.396878
vn 0.818929 0.414541 0.396878
vn 0.845448 0.512404 -0.150534
vn 0.845448 0.512404 -0.150534
vn 0.037305 0.429985 -0.902065
vn 0.037305 0.429985 -0.902065
vn -0.109109 0.410348 -0.905378
vn -0.109109 0.410348 -0.905378
vn -0.818845 0.358357 -0.448411
vn -0.818845 0.358357 -0.448411
vn -0.706991 0.146789 0.691821
vn -0.706991 0.146789 0.691821
vn -0.581226 0.13784 0.801983
vn -0.581226 0.13784 0.801983
vn 0.482262 0.200186 0.852848
vn 0.482262 0.200186 0.852848
vn 0.797035 0.464256 0.386267
vn 0.797035 0.464256 0.386267
vn 0.749984 0.647836 -0.133536
vn 0.749984 0.647836 -0.133536
vn 0.032091 0.629928 -0.775991
vn 0.032091 0.629928 -0.775991
vn -0.0952 0.605722 -0.789961
vn -0.0952 0.605722 -0.789961
vn -0.792274 0.42903 -0.43386
vn -0.792274 0.42903 -0.43386
vn -0.712677 -0.075804 0.697385
vn -0.712677 -0.075804 0.697385
vn -0.583895 -0.099852 0.805665
vn -0.583895 -0.099852 0.805665
vn 0.487219 0.142259 0.861615
vn 0.487219 0.142259 0.861615
vn 0.782535 0.493777 0.37924
vn 0.782535 0.493777 0.37924
vn 0.694925 0.708357 -0.123733
vn 0.694925 0.708357 -0.123733
vn 0.029055 0.711014 -0.702578
vn 0.029055 0.711014 -0.702578
vn -0.086855 0.687771 -0.720713
vn -0.086855 0.687771 -0.720713
vn -0.774255 0.469851 -0.423992
vn -0.774255 0.469851 -0.423992
vn -0.700107 -0.201272 0.685084
vn -0.700107 -0.201272 0.685084
vn -0.570778 -0.232275 0.787566
vn -0.570778 -0.232275 0.787566
vn 0.484624 0.175064 0.857025
vn 0.484624 0.175064 0.857025
vn 0.777068 0.504325 0.376591
vn 0.777068 0.504325 0.376591
vn 0.695449 0.707826 -0.123826
vn 0.695449 0.707826 -0.123826
vn 0.0293 0.70511 -0.708492
vn 0.0293 0.70511 -0.708492
vn -0.087479 0.68222 -0.725895
vn -0.087479 0.68222 -0.725895
vn -0.768879 0.48119 -0.421048
vn -0.768879 0.48119 -0.421048
vn -0.705786 -0.157731 0.690642
vn -0.705786 -0.157731 0.690642
vn -0.57629 -0.188654 0.795172
vn -0.57629 -0.188654 0.795172
vn 0.46724 0.314554 0.826282
vn 0.46724 0.314554 0.826282
vn 0.778873 0.500875 0.377466
vn 0.778873 0.500875 0.377466
vn 0.756605 0.639844 -0.134715
vn 0.756605 0.639844 -0.134715
vn 0.033298 0.59211 -0.805169
vn 0.033298 0.59211 -0.805169
vn -0.098261 0.570547 -0.815365
vn -0.098261 0.570547 -0.815365
vn -0.774986 0.468282 -0.424393
vn -0.774986 0.468282 -0.424393
vn -0.711299 0.097915 0.696036
vn -0.711299 0.097915 0.696036
vn -0.585041 0.077974 0.807247
vn -0.585041 0.077974 0.807247
vn 0.417616 0.529316 0.738526
vn 0.773957 0.510199 0.375083
vn 0.858611 0.489302 -0.152877
vn 0.039596 0.285797 -0.957472
vn -0.114744 0.283304 -0.952141
vn -0.777054 0.463805 -0.425525
vn -0.619968 0.497592 0.606665
vn -0.508895 0.497965 0.70218
vn 0.213272 0.250022 0.94446
vn 0.213272 0.250022 0.94446
vn 0.792951 0.106396 0.599924
vn 0.792951 0.106396 0.599924
vn 0.658499 -0.182903 -0.730017
vn 0.658499 -0.182903 -0.730017
vn 0.555981 -0.186982 -0.80989
vn 0.555981 -0.186982 -0.80989
vn -0.397933 -0.050213 -0.916039
vn -0.397933 -0.050213 -0.916039
vn -0.945883 0.181117 -0.269262
vn -0.945883 0.181117 -0.269262
vn -0.960848 0.263387 0.08601
vn -0.960848 0.263387 0.08601
vn -0.070445 0.296938 0.952295
vn -0.070445 0.296938 0.952295
vn 0.210174 0.299243 0.930742
vn 0.210174 0.299243 0.930742
vn 0.787863 0.15481 0.596075
vn 0.787863 0.15481 0.596075
vn 0.660804 -0.163324 -0.732573
vn 0.660804 -0.163324 -0.732573
vn 0.557904 -0.168159 -0.812691
vn 0.557904 -0.168159 -0.812691
vn -0.398423 -0.007952 -0.917167
vn -0.398423 -0.007952 -0.917167
vn -0.932913 0.2432 -0.26557
vn -0.932913 0.2432 -0.26557
vn -0.940597 0.32892 0.084197
vn -0.940597 0.32892 0.084197
vn -0.069109 0.349901 0.934234
vn -0.069109 0.349901 0.934234
vn 0.209237 0.312492 0.92659
vn 0.209237 0.312492 0.92659
vn 0.776377 0.228512 0.587385
vn 0.776377 0.228512 0.587385
vn 0.669224 -0.041388 -0.741907
vn 0.669224 -0.041388 -0.741907
vn 0.56526 -0.04983 -0.823406
vn 0.56526 -0.04983 -0.823406
vn -0.397457 0.070028 -0.914945
vn -0.397457 0.070028 -0.914945
vn -0.928447 0.26102 -0.264299
vn -0.928447 0.26102 -0.264299
vn -0.939751 0.331348 0.084122
vn -0.939751 0.331348 0.084122
vn -0.069123 0.349387 0.934425
vn -0.069123 0.349387 0.934425
vn 0.210767 0.29053 0.933365
vn 0.210767 0.29053 0.933365
vn 0.757905 0.311095 0.57341
vn 0.757905 0.311095 0.57341
vn 0.661194 0.159767 -0.733005
vn 0.661194 0.159767 -0.733005
vn 0.55987 0.146342 -0.815555
vn 0.55987 0.146342 -0.815555
vn -0.392794 0.16768 -0.90421
vn -0.392794 0.16768 -0.90421
vn -0.934779 0.235326 -0.266101
vn -0.934779 0.235326 -0.266101
vn -0.958007 0.273622 0.085756
vn -0.958007 0.273622 0.085756
vn -0.070424 0.297862 0.952008
vn -0.070424 0.297862 0.952008
vn 0.213604 0.244108 0.94593
vn 0.213604 0.244108 0.94593
vn 0.736268 0.384208 0.55704
vn 0.736268 0.384208 0.55704
vn 0.623554 0.365127 -0.691276
vn 0.623554 0.365127 -0.691276
vn 0.530414 0.348826 -0.772646
vn 0.530414 0.348826 -0.772646
vn -0.384624 0.261011 -0.885403
vn -0.384624 0.261011 -0.885403
vn -0.946193 0.179359 -0.269351
vn -0.946193 0.179359 -0.269351
vn -0.980929 0.173403 0.087808
vn -0.980929 0.173403 0.087808
vn -0.072116 0.210728 0.974881
vn -0.072116 0.210728 0.974881
vn 0.216082 0.194016 0.956904
vn 0.216082 0.194016 0.956904
vn 0.71835 0.434281 0.543483
vn 0.71835 0.434281 0.543483
vn 0.57862 0.503711 -0.641463
vn 0.57862 0.503711 -0.641463
vn 0.494211 0.487323 -0.719911
vn 0.494211 0.487323 -0.719911
vn -0.376371 0.32816 -0.866404
vn -0.376371 0.32816 -0.866404
vn -0.954978 0.118801 -0.271852
vn -0.954978 0.118801 -0.271852
vn -0.993533 0.070582 0.088936
vn -0.993533 0.070582 0.088936
vn -0.073224 0.121762 0.989855
vn -0.073224 0.121762 0.989855
vn 0.217169 0.167153 0.961716
vn 0.217169 0.167153 0.961716
vn 0.710287 0.454657 0.537383
vn 0.710287 0.454657 0.537383
vn 0.556036 0.557533 -0.616426
vn 0.556036 0.557533 -0.616426
vn 0.475768 0.541602 -0.693045
vn 0.475768 0.541602 -0.693045
vn -0.372287 0.356296 -0.857004
vn -0.372287 0.356296 -0.857004
vn -0.958192 0.086407 -0.272766
vn -0.958192 0.086407 -0.272766
vn -0.995867 0.017365 0.089145
vn -0.995867 0.017365 0.089145
vn -0.073562 0.075565 0.994424
vn -0.073562 0.075565 0.994424
vn 0.216368 0.187349 0.958168
vn 0.216368 0.187349 0.958168
vn 0.714371 0.44448 0.540473
vn 0.714371 0.44448 0.540473
vn 0.569754 0.525755 -0.631634
vn 0.569754 0.525755 -0.631634
vn 0.486991 0.509511 -0.709393
vn 0.486991 0.509511 -0.709393
vn -0.374512 0.341295 -0.862124
vn -0.374512 0.341295 -0.862124
vn -0.955859 0.110876 -0.272102
vn -0.955859 0.110876 -0.272102
vn -0.994488 0.055389 0.089022
vn -0.994488 0.055389 0.089022
vn -0.073338 0.108372 0.991401
vn -0.073338 0.108372 0.991401
vn 0.211592 0.277891 0.937019
vn 0.722762 0.422611 0.546822
vn 0.613882 0.399993 -0.680554
vn 0.522718 0.38338 -0.761437
vn -0.379908 0.301391 -0.874547
vn -0.937772 0.22208 -0.266954
vn -0.97224 0.217201 0.08703
vn -0.071513 0.245624 0.966724
vn 0.513357 0.068709 0.85542
vn 0.513357 0.068709 0.85542
vn 0.661736 0.059074 0.747406
vn 0.661736 0.059074 0.747406
vn 0.733877 0.032002 -0.678528
vn 0.733877 0.032002 -0.678528
vn 0.323133 0.042727 -0.945388
vn 0.323133 0.042727 -0.945388
vn -0.129533 0.082271 -0.988156
vn -0.129533 0.082271 -0.988156
vn -0.9813 0.182644 -0.06075
vn -0.9813 0.182644 -0.06075
vn -0.970177 0.185381 0.156177
vn -0.970177 0.185381 0.156177
vn -0.30343 0.145544 0.941673
vn -0.30343 0.145544 0.941673
vn 0.514548 0.010023 0.857403
vn 0.514548 0.010023 0.857403
vn 0.662854 -0.011028 0.748668
vn 0.662854 -0.011028 0.748668
vn 0.733942 0.029128 -0.678588
vn 0.733942 0.029128 -0.678588
vn 0.321898 0.097184 -0.941773
vn 0.321898 0.097184 -0.941773
vn -0.127419 0.197289 -0.97203
vn -0.127419 0.197289 -0.97203
vn -0.933412 0.354124 -0.057785
vn -0.933412 0.354124 -0.057785
vn -0.926384 0.345795 0.149127
vn -0.926384 0.345795 0.149127
vn -0.300949 0.192675 0.933973
vn -0.300949 0.192675 0.933973
vn 0.514573 -0.001517 0.857445
vn 0.514573 -0.001517 0.857445
vn 0.662626 -0.028429 0.748411
vn 0.662626 -0.028429 0.748411
vn 0.733055 0.057117 -0.677767
vn 0.733055 0.057117 -0.677767
vn 0.319484 0.15571 -0.934711
vn 0.319484 0.15571 -0.934711
vn -0.124396 0.289802 -0.948968
vn -0.124396 0.289802 -0.948968
vn -0.881628 0.468778 -0.054579
vn -0.881628 0.468778 -0.054579
vn -0.878794 0.45575 0.141467
vn -0.878794 0.45575 0.141467
vn -0.297115 0.247997 0.922074
vn -0.297115 0.247997 0.922074
vn 0.513703 0.058131 0.855996
vn 0.513703 0.058131 0.855996
vn 0.662495 0.034679 0.748263
vn 0.662495 0.034679 0.748263
vn 0.728665 0.123144 -0.673709
vn 0.728665 0.123144 -0.673709
vn 0.316406 0.207259 -0.925706
vn 0.316406 0.207259 -0.925706
vn -0.122403 0.336315 -0.933761
vn -0.122403 0.336315 -0.933761
vn -0.859638 0.508125 -0.053218
vn -0.859638 0.508125 -0.053218
vn -0.857336 0.495912 0.138012
vn -0.857336 0.495912 0.138012
vn -0.292304 0.302731 0.907145
vn -0.292304 0.302731 0.907145
vn 0.505294 0.189053 0.841984
vn 0.505294 0.189053 0.841984
vn 0.652101 0.179715 0.736523
vn 0.652101 0.179715 0.736523
vn 0.716079 0.221116 -0.662072
vn 0.716079 0.221116 -0.662072
vn 0.313641 0.244154 -0.917616
vn 0.313641 0.244154 -0.917616
vn -0.12272 0.329397 -0.936182
vn -0.12272 0.329397 -0.936182
vn -0.880802 0.470334 -0.054528
vn -0.880802 0.470334 -0.054528
vn -0.874633 0.463889 0.140797
vn -0.874633 0.463889 0.140797
vn -0.287361 0.349443 0.891804
vn -0.287361 0.349443 0.891804
vn 0.480938 0.355612 0.801398
vn 0.480938 0.355612 0.801398
vn 0.617085 0.365285 0.696974
vn 0.617085 0.365285 0.696974
vn 0.693017 0.330406 -0.640749
vn 0.693017 0.330406 -0.640749
vn 0.312033 0.263104 -0.912914
vn 0.312033 0.263104 -0.912914
vn -0.125102 0.271222 -0.954352
vn -0.125102 0.271222 -0.954352
vn -0.935413 0.348783 -0.057909
vn -0.935413 0.348783 -0.057909
vn -0.922759 0.355599 0.148544
vn -0.922759 0.355599 0.148544
vn -0.28328 0.383237 0.879137
vn -0.28328 0.383237 0.879137
vn 0.444969 0.502231 0.741463
vn 0.444969 0.502231 0.741463
vn 0.564056 0.52533 0.637079
vn 0.564056 0.52533 0.637079
vn 0.664566 0.425217 -0.614445
vn 0.664566 0.425217 -0.614445
vn 0.311859 0.265076 -0.912403
vn 0.311859 0.265076 -0.912403
vn -0.127956 0.175536 -0.976122
vn -0.127956 0.175536 -0.976122
vn -0.986446 0.152302 -0.061068
vn -0.986446 0.152302 -0.061068
vn -0.971048 0.18064 0.156317
vn -0.971048 0.18064 0.156317
vn -0.280805 0.40213 0.871459
vn -0.280805 0.40213 0.871459
vn 0.413084 0.596288 0.688333
vn 0.413084 0.596288 0.688333
vn 0.517576 0.624803 0.584582
vn 0.517576 0.624803 0.584582
vn 0.640752 0.488332 -0.592426
vn 0.640752 0.488332 -0.592426
vn 0.312671 0.255766 -0.914779
vn 0.312671 0.255766 -0.914779
vn -0.129606 0.075131 -0.988715
vn -0.129606 0.075131 -0.988715
vn -0.996825 -0.050307 -0.061711
vn -0.996825 -0.050307 -0.061711
vn -0.987287 -0.002147 0.158932
vn -0.987287 -0.002147 0.158932
vn -0.280044 0.407738 0.869094
vn -0.280044 0.407738 0.869094
vn 0.394309 0.642503 0.657046
vn 0.490935 0.671954 0.554492
vn 0.624122 0.526767 -0.577051
vn 0.312196 0.261256 -0.913389
vn -0.129899 0.033911 -0.990947
vn -0.988062 -0.141396 -0.061168
vn -0.983736 -0.084766 0.15836
vn -0.278284 0.420349 0.863635
vn 0.347282 0.117197 0.930409
vn 0.347282 0.117197 0.930409
vn 0.977579 -0.036013 0.207467
vn 0.977579 -0.036013 0.207467
vn 0.995638 -0.063171 -0.068664
vn 0.995638 -0.063171 -0.068664
vn 0.10096 -0.037324 -0.99419
vn 0.10096 -0.037324 -0.99419
vn -0.274818 0.016208 -0.96136
vn -0.274818 0.016208 -0.96136
vn -0.755702 0.128758 -0.642134
vn -0.755702 0.128758 -0.642134
vn -0.644643 0.230639 0.728863
vn -0.644643 0.230639 0.728863
vn -0.528818 0.220456 0.819604
vn -0.528818 0.220456 0.819604
vn 0.344554 0.17079 0.9231
vn 0.344554 0.17079 0.9231
vn 0.977334 -0.042399 0.207415
vn 0.977334 -0.042399 0.207415
vn 0.994483 -0.079374 -0.068584
vn 0.994483 -0.079374 -0.068584
vn 0.100955 -0.038608 -0.994142
vn 0.100955 -0.038608 -0.994142
vn -0.274661 0.037487 -0.96081
vn -0.274661 0.037487 -0.96081
vn -0.747211 0.196352 -0.634919
vn -0.747211 0.196352 -0.634919
vn -0.626458 0.32536 0.708302
vn -0.626458 0.32536 0.708302
vn -0.515239 0.311183 0.798558
vn -0.515239 0.311183 0.798558
vn 0.342013 0.208417 0.916291
vn 0.342013 0.208417 0.916291
vn 0.976776 0.054184 0.207297
vn 0.976776 0.054184 0.207297
vn 0.997254 0.027455 -0.068776
vn 0.997254 0.027455 -0.068776
vn 0.100942 0.041662 -0.99402
vn 0.100942 0.041662 -0.99402
vn -0.273605 0.095231 -0.957116
vn -0.273605 0.095231 -0.957116
vn -0.742121 0.227172 -0.630594
vn -0.742121 0.227172 -0.630594
vn -0.628537 0.316092 0.710652
vn -0.628537 0.316092 0.710652
vn -0.516612 0.303334 0.800687
vn -0.516612 0.303334 0.800687
vn 0.340778 0.224342 0.912985
vn 0.340778 0.224342 0.912985
vn 0.951115 0.233744 0.201851
vn 0.951115 0.233744 0.201851
vn 0.969402 0.2362 -0.066855
vn 0.969402 0.2362 -0.066855
vn 0.099214 0.188749 -0.977001
vn 0.099214 0.188749 -0.977001
vn -0.270421 0.178885 -0.945977
vn -0.270421 0.178885 -0.945977
vn -0.74387 0.217099 -0.63208
vn -0.74387 0.217099 -0.63208
vn -0.649241 0.199096 0.734061
vn -0.649241 0.199096 0.734061
vn -0.531889 0.193697 0.824364
vn -0.531889 0.193697 0.824364
vn 0.341107 0.220222 0.913865
vn 0.341107 0.220222 0.913865
vn 0.884567 0.426966 0.187727
vn 0.884567 0.426966 0.187727
vn 0.88669 0.458303 -0.06115
vn 0.88669 0.458303 -0.06115
vn 0.09451 0.353426 -0.930676
vn 0.09451 0.353426 -0.930676
vn -0.264818 0.267761 -0.926378
vn -0.264818 0.267761 -0.926378
vn -0.750431 0.173924 -0.637655
vn -0.750431 0.173924 -0.637655
vn -0.662493 -0.00596 0.749044
vn -0.662493 -0.00596 0.749044
vn -0.542155 0.00211 0.840276
vn -0.542155 0.00211 0.840276
vn 0.342353 0.203798 0.917203
vn 0.342353 0.203798 0.917203
vn 0.806652 0.56569 0.171192
vn 0.806652 0.56569 0.171192
vn 0.790728 0.609734 -0.054532
vn 0.790728 0.609734 -0.054532
vn 0.088595 0.48065 -0.872426
vn 0.088595 0.48065 -0.872426
vn -0.258548 0.33931 -0.904445
vn -0.258548 0.33931 -0.904445
vn -0.756842 0.116662 -0.643102
vn -0.756842 0.116662 -0.643102
vn -0.64653 -0.218273 0.730996
vn -0.64653 -0.218273 0.730996
vn -0.531466 -0.197609 0.823708
vn -0.531466 -0.197609 0.823708
vn 0.343509 0.18721 0.920301
vn 0.343509 0.18721 0.920301
vn 0.758078 0.632008 0.160883
vn 0.758078 0.632008 0.160883
vn 0.732717 0.678655 -0.050532
vn 0.732717 0.678655 -0.050532
vn 0.084677 0.545459 -0.833849
vn 0.084677 0.545459 -0.833849
vn -0.2545 0.377657 -0.890284
vn -0.2545 0.377657 -0.890284
vn -0.760025 0.072762 -0.645808
vn -0.760025 0.072762 -0.645808
vn -0.621691 -0.345566 0.702912
vn -0.621691 -0.345566 0.702912
vn -0.513763 -0.319374 0.796271
vn -0.513763 -0.319374 0.796271
vn 0.343666 0.184839 0.920721
vn 0.343666 0.184839 0.920721
vn 0.75957 0.630133 0.1612
vn 0.75957 0.630133 0.1612
vn 0.734294 0.67694 -0.05064
vn 0.734294 0.67694 -0.05064
vn 0.084809 0.543455 -0.835143
vn 0.084809 0.543455 -0.835143
vn -0.254747 0.375444 -0.891149
vn -0.254747 0.375444 -0.891149
vn -0.760157 0.070348 -0.64592
vn -0.760157 0.070348 -0.64592
vn -0.621468 -0.346476 0.70266
vn -0.621468 -0.346476 0.70266
vn -0.513593 -0.320306 0.796007
vn -0.513593 -0.320306 0.796007
vn 0.340851 0.223435 0.91318
vn 0.811125 0.558967 0.172141
vn 0.797349 0.601007 -0.054989
vn 0.088895 0.475177 -0.875388
vn -0.258207 0.342726 -0.903254
vn -0.75406 0.144383 -0.640739
vn -0.652619 -0.172104 0.737881
vn -0.535733 -0.153477 0.830322
vn 0.584656 0.012129 0.811191
vn 0.584656 0.012129 0.811191
vn 0.695982 0.000078 0.718059
vn 0.695982 0.000078 0.718059
vn 0.851446 -0.035087 -0.523268
vn 0.851446 -0.035087 -0.523268
vn 0.148518 0.007485 -0.988881
vn 0.148518 0.007485 -0.988881
vn -0.047486 0.027469 -0.998494
vn -0.047486 0.027469 -0.998494
vn -0.977704 0.156556 -0.13995
vn -0.977704 0.156556 -0.13995
vn -0.91203 0.158808 0.378129
vn -0.91203 0.158808 0.378129
vn -0.460914 0.123494 0.87881
vn -0.460914 0.123494 0.87881
vn 0.584569 -0.021062 0.81107
vn 0.584569 -0.021062 0.81107
vn 0.695642 -0.03126 0.717708
vn 0.695642 -0.03126 0.717708
vn 0.851969 -0.001529 -0.52359
vn 0.851969 -0.001529 -0.52359
vn 0.148055 0.079296 -0.985795
vn 0.148055 0.079296 -0.985795
vn -0.047234 0.106372 -0.993204
vn -0.047234 0.106372 -0.993204
vn -0.963845 0.227967 -0.137966
vn -0.963845 0.227967 -0.137966
vn -0.904937 0.200808 0.375188
vn -0.904937 0.200808 0.375188
vn -0.460844 0.124701 0.878677
vn -0.460844 0.124701 0.878677
vn 0.583855 -0.053709 0.81008
vn 0.583855 -0.053709 0.81008
vn 0.694649 -0.061864 0.716683
vn 0.694649 -0.061864 0.716683
vn 0.851393 0.036795 -0.523236
vn 0.851393 0.036795 -0.523236
vn 0.146708 0.15582 -0.97683
vn 0.146708 0.15582 -0.97683
vn -0.046642 0.18955 -0.980763
vn -0.046642 0.18955 -0.980763
vn -0.943695 0.301982 -0.135082
vn -0.943695 0.301982 -0.135082
vn -0.895279 0.246368 0.371184
vn -0.895279 0.246368 0.371184
vn -0.460622 0.128435 0.878255
vn -0.460622 0.128435 0.878255
vn 0.583447 -0.065393 0.809514
vn 0.583447 -0.065393 0.809514
vn 0.694179 -0.071937 0.716198
vn 0.694179 -0.071937 0.716198
vn 0.84964 0.073916 -0.522158
vn 0.84964 0.073916 -0.522158
vn 0.145116 0.212956 -0.966225
vn 0.145116 0.212956 -0.966225
vn -0.045992 0.250275 -0.967082
vn -0.045992 0.250275 -0.967082
vn -0.924509 0.35745 -0.132335
vn -0.924509 0.35745 -0.132335
vn -0.885402 0.285149 0.367089
vn -0.885402 0.285149 0.367089
vn -0.459819 0.141144 0.876724
vn -0.459819 0.141144 0.876724
vn 0.584222 -0.040396 0.810588
vn 0.584222 -0.040396 0.810588
vn 0.695238 -0.04624 0.717291
vn 0.695238 -0.04624 0.717291
vn 0.847283 0.104747 -0.52071
vn 0.847283 0.104747 -0.52071
vn 0.144397 0.234067 -0.961437
vn 0.144397 0.234067 -0.961437
vn -0.045726 0.270962 -0.961503
vn -0.045726 0.270962 -0.961503
vn -0.914995 0.381615 -0.130974
vn -0.914995 0.381615 -0.130974
vn -0.878323 0.309743 0.364154
vn -0.878323 0.309743 0.364154
vn -0.457918 0.167364 0.873098
vn -0.457918 0.167364 0.873098
vn 0.584485 0.027018 0.810954
vn 0.584485 0.027018 0.810954
vn 0.695832 0.020792 0.717904
vn 0.695832 0.020792 0.717904
vn 0.845189 0.125923 -0.519422
vn 0.845189 0.125923 -0.519422
vn 0.145144 0.212076 -0.966415
vn 0.145144 0.212076 -0.966415
vn -0.046065 0.244238 -0.968621
vn -0.046065 0.244238 -0.968621
vn -0.919811 0.369612 -0.131663
vn -0.919811 0.369612 -0.131663
vn -0.876195 0.316729 0.363271
vn -0.876195 0.316729 0.363271
vn -0.454381 0.207283 0.866355
vn -0.454381 0.207283 0.866355
vn 0.579884 0.128069 0.80457
vn 0.579884 0.128069 0.80457
vn 0.6909 0.120625 0.712816
vn 0.6909 0.120625 0.712816
vn 0.844013 0.136356 -0.5187
vn 0.844013 0.136356 -0.5187
vn 0.146857 0.149339 -0.977819
vn 0.146857 0.149339 -0.977819
vn -0.046795 0.172114 -0.983965
vn -0.046795 0.172114 -0.983965
vn -0.936928 0.322769 -0.134113
vn -0.936928 0.322769 -0.134113
vn -0.879213 0.306769 0.364523
vn -0.879213 0.306769 0.364523
vn -0.449003 0.255906 0.856101
vn -0.449003 0.255906 0.856101
vn 0.567709 0.239309 0.787678
vn 0.567709 0.239309 0.787678
vn 0.677244 0.230484 0.698726
vn 0.677244 0.230484 0.698726
vn 0.843806 0.138104 -0.518573
vn 0.843806 0.138104 -0.518573
vn 0.148248 0.06075 -0.987083
vn 0.148248 0.06075 -0.987083
vn -0.047385 0.070464 -0.996388
vn -0.047385 0.070464 -0.996388
vn -0.958153 0.251261 -0.137151
vn -0.958153 0.251261 -0.137151
vn -0.885395 0.285172 0.367086
vn -0.885395 0.285172 0.367086
vn -0.442343 0.304965 0.843403
vn -0.442343 0.304965 0.843403
vn 0.549687 0.340846 0.762672
vn 0.656639 0.331455 0.677468
vn 0.842522 0.148519 -0.517783
vn 0.148503 -0.016102 -0.988781
vn -0.047495 -0.019164 -0.998688
vn -0.972 0.189364 -0.139133
vn -0.888899 0.2721 0.368538
vn -0.434239 0.354873 0.82795
vn 0.234183 0.178206 0.95572
vn 0.234183 0.178206 0.95572
vn 0.78166 0.098189 0.615927
vn 0.78166 0.098189 0.615927
vn 0.664022 -0.085187 -0.742845
vn 0.664022 -0.085187 -0.742845
vn 0.556893 -0.08803 -0.825906
vn 0.556893 -0.08803 -0.825906
vn -0.382516 0.003198 -0.923943
vn -0.382516 0.003198 -0.923943
vn -0.956496 0.153854 -0.247882
vn -0.956496 0.153854 -0.247882
vn -0.976312 0.201299 0.07933
vn -0.976312 0.201299 0.07933
vn -0.080113 0.213763 0.973595
vn -0.080113 0.213763 0.973595
vn 0.231778 0.227021 0.945907
vn 0.231778 0.227021 0.945907
vn 0.777234 0.14431 0.612439
vn 0.777234 0.14431 0.612439
vn 0.665073 -0.064124 -0.74402
vn 0.665073 -0.064124 -0.74402
vn 0.557786 -0.067568 -0.82723
vn 0.557786 -0.067568 -0.82723
vn -0.382117 0.045796 -0.922979
vn -0.382117 0.045796 -0.922979
vn -0.945057 0.216522 -0.244917
vn -0.945057 0.216522 -0.244917
vn -0.96016 0.268339 0.078018
vn -0.96016 0.268339 0.078018
vn -0.079001 0.268336 0.960081
vn -0.079001 0.268336 0.960081
vn 0.230132 0.254881 0.939189
vn 0.230132 0.254881 0.939189
vn 0.767475 0.212746 0.604749
vn 0.767475 0.212746 0.604749
vn 0.666128 0.030791 -0.745201
vn 0.666128 0.030791 -0.745201
vn 0.558901 0.024118 -0.828883
vn 0.558901 0.024118 -0.828883
vn -0.380117 0.111881 -0.918147
vn -0.380117 0.111881 -0.918147
vn -0.938658 0.244432 -0.243259
vn -0.938658 0.244432 -0.243259
vn -0.954508 0.287922 0.077558
vn -0.954508 0.287922 0.077558
vn -0.078587 0.28583 0.955052
vn -0.078587 0.28583 0.955052
vn 0.229878 0.258903 0.93815
vn 0.229878 0.258903 0.93815
vn 0.751887 0.289221 0.592467
vn 0.751887 0.289221 0.592467
vn 0.655596 0.179693 -0.733419
vn 0.655596 0.179693 -0.733419
vn 0.55109 0.168292 -0.817299
vn 0.55109 0.168292 -0.817299
vn -0.375652 0.188618 -0.907364
vn -0.375652 0.188618 -0.907364
vn -0.940771 0.235601 -0.243807
vn -0.940771 0.235601 -0.243807
vn -0.96243 0.260024 0.078202
vn -0.96243 0.260024 0.078202
vn -0.07906 0.265722 0.960802
vn -0.07906 0.265722 0.960802
vn 0.230807 0.243872 0.941942
vn 0.230807 0.243872 0.941942
vn 0.733509 0.357628 0.577985
vn 0.733509 0.357628 0.577985
vn 0.628069 0.334439 -0.702624
vn 0.628069 0.334439 -0.702624
vn 0.529804 0.319275 -0.78573
vn 0.529804 0.319275 -0.78573
vn -0.369395 0.259689 -0.892249
vn -0.369395 0.259689 -0.892249
vn -0.948655 0.199027 -0.24585
vn -0.948655 0.199027 -0.24585
vn -0.97715 0.197167 0.079398
vn -0.97715 0.197167 0.079398
vn -0.080034 0.218093 0.972641
vn -0.080034 0.218093 0.972641
vn 0.232118 0.220816 0.947292
vn 0.232118 0.220816 0.947292
vn 0.717974 0.405521 0.565744
vn 0.717974 0.405521 0.565744
vn 0.595996 0.447482 -0.666744
vn 0.595996 0.447482 -0.666744
vn 0.504541 0.430742 -0.748264
vn 0.504541 0.430742 -0.748264
vn -0.363566 0.310861 -0.878171
vn -0.363566 0.310861 -0.878171
vn -0.956547 0.153509 -0.247895
vn -0.956547 0.153509 -0.247895
vn -0.988791 0.125848 0.080344
vn -0.988791 0.125848 0.080344
vn -0.080903 0.163636 0.983198
vn -0.080903 0.163636 0.983198
vn 0.232949 0.204786 0.950683
vn 0.232949 0.204786 0.950683
vn 0.710487 0.42636 0.559844
vn 0.710487 0.42636 0.559844
vn 0.577944 0.497952 -0.646549
vn 0.577944 0.497952 -0.646549
vn 0.49017 0.480913 -0.72695
vn 0.49017 0.480913 -0.72695
vn -0.36061 0.333564 -0.871031
vn -0.36061 0.333564 -0.871031
vn -0.960515 0.124291 -0.248923
vn -0.960515 0.124291 -0.248923
vn -0.993345 0.082164 0.080714
vn -0.993345 0.082164 0.080714
vn -0.081312 0.13006 0.988166
vn -0.081312 0.13006 0.988166
vn 0.232619 0.211299 0.949337
vn 0.232619 0.211299 0.949337
vn 0.713076 0.419295 0.561884
vn 0.713076 0.419295 0.561884
vn 0.584557 0.480257 -0.653947
vn 0.584557 0.480257 -0.653947
vn 0.495446 0.463292 -0.734775
vn 0.495446 0.463292 -0.734775
vn -0.361645 0.325817 -0.873531
vn -0.361645 0.325817 -0.873531
vn -0.959047 0.135847 -0.248543
vn -0.959047 0.135847 -0.248543
vn -0.991806 0.099129 0.080589
vn -0.991806 0.099129 0.080589
vn -0.081164 0.14314 0.986369
vn -0.081164 0.14314 0.986369
vn 0.229534 0.264231 0.936748
vn 0.718739 0.403319 0.566346
vn 0.611379 0.398026 -0.683953
vn 0.516687 0.381909 -0.766277
vn -0.364039 0.307061 -0.879312
vn -0.9445 0.219102 -0.244773
vn -0.974403 0.210402 0.079175
vn -0.079809 0.230062 0.969898
vn 0.480546 0.256469 0.838629
vn 0.480546 0.256469 0.838629
vn 0.890929 0.095174 0.444058
vn 0.890929 0.095174 0.444058
vn 0.980197 -0.07878 -0.181677
vn 0.980197 -0.07878 -0.181677
vn 0.039902 -0.188422 -0.981277
vn 0.039902 -0.188422 -0.981277
vn -0.113032 -0.165258 -0.979752
vn -0.113032 -0.165258 -0.979752
vn -0.875063 0.122649 -0.468211
vn -0.875063 0.122649 -0.468211
vn -0.668155 0.368481 0.646367
vn -0.668155 0.368481 0.646367
vn -0.543863 0.37526 0.750595
vn -0.543863 0.37526 0.750595
vn 0.478023 0.274883 0.834226
vn 0.478023 0.274883 0.834226
vn 0.884653 0.151558 0.44093
vn 0.884653 0.151558 0.44093
vn 0.983002 0.022601 -0.182197
vn 0.983002 0.022601 -0.182197
vn 0.040484 -0.08475 -0.995579
vn 0.040484 -0.08475 -0.995579
vn -0.114364 -0.065253 -0.991294
vn -0.114364 -0.065253 -0.991294
vn -0.865429 0.191343 -0.463056
vn -0.865429 0.191343 -0.463056
vn -0.668889 0.365894 0.647077
vn -0.668889 0.365894 0.647077
vn -0.545376 0.368828 0.752683
vn -0.545376 0.368828 0.752683
vn 0.484829 0.221476 0.846103
vn 0.484829 0.221476 0.846103
vn 0.875164 0.209324 0.436201
vn 0.875164 0.209324 0.436201
vn 0.960502 0.213875 -0.178027
vn 0.960502 0.213875 -0.178027
vn 0.040076 0.164515 -0.98556
vn 0.040076 0.164515 -0.98556
vn -0.112961 0.168917 -0.979136
vn -0.112961 0.168917 -0.979136
vn -0.847946 0.274123 -0.453701
vn -0.847946 0.274123 -0.453701
vn -0.695867 0.250207 0.673176
vn -0.695867 0.250207 0.673176
vn -0.569275 0.24219 0.785666
vn -0.569275 0.24219 0.785666
vn 0.493832 0.115788 0.861814
vn 0.493832 0.115788 0.861814
vn 0.8643 0.259631 0.430786
vn 0.8643 0.259631 0.430786
vn 0.89328 0.417897 -0.165567
vn 0.89328 0.417897 -0.165567
vn 0.036431 0.442707 -0.895926
vn 0.036431 0.442707 -0.895926
vn -0.103425 0.430844 -0.89648
vn -0.103425 0.430844 -0.89648
vn -0.825025 0.352799 -0.441437
vn -0.825025 0.352799 -0.441437
vn -0.718067 0.04289 0.694651
vn -0.718067 0.04289 0.694651
vn -0.586652 0.017616 0.809648
vn -0.586652 0.017616 0.809648
vn 0.497173 0.003085 0.867646
vn 0.497173 0.003085 0.867646
vn 0.854492 0.297412 0.425898
vn 0.854492 0.297412 0.425898
vn 0.813776 0.561266 -0.150831
vn 0.813776 0.561266 -0.150831
vn 0.031791 0.622709 -0.781808
vn 0.031791 0.622709 -0.781808
vn -0.091255 0.604982 -0.790992
vn -0.091255 0.604982 -0.790992
vn -0.802915 0.413237 -0.429607
vn -0.802915 0.413237 -0.429607
vn -0.708604 -0.167256 0.685497
vn -0.708604 -0.167256 0.685497
vn -0.574181 -0.205818 0.792436
vn -0.574181 -0.205818 0.792436
vn 0.496338 -0.058028 0.866188
vn 0.496338 -0.058028 0.866188
vn 0.847532 0.321316 0.422428
vn 0.847532 0.321316 0.422428
vn 0.765485 0.627616 -0.141881
vn 0.765485 0.627616 -0.141881
vn 0.029155 0.696486 -0.716977
vn 0.029155 0.696486 -0.716977
vn -0.084204 0.678379 -0.729871
vn -0.084204 0.678379 -0.729871
vn -0.788181 0.448241 -0.421724
vn -0.788181 0.448241 -0.421724
vn -0.690774 -0.276179 0.668249
vn -0.690774 -0.276179 0.668249
vn -0.556039 -0.319247 0.767399
vn -0.556039 -0.319247 0.767399
vn 0.497052 -0.022282 0.867435
vn 0.497052 -0.022282 0.867435
vn 0.843892 0.333062 0.420614
vn 0.843892 0.333062 0.420614
vn 0.769163 0.622948 -0.142563
vn 0.769163 0.622948 -0.142563
vn 0.029562 0.685996 -0.727005
vn 0.029562 0.685996 -0.727005
vn -0.085259 0.668275 -0.739013
vn -0.085259 0.668275 -0.739013
vn -0.784549 0.456362 -0.419781
vn -0.784549 0.456362 -0.419781
vn -0.699248 -0.231242 0.676446
vn -0.699248 -0.231242 0.676446
vn -0.564194 -0.274564 0.778653
vn -0.564194 -0.274564 0.778653
vn 0.492925 0.130481 0.860232
vn 0.492925 0.130481 0.860232
vn 0.842399 0.337749 0.41987
vn 0.842399 0.337749 0.41987
vn 0.829168 0.537458 -0.153684
vn 0.829168 0.537458 -0.153684
vn 0.033446 0.56777 -0.822508
vn 0.033446 0.56777 -0.822508
vn -0.095475 0.553187 -0.827568
vn -0.095475 0.553187 -0.827568
vn -0.791316 0.441078 -0.423401
vn -0.791316 0.441078 -0.423401
vn -0.718691 0.01014 0.695255
vn -0.718691 0.01014 0.695255
vn -0.58657 -0.02425 0.809535
vn -0.58657 -0.02425 0.809535
vn 0.459542 0.381651 0.801974
vn 0.834764 0.360637 0.416065
vn 0.917722 0.358962 -0.170098
vn 0.03922 0.261093 -0.964517
vn -0.110449 0.266936 -0.957364
vn -0.79637 0.42922 -0.426105
vn -0.65495 0.411827 0.633593
vn -0.537038 0.402803 0.741175
vn 0.583626 0.093975 0.806566
vn 0.583626 0.093975 0.806566
vn 0.723898 0.07663 0.685638
vn 0.723898 0.07663 0.685638
vn 0.889393 -0.02437 -0.456493
vn 0.889393 -0.02437 -0.456493
vn 0.106038 -0.046915 -0.993255
vn 0.106038 -0.046915 -0.993255
vn -0.039773 -0.038554 -0.998465
vn -0.039773 -0.038554 -0.998465
vn -0.975174 0.107344 -0.193681
vn -0.975174 0.107344 -0.193681
vn -0.875598 0.154026 0.457826
vn -0.875598 0.154026 0.457826
vn -0.498666 0.164685 0.851006
vn -0.498666 0.164685 0.851006
vn 0.584512 0.076289 0.807791
vn 0.584512 0.076289 0.807791
vn 0.724593 0.062951 0.686296
vn 0.724593 0.062951 0.686296
vn 0.889498 0.018965 -0.456546
vn 0.889498 0.018965 -0.456546
vn 0.106122 0.025025 -0.994038
vn 0.106122 0.025025 -0.994038
vn -0.039777 0.036484 -0.998542
vn -0.039777 0.036484 -0.998542
vn -0.966435 0.170764 -0.191945
vn -0.966435 0.170764 -0.191945
vn -0.871342 0.182182 0.455601
vn -0.871342 0.182182 0.455601
vn -0.498496 0.166693 0.850715
vn -0.498496 0.166693 0.850715
vn 0.585414 0.052419 0.809038
vn 0.585414 0.052419 0.809038
vn 0.725333 0.043909 0.686997
vn 0.725333 0.043909 0.686997
vn 0.887572 0.068435 -0.455558
vn 0.887572 0.068435 -0.455558
vn 0.105515 0.109587 -0.988361
vn 0.105515 0.109587 -0.988361
vn -0.039493 0.124491 -0.991434
vn -0.039493 0.124491 -0.991434
vn -0.951627 0.242247 -0.189004
vn -0.951627 0.242247 -0.189004
vn -0.865777 0.213307 0.452691
vn -0.865777 0.213307 0.452691
vn -0.498491 0.166748 0.850706
vn -0.498491 0.166748 0.850706
vn 0.585775 0.03898 0.809536
vn 0.585775 0.03898 0.809536
vn 0.7256 0.034529 0.68725
vn 0.7256 0.034529 0.68725
vn 0.88382 0.114368 -0.453632
vn 0.88382 0.114368 -0.453632
vn 0.10442 0.180065 -0.978097
vn 0.10442 0.180065 -0.978097
vn -0.039021 0.197312 -0.979564
vn -0.039021 0.197312 -0.979564
vn -0.934906 0.302445 -0.185683
vn -0.934906 0.302445 -0.185683
vn -0.859539 0.243322 0.449429
vn -0.859539 0.243322 0.449429
vn -0.49799 0.172503 0.849852
vn -0.49799 0.172503 0.849852
vn 0.585448 0.051317 0.809084
vn 0.585448 0.051317 0.809084
vn 0.725172 0.048685 0.686844
vn 0.725172 0.048685 0.686844
vn 0.87976 0.148748 -0.451548
vn 0.87976 0.148748 -0.451548
vn 0.103663 0.215387 -0.971011
vn 0.103663 0.215387 -0.971011
vn -0.038706 0.233165 -0.971667
vn -0.038706 0.233165 -0.971667
vn -0.923258 0.337593 -0.18337
vn -0.923258 0.337593 -0.18337
vn -0.853484 0.269097 0.446264
vn -0.853484 0.269097 0.446264
vn -0.496261 0.191008 0.846901
vn -0.496261 0.191008 0.846901
vn 0.583418 0.097662 0.806279
vn 0.583418 0.097662 0.806279
vn 0.722834 0.093778 0.684629
vn 0.722834 0.093778 0.684629
vn 0.877181 0.166885 -0.450225
vn 0.877181 0.166885 -0.450225
vn 0.103908 0.204669 -0.9733
vn 0.103908 0.204669 -0.9733
vn -0.038819 0.220972 -0.974507
vn -0.038819 0.220972 -0.974507
vn -0.921969 0.341235 -0.183114
vn -0.921969 0.341235 -0.183114
vn -0.84845 0.288659 0.443631
vn -0.84845 0.288659 0.443631
vn -0.49255 0.225481 0.840567
vn -0.49255 0.225481 0.840567
vn 0.577202 0.174734 0.797688
vn 0.577202 0.174734 0.797688
vn 0.715866 0.166769 0.67803
vn 0.715866 0.166769 0.67803
vn 0.876994 0.168126 -0.450128
vn 0.876994 0.168126 -0.450128
vn 0.105002 0.146994 -0.983548
vn 0.105002 0.146994 -0.983548
vn -0.039293 0.159599 -0.9864
vn -0.039293 0.159599 -0.9864
vn -0.931494 0.313197 -0.185006
vn -0.931494 0.313197 -0.185006
vn -0.844983 0.301331 0.441818
vn -0.844983 0.301331 0.441818
vn -0.486317 0.273335 0.82993
vn -0.486317 0.273335 0.82993
vn 0.564897 0.267258 0.780682
vn 0.564897 0.267258 0.780682
vn 0.702237 0.253924 0.665121
vn 0.702237 0.253924 0.665121
vn 0.878673 0.156656 -0.45099
vn 0.878673 0.156656 -0.45099
vn 0.105999 0.05422 -0.992887
vn 0.105999 0.05422 -0.992887
vn -0.039729 0.061039 -0.997344
vn -0.039729 0.061039 -0.997344
vn -0.946944 0.260623 -0.188074
vn -0.946944 0.260623 -0.188074
vn -0.842991 0.308352 0.440777
vn -0.842991 0.308352 0.440777
vn -0.477752 0.327132 0.815314
vn -0.477752 0.327132 0.815314
vn 0.546343 0.36252 0.755042
vn 0.681428 0.345108 0.645412
vn 0.878976 0.154493 -0.451146
vn 0.106085 -0.036232 -0.993697
vn -0.039778 -0.035787 -0.998568
vn -0.958375 0.212804 -0.190345
vn -0.838609 0.323211 0.438486
vn -0.466283 0.386492 0.795741
vn 0.054633 0.11302 0.99209
vn 0.054633 0.11302 0.99209
vn 0.945513 -0.007731 0.325493
vn 0.945513 -0.007731 0.325493
vn 0.797336 -0.070745 -0.599376
vn 0.797336 -0.070745 -0.599376
vn 0.562538 -0.065636 -0.824162
vn 0.562538 -0.065636 -0.824162
vn -0.559931 0.049013 -0.827088
vn -0.559931 0.049013 -0.827088
vn -0.802306 0.093488 -0.589547
vn -0.802306 0.093488 -0.589547
vn -0.933228 0.181915 0.309825
vn -0.933228 0.181915 0.309825
vn -0.052033 0.123781 0.990944
vn -0.052033 0.123781 0.990944
vn 0.054865 0.06609 0.996304
vn 0.054865 0.06609 0.996304
vn 0.945526 0.005646 0.325497
vn 0.945526 0.005646 0.325497
vn 0.79933 0.004627 -0.600875
vn 0.79933 0.004627 -0.600875
vn 0.563582 0.024685 -0.825691
vn 0.563582 0.024685 -0.825691
vn -0.555299 0.137248 -0.820247
vn -0.555299 0.137248 -0.820247
vn -0.794805 0.164887 -0.584035
vn -0.794805 0.164887 -0.584035
vn -0.931157 0.19334 0.309138
vn -0.931157 0.19334 0.309138
vn -0.052281 0.076875 0.995669
vn -0.052281 0.076875 0.995669
vn 0.054964 -0.027882 0.998099
vn 0.054964 -0.027882 0.998099
vn 0.945508 0.008331 0.325491
vn 0.945508 0.008331 0.325491
vn 0.794091 0.114397 -0.596936
vn 0.794091 0.114397 -0.596936
vn 0.556579 0.15904 -0.81543
vn 0.556579 0.15904 -0.81543
vn -0.540778 0.263594 -0.798797
vn -0.540778 0.263594 -0.798797
vn -0.777226 0.264092 -0.571117
vn -0.777226 0.264092 -0.571117
vn -0.931072 0.193792 0.30911
vn -0.931072 0.193792 0.30911
vn -0.052429 -0.01723 0.998476
vn -0.052429 -0.01723 0.998476
vn 0.054524 -0.12921 0.990117
vn 0.054524 -0.12921 0.990117
vn 0.945518 0.006997 0.325494
vn 0.945518 0.006997 0.325494
vn 0.779269 0.222676 -0.585795
vn 0.779269 0.222676 -0.585795
vn 0.539705 0.288961 -0.790709
vn 0.539705 0.288961 -0.790709
vn -0.518299 0.381095 -0.765593
vn -0.518299 0.381095 -0.765593
vn -0.752542 0.357624 -0.552979
vn -0.752542 0.357624 -0.552979
vn -0.931715 0.190331 0.309323
vn -0.931715 0.190331 0.309323
vn -0.052064 -0.119012 0.991527
vn -0.052064 -0.119012 0.991527
vn 0.053959 -0.192322 0.979847
vn 0.053959 -0.192322 0.979847
vn 0.945482 0.011164 0.325482
vn 0.945482 0.011164 0.325482
vn 0.763645 0.295489 -0.574049
vn 0.763645 0.295489 -0.574049
vn 0.523228 0.372298 -0.766568
vn 0.523228 0.372298 -0.766568
vn -0.499348 0.454531 -0.7376
vn -0.499348 0.454531 -0.7376
vn -0.731796 0.418706 -0.537735
vn -0.731796 0.418706 -0.537735
vn -0.931262 0.192778 0.309172
vn -0.931262 0.192778 0.309172
vn -0.051555 -0.18257 0.98184
vn -0.051555 -0.18257 0.98184
vn 0.054048 -0.18389 0.98146
vn 0.054048 -0.18389 0.98146
vn 0.945126 0.029635 0.325359
vn 0.945126 0.029635 0.325359
vn 0.759155 0.313073 -0.570674
vn 0.759155 0.313073 -0.570674
vn 0.519412 0.388745 -0.760979
vn 0.519412 0.388745 -0.760979
vn -0.495119 0.469019 -0.731354
vn -0.495119 0.469019 -0.731354
vn -0.726112 0.433679 -0.533558
vn -0.726112 0.433679 -0.533558
vn -0.927893 0.210039 0.308054
vn -0.927893 0.210039 0.308054
vn -0.051636 -0.174098 0.983374
vn -0.051636 -0.174098 0.983374
vn 0.054787 -0.084863 0.994885
vn 0.054787 -0.084863 0.994885
vn 0.943403 0.067207 0.324766
vn 0.943403 0.067207 0.324766
vn 0.770383 0.266712 -0.579115
vn 0.770383 0.266712 -0.579115
vn 0.532551 0.328077 -0.780227
vn 0.532551 0.328077 -0.780227
vn -0.509722 0.416279 -0.752924
vn -0.509722 0.416279 -0.752924
vn -0.73988 0.396225 -0.543675
vn -0.73988 0.396225 -0.543675
vn -0.919805 0.246393 0.305369
vn -0.919805 0.246393 0.305369
vn -0.052291 -0.074513 0.995848
vn -0.052291 -0.074513 0.995848
vn 0.054702 0.10145 0.993336
vn 0.054702 0.10145 0.993336
vn 0.938352 0.123082 0.323027
vn 0.938352 0.123082 0.323027
vn 0.789435 0.156922 -0.593437
vn 0.789435 0.156922 -0.593437
vn 0.554087 0.184396 -0.811779
vn 0.554087 0.184396 -0.811779
vn -0.536832 0.288117 -0.792969
vn -0.536832 0.288117 -0.792969
vn -0.767535 0.304626 -0.563997
vn -0.767535 0.304626 -0.563997
vn -0.905419 0.299766 0.300593
vn -0.905419 0.299766 0.300593
vn -0.052106 0.112042 0.992336
vn -0.052106 0.112042 0.992336
vn 0.05191 0.329751 0.94264
vn 0.925951 0.202502 0.318758
vn 0.799235 0.016103 -0.600803
vn 0.56373 -0.009243 -0.825907
vn -0.557391 0.106924 -0.823336
vn -0.792399 0.181852 -0.582267
vn -0.880811 0.372371 0.292423
vn -0.049329 0.339121 0.939449
vn 0.51908 0.057461 0.852792
vn 0.51908 0.057461 0.852792
vn 0.66047 0.075947 0.747001
vn 0.66047 0.075947 0.747001
vn 0.730053 0.154749 -0.665639
vn 0.730053 0.154749 -0.665639
vn 0.312287 0.125664 -0.94164
vn 0.312287 0.125664 -0.94164
vn -0.123894 0.09765 -0.987479
vn -0.123894 0.09765 -0.987479
vn -0.998051 -0.003551 -0.062307
vn -0.998051 -0.003551 -0.062307
vn -0.985867 -0.014353 0.166916
vn -0.985867 -0.014353 0.166916
vn -0.314343 -0.003496 0.949303
vn -0.314343 -0.003496 0.949303
vn 0.51985 -0.018528 0.854057
vn 0.51985 -0.018528 0.854057
vn 0.662346 -0.010678 0.749122
vn 0.662346 -0.010678 0.749122
vn 0.73206 0.136281 -0.66747
vn 0.73206 0.136281 -0.66747
vn 0.310403 0.166231 -0.935958
vn 0.310403 0.166231 -0.935958
vn -0.122107 0.194697 -0.973233
vn -0.122107 0.194697 -0.973233
vn -0.98512 0.16049 -0.0615
vn -0.98512 0.16049 -0.0615
vn -0.976712 0.136707 0.165366
vn -0.976712 0.136707 0.165366
vn -0.314261 0.023209 0.949053
vn -0.314261 0.023209 0.949053
vn 0.519229 -0.05226 0.853036
vn 0.519229 -0.05226 0.853036
vn 0.661533 -0.050667 0.748203
vn 0.661533 -0.050667 0.748203
vn 0.731443 0.142222 -0.666907
vn 0.731443 0.142222 -0.666907
vn 0.307967 0.206965 -0.928613
vn 0.307967 0.206965 -0.928613
vn -0.119868 0.269936 -0.955388
vn -0.119868 0.269936 -0.955388
vn -0.958643 0.278249 -0.059847
vn -0.958643 0.278249 -0.059847
vn -0.955197 0.24788 0.161723
vn -0.955197 0.24788 0.161723
vn -0.313813 0.058198 0.9477
vn -0.313813 0.058198 0.9477
vn 0.519872 -0.016124 0.854092
vn 0.519872 -0.016124 0.854092
vn 0.66233 -0.01273 0.749104
vn 0.66233 -0.01273 0.749104
vn 0.726539 0.182538 -0.662436
vn 0.726539 0.182538 -0.662436
vn 0.305633 0.239346 -0.921576
vn 0.305633 0.239346 -0.921576
vn -0.118684 0.301825 -0.945947
vn -0.118684 0.301825 -0.945947
vn -0.947565 0.31404 -0.059156
vn -0.947565 0.31404 -0.059156
vn -0.945288 0.284282 0.160046
vn -0.945288 0.284282 0.160046
vn -0.312849 0.097466 0.944789
vn -0.312849 0.097466 0.944789
vn 0.517492 0.096911 0.850183
vn 0.517492 0.096911 0.850183
vn 0.658284 0.111086 0.744528
vn 0.658284 0.111086 0.744528
vn 0.714486 0.255203 -0.651446
vn 0.714486 0.255203 -0.651446
vn 0.304115 0.258123 -0.916999
vn 0.304115 0.258123 -0.916999
vn -0.11943 0.282176 -0.9519
vn -0.11943 0.282176 -0.9519
vn -0.96477 0.256109 -0.06023
vn -0.96477 0.256109 -0.06023
vn -0.958599 0.23398 0.162299
vn -0.958599 0.23398 0.162299
vn -0.31142 0.136108 0.940474
vn -0.31142 0.136108 0.940474
vn 0.501865 0.261375 0.824509
vn 0.501865 0.261375 0.824509
vn 0.633802 0.29058 0.716839
vn 0.633802 0.29058 0.716839
vn 0.693681 0.344644 -0.632477
vn 0.693681 0.344644 -0.632477
vn 0.303798 0.261872 -0.91604
vn 0.303798 0.261872 -0.91604
vn -0.121636 0.212874 -0.969479
vn -0.121636 0.212874 -0.969479
vn -0.992664 0.103815 -0.061971
vn -0.992664 0.103815 -0.061971
vn -0.981189 0.098345 0.166124
vn -0.981189 0.098345 0.166124
vn -0.30982 0.169068 0.935643
vn -0.30982 0.169068 0.935643
vn 0.471463 0.421637 0.774561
vn 0.471463 0.421637 0.774561
vn 0.587805 0.460984 0.664815
vn 0.587805 0.460984 0.664815
vn 0.667748 0.428295 -0.608832
vn 0.667748 0.428295 -0.608832
vn 0.304548 0.252928 -0.918302
vn 0.304548 0.252928 -0.918302
vn -0.123741 0.109503 -0.986254
vn -0.123741 0.109503 -0.986254
vn -0.992358 -0.106712 -0.061952
vn -0.992358 -0.106712 -0.061952
vn -0.981995 -0.089685 0.16626
vn -0.981995 -0.089685 0.16626
vn -0.308483 0.192233 0.931603
vn -0.308483 0.192233 0.931603
vn 0.44009 0.532507 0.72302
vn 0.44009 0.532507 0.72302
vn 0.542045 0.574757 0.61306
vn 0.542045 0.574757 0.61306
vn 0.644958 0.488082 -0.588052
vn 0.644958 0.488082 -0.588052
vn 0.305766 0.237632 -0.921975
vn 0.305766 0.237632 -0.921975
vn -0.124487 0.006269 -0.992201
vn -0.124487 0.006269 -0.992201
vn -0.954733 -0.29143 -0.059603
vn -0.954733 -0.29143 -0.059603
vn -0.952596 -0.257971 0.161283
vn -0.952596 -0.257971 0.161283
vn -0.307731 0.20406 0.929334
vn -0.307731 0.20406 0.929334
vn 0.420757 0.587475 0.691257
vn 0.514775 0.629308 0.582218
vn 0.629608 0.523501 -0.574057
vn 0.305886 0.236064 -0.922338
vn -0.124377 -0.042448 -0.991327
vn -0.925667 -0.3739 -0.057789
vn -0.929297 -0.334144 0.157338
vn -0.306766 0.218275 0.926418
vn 0.32349 0.005595 0.946215
vn 0.32349 0.005595 0.946215
vn 0.984046 -0.019509 0.176843
vn 0.984046 -0.019509 0.176843
vn 0.99792 -0.011969 -0.063338
vn 0.99792 -0.011969 -0.063338
vn 0.117751 0.079125 -0.989886
vn 0.117751 0.079125 -0.989886
vn -0.302637 0.108667 -0.946891
vn -0.302637 0.108667 -0.946891
vn -0.736912 0.1444 -0.660386
vn -0.736912 0.1444 -0.660386
vn -0.65956 0.086159 0.746698
vn -0.65956 0.086159 0.746698
vn -0.524813 0.069727 0.848357
vn -0.524813 0.069727 0.848357
vn 0.323182 0.043962 0.945315
vn 0.323182 0.043962 0.945315
vn 0.984082 -0.017508 0.176849
vn 0.984082 -0.017508 0.176849
vn 0.997893 -0.014065 -0.063336
vn 0.997893 -0.014065 -0.063336
vn 0.117649 0.089367 -0.989026
vn 0.117649 0.089367 -0.989026
vn -0.301707 0.133692 -0.943981
vn -0.301707 0.133692 -0.943981
vn -0.730407 0.195091 -0.654557
vn -0.730407 0.195091 -0.654557
vn -0.654069 0.154535 0.740482
vn -0.654069 0.154535 0.740482
vn -0.521362 0.133821 0.842777
vn -0.521362 0.133821 0.842777
vn 0.32243 0.081056 0.943116
vn 0.32243 0.081056 0.943116
vn 0.983484 0.03902 0.176742
vn 0.983484 0.03902 0.176742
vn 0.996974 0.045157 -0.063278
vn 0.996974 0.045157 -0.063278
vn 0.11705 0.134408 -0.983989
vn 0.11705 0.134408 -0.983989
vn -0.300051 0.169189 -0.9388
vn -0.300051 0.169189 -0.9388
vn -0.725351 0.226566 -0.650026
vn -0.725351 0.226566 -0.650026
vn -0.652027 0.173103 0.738171
vn -0.652027 0.173103 0.738171
vn -0.519938 0.152533 0.840475
vn -0.519938 0.152533 0.840475
vn 0.321518 0.11037 0.940449
vn 0.321518 0.11037 0.940449
vn 0.974219 0.142286 0.175077
vn 0.974219 0.142286 0.175077
vn 0.985554 0.157384 -0.062553
vn 0.985554 0.157384 -0.062553
vn 0.115568 0.206799 -0.971534
vn 0.115568 0.206799 -0.971534
vn -0.297703 0.209204 -0.931454
vn -0.297703 0.209204 -0.931454
vn -0.724146 0.23341 -0.648946
vn -0.724146 0.23341 -0.648946
vn -0.6558 0.136776 0.742441
vn -0.6558 0.136776 0.742441
vn -0.522242 0.120781 0.844201
vn -0.522242 0.120781 0.844201
vn 0.320813 0.128498 0.938386
vn 0.320813 0.128498 0.938386
vn 0.94917 0.264537 0.170575
vn 0.94917 0.264537 0.170575
vn 0.954889 0.290712 -0.060607
vn 0.954889 0.290712 -0.060607
vn 0.113095 0.288614 -0.950743
vn 0.113095 0.288614 -0.950743
vn -0.295034 0.246648 -0.923103
vn -0.295034 0.246648 -0.923103
vn -0.7268 0.218032 -0.651324
vn -0.7268 0.218032 -0.651324
vn -0.660969 0.056372 0.748293
vn -0.660969 0.056372 0.748293
vn -0.525471 0.048652 0.84942
vn -0.525471 0.048652 0.84942
vn 0.320515 0.135402 0.937516
vn 0.320515 0.135402 0.937516
vn 0.914603 0.369439 0.164363
vn 0.914603 0.369439 0.164363
vn 0.913008 0.403805 -0.057949
vn 0.913008 0.403805 -0.057949
vn 0.11027 0.358501 -0.926994
vn 0.11027 0.358501 -0.926994
vn -0.292704 0.274978 -0.915812
vn -0.292704 0.274978 -0.915812
vn -0.731198 0.189675 -0.655266
vn -0.731198 0.189675 -0.655266
vn -0.661492 -0.03997 0.748886
vn -0.661492 -0.03997 0.748886
vn -0.525709 -0.038216 0.849805
vn -0.525709 -0.038216 0.849805
vn 0.320574 0.134081 0.937686
vn 0.320574 0.134081 0.937686
vn 0.887974 0.43132 0.159578
vn 0.887974 0.43132 0.159578
vn 0.881097 0.469618 -0.055923
vn 0.881097 0.469618 -0.055923
vn 0.108255 0.400099 -0.910056
vn 0.108255 0.400099 -0.910056
vn -0.291386 0.289678 -0.911691
vn -0.291386 0.289678 -0.911691
vn -0.734773 0.162874 -0.658469
vn -0.734773 0.162874 -0.658469
vn -0.657747 -0.113454 0.744646
vn -0.657747 -0.113454 0.744646
vn -0.523193 -0.104866 0.845738
vn -0.523193 -0.104866 0.845738
vn 0.320729 0.130482 0.93814
vn 0.320729 0.130482 0.93814
vn 0.884224 0.439201 0.158904
vn 0.884224 0.439201 0.158904
vn 0.876497 0.478181 -0.055631
vn 0.876497 0.478181 -0.055631
vn 0.108007 0.404871 -0.907972
vn 0.108007 0.404871 -0.907972
vn -0.291392 0.289618 -0.911708
vn -0.291392 0.289618 -0.911708
vn -0.735772 0.154522 -0.659365
vn -0.735772 0.154522 -0.659365
vn -0.656438 -0.129603 0.743164
vn -0.656438 -0.129603 0.743164
vn -0.522311 -0.119703 0.844312
vn -0.522311 -0.119703 0.844312
vn 0.320114 0.144196 0.936341
vn 0.903201 0.397345 0.162314
vn 0.899665 0.432831 -0.057102
vn 0.109315 0.378892 -0.918962
vn -0.291628 0.287044 -0.912447
vn -0.731045 0.190732 -0.655129
vn -0.661036 -0.054538 0.74837
vn -0.52541 -0.050969 0.849321
vn 0.038977 0.167238 0.985146
vn 0.038977 0.167238 0.985146
vn 0.93241 0.295583 0.207946
vn 0.93241 0.295583 0.207946
vn 0.849851 0.215379 -0.481003
vn 0.849851 0.215379 -0.481003
vn 0.51543 0.121009 -0.848344
vn 0.51543 0.121009 -0.848344
vn -0.582219 -0.08227 -0.808859
vn -0.582219 -0.08227 -0.808859
vn -0.736128 -0.096274 -0.66996
vn -0.736128 -0.096274 -0.66996
vn -0.902736 -0.017224 0.42985
vn -0.902736 -0.017224 0.42985
vn -0.091702 0.143229 0.985432
vn -0.091702 0.143229 0.985432
vn 0.039346 0.097476 0.99446
vn 0.039346 0.097476 0.99446
vn 0.932032 0.296834 0.207862
vn 0.932032 0.296834 0.207862
vn 0.833237 0.288632 -0.4716
vn 0.833237 0.288632 -0.4716
vn 0.503145 0.247092 -0.828125
vn 0.503145 0.247092 -0.828125
vn -0.582175 0.083179 -0.808798
vn -0.582175 0.083179 -0.808798
vn -0.738202 0.060654 -0.671847
vn -0.738202 0.060654 -0.671847
vn -0.902467 0.029883 0.429721
vn -0.902467 0.029883 0.429721
vn -0.092376 0.077908 0.992672
vn -0.092376 0.077908 0.992672
vn 0.039534 -0.000555 0.999218
vn 0.039534 -0.000555 0.999218
vn 0.933923 0.290526 0.208284
vn 0.933923 0.290526 0.208284
vn 0.808841 0.369057 -0.457792
vn 0.808841 0.369057 -0.457792
vn 0.479092 0.385595 -0.788535
vn 0.479092 0.385595 -0.788535
vn -0.561236 0.277613 -0.779708
vn -0.561236 0.277613 -0.779708
vn -0.716619 0.247159 -0.652204
vn -0.716619 0.247159 -0.652204
vn -0.899918 0.080798 0.428508
vn -0.899918 0.080798 0.428508
vn -0.092649 -0.013779 0.995604
vn -0.092649 -0.013779 0.995604
vn 0.039414 -0.077779 0.996191
vn 0.039414 -0.077779 0.996191
vn 0.933463 0.292075 0.208181
vn 0.933463 0.292075 0.208181
vn 0.783077 0.436298 -0.44321
vn 0.783077 0.436298 -0.44321
vn 0.45262 0.490064 -0.744965
vn 0.45262 0.490064 -0.744965
vn -0.528938 0.424546 -0.734837
vn -0.528938 0.424546 -0.734837
vn -0.680454 0.391743 -0.61929
vn -0.680454 0.391743 -0.61929
vn -0.89507 0.13116 0.426199
vn -0.89507 0.13116 0.426199
vn -0.092319 -0.085396 0.992061
vn -0.092319 -0.085396 0.992061
vn 0.03938 -0.088133 0.99533
vn 0.03938 -0.088133 0.99533
vn 0.925787 0.316684 0.206469
vn 0.925787 0.316684 0.206469
vn 0.764329 0.478183 -0.432599
vn 0.764329 0.478183 -0.432599
vn 0.436752 0.540836 -0.718849
vn 0.436752 0.540836 -0.718849
vn -0.509144 0.490351 -0.707339
vn -0.509144 0.490351 -0.707339
vn -0.65705 0.459013 -0.59799
vn -0.65705 0.459013 -0.59799
vn -0.888445 0.178039 0.423045
vn -0.888445 0.178039 0.423045
vn -0.092251 -0.093635 0.991324
vn -0.092251 -0.093635 0.991324
vn 0.039534 -0.002994 0.999214
vn 0.039534 -0.002994 0.999214
vn 0.906212 0.371394 0.202103
vn 0.906212 0.371394 0.202103
vn 0.758459 0.490368 -0.429277
vn 0.758459 0.490368 -0.429277
vn 0.439019 0.533985 -0.72258
vn 0.439019 0.533985 -0.72258
vn -0.515863 0.469325 -0.716672
vn -0.515863 0.469325 -0.716672
vn -0.66364 0.44134 -0.603988
vn -0.66364 0.44134 -0.603988
vn -0.880859 0.219463 0.419432
vn -0.880859 0.219463 0.419432
vn -0.092652 -0.011352 0.995634
vn -0.092652 -0.011352 0.995634
vn 0.03891 0.176927 0.983455
vn 0.03891 0.176927 0.983455
vn 0.871815 0.449593 0.194432
vn 0.871815 0.449593 0.194432
vn 0.766649 0.473255 -0.433912
vn 0.766649 0.473255 -0.433912
vn 0.459832 0.464493 -0.756836
vn 0.459832 0.464493 -0.756836
vn -0.547661 0.348102 -0.76085
vn -0.547661 0.348102 -0.76085
vn -0.698625 0.328095 -0.635828
vn -0.698625 0.328095 -0.635828
vn -0.873213 0.254198 0.415792
vn -0.873213 0.254198 0.415792
vn -0.091442 0.161443 0.982637
vn -0.091442 0.161443 0.982637
vn 0.036301 0.396038 0.917516
vn 0.036301 0.396038 0.917516
vn 0.825071 0.534228 0.184007
vn 0.825071 0.534228 0.184007
vn 0.7848 0.432189 -0.444186
vn 0.7848 0.432189 -0.444186
vn 0.490449 0.328395 -0.807228
vn 0.490449 0.328395 -0.807228
vn -0.580209 0.116672 -0.806067
vn -0.580209 0.116672 -0.806067
vn -0.734655 0.115028 -0.668619
vn -0.734655 0.115028 -0.668619
vn -0.865995 0.282871 0.412355
vn -0.865995 0.282871 0.412355
vn -0.08592 0.374356 0.923296
vn -0.08592 0.374356 0.923296
vn 0.032158 0.58165 0.812803
vn 0.766823 0.618656 0.171017
vn 0.799095 0.396098 -0.452276
vn 0.511843 0.168255 -0.842441
vn -0.578283 -0.141957 -0.803391
vn -0.734253 -0.119624 -0.668253
vn -0.853133 0.327323 0.40623
vn -0.076796 0.559521 0.825251
vn 0.486627 0.051323 0.872101
vn 0.486627 0.051323 0.872101
vn 0.666847 0.049427 0.743553
vn 0.666847 0.049427 0.743553
vn 0.713838 0.025546 -0.699845
vn 0.713838 0.025546 -0.699845
vn 0.36296 0.019551 -0.9316
vn 0.36296 0.019551 -0.9316
vn -0.157033 0.027488 -0.987211
vn -0.157033 0.027488 -0.987211
vn -0.996212 0.059488 -0.063422
vn -0.996212 0.059488 -0.063422
vn -0.990106 0.062574 0.125597
vn -0.990106 0.062574 0.125597
vn -0.270955 0.066597 0.960286
vn -0.270955 0.066597 0.960286
vn 0.486799 0.043919 0.872409
vn 0.486799 0.043919 0.872409
vn 0.667208 0.03694 0.743955
vn 0.667208 0.03694 0.743955
vn 0.713796 0.027761 -0.699804
vn 0.713796 0.027761 -0.699804
vn 0.362791 0.036202 -0.931167
vn 0.362791 0.036202 -0.931167
vn -0.156719 0.068878 -0.985239
vn -0.156719 0.068878 -0.985239
vn -0.989506 0.130039 -0.062995
vn -0.989506 0.130039 -0.062995
vn -0.983537 0.130727 0.124764
vn -0.983537 0.130727 0.124764
vn -0.270361 0.093766 0.958182
vn -0.270361 0.093766 0.958182
vn 0.48656 0.053934 0.871981
vn 0.48656 0.053934 0.871981
vn 0.666982 0.045173 0.743703
vn 0.666982 0.045173 0.743703
vn 0.713352 0.044861 -0.699369
vn 0.713352 0.044861 -0.699369
vn 0.362399 0.058873 -0.930162
vn 0.362399 0.058873 -0.930162
vn -0.156219 0.105267 -0.982097
vn -0.156219 0.105267 -0.982097
vn -0.981237 0.182403 -0.062469
vn -0.981237 0.182403 -0.062469
vn -0.975524 0.18177 0.123747
vn -0.975524 0.18177 0.123747
vn -0.269487 0.123265 0.955083
vn -0.269487 0.123265 0.955083
vn 0.485489 0.0854 0.870062
vn 0.485489 0.0854 0.870062
vn 0.665538 0.079722 0.742094
vn 0.665538 0.079722 0.742094
vn 0.711868 0.078489 -0.697914
vn 0.711868 0.078489 -0.697914
vn 0.361717 0.084934 -0.928411
vn 0.361717 0.084934 -0.928411
vn -0.155809 0.127526 -0.979521
vn -0.155809 0.127526 -0.979521
vn -0.977611 0.201006 -0.062238
vn -0.977611 0.201006 -0.062238
vn -0.971871 0.200667 0.123284
vn -0.971871 0.200667 0.123284
vn -0.268493 0.149802 0.951562
vn -0.268493 0.149802 0.951562
vn 0.482768 0.135614 0.865184
vn 0.482768 0.135614 0.865184
vn 0.661293 0.137812 0.73736
vn 0.661293 0.137812 0.73736
vn 0.70845 0.125229 -0.694562
vn 0.70845 0.125229 -0.694562
vn 0.360787 0.110962 -0.926024
vn 0.360787 0.110962 -0.926024
vn -0.155732 0.131283 -0.979036
vn -0.155732 0.131283 -0.979036
vn -0.981569 0.1806 -0.06249
vn -0.981569 0.1806 -0.06249
vn -0.975431 0.182276 0.123735
vn -0.975431 0.182276 0.123735
vn -0.267633 0.169398 0.948513
vn -0.267633 0.169398 0.948513
vn 0.477925 0.194894 0.856507
vn 0.477925 0.194894 0.856507
vn 0.653097 0.207743 0.728222
vn 0.653097 0.207743 0.728222
vn 0.70283 0.176737 -0.689053
vn 0.70283 0.176737 -0.689053
vn 0.359791 0.133262 -0.923467
vn 0.359791 0.133262 -0.923467
vn -0.156002 0.117575 -0.980734
vn -0.156002 0.117575 -0.980734
vn -0.990006 0.126158 -0.063027
vn -0.990006 0.126158 -0.063027
vn -0.983464 0.131281 0.124754
vn -0.983464 0.131281 0.124754
vn -0.267121 0.180015 0.9467
vn -0.267121 0.180015 0.9467
vn 0.471866 0.249447 0.845647
vn 0.471866 0.249447 0.845647
vn 0.642391 0.272528 0.716284
vn 0.642391 0.272528 0.716284
vn 0.696239 0.22208 -0.682591
vn 0.696239 0.22208 -0.682591
vn 0.358995 0.148666 -0.921423
vn 0.358995 0.148666 -0.921423
vn -0.156417 0.092621 -0.983339
vn -0.156417 0.092621 -0.983339
vn -0.996533 0.053818 -0.063443
vn -0.996533 0.053818 -0.063443
vn -0.990083 0.062946 0.125594
vn -0.990083 0.062946 0.125594
vn -0.26703 0.181845 0.946376
vn -0.26703 0.181845 0.946376
vn 0.466843 0.286502 0.836645
vn 0.466843 0.286502 0.836645
vn 0.633299 0.316685 0.706146
vn 0.633299 0.316685 0.706146
vn 0.691094 0.251635 -0.677547
vn 0.691094 0.251635 -0.677547
vn 0.358598 0.155768 -0.920404
vn 0.358598 0.155768 -0.920404
vn -0.156737 0.067169 -0.985354
vn -0.156737 0.067169 -0.985354
vn -0.997925 -0.010422 -0.063531
vn -0.997925 -0.010422 -0.063531
vn -0.992048 0.001902 0.125843
vn -0.992048 0.001902 0.125843
vn -0.267233 0.177748 0.947097
vn -0.267233 0.177748 0.947097
vn 0.464076 0.304849 0.831686
vn 0.62844 0.337701 0.700729
vn 0.687943 0.268033 -0.674458
vn 0.358153 0.163353 -0.919262
vn -0.156783 0.062664 -0.985643
vn -0.997553 -0.029229 -0.063508
vn -0.991927 -0.015739 0.125828
vn -0.267046 0.18152 0.946434
vn 0.049879 0.159103 0.986001
vn 0.049879 0.159103 0.986001
vn 0.9516 0.022221 0.306534
vn 0.9516 0.022221 0.306534
vn 0.808796 -0.076633 -0.583075
vn 0.808796 -0.076633 -0.583075
vn 0.555909 -0.084067 -0.826982
vn 0.555909 -0.084067 -0.826982
vn -0.566092 0.018274 -0.82414
vn -0.566092 0.018274 -0.82414
vn -0.792325 0.06608 -0.60651
vn -0.792325 0.06608 -0.60651
vn -0.924575 0.194351 0.327703
vn -0.924575 0.194351 0.327703
vn -0.056424 0.168471 0.98409
vn -0.056424 0.168471 0.98409
vn 0.050323 0.088711 0.994785
vn 0.050323 0.088711 0.994785
vn 0.951441 0.02877 0.306483
vn 0.951441 0.02877 0.306483
vn 0.811096 0.014523 -0.584733
vn 0.811096 0.014523 -0.584733
vn 0.55761 0.031282 -0.829513
vn 0.55761 0.031282 -0.829513
vn -0.560903 0.136289 -0.816586
vn -0.560903 0.136289 -0.816586
vn -0.783345 0.163727 -0.599636
vn -0.783345 0.163727 -0.599636
vn -0.922523 0.205032 0.326975
vn -0.922523 0.205032 0.326975
vn -0.056962 0.098786 0.993477
vn -0.056962 0.098786 0.993477
vn 0.050483 -0.039717 0.997935
vn 0.050483 -0.039717 0.997935
vn 0.951642 0.020146 0.306548
vn 0.951642 0.020146 0.306548
vn 0.802863 0.142842 -0.578798
vn 0.802863 0.142842 -0.578798
vn 0.546983 0.196712 -0.813704
vn 0.546983 0.196712 -0.813704
vn -0.540364 0.298555 -0.786684
vn -0.540364 0.298555 -0.786684
vn -0.75861 0.29546 -0.580701
vn -0.75861 0.29546 -0.580701
vn -0.92271 0.204082 0.327042
vn -0.92271 0.204082 0.327042
vn -0.057218 -0.0288 0.997946
vn -0.057218 -0.0288 0.997946
vn 0.04978 -0.170772 0.984052
vn 0.04978 -0.170772 0.984052
vn 0.951803 0.008292 0.306599
vn 0.951803 0.008292 0.306599
vn 0.782319 0.264379 -0.563987
vn 0.782319 0.264379 -0.563987
vn 0.523065 0.347747 -0.778123
vn 0.523065 0.347747 -0.778123
vn -0.508604 0.439388 -0.740446
vn -0.508604 0.439388 -0.740446
vn -0.72334 0.412544 -0.553703
vn -0.72334 0.412544 -0.553703
vn -0.923458 0.200238 0.327307
vn -0.923458 0.200238 0.327307
vn -0.056509 -0.159569 0.985568
vn -0.056509 -0.159569 0.985568
vn 0.04898 -0.245226 0.968228
vn 0.04898 -0.245226 0.968228
vn 0.951802 0.008333 0.306599
vn 0.951802 0.008333 0.306599
vn 0.762444 0.341401 -0.549659
vn 0.762444 0.341401 -0.549659
vn 0.501874 0.436707 -0.746598
vn 0.501874 0.436707 -0.746598
vn -0.483894 0.519196 -0.704473
vn -0.483894 0.519196 -0.704473
vn -0.695564 0.482386 -0.532441
vn -0.695564 0.482386 -0.532441
vn -0.922542 0.204937 0.326982
vn -0.922542 0.204937 0.326982
vn -0.055651 -0.23411 0.970616
vn -0.055651 -0.23411 0.970616
vn 0.049223 -0.225347 0.973034
vn 0.049223 -0.225347 0.973034
vn 0.951311 0.033178 0.306441
vn 0.951311 0.033178 0.306441
vn 0.758296 0.355162 -0.546669
vn 0.758296 0.355162 -0.546669
vn 0.499002 0.447158 -0.742326
vn 0.499002 0.447158 -0.742326
vn -0.48085 0.527946 -0.70004
vn -0.48085 0.527946 -0.70004
vn -0.690818 0.493084 -0.528808
vn -0.690818 0.493084 -0.528808
vn -0.917744 0.227901 0.325281
vn -0.917744 0.227901 0.325281
vn -0.055915 -0.214097 0.975211
vn -0.055915 -0.214097 0.975211
vn 0.050329 -0.087487 0.994893
vn 0.050329 -0.087487 0.994893
vn 0.948088 0.088648 0.305403
vn 0.948088 0.088648 0.305403
vn 0.774507 0.297285 -0.558355
vn 0.774507 0.297285 -0.558355
vn 0.518689 0.368205 -0.771613
vn 0.518689 0.368205 -0.771613
vn -0.503874 0.456071 -0.73356
vn -0.503874 0.456071 -0.73356
vn -0.71407 0.437408 -0.546607
vn -0.71407 0.437408 -0.546607
vn -0.906801 0.272786 0.321403
vn -0.906801 0.272786 0.321403
vn -0.057076 -0.076113 0.995464
vn -0.057076 -0.076113 0.995464
vn 0.049863 0.161044 0.985687
vn 0.049863 0.161044 0.985687
vn 0.937869 0.17068 0.302111
vn 0.937869 0.17068 0.302111
vn 0.799793 0.166975 -0.576585
vn 0.799793 0.166975 -0.576585
vn 0.548109 0.186368 -0.815379
vn 0.548109 0.186368 -0.815379
vn -0.542825 0.284289 -0.790266
vn -0.542825 0.284289 -0.790266
vn -0.755663 0.307204 -0.578446
vn -0.755663 0.307204 -0.578446
vn -0.887937 0.335441 0.314717
vn -0.887937 0.335441 0.314717
vn -0.056399 0.17096 0.983663
vn -0.056399 0.17096 0.983663
vn 0.045478 0.435558 0.899011
vn 0.914296 0.27807 0.294518
vn 0.811179 0.002155 -0.584793
vn 0.556945 -0.057964 -0.828524
vn -0.565805 0.036714 -0.823722
vn -0.78757 0.127596 -0.60287
vn -0.857008 0.416258 0.303754
vn -0.051346 0.442019 0.895535
vn 0.491164 0.179918 0.852284
vn 0.491164 0.179918 0.852284
vn 0.885427 0.128326 0.446711
vn 0.885427 0.128326 0.446711
vn 0.981385 0.051185 -0.185103
vn 0.981385 0.051185 -0.185103
vn 0.040264 -0.074748 -0.996389
vn 0.040264 -0.074748 -0.996389
vn -0.112138 -0.07383 -0.990946
vn -0.112138 -0.07383 -0.990946
vn -0.883523 0.021557 -0.467891
vn -0.883523 0.021557 -0.467891
vn -0.711309 0.159405 0.684565
vn -0.711309 0.159405 0.684565
vn -0.577925 0.171889 0.797783
vn -0.577925 0.171889 0.797783
vn 0.489174 0.200492 0.84883
vn 0.489174 0.200492 0.84883
vn 0.880443 0.16586 0.444196
vn 0.880443 0.16586 0.444196
vn 0.976634 0.110695 -0.184206
vn 0.976634 0.110695 -0.184206
vn 0.040372 -0.016069 -0.999056
vn 0.040372 -0.016069 -0.999056
vn -0.112429 -0.017196 -0.993511
vn -0.112429 -0.017196 -0.993511
vn -0.881642 0.06868 -0.466895
vn -0.881642 0.06868 -0.466895
vn -0.710034 0.169999 0.683338
vn -0.710034 0.169999 0.683338
vn -0.577085 0.1799 0.796623
vn -0.577085 0.1799 0.796623
vn 0.490176 0.190424 0.850568
vn 0.490176 0.190424 0.850568
vn 0.873881 0.204824 0.440885
vn 0.873881 0.204824 0.440885
vn 0.960965 0.209032 -0.181251
vn 0.960965 0.209032 -0.181251
vn 0.040149 0.106055 -0.993549
vn 0.040149 0.106055 -0.993549
vn -0.111896 0.098698 -0.988806
vn -0.111896 0.098698 -0.988806
vn -0.876706 0.125813 -0.464281
vn -0.876706 0.125813 -0.464281
vn -0.714551 0.128478 0.687685
vn -0.714551 0.128478 0.687685
vn -0.581476 0.132603 0.802684
vn -0.581476 0.132603 0.802684
vn 0.492999 0.158517 0.855467
vn 0.492999 0.158517 0.855467
vn 0.86686 0.23934 0.437344
vn 0.86686 0.23934 0.437344
vn 0.932095 0.316689 -0.175806
vn 0.932095 0.316689 -0.175806
vn 0.039073 0.25209 -0.966915
vn 0.039073 0.25209 -0.966915
vn -0.109232 0.237352 -0.965263
vn -0.109232 0.237352 -0.965263
vn -0.868987 0.181892 -0.460193
vn -0.868987 0.181892 -0.460193
vn -0.719547 0.052012 0.692493
vn -0.719547 0.052012 0.692493
vn -0.585971 0.048335 0.808889
vn -0.585971 0.048335 0.808889
vn 0.495547 0.122576 0.859889
vn 0.495547 0.122576 0.859889
vn 0.860714 0.265717 0.434242
vn 0.860714 0.265717 0.434242
vn 0.899348 0.402987 -0.169629
vn 0.899348 0.402987 -0.169629
vn 0.037485 0.37166 -0.927612
vn 0.037485 0.37166 -0.927612
vn -0.10525 0.351958 -0.930079
vn -0.10525 0.351958 -0.930079
vn -0.860672 0.226935 -0.45579
vn -0.860672 0.226935 -0.45579
vn -0.720276 -0.026165 0.693194
vn -0.720276 -0.026165 0.693194
vn -0.586252 -0.037116 0.809278
vn -0.586252 -0.037116 0.809278
vn 0.496564 0.104767 0.861654
vn 0.496564 0.104767 0.861654
vn 0.856414 0.282611 0.432073
vn 0.856414 0.282611 0.432073
vn 0.877921 0.44926 -0.165588
vn 0.877921 0.44926 -0.165588
vn 0.036389 0.433313 -0.900508
vn 0.036389 0.433313 -0.900508
vn -0.102468 0.411807 -0.905492
vn -0.102468 0.411807 -0.905492
vn -0.854678 0.254294 -0.452615
vn -0.854678 0.254294 -0.452615
vn -0.718887 -0.067335 0.691858
vn -0.718887 -0.067335 0.691858
vn -0.584665 -0.082327 0.807087
vn -0.584665 -0.082327 0.807087
vn 0.495463 0.123935 0.859742
vn 0.495463 0.123935 0.859742
vn 0.854209 0.290859 0.430961
vn 0.854209 0.290859 0.430961
vn 0.878584 0.447918 -0.165713
vn 0.878584 0.447918 -0.165713
vn 0.03655 0.424934 -0.904486
vn 0.03655 0.424934 -0.904486
vn -0.102854 0.404122 -0.908904
vn -0.102854 0.404122 -0.908904
vn -0.85296 0.261577 -0.451705
vn -0.85296 0.261577 -0.451705
vn -0.719898 -0.041603 0.692832
vn -0.719898 -0.041603 0.692832
vn -0.585739 -0.055892 0.80857
vn -0.585739 -0.055892 0.80857
vn 0.490356 0.188552 0.850881
vn 0.490356 0.188552 0.850881
vn 0.85339 0.29386 0.430548
vn 0.85339 0.29386 0.430548
vn 0.902287 0.396125 -0.170184
vn 0.902287 0.396125 -0.170184
vn 0.038016 0.336916 -0.940767
vn 0.038016 0.336916 -0.940767
vn -0.106521 0.320295 -0.94131
vn -0.106521 0.320295 -0.94131
vn -0.855319 0.251519 -0.452955
vn -0.855319 0.251519 -0.452955
vn -0.719003 0.064901 0.69197
vn -0.719003 0.064901 0.69197
vn -0.585708 0.056835 0.808527
vn -0.585708 0.056835 0.808527
vn 0.475898 0.30263 0.825794
vn 0.848982 0.309464 0.428324
vn 0.93409 0.310542 -0.176182
vn 0.03975 0.175543 -0.983669
vn -0.110819 0.169436 -0.979291
vn -0.856391 0.246805 -0.453522
vn -0.697783 0.249246 0.671547
vn -0.567851 0.251162 0.783877
vn 0.197926 0.190806 0.961467
vn 0.197926 0.190806 0.961467
vn 0.810633 0.012072 0.58543
vn 0.810633 0.012072 0.58543
vn 0.660457 -0.202882 -0.722936
vn 0.660457 -0.202882 -0.722936
vn 0.561031 -0.197642 -0.803855
vn 0.561031 -0.197642 -0.803855
vn -0.415303 0.003331 -0.909677
vn -0.415303 0.003331 -0.909677
vn -0.929561 0.225327 -0.291795
vn -0.929561 0.225327 -0.291795
vn -0.949272 0.299769 0.094979
vn -0.949272 0.299769 0.094979
vn -0.063724 0.248585 0.966512
vn -0.063724 0.248585 0.966512
vn 0.19608 0.233016 0.9525
vn 0.19608 0.233016 0.9525
vn 0.809435 0.055669 0.584565
vn 0.809435 0.055669 0.584565
vn 0.663151 -0.182541 -0.725885
vn 0.663151 -0.182541 -0.725885
vn 0.563175 -0.178055 -0.806927
vn 0.563175 -0.178055 -0.806927
vn -0.414987 0.039149 -0.908985
vn -0.414987 0.039149 -0.908985
vn -0.918049 0.272282 -0.288181
vn -0.918049 0.272282 -0.288181
vn -0.932254 0.349575 0.093277
vn -0.932254 0.349575 0.093277
vn -0.062908 0.292659 0.954145
vn -0.062908 0.292659 0.954145
vn 0.196316 0.228078 0.953646
vn 0.196316 0.228078 0.953646
vn 0.804631 0.122051 0.581096
vn 0.804631 0.122051 0.581096
vn 0.673402 -0.05662 -0.737106
vn 0.673402 -0.05662 -0.737106
vn 0.571469 -0.054519 -0.818811
vn 0.571469 -0.054519 -0.818811
vn -0.412555 0.1149 -0.903657
vn -0.412555 0.1149 -0.903657
vn -0.91572 0.280766 -0.28745
vn -0.91572 0.280766 -0.28745
vn -0.936649 0.3375 0.093716
vn -0.936649 0.3375 0.093716
vn -0.063283 0.273336 0.959835
vn -0.063283 0.273336 0.959835
vn 0.198345 0.179777 0.963504
vn 0.198345 0.179777 0.963504
vn 0.794717 0.197541 0.573936
vn 0.794717 0.197541 0.573936
vn 0.666845 0.150075 -0.729928
vn 0.666845 0.150075 -0.729928
vn 0.565981 0.148426 -0.810947
vn 0.565981 0.148426 -0.810947
vn -0.405782 0.212918 -0.888823
vn -0.405782 0.212918 -0.888823
vn -0.923066 0.252964 -0.289756
vn -0.923066 0.252964 -0.289756
vn -0.958672 0.267858 0.09592
vn -0.958672 0.267858 0.09592
vn -0.064518 0.195608 0.978558
vn -0.064518 0.195608 0.978558
vn 0.200498 0.105839 0.97396
vn 0.200498 0.105839 0.97396
vn 0.781568 0.265627 0.56444
vn 0.781568 0.265627 0.56444
vn 0.629698 0.358316 -0.689268
vn 0.629698 0.358316 -0.689268
vn 0.535346 0.353601 -0.767053
vn 0.535346 0.353601 -0.767053
vn -0.395296 0.306653 -0.865855
vn -0.395296 0.306653 -0.865855
vn -0.93443 0.201996 -0.293323
vn -0.93443 0.201996 -0.293323
vn -0.982049 0.161011 0.098259
vn -0.982049 0.161011 0.098259
vn -0.065561 0.083051 0.994386
vn -0.065561 0.083051 0.994386
vn 0.201491 0.037174 0.978785
vn 0.201491 0.037174 0.978785
vn 0.770082 0.312531 0.556145
vn 0.770082 0.312531 0.556145
vn 0.58611 0.494853 -0.641557
vn 0.58611 0.494853 -0.641557
vn 0.499245 0.488939 -0.715327
vn 0.499245 0.488939 -0.715327
vn -0.385398 0.372613 -0.844173
vn -0.385398 0.372613 -0.844173
vn -0.943096 0.151423 -0.296043
vn -0.943096 0.151423 -0.296043
vn -0.993224 0.060244 0.099377
vn -0.993224 0.060244 0.099377
vn -0.065777 -0.018978 0.997654
vn -0.065777 -0.018978 0.997654
vn 0.201623 0.008277 0.979428
vn 0.201623 0.008277 0.979428
vn 0.765183 0.330333 0.552607
vn 0.765183 0.330333 0.552607
vn 0.566931 0.541749 -0.620562
vn 0.566931 0.541749 -0.620562
vn 0.483299 0.535626 -0.692479
vn 0.483299 0.535626 -0.692479
vn -0.381092 0.397459 -0.834742
vn -0.381092 0.397459 -0.834742
vn -0.946048 0.129625 -0.29697
vn -0.946048 0.129625 -0.29697
vn -0.994878 0.01756 0.099543
vn -0.994878 0.01756 0.099543
vn -0.065665 -0.061303 0.995957
vn -0.065665 -0.061303 0.995957
vn 0.201426 0.045026 0.978468
vn 0.201426 0.045026 0.978468
vn 0.768709 0.317632 0.555154
vn 0.768709 0.317632 0.555154
vn 0.585915 0.495362 -0.641342
vn 0.585915 0.495362 -0.641342
vn 0.499099 0.489396 -0.715117
vn 0.499099 0.489396 -0.715117
vn -0.384808 0.376133 -0.84288
vn -0.384808 0.376133 -0.84288
vn -0.941844 0.159755 -0.29565
vn -0.941844 0.159755 -0.29565
vn -0.992549 0.0706 0.099309
vn -0.992549 0.0706 0.099309
vn -0.065785 -0.010018 0.997784
vn -0.065785 -0.010018 0.997784
vn 0.19878 0.167546 0.965616
vn 0.774842 0.294087 0.559583
vn 0.6344 0.339594 -0.694415
vn 0.539316 0.334677 -0.772741
vn -0.393202 0.321886 -0.861267
vn -0.920528 0.262927 -0.288959
vn -0.965573 0.241526 0.09661
vn -0.064971 0.15721 0.985426
vn 0.579989 0.149062 0.800871
vn 0.579989 0.149062 0.800871
vn 0.714012 0.151236 0.683604
vn 0.714012 0.151236 0.683604
vn 0.88301 0.077909 -0.462843
vn 0.88301 0.077909 -0.462843
vn 0.110242 -0.04114 -0.993053
vn 0.110242 -0.04114 -0.993053
vn -0.040099 -0.053474 -0.997764
vn -0.040099 -0.053474 -0.997764
vn -0.98085 -0.050108 -0.188207
vn -0.98085 -0.050108 -0.188207
vn -0.890613 0.006685 0.454713
vn -0.890613 0.006685 0.454713
vn -0.500169 0.070109 0.863085
vn -0.500169 0.070109 0.863085
vn 0.585956 -0.044668 0.809111
vn 0.585956 -0.044668 0.809111
vn 0.721969 -0.031185 0.691222
vn 0.721969 -0.031185 0.691222
vn 0.881588 0.096268 -0.462098
vn 0.881588 0.096268 -0.462098
vn 0.109311 0.135982 -0.984662
vn 0.109311 0.135982 -0.984662
vn -0.03978 0.136626 -0.989824
vn -0.03978 0.136626 -0.989824
vn -0.979927 0.066237 -0.18803
vn -0.979927 0.066237 -0.18803
vn -0.890625 -0.004149 0.454719
vn -0.890625 -0.004149 0.454719
vn -0.50082 -0.048225 0.864207
vn -0.50082 -0.048225 0.864207
vn 0.583587 -0.10024 0.80584
vn 0.583587 -0.10024 0.80584
vn 0.719797 -0.083517 0.689142
vn 0.719797 -0.083517 0.689142
vn 0.880862 0.104405 -0.461717
vn 0.880862 0.104405 -0.461717
vn 0.10835 0.188885 -0.976004
vn 0.10835 0.188885 -0.976004
vn -0.0394 0.193193 -0.980369
vn -0.0394 0.193193 -0.980369
vn -0.97684 0.103198 -0.187437
vn -0.97684 0.103198 -0.187437
vn -0.890622 -0.004953 0.454718
vn -0.890622 -0.004953 0.454718
vn -0.499755 -0.081008 0.86237
vn -0.499755 -0.081008 0.86237
vn 0.581409 0.132001 0.802832
vn 0.581409 0.132001 0.802832
vn 0.715617 0.135926 0.68514
vn 0.715617 0.135926 0.68514
vn 0.882029 0.090973 -0.462329
vn 0.882029 0.090973 -0.462329
vn 0.110331 -0.009665 -0.993848
vn 0.110331 -0.009665 -0.993848
vn -0.040148 -0.020258 -0.998988
vn -0.040148 -0.020258 -0.998988
vn -0.981798 -0.024145 -0.188389
vn -0.981798 -0.024145 -0.188389
vn -0.890536 0.014749 0.454674
vn -0.890536 0.014749 0.454674
vn -0.500394 0.0634 0.863473
vn -0.500394 0.0634 0.863473
vn 0.522911 0.45299 0.722055
vn 0.522911 0.45299 0.722055
vn 0.648286 0.441006 0.620677
vn 0.648286 0.441006 0.620677
vn 0.883653 0.06798 -0.46318
vn 0.883653 0.06798 -0.46318
vn 0.104611 -0.31792 -0.942329
vn 0.104611 -0.31792 -0.942329
vn -0.037658 -0.347233 -0.937022
vn -0.037658 -0.347233 -0.937022
vn -0.956881 -0.225093 -0.183607
vn -0.956881 -0.225093 -0.183607
vn -0.889722 0.045212 0.454258
vn -0.889722 0.045212 0.454258
vn -0.480891 0.283097 0.829819
vn -0.480891 0.283097 0.829819
vn 0.486887 0.557617 0.672312
vn 0.486887 0.557617 0.672312
vn 0.606634 0.542833 0.580799
vn 0.606634 0.542833 0.580799
vn 0.883881 0.064086 -0.4633
vn 0.883881 0.064086 -0.4633
vn 0.09989 -0.424704 -0.899805
vn 0.09989 -0.424704 -0.899805
vn -0.03571 -0.45741 -0.888539
vn -0.03571 -0.45741 -0.888539
vn -0.937262 -0.298657 -0.179843
vn -0.937262 -0.298657 -0.179843
vn -0.888846 0.063313 0.453811
vn -0.888846 0.063313 0.453811
vn -0.465802 0.370087 0.803781
vn -0.465802 0.370087 0.803781
vn 0.54745 0.358961 0.75594
vn 0.54745 0.358961 0.75594
vn 0.676023 0.352252 0.647233
vn 0.676023 0.352252 0.647233
vn 0.88122 0.100472 -0.461905
vn 0.88122 0.100472 -0.461905
vn 0.108311 -0.1907 -0.975655
vn 0.108311 -0.1907 -0.975655
vn -0.03922 -0.214742 -0.975883
vn -0.03922 -0.214742 -0.975883
vn -0.974021 -0.127878 -0.186896
vn -0.974021 -0.127878 -0.186896
vn -0.889291 0.05487 0.454038
vn -0.889291 0.05487 0.454038
vn -0.488921 0.221741 0.843675
vn -0.488921 0.221741 0.843675
vn 0.573767 -0.207566 0.79228
vn 0.573767 -0.207566 0.79228
vn 0.710289 -0.181761 0.680039
vn 0.710289 -0.181761 0.680039
vn 0.872395 0.172693 -0.457279
vn 0.872395 0.172693 -0.457279
vn 0.103339 0.350446 -0.930865
vn 0.103339 0.350446 -0.930865
vn -0.037421 0.362782 -0.931123
vn -0.037421 0.362782 -0.931123
vn -0.952607 0.243164 -0.182787
vn -0.952607 0.243164 -0.182787
vn -0.890066 0.035676 0.454434
vn -0.890066 0.035676 0.454434
vn -0.497307 -0.127564 0.858145
vn -0.497307 -0.127564 0.858145
vn 0.512803 -0.485419 0.708098
vn 0.646725 -0.445375 0.619183
vn 0.831249 0.345224 -0.435712
vn 0.081944 0.669646 -0.738146
vn -0.029142 0.688015 -0.725111
vn -0.815654 0.556968 -0.156509
vn -0.881787 0.140588 0.450207
vn -0.482521 -0.271847 0.83263
vn 0.383652 0.075426 0.920392
vn 0.383652 0.075426 0.920392
vn 0.966556 0.036579 0.253832
vn 0.966556 0.036579 0.253832
vn 0.996465 0.018168 -0.082027
vn 0.996465 0.018168 -0.082027
vn 0.080765 -0.035176 -0.996112
vn 0.080765 -0.035176 -0.996112
vn -0.235373 -0.033206 -0.971338
vn -0.235373 -0.033206 -0.971338
vn -0.787102 -0.00551 -0.616799
vn -0.787102 -0.00551 -0.616799
vn -0.665345 0.067258 0.7435
vn -0.665345 0.067258 0.7435
vn -0.558674 0.07087 0.826354
vn -0.558674 0.07087 0.826354
vn 0.384134 0.056463 0.921549
vn 0.384134 0.056463 0.921549
vn 0.963555 0.086781 0.253044
vn 0.963555 0.086781 0.253044
vn 0.99288 0.086661 -0.081732
vn 0.99288 0.086661 -0.081732
vn 0.080799 0.019957 -0.996531
vn 0.080799 0.019957 -0.996531
vn -0.235502 0.000657 -0.971874
vn -0.235502 0.000657 -0.971874
vn -0.786896 -0.023515 -0.616638
vn -0.786896 -0.023515 -0.616638
vn -0.666823 -0.009707 0.745153
vn -0.666823 -0.009707 0.745153
vn -0.560079 -0.003417 0.828432
vn -0.560079 -0.003417 0.828432
vn 0.384735 -0.008127 0.922991
vn 0.384735 -0.008127 0.922991
vn 0.93908 0.239394 0.246617
vn 0.93908 0.239394 0.246617
vn 0.953183 0.292036 -0.078464
vn 0.953183 0.292036 -0.078464
vn 0.079322 0.1913 -0.978321
vn 0.079322 0.1913 -0.978321
vn -0.234163 0.106486 -0.966348
vn -0.234163 0.106486 -0.966348
vn -0.784283 -0.084728 -0.61459
vn -0.784283 -0.084728 -0.61459
vn -0.645214 -0.252687 0.721005
vn -0.645214 -0.252687 0.721005
vn -0.543838 -0.239089 0.804411
vn -0.543838 -0.239089 0.804411
vn 0.38436 -0.044893 0.922091
vn 0.38436 -0.044893 0.922091
vn 0.915192 0.32351 0.240343
vn 0.915192 0.32351 0.240343
vn 0.913761 0.399229 -0.075219
vn 0.913761 0.399229 -0.075219
vn 0.077425 0.286605 -0.954915
vn 0.077425 0.286605 -0.954915
vn -0.232135 0.168509 -0.957976
vn -0.232135 0.168509 -0.957976
vn -0.78152 -0.119002 -0.612425
vn -0.78152 -0.119002 -0.612425
vn -0.617412 -0.377876 0.689937
vn -0.617412 -0.377876 0.689937
vn -0.522129 -0.361849 0.7723
vn -0.522129 -0.361849 0.7723
vn 0.384732 0.008947 0.922985
vn 0.384732 0.008947 0.922985
vn 0.943497 0.220044 0.247777
vn 0.943497 0.220044 0.247777
vn 0.961083 0.264688 -0.079114
vn 0.961083 0.264688 -0.079114
vn 0.079667 0.167915 -0.982577
vn 0.079667 0.167915 -0.982577
vn -0.234467 0.093693 -0.967599
vn -0.234467 0.093693 -0.967599
vn -0.785304 -0.067778 -0.61539
vn -0.785304 -0.067778 -0.61539
vn -0.652277 -0.207948 0.728898
vn -0.652277 -0.207948 0.728898
vn -0.549277 -0.195473 0.812456
vn -0.549277 -0.195473 0.812456
vn 0.381212 0.135268 0.914538
vn 0.381212 0.135268 0.914538
vn 0.965445 -0.060281 0.25354
vn 0.965445 -0.060281 0.25354
vn 0.98953 -0.119146 -0.081456
vn 0.98953 -0.119146 -0.081456
vn 0.079973 -0.143963 -0.986346
vn 0.079973 -0.143963 -0.986346
vn -0.234438 -0.094965 -0.967482
vn -0.234438 -0.094965 -0.967482
vn -0.785945 0.054474 -0.615892
vn -0.785945 0.054474 -0.615892
vn -0.645511 0.250976 0.721337
vn -0.645511 0.250976 0.721337
vn -0.542538 0.248325 0.802488
vn -0.542538 0.248325 0.802488
vn 0.374071 0.233939 0.897409
vn 0.374071 0.233939 0.897409
vn 0.930871 -0.27151 0.244461
vn 0.930871 -0.27151 0.244461
vn 0.916522 -0.392805 -0.075446
vn 0.916522 -0.392805 -0.075446
vn 0.075259 -0.36437 -0.928208
vn 0.075259 -0.36437 -0.928208
vn -0.228911 -0.234939 -0.944671
vn -0.228911 -0.234939 -0.944671
vn -0.777829 0.153144 -0.609532
vn -0.777829 0.153144 -0.609532
vn -0.563077 0.535748 0.62922
vn -0.563077 0.535748 0.62922
vn -0.476293 0.52614 0.704501
vn -0.476293 0.52614 0.704501
vn 0.375457 0.218426 0.900734
vn 0.375457 0.218426 0.900734
vn 0.949221 -0.191937 0.24928
vn 0.949221 -0.191937 0.24928
vn 0.951077 -0.29887 -0.078291
vn 0.951077 -0.29887 -0.078291
vn 0.077415 -0.287015 -0.954793
vn 0.077415 -0.287015 -0.954793
vn -0.231707 -0.178823 -0.956208
vn -0.231707 -0.178823 -0.956208
vn -0.77942 0.139477 -0.610779
vn -0.77942 0.139477 -0.610779
vn -0.588942 0.469066 0.658122
vn -0.588942 0.469066 0.658122
vn -0.497135 0.460593 0.73533
vn -0.497135 0.460593 0.73533
vn 0.38101 0.139047 0.914055
vn 0.929809 0.275372 0.244182
vn 0.949471 0.303968 -0.078158
vn 0.079105 0.204645 -0.975635
vn -0.23278 0.151624 -0.960637
vn -0.785036 0.072612 -0.61518
vn -0.666621 -0.026463 0.744927
vn -0.559977 -0.019328 0.828282
vn 0.141295 0.06698 0.987699
vn 0.141295 0.06698 0.987699
vn 0.998084 0.004432 0.061717
vn 0.998084 0.004432 0.061717
vn 0.989648 -0.002124 -0.143501
vn 0.989648 -0.002124 -0.143501
vn 0.291101 0.001157 -0.956692
vn 0.291101 0.001157 -0.956692
vn -0.50269 0.035238 -0.863748
vn -0.50269 0.035238 -0.863748
vn -0.663738 0.048436 -0.746395
vn -0.663738 0.048436 -0.746395
vn -0.72135 0.100293 0.68527
vn -0.72135 0.100293 0.68527
vn -0.33981 0.084684 0.936674
vn -0.33981 0.084684 0.936674
vn 0.14159 0.017895 0.989764
vn 0.14159 0.017895 0.989764
vn 0.99222 -0.10833 0.061354
vn 0.99222 -0.10833 0.061354
vn 0.984015 -0.106567 -0.142684
vn 0.984015 -0.106567 -0.142684
vn 0.291097 0.005272 -0.956679
vn 0.291097 0.005272 -0.956679
vn -0.499017 0.125633 -0.857437
vn -0.499017 0.125633 -0.857437
vn -0.656748 0.152472 -0.738535
vn -0.656748 0.152472 -0.738535
vn -0.715685 0.15983 0.679889
vn -0.715685 0.15983 0.679889
vn -0.339581 0.092258 0.936041
vn -0.339581 0.092258 0.936041
vn 0.141033 0.090392 0.98587
vn 0.141033 0.090392 0.98587
vn 0.996816 0.05059 0.061638
vn 0.996816 0.05059 0.061638
vn 0.988811 0.041169 -0.14338
vn 0.988811 0.041169 -0.14338
vn 0.291093 0.007162 -0.956668
vn 0.291093 0.007162 -0.956668
vn -0.502972 0.010987 -0.864233
vn -0.502972 0.010987 -0.864233
vn -0.664389 0.019715 -0.747127
vn -0.664389 0.019715 -0.747127
vn -0.722227 0.087469 0.686103
vn -0.722227 0.087469 0.686103
vn -0.339693 0.088645 0.93635
vn -0.339693 0.088645 0.93635
vn 0.137561 0.237495 0.961599
vn 0.137561 0.237495 0.961599
vn 0.9297 0.363803 0.057488
vn 0.9297 0.363803 0.057488
vn 0.932047 0.336189 -0.135149
vn 0.932047 0.336189 -0.135149
vn 0.291091 0.008091 -0.956661
vn 0.291091 0.008091 -0.956661
vn -0.489057 -0.233836 -0.840324
vn -0.489057 -0.233836 -0.840324
vn -0.641126 -0.262993 -0.720967
vn -0.641126 -0.262993 -0.720967
vn -0.722986 -0.074587 0.686825
vn -0.722986 -0.074587 0.686825
vn -0.339994 0.078094 0.93718
vn -0.339994 0.078094 0.93718
vn 0.134462 0.313756 0.939935
vn 0.134462 0.313756 0.939935
vn 0.864488 0.499804 0.053456
vn 0.864488 0.499804 0.053456
vn 0.874273 0.46859 -0.126772
vn 0.874273 0.46859 -0.126772
vn 0.29108 0.01208 -0.956623
vn 0.29108 0.01208 -0.956623
vn -0.471346 -0.349152 -0.809892
vn -0.471346 -0.349152 -0.809892
vn -0.611255 -0.392276 -0.687376
vn -0.611255 -0.392276 -0.687376
vn -0.716055 -0.156648 0.68024
vn -0.716055 -0.156648 0.68024
vn -0.340062 0.075497 0.937368
vn -0.340062 0.075497 0.937368
vn 0.138023 0.223741 0.964826
vn 0.138023 0.223741 0.964826
vn 0.944339 0.32375 0.058393
vn 0.944339 0.32375 0.058393
vn 0.944465 0.298716 -0.13695
vn 0.944465 0.298716 -0.13695
vn 0.291024 0.022935 -0.956441
vn 0.291024 0.022935 -0.956441
vn -0.495098 -0.176589 -0.850703
vn -0.495098 -0.176589 -0.850703
vn -0.651234 -0.19895 -0.732334
vn -0.651234 -0.19895 -0.732334
vn -0.724713 -0.028407 0.688465
vn -0.724713 -0.028407 0.688465
vn -0.339546 0.093346 0.935946
vn -0.339546 0.093346 0.935946
vn 0.141594 -0.016475 0.989788
vn 0.141594 -0.016475 0.989788
vn 0.974162 -0.21767 0.060237
vn 0.974162 -0.21767 0.060237
vn 0.968394 -0.206143 -0.140419
vn 0.968394 -0.206143 -0.140419
vn 0.290844 0.041982 -0.955849
vn 0.290844 0.041982 -0.955849
vn -0.485173 0.263887 -0.833649
vn -0.485173 0.263887 -0.833649
vn -0.632621 0.3061 -0.711403
vn -0.632621 0.3061 -0.711403
vn -0.699246 0.264194 0.664272
vn -0.699246 0.264194 0.664272
vn -0.338163 0.129525 0.932132
vn -0.338163 0.129525 0.932132
vn 0.138791 -0.198651 0.970193
vn 0.138791 -0.198651 0.970193
vn 0.830403 -0.554791 0.051348
vn 0.830403 -0.554791 0.051348
vn 0.840776 -0.527478 -0.121914
vn 0.840776 -0.527478 -0.121914
vn 0.290348 0.071858 -0.954219
vn 0.290348 0.071858 -0.954219
vn -0.420836 0.547742 -0.723102
vn -0.420836 0.547742 -0.723102
vn -0.528681 0.60584 -0.594519
vn -0.528681 0.60584 -0.594519
vn -0.639358 0.4715 0.607379
vn -0.639358 0.4715 0.607379
vn -0.336013 0.170982 0.926207
vn -0.336013 0.170982 0.926207
vn 0.141596 -0.015456 0.989804
vn 0.924327 -0.377296 0.057156
vn 0.928178 -0.346945 -0.134588
vn 0.2841 0.217988 -0.933685
vn -0.408779 0.582713 -0.702385
vn -0.513958 0.633883 -0.577962
vn -0.609519 0.541487 0.579033
vn -0.326184 0.291887 0.899114
vn 0.046339 -0.052927 0.997523
vn 0.046339 -0.052927 0.997523
vn 0.989231 0.0103 0.145997
vn 0.989231 0.0103 0.145997
vn 0.919682 0.046537 -0.389896
vn 0.919682 0.046537 -0.389896
vn 0.466905 0.080978 -0.880592
vn 0.466905 0.080978 -0.880592
vn -0.583533 0.076511 -0.808477
vn -0.583533 0.076511 -0.808477
vn -0.69658 0.070669 -0.71399
vn -0.69658 0.070669 -0.71399
vn -0.855433 -0.01128 0.517791
vn -0.855433 -0.01128 0.517791
vn -0.144134 -0.052025 0.98819
vn -0.144134 -0.052025 0.98819
vn 0.045848 -0.15435 0.986952
vn 0.045848 -0.15435 0.986952
vn 0.987075 -0.066785 0.145679
vn 0.987075 -0.066785 0.145679
vn 0.920317 0.028082 -0.390165
vn 0.920317 0.028082 -0.390165
vn 0.463796 0.14052 -0.874727
vn 0.463796 0.14052 -0.874727
vn -0.574104 0.194223 -0.795413
vn -0.574104 0.194223 -0.795413
vn -0.686078 0.186468 -0.703226
vn -0.686078 0.186468 -0.703226
vn -0.855466 -0.007059 0.517811
vn -0.855466 -0.007059 0.517811
vn -0.142895 -0.140644 0.979694
vn -0.142895 -0.140644 0.979694
vn 0.045781 -0.163305 0.985513
vn 0.045781 -0.163305 0.985513
vn 0.986645 -0.072998 0.145615
vn 0.986645 -0.072998 0.145615
vn 0.920326 0.027722 -0.390169
vn 0.920326 0.027722 -0.390169
vn 0.463288 0.147953 -0.87377
vn 0.463288 0.147953 -0.87377
vn -0.572554 0.20715 -0.793266
vn -0.572554 0.20715 -0.793266
vn -0.684321 0.199272 -0.701424
vn -0.684321 0.199272 -0.701424
vn -0.855477 -0.004936 0.517818
vn -0.855477 -0.004936 0.517818
vn -0.142732 -0.148356 0.97858
vn -0.142732 -0.148356 0.97858
vn 0.046394 -0.020934 0.998704
vn 0.046394 -0.020934 0.998704
vn 0.988614 0.036802 0.145906
vn 0.988614 0.036802 0.145906
vn 0.919186 0.056941 -0.389685
vn 0.919186 0.056941 -0.389685
vn 0.46729 0.070139 -0.881318
vn 0.46729 0.070139 -0.881318
vn -0.584541 0.049154 -0.809874
vn -0.584541 0.049154 -0.809874
vn -0.697648 0.044041 -0.715085
vn -0.697648 0.044041 -0.715085
vn -0.85547 -0.00632 0.517814
vn -0.85547 -0.00632 0.517814
vn -0.144289 -0.023606 0.989254
vn -0.144289 -0.023606 0.989254
vn 0.045727 0.1701 0.984365
vn 0.045727 0.1701 0.984365
vn 0.972936 0.181046 0.143592
vn 0.972936 0.181046 0.143592
vn 0.916447 0.095782 -0.388524
vn 0.916447 0.095782 -0.388524
vn 0.468142 -0.035858 -0.882925
vn 0.468142 -0.035858 -0.882925
vn -0.57712 -0.166089 -0.799592
vn -0.57712 -0.166089 -0.799592
vn -0.688541 -0.166819 -0.70575
vn -0.688541 -0.166819 -0.70575
vn -0.855458 -0.008218 0.517807
vn -0.855458 -0.008218 0.517807
vn -0.142824 0.144074 0.979206
vn -0.142824 0.144074 0.979206
vn 0.045294 0.217365 0.975039
vn 0.045294 0.217365 0.975039
vn 0.965435 0.218251 0.142485
vn 0.965435 0.218251 0.142485
vn 0.915252 0.108421 -0.388018
vn 0.915252 0.108421 -0.388018
vn 0.467636 -0.058704 -0.88197
vn 0.467636 -0.058704 -0.88197
vn -0.571711 -0.213843 -0.792097
vn -0.571711 -0.213843 -0.792097
vn -0.682228 -0.213477 -0.69928
vn -0.682228 -0.213477 -0.69928
vn -0.855476 -0.005107 0.517817
vn -0.855476 -0.005107 0.517817
vn -0.141801 0.186355 0.972196
vn -0.141801 0.186355 0.972196
vn 0.046386 0.02753 0.998544
vn 0.046386 0.02753 0.998544
vn 0.986193 0.07899 0.145549
vn 0.986193 0.07899 0.145549
vn 0.917956 0.076871 -0.389164
vn 0.917956 0.076871 -0.389164
vn 0.467575 0.060862 -0.881856
vn 0.467575 0.060862 -0.881856
vn -0.585166 0.016811 -0.810739
vn -0.585166 0.016811 -0.810739
vn -0.698268 0.012871 -0.715721
vn -0.698268 0.012871 -0.715721
vn -0.855467 0.006874 0.517812
vn -0.855467 0.006874 0.517812
vn -0.144301 0.019939 0.989333
vn -0.144301 0.019939 0.989333
vn 0.044451 -0.287051 0.956883
vn 0.044451 -0.287051 0.956883
vn 0.976527 -0.160077 0.144122
vn 0.976527 -0.160077 0.144122
vn 0.920396 0.024818 -0.390198
vn 0.920396 0.024818 -0.390198
vn 0.452922 0.255284 -0.85422
vn 0.452922 0.255284 -0.85422
vn -0.54057 0.383216 -0.748952
vn -0.54057 0.383216 -0.748952
vn -0.647551 0.374342 -0.663736
vn -0.647551 0.374342 -0.663736
vn -0.855134 0.028714 0.517611
vn -0.855134 0.028714 0.517611
vn -0.139531 -0.255703 0.956633
vn -0.139531 -0.255703 0.956633
vn 0.042374 -0.407592 0.91218
vn 0.961962 -0.233395 0.141972
vn 0.91915 0.057614 -0.38967
vn 0.427199 0.410293 -0.805705
vn -0.47611 0.581542 -0.659643
vn -0.571843 0.573969 -0.586136
vn -0.850016 0.112913 0.514512
vn -0.134667 -0.359744 0.923282
vn 0.335027 0.011613 0.942137
vn 0.335027 0.011613 0.942137
vn 0.728088 -0.005789 0.685459
vn 0.728088 -0.005789 0.685459
vn 0.663751 -0.019501 -0.747699
vn 0.663751 -0.019501 -0.747699
vn 0.506981 -0.014579 -0.861834
vn 0.506981 -0.014579 -0.861834
vn -0.296332 0.022389 -0.954823
vn -0.296332 0.022389 -0.954823
vn -0.986956 0.062582 -0.148326
vn -0.986956 0.062582 -0.148326
vn -0.995968 0.065342 0.061461
vn -0.995968 0.065342 0.061461
vn -0.137503 0.034191 0.989911
vn -0.137503 0.034191 0.989911
vn 0.335022 0.012823 0.942123
vn 0.335022 0.012823 0.942123
vn 0.7281 -0.001141 0.68547
vn 0.7281 -0.001141 0.68547
vn 0.663829 -0.012129 -0.747786
vn 0.663829 -0.012129 -0.747786
vn 0.507018 -0.008067 -0.861897
vn 0.507018 -0.008067 -0.861897
vn -0.296322 0.023791 -0.954792
vn -0.296322 0.023791 -0.954792
vn -0.987257 0.057533 -0.148372
vn -0.987257 0.057533 -0.148372
vn -0.996317 0.059767 0.061482
vn -0.996317 0.059767 0.061482
vn -0.137513 0.032149 0.989978
vn -0.137513 0.032149 0.989978
vn 0.335005 0.016321 0.942075
vn 0.335005 0.016321 0.942075
vn 0.72667 0.062652 0.684124
vn 0.72667 0.062652 0.684124
vn 0.660299 0.103698 -0.743809
vn 0.660299 0.103698 -0.743809
vn 0.504838 0.092991 -0.858191
vn 0.504838 0.092991 -0.858191
vn -0.296285 0.028522 -0.954673
vn -0.296285 0.028522 -0.954673
vn -0.987201 -0.058498 -0.148363
vn -0.987201 -0.058498 -0.148363
vn -0.995909 -0.066245 0.061457
vn -0.995909 -0.066245 0.061457
vn -0.137539 -0.02561 0.990165
vn -0.137539 -0.02561 0.990165
vn 0.334982 0.020099 0.94201
vn 0.334982 0.020099 0.94201
vn 0.72247 0.124125 0.68017
vn 0.72247 0.124125 0.68017
vn 0.648736 0.212359 -0.730784
vn 0.648736 0.212359 -0.730784
vn 0.497941 0.188542 -0.846467
vn 0.497941 0.188542 -0.846467
vn -0.296239 0.033542 -0.954525
vn -0.296239 0.033542 -0.954525
vn -0.974809 -0.16818 -0.146501
vn -0.974809 -0.16818 -0.146501
vn -0.980897 -0.184871 0.06053
vn -0.980897 -0.184871 0.06053
vn -0.137133 -0.080856 0.987247
vn -0.137133 -0.080856 0.987247
vn 0.334971 0.021691 0.941979
vn 0.334971 0.021691 0.941979
vn 0.723792 0.108631 0.681414
vn 0.723792 0.108631 0.681414
vn 0.652717 0.182595 -0.735269
vn 0.652717 0.182595 -0.735269
vn 0.500299 0.162466 -0.850474
vn 0.500299 0.162466 -0.850474
vn -0.296223 0.035088 -0.954474
vn -0.296223 0.035088 -0.954474
vn -0.980241 -0.132006 -0.147317
vn -0.980241 -0.132006 -0.147317
vn -0.987392 -0.146094 0.060931
vn -0.987392 -0.146094 0.060931
vn -0.137326 -0.061165 0.988636
vn -0.137326 -0.061165 0.988636
vn 0.334976 0.020991 0.941993
vn 0.334976 0.020991 0.941993
vn 0.728099 0.002123 0.685469
vn 0.728099 0.002123 0.685469
vn 0.6638 -0.015289 -0.747754
vn 0.6638 -0.015289 -0.747754
vn 0.507009 -0.010126 -0.861881
vn 0.507009 -0.010126 -0.861881
vn -0.296246 0.032871 -0.954546
vn -0.296246 0.032871 -0.954546
vn -0.985752 0.079667 -0.148145
vn -0.985752 0.079667 -0.148145
vn -0.994655 0.083032 0.061379
vn -0.994655 0.083032 0.061379
vn -0.13743 0.047193 0.989387
vn -0.13743 0.047193 0.989387
vn 0.334972 0.021579 0.941981
vn 0.334972 0.021579 0.941981
vn 0.723168 -0.116196 0.680827
vn 0.723168 -0.116196 0.680827
vn 0.645505 -0.233632 -0.727145
vn 0.645505 -0.233632 -0.727145
vn 0.496642 -0.20143 -0.844258
vn 0.496642 -0.20143 -0.844258
vn -0.296255 0.031914 -0.954576
vn -0.296255 0.031914 -0.954576
vn -0.941405 0.306168 -0.141481
vn -0.941405 0.306168 -0.141481
vn -0.94347 0.326306 0.058221
vn -0.94347 0.326306 0.058221
vn -0.135616 0.168516 0.976325
vn -0.135616 0.168516 0.976325
vn 0.334897 0.030234 0.94177
vn 0.334897 0.030234 0.94177
vn 0.722044 -0.128714 0.679769
vn 0.722044 -0.128714 0.679769
vn 0.640234 -0.264499 -0.721207
vn 0.640234 -0.264499 -0.721207
vn 0.493649 -0.228266 -0.83917
vn 0.493649 -0.228266 -0.83917
vn -0.296153 0.041314 -0.954247
vn -0.296153 0.041314 -0.954247
vn -0.925024 0.353559 -0.139019
vn -0.925024 0.353559 -0.139019
vn -0.924942 0.375798 0.057078
vn -0.924942 0.375798 0.057078
vn -0.134816 0.199567 0.970566
vn -0.134816 0.199567 0.970566
vn 0.333629 0.091993 0.938205
vn 0.726525 0.065743 0.683988
vn 0.663695 0.023479 -0.747635
vn 0.506813 0.02958 -0.861548
vn -0.294539 0.112073 -0.949045
vn -0.968984 0.199656 -0.145626
vn -0.97654 0.20673 0.060262
vn -0.136203 0.14134 0.980547
vn 0.535605 0.04231 0.843408
vn 0.535605 0.04231 0.843408
vn 0.847493 0.016038 0.530564
vn 0.847493 0.016038 0.530564
vn 0.967699 -0.025135 -0.250854
vn 0.967699 -0.025135 -0.250854
vn 0.04156 -0.035698 -0.998498
vn 0.04156 -0.035698 -0.998498
vn -0.076582 -0.031323 -0.996571
vn -0.076582 -0.031323 -0.996571
vn -0.919038 0.036796 -0.392447
vn -0.919038 0.036796 -0.392447
vn -0.757262 0.079596 0.648242
vn -0.757262 0.079596 0.648242
vn -0.577291 0.080638 0.812547
vn -0.577291 0.080638 0.812547
vn 0.53583 -0.030872 0.843761
vn 0.53583 -0.030872 0.843761
vn 0.847452 -0.018827 0.530538
vn 0.847452 -0.018827 0.530538
vn 0.967771 0.021968 -0.250873
vn 0.967771 0.021968 -0.250873
vn 0.041492 0.067424 -0.996861
vn 0.041492 0.067424 -0.996861
vn -0.076436 0.069118 -0.994676
vn -0.076436 0.069118 -0.994676
vn -0.918065 0.058893 -0.392031
vn -0.918065 0.058893 -0.392031
vn -0.759672 -0.000721 0.650305
vn -0.759672 -0.000721 0.650305
vn -0.579131 -0.012682 0.815136
vn -0.579131 -0.012682 0.815136
vn 0.533053 -0.106208 0.839389
vn 0.533053 -0.106208 0.839389
vn 0.84633 -0.054769 0.529836
vn 0.84633 -0.054769 0.529836
vn 0.965557 0.071059 -0.250299
vn 0.965557 0.071059 -0.250299
vn 0.040962 0.17256 -0.984147
vn 0.040962 0.17256 -0.984147
vn -0.075484 0.17153 -0.982283
vn -0.075484 0.17153 -0.982283
vn -0.91656 0.082051 -0.391389
vn -0.91656 0.082051 -0.391389
vn -0.756989 -0.083976 0.648009
vn -0.756989 -0.083976 0.648009
vn -0.575719 -0.109121 0.810333
vn -0.575719 -0.109121 0.810333
vn 0.534541 -0.075855 0.841732
vn 0.534541 -0.075855 0.841732
vn 0.846963 -0.038816 0.530232
vn 0.846963 -0.038816 0.530232
vn 0.966498 0.055775 -0.250543
vn 0.966498 0.055775 -0.250543
vn 0.0412 0.135983 -0.989854
vn 0.0412 0.135983 -0.989854
vn -0.075908 0.135939 -0.987805
vn -0.075908 0.135939 -0.987805
vn -0.916972 0.076421 -0.391564
vn -0.916972 0.076421 -0.391564
vn -0.758699 -0.050621 0.649472
vn -0.758699 -0.050621 0.649472
vn -0.577713 -0.071062 0.813141
vn -0.577713 -0.071062 0.813141
vn 0.534513 0.076532 0.841688
vn 0.534513 0.076532 0.841688
vn 0.847029 0.036777 0.530273
vn 0.847029 0.036777 0.530273
vn 0.96747 -0.033209 -0.250795
vn 0.96747 -0.033209 -0.250795
vn 0.041493 -0.066768 -0.996905
vn 0.041493 -0.066768 -0.996905
vn -0.076474 -0.061453 -0.995176
vn -0.076474 -0.061453 -0.995176
vn -0.918999 0.037952 -0.39243
vn -0.918999 0.037952 -0.39243
vn -0.754528 0.116178 0.645902
vn -0.754528 0.116178 0.645902
vn -0.574881 0.121583 0.809154
vn -0.574881 0.121583 0.809154
vn 0.521654 0.230466 0.821439
vn 0.521654 0.230466 0.821439
vn 0.841903 0.115768 0.527065
vn 0.841903 0.115768 0.527065
vn 0.960541 -0.123937 -0.248999
vn 0.960541 -0.123937 -0.248999
vn 0.040059 -0.268517 -0.962442
vn 0.040059 -0.268517 -0.962442
vn -0.074011 -0.258677 -0.963124
vn -0.074011 -0.258677 -0.963124
vn -0.919661 -0.001166 -0.392713
vn -0.919661 -0.001166 -0.392713
vn -0.729123 0.280736 0.624154
vn -0.729123 0.280736 0.624154
vn -0.550794 0.309208 0.775252
vn -0.550794 0.309208 0.775252
vn 0.520397 0.240153 0.81946
vn 0.520397 0.240153 0.81946
vn 0.841077 0.123848 0.526547
vn 0.841077 0.123848 0.526547
vn 0.96096 -0.120425 -0.249107
vn 0.96096 -0.120425 -0.249107
vn 0.040037 -0.270371 -0.961923
vn 0.040037 -0.270371 -0.961923
vn -0.073976 -0.260394 -0.962664
vn -0.073976 -0.260394 -0.962664
vn -0.919653 0.00419 -0.392709
vn -0.919653 0.00419 -0.392709
vn -0.726918 0.290474 0.622266
vn -0.726918 0.290474 0.622266
vn -0.548872 0.319239 0.772545
vn -0.548872 0.319239 0.772545
vn 0.535222 0.056737 0.842804
vn 0.535222 0.056737 0.842804
vn 0.846981 0.038281 0.530243
vn 0.846981 0.038281 0.530243
vn 0.967897 0.014896 -0.250906
vn 0.967897 0.014896 -0.250906
vn 0.041586 0.004749 -0.999124
vn 0.041586 0.004749 -0.999124
vn -0.076616 0.008633 -0.997023
vn -0.076616 0.008633 -0.997023
vn -0.917214 0.072902 -0.391668
vn -0.917214 0.072902 -0.391668
vn -0.756395 0.092797 0.6475
vn -0.756395 0.092797 0.6475
vn -0.576792 0.090669 0.811844
vn -0.576792 0.090669 0.811844
vn 0.529217 -0.159564 0.833348
vn 0.847195 -0.030994 0.530377
vn 0.935275 0.257836 -0.242449
vn 0.037918 0.41063 -0.911013
vn -0.070029 0.405748 -0.911298
vn -0.896059 0.225097 -0.382634
vn -0.750937 -0.151215 0.642828
vn -0.567154 -0.202703 0.798278
vn 0.389213 0.027211 0.920746
vn 0.389213 0.027211 0.920746
vn 0.963414 -0.065028 0.260009
vn 0.963414 -0.065028 0.260009
vn 0.993004 -0.082963 -0.084019
vn 0.993004 -0.082963 -0.084019
vn 0.078357 -0.028494 -0.996518
vn 0.078357 -0.028494 -0.996518
vn -0.230358 0.006102 -0.973087
vn -0.230358 0.006102 -0.973087
vn -0.787314 0.090641 -0.609854
vn -0.787314 0.090641 -0.609854
vn -0.661848 0.132813 0.737779
vn -0.661848 0.132813 0.737779
vn -0.557776 0.124267 0.820636
vn -0.557776 0.124267 0.820636
vn 0.389326 0.012587 0.921014
vn 0.389326 0.012587 0.921014
vn 0.965099 -0.027254 0.260464
vn 0.965099 -0.027254 0.260464
vn 0.99597 -0.030703 -0.08427
vn 0.99597 -0.030703 -0.08427
vn 0.07838 0.014716 -0.996815
vn 0.07838 0.014716 -0.996815
vn -0.230231 0.033692 -0.972553
vn -0.230231 0.033692 -0.972553
vn -0.788128 0.078497 -0.610485
vn -0.788128 0.078497 -0.610485
vn -0.665858 0.075501 0.742249
vn -0.665858 0.075501 0.742249
vn -0.560809 0.068618 0.825097
vn -0.560809 0.068618 0.825097
vn 0.389104 -0.036052 0.920488
vn 0.389104 -0.036052 0.920488
vn 0.961887 0.085924 0.259597
vn 0.961887 0.085924 0.259597
vn 0.988391 0.126848 -0.083629
vn 0.988391 0.126848 -0.083629
vn 0.077575 0.143699 -0.986576
vn 0.077575 0.143699 -0.986576
vn -0.228827 0.115262 -0.966619
vn -0.228827 0.115262 -0.966619
vn -0.790026 0.037001 -0.611955
vn -0.790026 0.037001 -0.611955
vn -0.663934 -0.106939 0.740105
vn -0.663934 -0.106939 0.740105
vn -0.558839 -0.108116 0.822199
vn -0.558839 -0.108116 0.822199
vn 0.388606 -0.062107 0.919309
vn 0.388606 -0.062107 0.919309
vn 0.954418 0.15079 0.257581
vn 0.954418 0.15079 0.257581
vn 0.973186 0.214777 -0.082343
vn 0.973186 0.214777 -0.082343
vn 0.076543 0.215723 -0.97345
vn 0.076543 0.215723 -0.97345
vn -0.227315 0.162111 -0.960233
vn -0.227315 0.162111 -0.960233
vn -0.790479 0.014985 -0.612306
vn -0.790479 0.014985 -0.612306
vn -0.653444 -0.205984 0.72841
vn -0.653444 -0.205984 0.72841
vn -0.550303 -0.204084 0.80964
vn -0.550303 -0.204084 0.80964
vn 0.389291 -0.018505 0.920929
vn 0.389291 -0.018505 0.920929
vn 0.96315 0.069104 0.259937
vn 0.96315 0.069104 0.259937
vn 0.99135 0.100939 -0.083879
vn 0.99135 0.100939 -0.083879
vn 0.077798 0.12254 -0.98941
vn 0.077798 0.12254 -0.98941
vn -0.229114 0.103932 -0.967835
vn -0.229114 0.103932 -0.967835
vn -0.789426 0.053716 -0.61149
vn -0.789426 0.053716 -0.61149
vn -0.666501 -0.061471 0.742966
vn -0.666501 -0.061471 0.742966
vn -0.560978 -0.064092 0.825346
vn -0.560978 -0.064092 0.825346
vn 0.388086 0.080753 0.918079
vn 0.388086 0.080753 0.918079
vn 0.957298 -0.129736 0.258358
vn 0.957298 -0.129736 0.258358
vn 0.980377 -0.178831 -0.082951
vn 0.980377 -0.178831 -0.082951
vn 0.077922 -0.108895 -0.990994
vn 0.077922 -0.108895 -0.990994
vn -0.230181 -0.039576 -0.972343
vn -0.230181 -0.039576 -0.972343
vn -0.782783 0.139992 -0.606344
vn -0.782783 0.139992 -0.606344
vn -0.641973 0.275234 0.715623
vn -0.641973 0.275234 0.715623
vn -0.542322 0.263148 0.797898
vn -0.542322 0.263148 0.797898
vn 0.384347 0.159908 0.909234
vn 0.384347 0.159908 0.909234
vn 0.929508 -0.270341 0.250858
vn 0.929508 -0.270341 0.250858
vn 0.926546 -0.367921 -0.078396
vn 0.926546 -0.367921 -0.078396
vn 0.075376 -0.274567 -0.958609
vn 0.075376 -0.274567 -0.958609
vn -0.227909 -0.145546 -0.962743
vn -0.227909 -0.145546 -0.962743
vn -0.773133 0.208855 -0.59887
vn -0.773133 0.208855 -0.59887
vn -0.582997 0.487614 0.649882
vn -0.582997 0.487614 0.649882
vn -0.495356 0.472729 0.7288
vn -0.495356 0.472729 0.7288
vn 0.38491 0.150711 0.910566
vn 0.38491 0.150711 0.910566
vn 0.945183 -0.203858 0.255089
vn 0.945183 -0.203858 0.255089
vn 0.954427 -0.28731 -0.080755
vn 0.954427 -0.28731 -0.080755
vn 0.076764 -0.202494 -0.97627
vn 0.076764 -0.202494 -0.97627
vn -0.229375 -0.092467 -0.968936
vn -0.229375 -0.092467 -0.968936
vn -0.773852 0.204548 -0.599427
vn -0.773852 0.204548 -0.599427
vn -0.601945 0.432916 0.671004
vn -0.601945 0.432916 0.671004
vn -0.510567 0.418392 0.751179
vn -0.510567 0.418392 0.751179
vn 0.386536 0.12017 0.914412
vn 0.951037 0.172193 0.256668
vn 0.977033 0.196401 -0.082668
vn 0.076793 0.200705 -0.976637
vn -0.226107 0.191308 -0.955132
vn -0.7746 0.199968 -0.600006
vn -0.66436 0.100838 0.740579
vn -0.559686 0.093214 0.823446
vn 0.470791 -0.056858 0.880411
vn 0.470791 -0.056858 0.880411
vn 0.669655 -0.077245 0.738644
vn 0.669655 -0.077245 0.738644
vn 0.704014 -0.043939 -0.708825
vn 0.704014 -0.043939 -0.708825
vn 0.383124 -0.000305 -0.923697
vn 0.383124 -0.000305 -0.923697
vn -0.171743 0.075015 -0.982282
vn -0.171743 0.075015 -0.982282
vn -0.984863 0.160157 -0.066287
vn -0.984863 0.160157 -0.066287
vn -0.981741 0.155233 0.10994
vn -0.981741 0.155233 0.10994
vn -0.253421 0.03778 0.966618
vn -0.253421 0.03778 0.966618
vn 0.468686 -0.11012 0.876474
vn 0.468686 -0.11012 0.876474
vn 0.664513 -0.145512 0.732972
vn 0.664513 -0.145512 0.732972
vn 0.701549 -0.094383 -0.706343
vn 0.701549 -0.094383 -0.706343
vn 0.383053 -0.019247 -0.923526
vn 0.383053 -0.019247 -0.923526
vn -0.171246 0.106627 -0.979441
vn -0.171246 0.106627 -0.979441
vn -0.966817 0.247042 -0.065072
vn -0.966817 0.247042 -0.065072
vn -0.964838 0.239613 0.108047
vn -0.964838 0.239613 0.108047
vn -0.253309 0.047989 0.966194
vn -0.253309 0.047989 0.966194
vn 0.471545 0.006058 0.881821
vn 0.471545 0.006058 0.881821
vn 0.671659 0.002739 0.740855
vn 0.671659 0.002739 0.740855
vn 0.704599 0.016524 -0.709414
vn 0.704599 0.016524 -0.709414
vn 0.382999 0.02548 -0.923397
vn 0.382999 0.02548 -0.923397
vn -0.172037 0.047054 -0.983966
vn -0.172037 0.047054 -0.983966
vn -0.995304 0.069879 -0.06699
vn -0.995304 0.069879 -0.06699
vn -0.991489 0.067979 0.111032
vn -0.991489 0.067979 0.111032
vn -0.253463 0.033072 0.96678
vn -0.253463 0.033072 0.96678
vn 0.461401 0.206388 0.862852
vn 0.461401 0.206388 0.862852
vn 0.649152 0.256719 0.716029
vn 0.649152 0.256719 0.716029
vn 0.689438 0.206957 -0.69415
vn 0.689438 0.206957 -0.69415
vn 0.381096 0.102739 -0.918809
vn 0.381096 0.102739 -0.918809
vn -0.171919 -0.059862 -0.983291
vn -0.171919 -0.059862 -0.983291
vn -0.966343 -0.2489 -0.06504
vn -0.966343 -0.2489 -0.06504
vn -0.964586 -0.240637 0.108019
vn -0.964586 -0.240637 0.108019
vn -0.253598 0.005589 0.967294
vn -0.253598 0.005589 0.967294
vn 0.452595 0.2807 0.846384
vn 0.452595 0.2807 0.846384
vn 0.629984 0.346777 0.694886
vn 0.629984 0.346777 0.694886
vn 0.676886 0.278148 -0.681512
vn 0.676886 0.278148 -0.681512
vn 0.379641 0.134532 -0.9153
vn 0.379641 0.134532 -0.9153
vn -0.171396 -0.098185 -0.980297
vn -0.171396 -0.098185 -0.980297
vn -0.932579 -0.355467 -0.062768
vn -0.932579 -0.355467 -0.062768
vn -0.932939 -0.344543 0.104475
vn -0.932939 -0.344543 0.104475
vn -0.253601 -0.002306 0.967306
vn -0.253601 -0.002306 0.967306
vn 0.468728 0.109314 0.876553
vn 0.468728 0.109314 0.876553
vn 0.66571 0.132829 0.734293
vn 0.66571 0.132829 0.734293
vn 0.699907 0.11637 -0.70469
vn 0.699907 0.11637 -0.70469
vn 0.382161 0.070828 -0.921377
vn 0.382161 0.070828 -0.921377
vn -0.172222 0.008403 -0.985022
vn -0.172222 0.008403 -0.985022
vn -0.9954 -0.068479 -0.066996
vn -0.9954 -0.068479 -0.066996
vn -0.991659 -0.065419 0.111051
vn -0.991659 -0.065419 0.111051
vn -0.253478 0.031267 0.966836
vn -0.253478 0.031267 0.966836
vn 0.458112 -0.237063 0.8567
vn 0.458112 -0.237063 0.8567
vn 0.639183 -0.307205 0.705032
vn 0.639183 -0.307205 0.705032
vn 0.68858 -0.21263 -0.693286
vn 0.68858 -0.21263 -0.693286
vn 0.382529 -0.055682 -0.922264
vn 0.382529 -0.055682 -0.922264
vn -0.168445 0.208446 -0.963419
vn -0.168445 0.208446 -0.963419
vn -0.881295 0.46883 -0.059316
vn -0.881295 0.46883 -0.059316
vn -0.883808 0.457262 0.098973
vn -0.883808 0.457262 0.098973
vn -0.252485 0.093721 0.963051
vn -0.252485 0.093721 0.963051
vn 0.425755 -0.4299 0.79619
vn 0.425755 -0.4299 0.79619
vn 0.569706 -0.52967 0.628398
vn 0.569706 -0.52967 0.628398
vn 0.646113 -0.39919 -0.650528
vn 0.646113 -0.39919 -0.650528
vn 0.37979 -0.131622 -0.915661
vn 0.37979 -0.131622 -0.915661
vn -0.161884 0.34134 -0.925895
vn -0.161884 0.34134 -0.925895
vn -0.722886 0.689252 -0.048654
vn -0.722886 0.689252 -0.048654
vn -0.730918 0.677539 0.081852
vn -0.730918 0.677539 0.081852
vn -0.250883 0.146041 0.956938
vn -0.250883 0.146041 0.956938
vn 0.456442 -0.251129 0.853578
vn 0.630953 -0.342849 0.695955
vn 0.689157 -0.208836 -0.693866
vn 0.38312 0.004104 -0.923689
vn -0.160427 0.363795 -0.91756
vn -0.760055 0.647842 -0.051156
vn -0.765916 0.637194 0.085771
vn -0.247259 0.222258 0.943114
vn 0.040207 -0.001504 0.99919
vn 0.040207 -0.001504 0.99919
vn 0.975923 0.113125 0.186483
vn 0.975923 0.113125 0.186483
vn 0.884267 0.124164 -0.450172
vn 0.884267 0.124164 -0.450172
vn 0.498102 0.105492 -0.860677
vn 0.498102 0.105492 -0.860677
vn -0.586518 0.013641 -0.809822
vn -0.586518 0.013641 -0.809822
vn -0.721881 -0.000369 -0.692017
vn -0.721881 -0.000369 -0.692017
vn -0.884272 -0.046369 0.464665
vn -0.884272 -0.046369 0.464665
vn -0.110835 -0.013733 0.993744
vn -0.110835 -0.013733 0.993744
vn 0.039506 -0.185915 0.981771
vn 0.039506 -0.185915 0.981771
vn 0.982226 0.002192 0.187688
vn 0.982226 0.002192 0.187688
vn 0.882528 0.138876 -0.449287
vn 0.882528 0.138876 -0.449287
vn 0.488215 0.223597 -0.843594
vn 0.488215 0.223597 -0.843594
vn -0.57356 0.209467 -0.79193
vn -0.57356 0.209467 -0.79193
vn -0.709297 0.18591 -0.679953
vn -0.709297 0.18591 -0.679953
vn -0.883684 -0.058952 0.464356
vn -0.883684 -0.058952 0.464356
vn -0.108932 -0.185013 0.97668
vn -0.108932 -0.185013 0.97668
vn 0.039073 -0.235851 0.971003
vn 0.039073 -0.235851 0.971003
vn 0.981837 -0.028245 0.187613
vn 0.981837 -0.028245 0.187613
vn 0.8817 0.145345 -0.448865
vn 0.8817 0.145345 -0.448865
vn 0.483842 0.258729 -0.836036
vn 0.483842 0.258729 -0.836036
vn -0.565535 0.265414 -0.78085
vn -0.565535 0.265414 -0.78085
vn -0.700803 0.239886 -0.671811
vn -0.700803 0.239886 -0.671811
vn -0.88362 -0.060162 0.464323
vn -0.88362 -0.060162 0.464323
vn -0.107837 -0.231417 0.966859
vn -0.107837 -0.231417 0.966859
vn 0.040201 -0.018203 0.999026
vn 0.040201 -0.018203 0.999026
vn 0.976415 0.108639 0.186577
vn 0.976415 0.108639 0.186577
vn 0.883063 0.134524 -0.449559
vn 0.883063 0.134524 -0.449559
vn 0.496716 0.128934 -0.858283
vn 0.496716 0.128934 -0.858283
vn -0.58593 0.046797 -0.80901
vn -0.58593 0.046797 -0.80901
vn -0.721519 0.031683 -0.691669
vn -0.721519 0.031683 -0.691669
vn -0.884579 -0.03817 0.464826
vn -0.884579 -0.03817 0.464826
vn -0.1108 -0.028791 0.993426
vn -0.1108 -0.028791 0.993426
vn 0.03806 0.322456 0.945819
vn 0.03806 0.322456 0.945819
vn 0.933162 0.312111 0.178312
vn 0.933162 0.312111 0.178312
vn 0.885141 0.116061 -0.450617
vn 0.885141 0.116061 -0.450617
vn 0.498799 -0.09144 -0.861881
vn 0.498799 -0.09144 -0.861881
vn -0.558646 -0.304878 -0.771339
vn -0.558646 -0.304878 -0.771339
vn -0.688646 -0.299933 -0.660157
vn -0.688646 -0.299933 -0.660157
vn -0.885217 -0.004007 0.465162
vn -0.885217 -0.004007 0.465162
vn -0.106013 0.292041 0.950512
vn -0.106013 0.292041 0.950512
vn 0.036024 0.444144 0.895231
vn 0.036024 0.444144 0.895231
vn 0.903598 0.392044 0.172663
vn 0.903598 0.392044 0.172663
vn 0.885458 0.112972 -0.450779
vn 0.885458 0.112972 -0.450779
vn 0.492916 -0.1778 -0.851716
vn 0.492916 -0.1778 -0.851716
vn -0.530783 -0.425647 -0.732867
vn -0.530783 -0.425647 -0.732867
vn -0.656879 -0.41471 -0.629703
vn -0.656879 -0.41471 -0.629703
vn -0.885113 0.015819 0.465107
vn -0.885113 0.015819 0.465107
vn -0.101082 0.410362 0.906303
vn -0.101082 0.410362 0.906303
vn 0.039286 0.212859 0.976293
vn 0.039286 0.212859 0.976293
vn 0.949397 0.256388 0.181414
vn 0.949397 0.256388 0.181414
vn 0.882108 0.142195 -0.449073
vn 0.882108 0.142195 -0.449073
vn 0.500858 0.012487 -0.865439
vn 0.500858 0.012487 -0.865439
vn -0.579124 -0.158851 -0.799613
vn -0.579124 -0.158851 -0.799613
vn -0.712516 -0.160561 -0.683039
vn -0.712516 -0.160561 -0.683039
vn -0.885214 0.004768 0.46516
vn -0.885214 0.004768 0.46516
vn -0.108857 0.188572 0.976008
vn -0.108857 0.188572 0.976008
vn 0.037865 -0.336365 0.94097
vn 0.037865 -0.336365 0.94097
vn 0.979924 -0.068466 0.187248
vn 0.979924 -0.068466 0.187248
vn 0.873165 0.199964 -0.44452
vn 0.873165 0.199964 -0.44452
vn 0.463448 0.379395 -0.800797
vn 0.463448 0.379395 -0.800797
vn -0.529428 0.430524 -0.730996
vn -0.529428 0.430524 -0.730996
vn -0.660438 0.403715 -0.633116
vn -0.660438 0.403715 -0.633116
vn -0.885053 -0.019672 0.465075
vn -0.885053 -0.019672 0.465075
vn -0.104884 -0.323539 0.940384
vn -0.104884 -0.323539 0.940384
vn 0.032943 -0.573312 0.818674
vn 0.963497 -0.194364 0.184109
vn 0.838456 0.338808 -0.42685
vn 0.388372 0.631527 -0.671074
vn -0.403404 0.725966 -0.556991
vn -0.511061 0.706255 -0.489918
vn -0.881922 0.08629 0.46343
vn -0.092766 -0.547361 0.831739
vn 0.44345 0.071443 0.893447
vn 0.44345 0.071443 0.893447
vn 0.935925 -0.060194 0.347018
vn 0.935925 -0.060194 0.347018
vn 0.985616 -0.117493 -0.121473
vn 0.985616 -0.117493 -0.121473
vn 0.05372 -0.085878 -0.994856
vn 0.05372 -0.085878 -0.994856
vn -0.169517 -0.052076 -0.98415
vn -0.169517 -0.052076 -0.98415
vn -0.830211 0.104488 -0.547569
vn -0.830211 0.104488 -0.547569
vn -0.670069 0.212468 0.711242
vn -0.670069 0.212468 0.711242
vn -0.568415 0.206004 0.796534
vn -0.568415 0.206004 0.796534
vn 0.444502 0.019379 0.895568
vn 0.444502 0.019379 0.895568
vn 0.937482 -0.017457 0.347595
vn 0.937482 -0.017457 0.347595
vn 0.992218 -0.023456 -0.122286
vn 0.992218 -0.023456 -0.122286
vn 0.053907 0.021059 -0.998324
vn 0.053907 0.021059 -0.998324
vn -0.169638 0.035762 -0.984857
vn -0.169638 0.035762 -0.984857
vn -0.830935 0.095871 -0.548047
vn -0.830935 0.095871 -0.548047
vn -0.682897 0.090729 0.724858
vn -0.682897 0.090729 0.724858
vn -0.578842 0.083569 0.811146
vn -0.578842 0.083569 0.811146
vn 0.442873 -0.087694 0.892285
vn 0.442873 -0.087694 0.892285
vn 0.935527 0.066853 0.346871
vn 0.935527 0.066853 0.346871
vn 0.979112 0.163641 -0.120671
vn 0.979112 0.163641 -0.120671
vn 0.052479 0.229624 -0.971864
vn 0.052479 0.229624 -0.971864
vn -0.166068 0.207063 -0.96413
vn -0.166068 0.207063 -0.96413
vn -0.832352 0.076216 -0.548981
vn -0.832352 0.076216 -0.548981
vn -0.676495 -0.163524 0.718063
vn -0.676495 -0.163524 0.718063
vn -0.572313 -0.171055 0.801996
vn -0.572313 -0.171055 0.801996
vn 0.441462 -0.118332 0.889443
vn 0.441462 -0.118332 0.889443
vn 0.933274 0.096225 0.346035
vn 0.933274 0.096225 0.346035
vn 0.967472 0.223115 -0.119237
vn 0.967472 0.223115 -0.119237
vn 0.051555 0.29289 -0.954755
vn 0.051555 0.29289 -0.954755
vn -0.163892 0.260379 -0.951495
vn -0.163892 0.260379 -0.951495
vn -0.832542 0.073179 -0.549107
vn -0.832542 0.073179 -0.549107
vn -0.666131 -0.237348 0.707061
vn -0.666131 -0.237348 0.707061
vn -0.563203 -0.244778 0.789231
vn -0.563203 -0.244778 0.789231
vn 0.444576 0.006778 0.895716
vn 0.444576 0.006778 0.895716
vn 0.937548 0.012776 0.34762
vn 0.937548 0.012776 0.34762
vn 0.992027 0.030571 -0.122263
vn 0.992027 0.030571 -0.122263
vn 0.053756 0.077827 -0.995517
vn 0.053756 0.077827 -0.995517
vn -0.16915 0.083763 -0.982024
vn -0.16915 0.083763 -0.982024
vn -0.830255 0.103987 -0.547598
vn -0.830255 0.103987 -0.547598
vn -0.685038 0.044776 0.72713
vn -0.685038 0.044776 0.72713
vn -0.580474 0.037122 0.813432
vn -0.580474 0.037122 0.813432
vn 0.433914 0.217791 0.874235
vn 0.433914 0.217791 0.874235
vn 0.929305 -0.132918 0.344564
vn 0.929305 -0.132918 0.344564
vn 0.9468 -0.299923 -0.116689
vn 0.9468 -0.299923 -0.116689
vn 0.051378 -0.303377 -0.951484
vn 0.051378 -0.303377 -0.951484
vn -0.165113 -0.232065 -0.958584
vn -0.165113 -0.232065 -0.958584
vn -0.824719 0.154792 -0.543947
vn -0.824719 0.154792 -0.543947
vn -0.602426 0.477699 0.639442
vn -0.602426 0.477699 0.639442
vn -0.511774 0.473041 0.717161
vn -0.511774 0.473041 0.717161
vn 0.419469 0.331361 0.845131
vn 0.419469 0.331361 0.845131
vn 0.917818 -0.204456 0.340305
vn 0.917818 -0.204456 0.340305
vn 0.887886 -0.446861 -0.109428
vn 0.887886 -0.446861 -0.109428
vn 0.047563 -0.47103 -0.880834
vn 0.047563 -0.47103 -0.880834
vn -0.156894 -0.381707 -0.91087
vn -0.156894 -0.381707 -0.91087
vn -0.819523 0.190319 -0.540519
vn -0.819523 0.190319 -0.540519
vn -0.527816 0.638382 0.560248
vn -0.527816 0.638382 0.560248
vn -0.448553 0.635375 0.628569
vn -0.448553 0.635375 0.628569
vn 0.430836 0.246774 0.868034
vn 0.430836 0.246774 0.868034
vn 0.932979 -0.099426 0.345926
vn 0.932979 -0.099426 0.345926
vn 0.956327 -0.267482 -0.117863
vn 0.956327 -0.267482 -0.117863
vn 0.051797 -0.27781 -0.959239
vn 0.051797 -0.27781 -0.959239
vn -0.166124 -0.20551 -0.964452
vn -0.166124 -0.20551 -0.964452
vn -0.819628 0.189668 -0.540589
vn -0.819628 0.189668 -0.540589
vn -0.595164 0.496682 0.631733
vn -0.595164 0.496682 0.631733
vn -0.505829 0.491624 0.708832
vn -0.505829 0.491624 0.708832
vn 0.443488 0.070246 0.893524
vn 0.906192 0.256759 0.335994
vn 0.923783 0.365599 -0.113852
vn 0.049633 0.390756 -0.919155
vn -0.158052 0.364753 -0.917592
vn -0.805129 0.264157 -0.531026
vn -0.685075 -0.043541 0.72717
vn -0.579958 -0.056129 0.81271
vn 0.080731 0.030418 0.996272
vn 0.080731 0.030418 0.996272
vn 0.91491 0.024266 0.402928
vn 0.91491 0.024266 0.402928
vn 0.753905 0.010477 -0.6569
vn 0.753905 0.010477 -0.6569
vn 0.580795 0.009968 -0.813989
vn 0.580795 0.009968 -0.813989
vn -0.531511 0.023088 -0.846737
vn -0.531511 0.023088 -0.846737
vn -0.853537 0.031109 -0.520104
vn -0.853537 0.031109 -0.520104
vn -0.969481 0.043343 0.241306
vn -0.969481 0.043343 0.241306
vn -0.040716 0.031853 0.998663
vn -0.040716 0.031853 0.998663
vn 0.08016 -0.122555 0.989219
vn 0.08016 -0.122555 0.989219
vn 0.915174 -0.003501 0.403044
vn 0.915174 -0.003501 0.403044
vn 0.746173 0.143223 -0.650164
vn 0.746173 0.143223 -0.650164
vn 0.573293 0.16051 -0.803475
vn 0.573293 0.16051 -0.803475
vn -0.526563 0.138042 -0.838854
vn -0.526563 0.138042 -0.838854
vn -0.850986 0.08324 -0.518549
vn -0.850986 0.08324 -0.518549
vn -0.969974 -0.029365 0.241428
vn -0.969974 -0.029365 0.241428
vn -0.040412 -0.125972 0.99121
vn -0.040412 -0.125972 0.99121
vn 0.077576 -0.278367 0.957337
vn 0.077576 -0.278367 0.957337
vn 0.914673 -0.033252 0.402823
vn 0.914673 -0.033252 0.402823
vn 0.724075 0.278691 -0.630909
vn 0.724075 0.278691 -0.630909
vn 0.551894 0.311668 -0.773484
vn 0.551894 0.311668 -0.773484
vn -0.51386 0.25654 -0.818618
vn -0.51386 0.25654 -0.818618
vn -0.845647 0.13911 -0.515296
vn -0.845647 0.13911 -0.515296
vn -0.9648 -0.107205 0.240141
vn -0.9648 -0.107205 0.240141
vn -0.039033 -0.286168 0.957384
vn -0.039033 -0.286168 0.957384
vn 0.078638 -0.22819 0.970436
vn 0.078638 -0.22819 0.970436
vn 0.914997 -0.019995 0.402966
vn 0.914997 -0.019995 0.402966
vn 0.731909 0.240005 -0.637735
vn 0.731909 0.240005 -0.637735
vn 0.559512 0.268396 -0.784162
vn 0.559512 0.268396 -0.784162
vn -0.518279 0.222879 -0.825658
vn -0.518279 0.222879 -0.825658
vn -0.847277 0.124765 -0.516289
vn -0.847277 0.124765 -0.516289
vn -0.967365 -0.078933 0.240779
vn -0.967365 -0.078933 0.240779
vn -0.039598 -0.23476 0.971246
vn -0.039598 -0.23476 0.971246
vn 0.08049 0.083015 0.993292
vn 0.08049 0.083015 0.993292
vn 0.914281 0.044311 0.40265
vn 0.914281 0.044311 0.40265
vn 0.753821 -0.018188 -0.656828
vn 0.753821 -0.018188 -0.656828
vn 0.580651 -0.024361 -0.813788
vn 0.580651 -0.024361 -0.813788
vn -0.531653 -0.000389 -0.846962
vn -0.531653 -0.000389 -0.846962
vn -0.85365 0.026516 -0.520172
vn -0.85365 0.026516 -0.520172
vn -0.967585 0.076012 0.240834
vn -0.967585 0.076012 0.240834
vn -0.040586 0.085862 0.99548
vn -0.040586 0.085862 0.99548
vn 0.074324 0.391438 0.917198
vn 0.074324 0.391438 0.917198
vn 0.909207 0.114061 0.400416
vn 0.909207 0.114061 0.400416
vn 0.721733 -0.289182 -0.628868
vn 0.721733 -0.289182 -0.628868
vn 0.548447 -0.32921 -0.768653
vn 0.548447 -0.32921 -0.768653
vn -0.516357 -0.238141 -0.822596
vn -0.516357 -0.238141 -0.822596
vn -0.851308 -0.078605 -0.518745
vn -0.851308 -0.078605 -0.518745
vn -0.942638 0.237456 0.234624
vn -0.942638 0.237456 0.234624
vn -0.037301 0.401984 0.914887
vn -0.037301 0.401984 0.914887
vn 0.073489 0.414898 0.906895
vn 0.073489 0.414898 0.906895
vn 0.90773 0.127329 0.399766
vn 0.90773 0.127329 0.399766
vn 0.719012 -0.30087 -0.626497
vn 0.719012 -0.30087 -0.626497
vn 0.545579 -0.343045 -0.764633
vn 0.545579 -0.343045 -0.764633
vn -0.515072 -0.247795 -0.820548
vn -0.515072 -0.247795 -0.820548
vn -0.851294 -0.078806 -0.518737
vn -0.851294 -0.078806 -0.518737
vn -0.938036 0.256078 0.233479
vn -0.938036 0.256078 0.233479
vn -0.036862 0.425673 0.904126
vn -0.036862 0.425673 0.904126
vn 0.08066 0.051984 0.995385
vn 0.08066 0.051984 0.995385
vn 0.913201 0.065719 0.402175
vn 0.913201 0.065719 0.402175
vn 0.75285 0.053893 -0.655982
vn 0.75285 0.053893 -0.655982
vn 0.580003 0.053149 -0.812879
vn 0.580003 0.053149 -0.812879
vn -0.530512 0.065459 -0.845146
vn -0.530512 0.065459 -0.845146
vn -0.851765 0.071492 -0.519024
vn -0.851765 0.071492 -0.519024
vn -0.967171 0.081419 0.240731
vn -0.967171 0.081419 0.240731
vn -0.040679 0.053201 0.997755
vn -0.040679 0.053201 0.997755
vn 0.072869 -0.431342 0.899241
vn 0.913814 0.054614 0.402445
vn 0.630365 0.548595 -0.549257
vn 0.470445 0.586481 -0.659333
vn -0.456279 0.513268 -0.726887
vn -0.803569 0.338399 -0.489656
vn -0.964991 -0.105369 0.240188
vn -0.036496 -0.444284 0.895142
vn 0.039694 0.028384 0.998809
vn 0.039694 0.028384 0.998809
vn 0.974354 0.023013 0.22384
vn 0.974354 0.023013 0.22384
vn 0.865916 0.012887 -0.500024
vn 0.865916 0.012887 -0.500024
vn 0.522631 0.009358 -0.852508
vn 0.522631 0.009358 -0.852508
vn -0.583385 0.01312 -0.81209
vn -0.583385 0.01312 -0.81209
vn -0.743199 0.016012 -0.668879
vn -0.743199 0.016012 -0.668879
vn -0.905728 0.03291 0.422579
vn -0.905728 0.03291 0.422579
vn -0.089318 0.028794 0.995587
vn -0.089318 0.028794 0.995587
vn 0.03946 -0.112145 0.992908
vn 0.03946 -0.112145 0.992908
vn 0.973516 -0.047413 0.223648
vn 0.973516 -0.047413 0.223648
vn 0.864962 0.048664 -0.499473
vn 0.864962 0.048664 -0.499473
vn 0.519574 0.108408 -0.84752
vn 0.519574 0.108408 -0.84752
vn -0.576719 0.151291 -0.802811
vn -0.576719 0.151291 -0.802811
vn -0.735863 0.141045 -0.662278
vn -0.735863 0.141045 -0.662278
vn -0.906146 0.012657 0.422775
vn -0.906146 0.012657 0.422775
vn -0.088851 -0.106031 0.990385
vn -0.088851 -0.106031 0.990385
vn 0.039126 -0.170872 0.984516
vn 0.039126 -0.170872 0.984516
vn 0.971744 -0.076669 0.22324
vn 0.971744 -0.076669 0.22324
vn 0.86414 0.065282 -0.498999
vn 0.86414 0.065282 -0.498999
vn 0.516604 0.15171 -0.842677
vn 0.516604 0.15171 -0.842677
vn -0.570406 0.21015 -0.794024
vn -0.570406 0.21015 -0.794024
vn -0.729064 0.194737 -0.656158
vn -0.729064 0.194737 -0.656158
vn -0.906207 0.005104 0.422803
vn -0.906207 0.005104 0.422803
vn -0.088168 -0.162481 0.982765
vn -0.088168 -0.162481 0.982765
vn 0.039696 -0.026325 0.998865
vn 0.039696 -0.026325 0.998865
vn 0.974612 -0.000918 0.223899
vn 0.974612 -0.000918 0.223899
vn 0.865532 0.032435 -0.499802
vn 0.865532 0.032435 -0.499802
vn 0.52186 0.055094 -0.85125
vn 0.52186 0.055094 -0.85125
vn -0.581783 0.075203 -0.80986
vn -0.581783 0.075203 -0.80986
vn -0.741328 0.072684 -0.667196
vn -0.741328 0.072684 -0.667196
vn -0.905814 0.029897 0.422619
vn -0.905814 0.029897 0.422619
vn -0.08933 -0.023518 0.995724
vn -0.08933 -0.023518 0.995724
vn 0.038557 0.239249 0.970193
vn 0.038557 0.239249 0.970193
vn 0.965313 0.13781 0.221763
vn 0.965313 0.13781 0.221763
vn 0.865596 -0.030054 -0.49984
vn 0.865596 -0.030054 -0.49984
vn 0.518368 -0.127811 -0.845553
vn 0.518368 -0.127811 -0.845553
vn -0.573671 -0.182186 -0.798568
vn -0.573671 -0.182186 -0.798568
vn -0.733722 -0.159965 -0.660351
vn -0.733722 -0.159965 -0.660351
vn -0.903699 0.07452 0.421633
vn -0.903699 0.07452 0.421633
vn -0.086924 0.231678 0.968901
vn -0.086924 0.231678 0.968901
vn 0.036905 0.369155 0.928635
vn 0.036905 0.369155 0.928635
vn 0.952184 0.213294 0.218747
vn 0.952184 0.213294 0.218747
vn 0.864343 -0.061591 -0.499116
vn 0.864343 -0.061591 -0.499116
vn 0.509696 -0.221297 -0.831407
vn 0.509696 -0.221297 -0.831407
vn -0.554822 -0.309321 -0.77233
vn -0.554822 -0.309321 -0.77233
vn -0.714282 -0.276659 -0.642854
vn -0.714282 -0.276659 -0.642854
vn -0.901541 0.101475 0.420626
vn -0.901541 0.101475 0.420626
vn -0.083446 0.357603 0.930138
vn -0.083446 0.357603 0.930138
vn 0.038703 0.223732 0.973882
vn 0.038703 0.223732 0.973882
vn 0.965469 0.136659 0.221799
vn 0.965469 0.136659 0.221799
vn 0.865907 -0.013621 -0.500019
vn 0.865907 -0.013621 -0.500019
vn 0.519979 -0.101042 -0.848182
vn 0.519979 -0.101042 -0.848182
vn -0.576871 -0.149583 -0.803022
vn -0.576871 -0.149583 -0.803022
vn -0.737081 -0.129022 -0.663374
vn -0.737081 -0.129022 -0.663374
vn -0.903138 0.082391 0.421371
vn -0.903138 0.082391 0.421371
vn -0.087226 0.217013 0.972264
vn -0.087226 0.217013 0.972264
vn 0.038985 -0.190181 0.980975
vn 0.038985 -0.190181 0.980975
vn 0.972394 -0.067435 0.22339
vn 0.972394 -0.067435 0.22339
vn 0.861404 0.102755 -0.497419
vn 0.861404 0.102755 -0.497419
vn 0.511573 0.204821 -0.83447
vn 0.511573 0.204821 -0.83447
vn -0.561593 0.271058 -0.781755
vn -0.561593 0.271058 -0.781755
vn -0.719018 0.25348 -0.647117
vn -0.719018 0.25348 -0.647117
vn -0.90581 0.030049 0.422618
vn -0.90581 0.030049 0.422618
vn -0.087891 -0.180283 0.97968
vn -0.087891 -0.180283 0.97968
vn 0.035419 -0.452161 0.891233
vn 0.960269 -0.17093 0.220604
vn 0.83654 0.258558 -0.483061
vn 0.460304 0.473667 -0.75084
vn -0.475134 0.580342 -0.661401
vn -0.620352 0.550859 -0.558317
vn -0.90473 0.057311 0.422114
vn -0.080511 -0.43378 0.897415
vn 0.279477 0.117705 0.95291
vn 0.279477 0.117705 0.95291
vn 0.989418 0.054832 0.13433
vn 0.989418 0.054832 0.13433
vn 0.997285 0.039249 -0.062299
vn 0.997285 0.039249 -0.062299
vn 0.149014 -0.041719 -0.987955
vn 0.149014 -0.041719 -0.987955
vn -0.35164 -0.040424 -0.935262
vn -0.35164 -0.040424 -0.935262
vn -0.719413 -0.015869 -0.694401
vn -0.719413 -0.015869 -0.694401
vn -0.662754 0.097374 0.742479
vn -0.662754 0.097374 0.742479
vn -0.492641 0.105294 0.863839
vn -0.492641 0.105294 0.863839
vn 0.279391 0.120279 0.952614
vn 0.279391 0.120279 0.952614
vn 0.989182 0.05901 0.134298
vn 0.989182 0.05901 0.134298
vn 0.997108 0.043551 -0.062288
vn 0.997108 0.043551 -0.062288
vn 0.149032 -0.03861 -0.988078
vn 0.149032 -0.03861 -0.988078
vn -0.35167 -0.03824 -0.935343
vn -0.35167 -0.03824 -0.935343
vn -0.719434 -0.013981 -0.69442
vn -0.719434 -0.013981 -0.69442
vn -0.662679 0.098514 0.742395
vn -0.662679 0.098514 0.742395
vn -0.492577 0.106497 0.863728
vn -0.492577 0.106497 0.863728
vn 0.279153 0.127055 0.951804
vn 0.279153 0.127055 0.951804
vn 0.953881 0.270811 0.129505
vn 0.953881 0.270811 0.129505
vn 0.961103 0.269585 -0.060038
vn 0.961103 0.269585 -0.060038
vn 0.148864 0.06118 -0.986963
vn 0.148864 0.06118 -0.986963
vn -0.35136 -0.056741 -0.934519
vn -0.35136 -0.056741 -0.934519
vn -0.713338 -0.130634 -0.688537
vn -0.713338 -0.130634 -0.688537
vn -0.66274 -0.097596 0.742463
vn -0.66274 -0.097596 0.742463
vn -0.494541 -0.05867 0.867172
vn -0.494541 -0.05867 0.867172
vn 0.278866 0.134766 0.950827
vn 0.278866 0.134766 0.950827
vn 0.881799 0.456178 0.119719
vn 0.881799 0.456178 0.119719
vn 0.883337 0.46548 -0.055181
vn 0.883337 0.46548 -0.055181
vn 0.147138 0.163431 -0.975521
vn 0.147138 0.163431 -0.975521
vn -0.35093 -0.075235 -0.933374
vn -0.35093 -0.075235 -0.933374
vn -0.69749 -0.245469 -0.67324
vn -0.69749 -0.245469 -0.67324
vn -0.637513 -0.288951 0.714202
vn -0.637513 -0.288951 0.714202
vn -0.482766 -0.224352 0.846524
vn -0.482766 -0.224352 0.846524
vn 0.278695 0.139165 0.950243
vn 0.278695 0.139165 0.950243
vn 0.896022 0.427019 0.12165
vn 0.896022 0.427019 0.12165
vn 0.898847 0.43465 -0.056149
vn 0.898847 0.43465 -0.056149
vn 0.147486 0.148669 -0.977827
vn 0.147486 0.148669 -0.977827
vn -0.351159 -0.06605 -0.933983
vn -0.351159 -0.06605 -0.933983
vn -0.702361 -0.216989 -0.677941
vn -0.702361 -0.216989 -0.677941
vn -0.645314 -0.246834 0.722941
vn -0.645314 -0.246834 0.722941
vn -0.486689 -0.186647 0.853403
vn -0.486689 -0.186647 0.853403
vn 0.278662 0.140003 0.95013
vn 0.278662 0.140003 0.95013
vn 0.986583 0.093343 0.133945
vn 0.986583 0.093343 0.133945
vn 0.994934 0.079019 -0.062152
vn 0.994934 0.079019 -0.062152
vn 0.149129 -0.013647 -0.988724
vn 0.149129 -0.013647 -0.988724
vn -0.351845 -0.021686 -0.935807
vn -0.351845 -0.021686 -0.935807
vn -0.719504 -0.000803 -0.694488
vn -0.719504 -0.000803 -0.694488
vn -0.662231 0.105099 0.741893
vn -0.662231 0.105099 0.741893
vn -0.49217 0.113909 0.863014
vn -0.49217 0.113909 0.863014
vn 0.278513 0.143706 0.949621
vn 0.278513 0.143706 0.949621
vn 0.933973 -0.33409 0.126802
vn 0.933973 -0.33409 0.126802
vn 0.927129 -0.37024 -0.057916
vn 0.927129 -0.37024 -0.057916
vn 0.146063 -0.202205 -0.96839
vn 0.146063 -0.202205 -0.96839
vn -0.351726 0.033832 -0.935491
vn -0.351726 0.033832 -0.935491
vn -0.695311 0.257134 -0.671137
vn -0.695311 0.257134 -0.671137
vn -0.586452 0.473738 0.656998
vn -0.586452 0.473738 0.656998
vn -0.446559 0.432942 0.783037
vn -0.446559 0.432942 0.783037
vn 0.277643 0.163567 0.946657
vn 0.277643 0.163567 0.946657
vn 0.904032 -0.409464 0.122737
vn 0.904032 -0.409464 0.122737
vn 0.892557 -0.447475 -0.055756
vn 0.892557 -0.447475 -0.055756
vn 0.145112 -0.230927 -0.962089
vn 0.145112 -0.230927 -0.962089
vn -0.351171 0.06551 -0.934017
vn -0.351171 0.06551 -0.934017
vn -0.678081 0.334407 -0.654506
vn -0.678081 0.334407 -0.654506
vn -0.55385 0.555213 0.620474
vn -0.55385 0.555213 0.620474
vn -0.426339 0.509271 0.747581
vn -0.426339 0.509271 0.747581
vn 0.268769 0.296614 0.916397
vn 0.983112 0.125203 0.133474
vn 0.992752 0.102949 -0.062016
vn 0.148625 0.083295 -0.985379
vn -0.348208 0.144995 -0.926136
vn -0.696538 0.250637 -0.672321
vn -0.617149 0.375646 0.691388
vn -0.462511 0.358261 0.811007
vn 0.284296 0.075772 0.955738
vn 0.284296 0.075772 0.955738
vn 0.755334 -0.038399 0.654214
vn 0.755334 -0.038399 0.654214
vn 0.651569 -0.17747 -0.737538
vn 0.651569 -0.17747 -0.737538
vn 0.529336 -0.166611 -0.831892
vn 0.529336 -0.166611 -0.831892
vn -0.340542 -0.018048 -0.940056
vn -0.340542 -0.018048 -0.940056
vn -0.96474 0.178532 -0.193397
vn -0.96474 0.178532 -0.193397
vn -0.975657 0.209446 0.065011
vn -0.975657 0.209446 0.065011
vn -0.105563 0.150104 0.983018
vn -0.105563 0.150104 0.983018
vn 0.284431 0.06926 0.956192
vn 0.284431 0.06926 0.956192
vn 0.755702 -0.022385 0.654533
vn 0.755702 -0.022385 0.654533
vn 0.655553 -0.140049 -0.742049
vn 0.655553 -0.140049 -0.742049
vn 0.532169 -0.131631 -0.836343
vn 0.532169 -0.131631 -0.836343
vn -0.340577 -0.010819 -0.940154
vn -0.340577 -0.010819 -0.940154
vn -0.969327 0.150488 -0.194317
vn -0.969327 0.150488 -0.194317
vn -0.9821 0.17663 0.06544
vn -0.9821 0.17663 0.06544
vn -0.10587 0.129721 0.985882
vn -0.10587 0.129721 0.985882
vn 0.285004 0.028001 0.958117
vn 0.285004 0.028001 0.958117
vn 0.754645 0.057403 0.653617
vn 0.754645 0.057403 0.653617
vn 0.660758 0.063129 -0.74794
vn 0.660758 0.063129 -0.74794
vn 0.535955 0.057403 -0.842293
vn 0.535955 0.057403 -0.842293
vn -0.340516 0.021753 -0.939987
vn -0.340516 0.021753 -0.939987
vn -0.980408 -0.013182 -0.196538
vn -0.980408 -0.013182 -0.196538
vn -0.997659 -0.016011 0.066477
vn -0.997659 -0.016011 0.066477
vn -0.106766 0.010913 0.994224
vn -0.106766 0.010913 0.994224
vn 0.285114 -0.003266 0.958488
vn 0.285114 -0.003266 0.958488
vn 0.750469 0.119571 0.65
vn 0.750469 0.119571 0.65
vn 0.64623 0.217488 -0.731496
vn 0.64623 0.217488 -0.731496
vn 0.525814 0.201627 -0.826357
vn 0.525814 0.201627 -0.826357
vn -0.340206 0.047901 -0.93913
vn -0.340206 0.047901 -0.93913
vn -0.970966 -0.13906 -0.194645
vn -0.970966 -0.13906 -0.194645
vn -0.984232 -0.164277 0.065582
vn -0.984232 -0.164277 0.065582
vn -0.106422 -0.080919 0.991023
vn -0.106422 -0.080919 0.991023
vn 0.285043 0.022491 0.958251
vn 0.285043 0.022491 0.958251
vn 0.753334 0.082191 0.652482
vn 0.753334 0.082191 0.652482
vn 0.657524 0.117083 -0.74428
vn 0.657524 0.117083 -0.74428
vn 0.533711 0.107807 -0.838767
vn 0.533711 0.107807 -0.838767
vn -0.34039 0.034857 -0.939638
vn -0.34039 0.034857 -0.939638
vn -0.979365 -0.047943 -0.196329
vn -0.979365 -0.047943 -0.196329
vn -0.996111 -0.057946 0.066374
vn -0.996111 -0.057946 0.066374
vn -0.106763 -0.01352 0.994193
vn -0.106763 -0.01352 0.994193
vn 0.283568 0.104058 0.95329
vn 0.283568 0.104058 0.95329
vn 0.754801 -0.053687 0.653753
vn 0.754801 -0.053687 0.653753
vn 0.642962 -0.238562 -0.727797
vn 0.642962 -0.238562 -0.727797
vn 0.523262 -0.223479 -0.822346
vn 0.523262 -0.223479 -0.822346
vn -0.340553 -0.016128 -0.940087
vn -0.340553 -0.016128 -0.940087
vn -0.948893 0.25183 -0.19022
vn -0.948893 0.25183 -0.19022
vn -0.954434 0.291565 0.063597
vn -0.954434 0.291565 0.063597
vn -0.104469 0.206611 0.97283
vn -0.104469 0.206611 0.97283
vn 0.280348 0.182098 0.942468
vn 0.280348 0.182098 0.942468
vn 0.743886 -0.177522 0.644298
vn 0.743886 -0.177522 0.644298
vn 0.570507 -0.507432 -0.645782
vn 0.570507 -0.507432 -0.645782
vn 0.470778 -0.480593 -0.739863
vn 0.470778 -0.480593 -0.739863
vn -0.339947 -0.061747 -0.938415
vn -0.339947 -0.061747 -0.938415
vn -0.856832 0.486144 -0.171765
vn -0.856832 0.486144 -0.171765
vn -0.83547 0.546709 0.05567
vn -0.83547 0.546709 0.05567
vn -0.09818 0.393037 0.914266
vn -0.09818 0.393037 0.914266
vn 0.279829 0.191678 0.940721
vn 0.279829 0.191678 0.940721
vn 0.746132 -0.160176 0.646244
vn 0.746132 -0.160176 0.646244
vn 0.575943 -0.493226 -0.651934
vn 0.575943 -0.493226 -0.651934
vn 0.474868 -0.466421 -0.746291
vn 0.474868 -0.466421 -0.746291
vn -0.340225 -0.046722 -0.939183
vn -0.340225 -0.046722 -0.939183
vn -0.85435 0.490666 -0.171268
vn -0.85435 0.490666 -0.171268
vn -0.833285 0.550049 0.055524
vn -0.833285 0.550049 0.055524
vn -0.097929 0.398492 0.911929
vn -0.097929 0.398492 0.911929
vn 0.281086 0.167535 0.944946
vn 0.751797 0.103939 0.651151
vn 0.661863 -0.025504 -0.749191
vn 0.536714 -0.021656 -0.843486
vn -0.338676 0.106047 -0.934908
vn -0.947202 0.258366 -0.189881
vn -0.95682 0.283602 0.063756
vn -0.104002 0.226328 0.968483
vn 0.583305 0.033149 0.811576
vn 0.583305 0.033149 0.811576
vn 0.691935 0.033643 0.721176
vn 0.691935 0.033643 0.721176
vn 0.845905 0.026755 -0.532662
vn 0.845905 0.026755 -0.532662
vn 0.155493 0.010365 -0.987783
vn 0.155493 0.010365 -0.987783
vn -0.049461 0.008947 -0.998736
vn -0.049461 0.008947 -0.998736
vn -0.990725 0.016483 -0.134878
vn -0.990725 0.016483 -0.134878
vn -0.928417 0.020501 0.370975
vn -0.928417 0.020501 0.370975
vn -0.457708 0.028164 0.888656
vn -0.457708 0.028164 0.888656
vn 0.578433 -0.133101 0.804797
vn 0.578433 -0.133101 0.804797
vn 0.686384 -0.130737 0.715391
vn 0.686384 -0.130737 0.715391
vn 0.846046 0.019573 -0.532751
vn 0.846046 0.019573 -0.532751
vn 0.15415 0.131568 -0.979249
vn 0.15415 0.131568 -0.979249
vn -0.048896 0.151021 -0.987321
vn -0.048896 0.151021 -0.987321
vn -0.982191 0.131991 -0.133716
vn -0.982191 0.131991 -0.133716
vn -0.926876 0.06112 0.370359
vn -0.926876 0.06112 0.370359
vn -0.457354 -0.048359 0.887969
vn -0.457354 -0.048359 0.887969
vn 0.578019 -0.138281 0.804221
vn 0.578019 -0.138281 0.804221
vn 0.685913 -0.135799 0.7149
vn 0.685913 -0.135799 0.7149
vn 0.846017 0.021257 -0.532732
vn 0.846017 0.021257 -0.532732
vn 0.154016 0.137907 -0.978397
vn 0.154016 0.137907 -0.978397
vn -0.04884 0.158174 -0.986203
vn -0.04884 0.158174 -0.986203
vn -0.981304 0.138544 -0.133596
vn -0.981304 0.138544 -0.133596
vn -0.926673 0.064585 0.370278
vn -0.926673 0.064585 0.370278
vn -0.457322 -0.049786 0.887906
vn -0.457322 -0.049786 0.887906
vn 0.580475 0.103777 0.807638
vn 0.580475 0.103777 0.807638
vn 0.688595 0.103678 0.717696
vn 0.688595 0.103678 0.717696
vn 0.845643 0.036532 -0.532497
vn 0.845643 0.036532 -0.532497
vn 0.15542 -0.032385 -0.987318
vn 0.15542 -0.032385 -0.987318
vn -0.049419 -0.04214 -0.997889
vn -0.049419 -0.04214 -0.997889
vn -0.99061 -0.022445 -0.134862
vn -0.99061 -0.022445 -0.134862
vn -0.928557 0.010904 0.37103
vn -0.928557 0.010904 0.37103
vn -0.456948 0.064128 0.887179
vn -0.456948 0.064128 0.887179
vn 0.53916 0.382852 0.750154
vn 0.53916 0.382852 0.750154
vn 0.640361 0.380111 0.667423
vn 0.640361 0.380111 0.667423
vn 0.844879 0.056029 -0.532016
vn 0.844879 0.056029 -0.532016
vn 0.150844 -0.242897 -0.958252
vn 0.150844 -0.242897 -0.958252
vn -0.047387 -0.286658 -0.95686
vn -0.047387 -0.286658 -0.95686
vn -0.965941 -0.222856 -0.131504
vn -0.965941 -0.222856 -0.131504
vn -0.927088 -0.057264 0.370444
vn -0.927088 -0.057264 0.370444
vn -0.448173 0.204917 0.870143
vn -0.448173 0.204917 0.870143
vn 0.527002 0.429684 0.733239
vn 0.527002 0.429684 0.733239
vn 0.626126 0.42673 0.652586
vn 0.626126 0.42673 0.652586
vn 0.844483 0.063824 -0.531766
vn 0.844483 0.063824 -0.531766
vn 0.149422 -0.276881 -0.949216
vn 0.149422 -0.276881 -0.949216
vn -0.046769 -0.3255 -0.944385
vn -0.046769 -0.3255 -0.944385
vn -0.958231 -0.25451 -0.130454
vn -0.958231 -0.25451 -0.130454
vn -0.926575 -0.066199 0.370239
vn -0.926575 -0.066199 0.370239
vn -0.445228 0.23354 0.864425
vn -0.445228 0.23354 0.864425
vn 0.578292 0.134888 0.804601
vn 0.578292 0.134888 0.804601
vn 0.685994 0.13494 0.714985
vn 0.685994 0.13494 0.714985
vn 0.845007 0.053256 -0.532097
vn 0.845007 0.053256 -0.532097
vn 0.155409 -0.034487 -0.987248
vn 0.155409 -0.034487 -0.987248
vn -0.049409 -0.046552 -0.997693
vn -0.049409 -0.046552 -0.997693
vn -0.990657 -0.020235 -0.134869
vn -0.990657 -0.020235 -0.134869
vn -0.928411 0.020803 0.370972
vn -0.928411 0.020803 0.370972
vn -0.456172 0.086557 0.885672
vn -0.456172 0.086557 0.885672
vn 0.54129 -0.373923 0.753118
vn 0.54129 -0.373923 0.753118
vn 0.643562 -0.368659 0.670759
vn 0.643562 -0.368659 0.670759
vn 0.845567 0.038923 -0.532449
vn 0.845567 0.038923 -0.532449
vn 0.145765 0.348284 -0.925986
vn 0.145765 0.348284 -0.925986
vn -0.045447 0.394715 -0.917679
vn -0.045447 0.394715 -0.917679
vn -0.929486 0.346472 -0.126541
vn -0.929486 0.346472 -0.126541
vn -0.91666 0.159921 0.366277
vn -0.91666 0.159921 0.366277
vn -0.452475 -0.153337 0.878495
vn -0.452475 -0.153337 0.878495
vn 0.490287 -0.542479 0.682155
vn 0.584821 -0.535211 0.609536
vn 0.841046 0.110282 -0.529603
vn 0.129678 0.551863 -0.823791
vn -0.039375 0.605238 -0.79507
vn -0.823694 0.555836 -0.112138
vn -0.885628 0.300724 0.353877
vn -0.446923 -0.217555 0.867715
vn 0.583918 -0.023004 0.811487
vn 0.583918 -0.023004 0.811487
vn 0.739811 -0.032899 0.67201
vn 0.739811 -0.032899 0.67201
vn 0.902874 -0.036023 -0.428394
vn 0.902874 -0.036023 -0.428394
vn 0.092061 0.015971 -0.995625
vn 0.092061 0.015971 -0.995625
vn -0.039544 0.025435 -0.998894
vn -0.039544 0.025435 -0.998894
vn -0.971236 0.096394 -0.217737
vn -0.971236 0.096394 -0.217737
vn -0.866476 0.083728 0.492148
vn -0.866476 0.083728 0.492148
vn -0.519014 0.056644 0.852887
vn -0.519014 0.056644 0.852887
vn 0.573724 -0.187411 0.79732
vn 0.573724 -0.187411 0.79732
vn 0.727825 -0.182172 0.661123
vn 0.727825 -0.182172 0.661123
vn 0.903419 -0.009534 -0.428653
vn 0.903419 -0.009534 -0.428653
vn 0.09059 0.178732 -0.979719
vn 0.09059 0.178732 -0.979719
vn -0.038798 0.194922 -0.980051
vn -0.038798 0.194922 -0.980051
vn -0.959023 0.184529 -0.214999
vn -0.959023 0.184529 -0.214999
vn -0.868533 0.047833 0.493317
vn -0.868533 0.047833 0.493317
vn -0.518934 -0.059289 0.852756
vn -0.518934 -0.059289 0.852756
vn 0.565348 -0.251173 0.78568
vn 0.565348 -0.251173 0.78568
vn 0.718529 -0.240263 0.652679
vn 0.718529 -0.240263 0.652679
vn 0.903456 0.002909 -0.42867
vn 0.903456 0.002909 -0.42867
vn 0.089289 0.244 -0.965656
vn 0.089289 0.244 -0.965656
vn -0.038172 0.26233 -0.964223
vn -0.038172 0.26233 -0.964223
vn -0.951578 0.221337 -0.21333
vn -0.951578 0.221337 -0.21333
vn -0.869024 0.034066 0.493596
vn -0.869024 0.034066 0.493596
vn -0.516923 -0.105942 0.849451
vn -0.516923 -0.105942 0.849451
vn 0.582149 -0.081085 0.809029
vn 0.582149 -0.081085 0.809029
vn 0.737533 -0.084987 0.669942
vn 0.737533 -0.084987 0.669942
vn 0.903277 -0.020153 -0.428585
vn 0.903277 -0.020153 -0.428585
vn 0.091761 0.082165 -0.992385
vn 0.091761 0.082165 -0.992385
vn -0.039381 0.094363 -0.994759
vn -0.039381 0.094363 -0.994759
vn -0.966773 0.135553 -0.216737
vn -0.966773 0.135553 -0.216737
vn -0.867052 0.075418 0.492476
vn -0.867052 0.075418 0.492476
vn -0.519764 0.018039 0.85412
vn -0.519764 0.018039 0.85412
vn 0.56768 0.23525 0.788921
vn 0.56768 0.23525 0.788921
vn 0.724547 0.20464 0.658145
vn 0.724547 0.20464 0.658145
vn 0.901643 -0.063398 -0.42781
vn 0.901643 -0.063398 -0.42781
vn 0.089795 -0.221034 -0.971124
vn 0.089795 -0.221034 -0.971124
vn -0.038562 -0.222939 -0.974069
vn -0.038562 -0.222939 -0.974069
vn -0.975378 -0.028704 -0.218666
vn -0.975378 -0.028704 -0.218666
vn -0.859893 0.148461 0.488409
vn -0.859893 0.148461 0.488409
vn -0.505051 0.236895 0.829942
vn -0.505051 0.236895 0.829942
vn 0.539356 0.383741 0.749558
vn 0.539356 0.383741 0.749558
vn 0.694822 0.344787 0.631145
vn 0.694822 0.344787 0.631145
vn 0.90034 -0.083042 -0.427191
vn 0.90034 -0.083042 -0.427191
vn 0.085841 -0.361623 -0.928364
vn 0.085841 -0.361623 -0.928364
vn -0.036759 -0.369416 -0.928537
vn -0.036759 -0.369416 -0.928537
vn -0.969588 -0.112469 -0.217368
vn -0.969588 -0.112469 -0.217368
vn -0.85389 0.188803 0.485
vn -0.85389 0.188803 0.485
vn -0.488201 0.343586 0.802252
vn -0.488201 0.343586 0.802252
vn 0.571646 0.205175 0.794433
vn 0.571646 0.205175 0.794433
vn 0.72839 0.178007 0.661636
vn 0.72839 0.178007 0.661636
vn 0.90257 -0.04438 -0.42825
vn 0.90257 -0.04438 -0.42825
vn 0.090677 -0.173405 -0.980667
vn 0.090677 -0.173405 -0.980667
vn -0.038957 -0.17351 -0.984061
vn -0.038957 -0.17351 -0.984061
vn -0.97576 0.006365 -0.218752
vn -0.97576 0.006365 -0.218752
vn -0.859668 0.150175 0.488281
vn -0.859668 0.150175 0.488281
vn -0.507175 0.219462 0.833433
vn -0.507175 0.219462 0.833433
vn 0.56023 -0.282799 0.778567
vn 0.56023 -0.282799 0.778567
vn 0.713497 -0.266229 0.648108
vn 0.713497 -0.266229 0.648108
vn 0.902491 0.046302 -0.428212
vn 0.902491 0.046302 -0.428212
vn 0.087257 0.319163 -0.943674
vn 0.087257 0.319163 -0.943674
vn -0.03722 0.338649 -0.940176
vn -0.03722 0.338649 -0.940176
vn -0.93627 0.281675 -0.209898
vn -0.93627 0.281675 -0.209898
vn -0.868436 0.050112 0.493262
vn -0.868436 0.050112 0.493262
vn -0.516058 -0.120532 0.848031
vn -0.516058 -0.120532 0.848031
vn 0.487548 -0.550645 0.67756
vn 0.635118 -0.513611 0.576913
vn 0.885468 0.198579 -0.420135
vn 0.070918 0.637751 -0.766971
vn -0.029828 0.656806 -0.753469
vn -0.831239 0.52375 -0.186352
vn -0.869046 0.033323 0.493608
vn -0.490823 -0.329472 0.806561
vn 0.58145 -0.020762 0.813317
vn 0.58145 -0.020762 0.813317
vn 0.687148 -0.005769 0.726495
vn 0.687148 -0.005769 0.726495
vn 0.830762 0.125576 -0.542278
vn 0.830762 0.125576 -0.542278
vn 0.165235 0.120332 -0.978886
vn 0.165235 0.120332 -0.978886
vn -0.052521 0.108933 -0.992661
vn -0.052521 0.108933 -0.992661
vn -0.9919 -0.022269 -0.125058
vn -0.9919 -0.022269 -0.125058
vn -0.93367 -0.06481 0.352221
vn -0.93367 -0.06481 0.352221
vn -0.445953 -0.087153 0.890803
vn -0.445953 -0.087153 0.890803
vn 0.574163 -0.159154 0.803123
vn 0.574163 -0.159154 0.803123
vn 0.67999 -0.144076 0.718927
vn 0.67999 -0.144076 0.718927
vn 0.83174 0.115976 -0.542916
vn 0.83174 0.115976 -0.542916
vn 0.162606 0.213533 -0.963308
vn 0.162606 0.213533 -0.963308
vn -0.051519 0.221765 -0.973738
vn -0.051519 0.221765 -0.973738
vn -0.989017 0.079353 -0.124694
vn -0.989017 0.079353 -0.124694
vn -0.935417 -0.021676 0.35288
vn -0.935417 -0.021676 0.35288
vn -0.442871 -0.145821 0.884648
vn -0.442871 -0.145821 0.884648
vn 0.574539 -0.155092 0.803649
vn 0.574539 -0.155092 0.803649
vn 0.680397 -0.139949 0.719357
vn 0.680397 -0.139949 0.719357
vn 0.831523 0.11818 -0.542774
vn 0.831523 0.11818 -0.542774
vn 0.162614 0.21332 -0.963354
vn 0.162614 0.21332 -0.963354
vn -0.051526 0.221225 -0.973861
vn -0.051526 0.221225 -0.973861
vn -0.989005 0.079504 -0.124693
vn -0.989005 0.079504 -0.124693
vn -0.935439 -0.020567 0.352888
vn -0.935439 -0.020567 0.352888
vn -0.443055 -0.143002 0.885016
vn -0.443055 -0.143002 0.885016
vn 0.580631 0.056979 0.812171
vn 0.580631 0.056979 0.812171
vn 0.685389 0.071733 0.724635
vn 0.685389 0.071733 0.724635
vn 0.829444 0.137443 -0.541417
vn 0.829444 0.137443 -0.541417
vn 0.165959 0.076326 -0.983174
vn 0.165959 0.076326 -0.983174
vn -0.052757 0.054388 -0.997125
vn -0.052757 0.054388 -0.997125
vn -0.989882 -0.067506 -0.124803
vn -0.989882 -0.067506 -0.124803
vn -0.932611 -0.080358 0.351822
vn -0.932611 -0.080358 0.351822
vn -0.447087 -0.050388 0.89307
vn -0.447087 -0.050388 0.89307
vn 0.554503 0.301552 0.775624
vn 0.554503 0.301552 0.775624
vn 0.652516 0.313509 0.68988
vn 0.652516 0.313509 0.68988
vn 0.826492 0.160812 -0.539491
vn 0.826492 0.160812 -0.539491
vn 0.165702 -0.094363 -0.981651
vn 0.165702 -0.094363 -0.981651
vn -0.052221 -0.152071 -0.986989
vn -0.052221 -0.152071 -0.986989
vn -0.963482 -0.238634 -0.121475
vn -0.963482 -0.238634 -0.121475
vn -0.924874 -0.151244 0.348903
vn -0.924874 -0.151244 0.348903
vn -0.446754 0.063432 0.892405
vn -0.446754 0.063432 0.892405
vn 0.548307 0.333371 0.766957
vn 0.548307 0.333371 0.766957
vn 0.644993 0.344905 0.681927
vn 0.644993 0.344905 0.681927
vn 0.825488 0.16801 -0.538835
vn 0.825488 0.16801 -0.538835
vn 0.165375 -0.113182 -0.979715
vn 0.165375 -0.113182 -0.979715
vn -0.052019 -0.175035 -0.983187
vn -0.052019 -0.175035 -0.983187
vn -0.959097 -0.25595 -0.120922
vn -0.959097 -0.25595 -0.120922
vn -0.924105 -0.156521 0.348613
vn -0.924105 -0.156521 0.348613
vn -0.446149 0.081984 0.891196
vn -0.446149 0.081984 0.891196
vn 0.580811 0.051282 0.812422
vn 0.580811 0.051282 0.812422
vn 0.685639 0.066488 0.724899
vn 0.685639 0.066488 0.724899
vn 0.827763 0.151204 -0.54032
vn 0.827763 0.151204 -0.54032
vn 0.165608 0.100147 -0.981094
vn 0.165608 0.100147 -0.981094
vn -0.052661 0.081085 -0.995315
vn -0.052661 0.081085 -0.995315
vn -0.991372 -0.039484 -0.124991
vn -0.991372 -0.039484 -0.124991
vn -0.933909 -0.060751 0.352311
vn -0.933909 -0.060751 0.352311
vn -0.447211 -0.044556 0.893318
vn -0.447211 -0.044556 0.893318
vn 0.539136 -0.374997 0.754128
vn 0.539136 -0.374997 0.754128
vn 0.640847 -0.360905 0.677542
vn 0.640847 -0.360905 0.677542
vn 0.830448 0.128507 -0.542072
vn 0.830448 0.128507 -0.542072
vn 0.152998 0.39376 -0.906391
vn 0.152998 0.39376 -0.906391
vn -0.047694 0.430291 -0.90143
vn -0.047694 0.430291 -0.90143
vn -0.94896 0.291821 -0.119644
vn -0.94896 0.291821 -0.119644
vn -0.93187 0.089652 0.351542
vn -0.93187 0.089652 0.351542
vn -0.435857 -0.228077 0.870637
vn -0.435857 -0.228077 0.870637
vn 0.502939 -0.50214 0.703497
vn 0.599533 -0.48865 0.633863
vn 0.821507 0.193847 -0.536236
vn 0.138837 0.551561 -0.822499
vn -0.042351 0.597913 -0.800442
vn -0.863857 0.491822 -0.108914
vn -0.909128 0.236352 0.342963
vn -0.432851 -0.255047 0.864633
vn 0.160951 -0.083816 0.983397
vn 0.160951 -0.083816 0.983397
vn 0.997442 -0.03104 0.064385
vn 0.997442 -0.03104 0.064385
vn 0.992543 -0.011826 -0.121319
vn 0.992543 -0.011826 -0.121319
vn 0.264539 0.11137 -0.957923
vn 0.264539 0.11137 -0.957923
vn -0.478019 0.138987 -0.867283
vn -0.478019 0.138987 -0.867283
vn -0.662439 0.137006 -0.736481
vn -0.662439 0.137006 -0.736481
vn -0.711187 -0.006489 0.702973
vn -0.711187 -0.006489 0.702973
vn -0.368556 -0.051433 0.928182
vn -0.368556 -0.051433 0.928182
vn 0.160578 -0.107758 0.981123
vn 0.160578 -0.107758 0.981123
vn 0.993032 -0.098886 0.0641
vn 0.993032 -0.098886 0.0641
vn 0.989682 -0.076782 -0.120969
vn 0.989682 -0.076782 -0.120969
vn 0.264605 0.109117 -0.958164
vn 0.264605 0.109117 -0.958164
vn -0.47435 0.185251 -0.860625
vn -0.47435 0.185251 -0.860625
vn -0.656071 0.193763 -0.729401
vn -0.656071 0.193763 -0.729401
vn -0.710788 0.034113 0.702579
vn -0.710788 0.034113 0.702579
vn -0.368775 -0.038194 0.928734
vn -0.368775 -0.038194 0.928734
vn 0.161226 -0.060154 0.985082
vn 0.161226 -0.060154 0.985082
vn 0.997548 0.027433 0.064391
vn 0.997548 0.027433 0.064391
vn 0.991644 0.044169 -0.121209
vn 0.991644 0.044169 -0.121209
vn 0.264326 0.118271 -0.957154
vn 0.264326 0.118271 -0.957154
vn -0.479924 0.107184 -0.870738
vn -0.479924 0.107184 -0.870738
vn -0.665586 0.097079 -0.73998
vn -0.665586 0.097079 -0.73998
vn -0.710825 -0.032525 0.702616
vn -0.710825 -0.032525 0.702616
vn -0.368445 -0.056958 0.927903
vn -0.368445 -0.056958 0.927903
vn 0.161452 0.028895 0.986458
vn 0.161452 0.028895 0.986458
vn 0.964781 0.255575 0.062276
vn 0.964781 0.255575 0.062276
vn 0.958148 0.261221 -0.117115
vn 0.958148 0.261221 -0.117115
vn 0.26379 0.134103 -0.955213
vn 0.26379 0.134103 -0.955213
vn -0.482215 -0.045016 -0.874895
vn -0.482215 -0.045016 -0.874895
vn -0.665957 -0.091215 -0.740392
vn -0.665957 -0.091215 -0.740392
vn -0.702357 -0.15722 0.694245
vn -0.702357 -0.15722 0.694245
vn -0.367437 -0.093217 0.925365
vn -0.367437 -0.093217 0.925365
vn 0.161122 0.070103 0.984442
vn 0.161122 0.070103 0.984442
vn 0.935697 0.347596 0.060399
vn 0.935697 0.347596 0.060399
vn 0.930218 0.34895 -0.113701
vn 0.930218 0.34895 -0.113701
vn 0.263446 0.143328 -0.953967
vn 0.263446 0.143328 -0.953967
vn -0.479816 -0.109231 -0.870543
vn -0.479816 -0.109231 -0.870543
vn -0.659048 -0.169676 -0.732711
vn -0.659048 -0.169676 -0.732711
vn -0.695704 -0.20762 0.68767
vn -0.695704 -0.20762 0.68767
vn -0.36693 -0.106884 0.924088
vn -0.36693 -0.106884 0.924088
vn 0.161519 0.000835 0.986869
vn 0.161519 0.000835 0.986869
vn 0.982939 0.172639 0.063448
vn 0.982939 0.172639 0.063448
vn 0.975895 0.182755 -0.119284
vn 0.975895 0.182755 -0.119284
vn 0.263686 0.136973 -0.954834
vn 0.263686 0.136973 -0.954834
vn -0.482516 0.027918 -0.875442
vn -0.482516 0.027918 -0.875442
vn -0.668742 -0.002791 -0.743489
vn -0.668742 -0.002791 -0.743489
vn -0.707947 -0.095563 0.699771
vn -0.707947 -0.095563 0.699771
vn -0.368156 -0.069323 0.927176
vn -0.368156 -0.069323 0.927176
vn 0.159856 -0.143141 0.976707
vn 0.159856 -0.143141 0.976707
vn 0.97252 -0.224196 0.062776
vn 0.97252 -0.224196 0.062776
vn 0.97316 -0.197002 -0.11895
vn 0.97316 -0.197002 -0.11895
vn 0.264226 0.121384 -0.956792
vn 0.264226 0.121384 -0.956792
vn -0.461109 0.295766 -0.836601
vn -0.461109 0.295766 -0.836601
vn -0.632417 0.325107 -0.703103
vn -0.632417 0.325107 -0.703103
vn -0.704243 0.139548 0.696109
vn -0.704243 0.139548 0.696109
vn -0.369036 0.006574 0.929392
vn -0.369036 0.006574 0.929392
vn 0.157015 -0.234499 0.959352
vn 0.157015 -0.234499 0.959352
vn 0.887361 -0.457504 0.057279
vn 0.887361 -0.457504 0.057279
vn 0.897642 -0.426849 -0.109719
vn 0.897642 -0.426849 -0.109719
vn 0.264293 0.119316 -0.957033
vn 0.264293 0.119316 -0.957033
vn -0.427752 0.463384 -0.776082
vn -0.427752 0.463384 -0.776082
vn -0.572228 0.517515 -0.636187
vn -0.572228 0.517515 -0.636187
vn -0.676799 0.307255 0.668983
vn -0.676799 0.307255 0.668983
vn -0.368133 0.07023 0.927117
vn -0.368133 0.07023 0.927117
vn 0.160577 -0.107822 0.981116
vn 0.956544 -0.284977 0.061745
vn 0.960513 -0.252251 -0.117404
vn 0.259997 0.214522 -0.941478
vn -0.426902 0.466737 -0.774539
vn -0.574268 0.512438 -0.638454
vn -0.670788 0.332294 0.663041
vn -0.365779 0.132738 0.921188
vn 0.251637 0.138521 0.957857
vn 0.251637 0.138521 0.957857
vn 0.774179 0.045401 0.631337
vn 0.774179 0.045401 0.631337
vn 0.659048 -0.124845 -0.741667
vn 0.659048 -0.124845 -0.741667
vn 0.547841 -0.124013 -0.82734
vn 0.547841 -0.124013 -0.82734
vn -0.368074 -0.020097 -0.929579
vn -0.368074 -0.020097 -0.929579
vn -0.962858 0.143235 -0.228885
vn -0.962858 0.143235 -0.228885
vn -0.979984 0.184968 0.07361
vn -0.979984 0.184968 0.07361
vn -0.088475 0.183489 0.979032
vn -0.088475 0.183489 0.979032
vn 0.252824 0.099563 0.962376
vn 0.252824 0.099563 0.962376
vn 0.772072 0.086521 0.629619
vn 0.772072 0.086521 0.629619
vn 0.664241 0.003266 -0.747511
vn 0.664241 0.003266 -0.747511
vn 0.552102 -0.001811 -0.833774
vn 0.552102 -0.001811 -0.833774
vn -0.368125 0.011249 -0.929708
vn -0.368125 0.011249 -0.929708
vn -0.971123 0.060239 -0.23085
vn -0.971123 0.060239 -0.23085
vn -0.994088 0.078831 0.074669
vn -0.994088 0.078831 0.074669
vn -0.089485 0.107158 0.990207
vn -0.089485 0.107158 0.990207
vn 0.253641 -0.059188 0.965486
vn 0.253641 -0.059188 0.965486
vn 0.754495 0.228389 0.615285
vn 0.754495 0.228389 0.615285
vn 0.597396 0.437205 -0.672287
vn 0.597396 0.437205 -0.672287
vn 0.501814 0.416985 -0.75783
vn 0.501814 0.416985 -0.75783
vn -0.36546 0.120622 -0.922978
vn -0.36546 0.120622 -0.922978
vn -0.939219 -0.260808 -0.223266
vn -0.939219 -0.260808 -0.223266
vn -0.942411 -0.326881 0.070787
vn -0.942411 -0.326881 0.070787
vn -0.088248 -0.19657 0.97651
vn -0.088248 -0.19657 0.97651
vn 0.250811 -0.160043 0.954715
vn 0.250811 -0.160043 0.954715
vn 0.734879 0.317501 0.599288
vn 0.734879 0.317501 0.599288
vn 0.516926 0.627996 -0.581728
vn 0.516926 0.627996 -0.581728
vn 0.438539 0.607518 -0.662273
vn 0.438539 0.607518 -0.662273
vn -0.361219 0.193106 -0.912267
vn -0.361219 0.193106 -0.912267
vn -0.87522 -0.436696 -0.208053
vn -0.87522 -0.436696 -0.208053
vn -0.846233 -0.529007 0.063563
vn -0.846233 -0.529007 0.063563
vn -0.083524 -0.372558 0.924243
vn -0.083524 -0.372558 0.924243
vn 0.253818 -0.045941 0.96616
vn 0.253818 -0.045941 0.96616
vn 0.752525 0.238965 0.613679
vn 0.752525 0.238965 0.613679
vn 0.596302 0.440577 -0.671055
vn 0.596302 0.440577 -0.671055
vn 0.500942 0.420411 -0.756513
vn 0.500942 0.420411 -0.756513
vn -0.364958 0.131365 -0.92171
vn -0.364958 0.131365 -0.92171
vn -0.943355 -0.244528 -0.224249
vn -0.943355 -0.244528 -0.224249
vn -0.948028 -0.310115 0.071209
vn -0.948028 -0.310115 0.071209
vn -0.088507 -0.181604 0.979381
vn -0.088507 -0.181604 0.979381
vn 0.245802 0.253267 0.935648
vn 0.245802 0.253267 0.935648
vn 0.774966 -0.005432 0.631979
vn 0.774966 -0.005432 0.631979
vn 0.621324 -0.353635 -0.699213
vn 0.621324 -0.353635 -0.699213
vn 0.5186 -0.343048 -0.783181
vn 0.5186 -0.343048 -0.783181
vn -0.367656 -0.0517 -0.928524
vn -0.367656 -0.0517 -0.928524
vn -0.911677 0.349111 -0.216719
vn -0.911677 0.349111 -0.216719
vn -0.901712 0.426998 0.06773
vn -0.901712 0.426998 0.06773
vn -0.083663 0.368704 0.925774
vn -0.083663 0.368704 0.925774
vn 0.22456 0.467874 0.85479
vn 0.22456 0.467874 0.85479
vn 0.758252 -0.206637 0.618349
vn 0.758252 -0.206637 0.618349
vn 0.444808 -0.742682 -0.500569
vn 0.444808 -0.742682 -0.500569
vn 0.378441 -0.728116 -0.571514
vn 0.378441 -0.728116 -0.571514
vn -0.360927 -0.197093 -0.91153
vn -0.360927 -0.197093 -0.91153
vn -0.719384 0.673233 -0.171008
vn -0.719384 0.673233 -0.171008
vn -0.651821 0.756791 0.04896
vn -0.651821 0.756791 0.04896
vn -0.06701 0.667592 0.741505
vn -0.06701 0.667592 0.741505
vn 0.226668 0.451857 0.862813
vn 0.226668 0.451857 0.862813
vn 0.768011 -0.13379 0.626307
vn 0.768011 -0.13379 0.626307
vn 0.484939 -0.683383 -0.545731
vn 0.484939 -0.683383 -0.545731
vn 0.411009 -0.667686 -0.620699
vn 0.411009 -0.667686 -0.620699
vn -0.364662 -0.137288 -0.920963
vn -0.364662 -0.137288 -0.920963
vn -0.744633 0.643575 -0.17701
vn -0.744633 0.643575 -0.17701
vn -0.684171 0.727509 0.05139
vn -0.684171 0.727509 0.05139
vn -0.069272 0.638451 0.766538
vn -0.069272 0.638451 0.766538
vn 0.245185 0.262372 0.933298
vn 0.716555 0.380907 0.584345
vn 0.617553 0.368299 -0.69497
vn 0.516816 0.351771 -0.780486
vn -0.35233 0.28998 -0.889818
vn -0.949893 0.216137 -0.225804
vn -0.974615 0.211582 0.073206
vn -0.087548 0.231994 0.96877
vn 0.459242 0.138791 0.877402
vn 0.459242 0.138791 0.877402
vn 0.923765 -0.03442 0.38141
vn 0.923765 -0.03442 0.38141
vn 0.979359 -0.146376 -0.139395
vn 0.979359 -0.146376 -0.139395
vn 0.046973 -0.175699 -0.983323
vn 0.046973 -0.175699 -0.983323
vn -0.147761 -0.14342 -0.978569
vn -0.147761 -0.14342 -0.978569
vn -0.849052 0.072943 -0.52325
vn -0.849052 0.072943 -0.52325
vn -0.667753 0.279914 0.689749
vn -0.667753 0.279914 0.689749
vn -0.561242 0.279784 0.778928
vn -0.561242 0.279784 0.778928
vn 0.462604 0.069637 0.883826
vn 0.462604 0.069637 0.883826
vn 0.92431 -0.002373 0.381635
vn 0.92431 -0.002373 0.381635
vn 0.98905 -0.044298 -0.140775
vn 0.98905 -0.044298 -0.140775
vn 0.047663 -0.046506 -0.99778
vn 0.047663 -0.046506 -0.99778
vn -0.149233 -0.03084 -0.988321
vn -0.149233 -0.03084 -0.988321
vn -0.849219 0.070197 -0.523354
vn -0.849219 0.070197 -0.523354
vn -0.688386 0.143235 0.711062
vn -0.688386 0.143235 0.711062
vn -0.578771 0.140729 0.803256
vn -0.578771 0.140729 0.803256
vn 0.463001 -0.056071 0.884583
vn 0.463001 -0.056071 0.884583
vn 0.923011 0.053052 0.381099
vn 0.923011 0.053052 0.381099
vn 0.98074 0.136615 -0.139592
vn 0.98074 0.136615 -0.139592
vn 0.046909 0.183029 -0.981988
vn 0.046909 0.183029 -0.981988
vn -0.147187 0.167821 -0.974768
vn -0.147187 0.167821 -0.974768
vn -0.849582 0.063857 -0.523577
vn -0.849582 0.063857 -0.523577
vn -0.690864 -0.115981 0.713621
vn -0.690864 -0.115981 0.713621
vn -0.580171 -0.122702 0.805199
vn -0.580171 -0.122702 0.805199
vn 0.462246 -0.07994 0.883141
vn 0.462246 -0.07994 0.883141
vn 0.922172 0.068016 0.380752
vn 0.922172 0.068016 0.380752
vn 0.974299 0.177512 -0.138675
vn 0.974299 0.177512 -0.138675
vn 0.046411 0.232173 -0.971567
vn 0.046411 0.232173 -0.971567
vn -0.14594 0.211076 -0.966514
vn -0.14594 0.211076 -0.966514
vn -0.849467 0.065928 -0.523506
vn -0.849467 0.065928 -0.523506
vn -0.685713 -0.167653 0.708301
vn -0.685713 -0.167653 0.708301
vn -0.575549 -0.175177 0.798784
vn -0.575549 -0.175177 0.798784
vn 0.462187 0.081504 0.883029
vn 0.462187 0.081504 0.883029
vn 0.924275 0.009081 0.38162
vn 0.924275 0.009081 0.38162
vn 0.98949 -0.032774 -0.140837
vn 0.98949 -0.032774 -0.140837
vn 0.04768 -0.038203 -0.998132
vn 0.04768 -0.038203 -0.998132
vn -0.149267 -0.022436 -0.988542
vn -0.149267 -0.022436 -0.988542
vn -0.848376 0.083083 -0.522834
vn -0.848376 0.083083 -0.522834
vn -0.687157 0.154955 0.709792
vn -0.687157 0.154955 0.709792
vn -0.577778 0.152191 0.801879
vn -0.577778 0.152191 0.801879
vn 0.439696 0.317758 0.840058
vn 0.439696 0.317758 0.840058
vn 0.921036 -0.084132 0.380283
vn 0.921036 -0.084132 0.380283
vn 0.92908 -0.345433 -0.132239
vn 0.92908 -0.345433 -0.132239
vn 0.043127 -0.427847 -0.902822
vn 0.043127 -0.427847 -0.902822
vn -0.138764 -0.369061 -0.918988
vn -0.138764 -0.369061 -0.918988
vn -0.846249 0.108976 -0.521523
vn -0.846249 0.108976 -0.521523
vn -0.578112 0.55605 0.597155
vn -0.578112 0.55605 0.597155
vn -0.484755 0.558915 0.672775
vn -0.484755 0.558915 0.672775
vn 0.420769 0.420358 0.803898
vn 0.420769 0.420358 0.803898
vn 0.917575 -0.120519 0.378854
vn 0.917575 -0.120519 0.378854
vn 0.878411 -0.461262 -0.125027
vn 0.878411 -0.461262 -0.125027
vn 0.039555 -0.55928 -0.828034
vn 0.039555 -0.55928 -0.828034
vn -0.129734 -0.494946 -0.859184
vn -0.129734 -0.494946 -0.859184
vn -0.844155 0.129464 -0.520233
vn -0.844155 0.129464 -0.520233
vn -0.511826 0.677145 0.528686
vn -0.511826 0.677145 0.528686
vn -0.428337 0.680535 0.594474
vn -0.428337 0.680535 0.594474
vn 0.442053 0.302166 0.844562
vn 0.442053 0.302166 0.844562
vn 0.923831 -0.032275 0.381437
vn 0.923831 -0.032275 0.381437
vn 0.956834 -0.256753 -0.136189
vn 0.956834 -0.256753 -0.136189
vn 0.044902 -0.338306 -0.939964
vn 0.044902 -0.338306 -0.939964
vn -0.143184 -0.283385 -0.948257
vn -0.143184 -0.283385 -0.948257
vn -0.842932 0.140025 -0.519479
vn -0.842932 0.140025 -0.519479
vn -0.597024 0.513085 0.61669
vn -0.597024 0.513085 0.61669
vn -0.501205 0.51471 0.695605
vn -0.501205 0.51471 0.695605
vn 0.462925 0.058887 0.884439
vn 0.896278 0.24442 0.370061
vn 0.918524 0.373125 -0.130736
vn 0.04387 0.393294 -0.918366
vn -0.13876 0.369134 -0.918959
vn -0.824958 0.246923 -0.508402
vn -0.693971 -0.067509 0.716831
vn -0.582686 -0.080617 0.808689
s off
g hearth
usemtl pigment_ff757575
f 1//1 2//1 3//1
f 1//2 3//2 4//2
f 2//3 5//3 6//3
f 2//4 6//4 3//4
f 5//5 7//5 8//5
f 5//6 8//6 6//6
f 7//7 9//7 10//7
f 7//8 10//8 8//8
f 9//9 11//9 12//9
f 9//10 12//10 10//10
f 11//11 13//11 14//11
f 11//12 14//12 12//12
f 13//13 15//13 16//13
f 13//14 16//14 14//14
f 15//15 17//15 18//15
f 15//16 18//16 16//16
f 17//17 19//17 20//17
f 17//18 20//18 18//18
f 19//19 21//19 22//19
f 19//20 22//20 20//20
f 21//21 23//21 24//21
f 21//22 24//22 22//22
f 23//23 25//23 26//23
f 23//24 26//24 24//24
f 25//25 27//25 28//25
f 25//26 28//26 26//26
f 27//27 29//27 30//27
f 27//28 30//28 28//28
f 29//29 31//29 32//29
f 29//30 32//30 30//30
f 31//31 33//31 34//31
f 31//32 34//32 32//32
f 33//33 35//33 36//33
f 33//34 36//34 34//34
f 35//35 37//35 38//35
f 35//36 38//36 36//36
f 37//37 39//37 40//37
f 37//38 40//38 38//38
f 39//39 41//39 42//39
f 39//40 42//40 40//40
f 41//41 43//41 44//41
f 41//42 44//42 42//42
f 43//43 45//43 46//43
f 43//44 46//44 44//44
f 45//45 47//45 48//45
f 45//46 48//46 46//46
f 47//47 49//47 50//47
f 47//48 50//48 48//48
f 49//49 51//49 52//49
f 49//50 52//50 50//50
f 51//51 53//51 54//51
f 51//52 54//52 52//52
f 53//53 55//53 56//53
f 53//54 56//54 54//54
f 55//55 57//55 58//55
f 55//56 58//56 56//56
f 57//57 59//57 60//57
f 57//58 60//58 58//58
f 59//59 61//59 62//59
f 59//60 62//60 60//60
f 61//61 63//61 64//61
f 61//62 64//62 62//62
f 63//63 65//63 66//63
f 63//64 66//64 64//64
f 65//65 67//65 68//65
f 65//66 68//66 66//66
f 67//67 69//67 70//67
f 67//68 70//68 68//68
f 69//69 71//69 72//69
f 69//70 72//70 70//70
f 71//71 73//71 74//71
f 71//72 74//72 72//72
f 73//73 75//73 76//73
f 73//74 76//74 74//74
f 75//75 77//75 78//75
f 75//76 78//76 76//76
f 77//77 79//77 80//77
f 77//78 80//78 78//78
f 79//79 1//79 4//79
f 79//80 4//80 80//80
f 4//81 3//81 81//81
f 4//82 81//82 82//82
f 3//83 6//83 83//83
f 3//84 83//84 81//84
f 6//85 8//85 84//85
f 6//86 84//86 83//86
f 8//87 10//87 85//87
f 8//88 85//88 84//88
f 10//89 12//89 86//89
f 10//90 86//90 85//90
f 12//91 14//91 87//91
f 12//92 87//92 86//92
f 14//93 16//93 88//93
f 14//94 88//94 87//94
f 16//95 18//95 89//95
f 16//96 89//96 88//96
f 18//97 20//97 90//97
f 18//98 90//98 89//98
f 20//99 22//99 91//99
f 20//100 91//100 90//100
f 22//101 24//101 92//101
f 22//102 92//102 91//102
f 24//103 26//103 93//103
f 24//104 93//104 92//104
f 26//105 28//105 94//105
f 26//106 94//106 93//106
f 28//107 30//107 95//107
f 28//108 95//108 94//108
f 30//109 32//109 96//109
f 30//110 96//110 95//110
f 32//111 34//111 97//111
f 32//112 97//112 96//112
f 34//113 36//113 98//113
f 34//114 98//114 97//114
f 36//115 38//115 99//115
f 36//116 99//116 98//116
f 38//117 40//117 100//117
f 38//118 100//118 99//118
f 40//119 42//119 101//119
f 40//120 101//120 100//120
f 42//121 44//121 102//121
f 42//122 102//122 101//122
f 44//123 46//123 103//123
f 44//124 103//124 102//124
f 46//125 48//125 104//125
f 46//126 104//126 103//126
f 48//127 50//127 105//127
f 48//128 105//128 104//128
f 50//129 52//129 106//129
f 50//130 106//130 105//130
f 52//131 54//131 107//131
f 52//132 107//132 106//132
f 54//133 56//133 108//133
f 54//134 108//134 107//134
f 56//135 58//135 109//135
f 56//136 109//136 108//136
f 58//137 60//137 110//137
f 58//138 110//138 109//138
f 60//139 62//139 111//139
f 60//140 111//140 110//140
f 62//141 64//141 112//141
f 62//142 112//142 111//142
f 64//143 66//143 113//143
f 64//144 113//144 112//144
f 66//145 68//145 114//145
f 66//146 114//146 113//146
f 68//147 70//147 115//147
f 68//148 115//148 114//148
f 70//149 72//149 116//149
f 70//150 116//150 115//150
f 72//151 74//151 117//151
f 72//152 117//152 116//152
f 74//153 76//153 118//153
f 74//154 118//154 117//154
f 76//155 78//155 119//155
f 76//156 119//156 118//156
f 78//157 80//157 120//157
f 78//158 120//158 119//158
f 80//159 4//159 82//159
f 80//160 82//160 120//160
f 82//161 81//161 121//161
f 82//162 121//162 122//162
f 81//163 83//163 123//163
f 81//164 123//164 121//164
f 83//165 84//165 124//165
f 83//166 124//166 123//166
f 84//167 85//167 125//167
f 84//168 125//168 124//168
f 85//169 86//169 126//169
f 85//170 126//170 125//170
f 86//171 87//171 127//171
f 86//172 127//172 126//172
f 87//173 88//173 128//173
f 87//174 128//174 127//174
f 88//175 89//175 129//175
f 88//176 129//176 128//176
f 89//177 90//177 130//177
f 89//178 130//178 129//178
f 90//179 91//179 131//179
f 90//180 131//180 130//180
f 91//181 92//181 132//181
f 91//182 132//182 131//182
f 92//183 93//183 133//183
f 92//184 133//184 132//184
f 93//185 94//185 134//185
f 93//186 134//186 133//186
f 94//187 95//187 135//187
f 94//188 135//188 134//188
f 95//189 96//189 136//189
f 95//190 136//190 135//190
f 96//191 97//191 137//191
f 96//192 137//192 136//192
f 97//193 98//193 138//193
f 97//194 138//194 137//194
f 98//195 99//195 139//195
f 98//196 139//196 138//196
f 99//197 100//197 140//197
f 99//198 140//198 139//198
f 100//199 101//199 141//199
f 100//200 141//200 140//200
f 101//201 102//201 142//201
f 101//202 142//202 141//202
f 102//203 103//203 143//203
f 102//204 143//204 142//204
f 103//205 104//205 144//205
f 103//206 144//206 143//206
f 104//207 105//207 145//207
f 104//208 145//208 144//208
f 105//209 106//209 146//209
f 105//210 146//210 145//210
f 106//211 107//211 147//211
f 106//212 147//212 146//212
f 107//213 108//213 148//213
f 107//214 148//214 147//214
f 108//215 109//215 149//215
f 108//216 149//216 148//216
f 109//217 110//217 150//217
f 109//218 150//218 149//218
f 110//219 111//219 151//219
f 110//220 151//220 150//220
f 111//221 112//221 152//221
f 111//222 152//222 151//222
f 112//223 113//223 153//223
f 112//224 153//224 152//224
f 113//225 114//225 154//225
f 113//226 154//226 153//226
f 114//227 115//227 155//227
f 114//228 155//228 154//228
f 115//229 116//229 156//229
f 115//230 156//230 155//230
f 116//231 117//231 157//231
f 116//232 157//232 156//232
f 117//233 118//233 158//233
f 117//234 158//234 157//234
f 118//235 119//235 159//235
f 118//236 159//236 158//236
f 119//237 120//237 160//237
f 119//238 160//238 159//238
f 120//239 82//239 122//239
f 120//240 122//240 160//240
f 122//241 121//241 161//241
f 122//242 161//242 162//242
f 121//243 123//243 163//243
f 121//244 163//244 161//244
f 123//245 124//245 164//245
f 123//246 164//246 163//246
f 124//247 125//247 165//247
f 124//248 165//248 164//248
f 125//249 126//249 166//249
f 125//250 166//250 165//250
f 126//251 127//251 167//251
f 126//252 167//252 166//252
f 127//253 128//253 168//253
f 127//254 168//254 167//254
f 128//255 129//255 169//255
f 128//256 169//256 168//256
f 129//257 130//257 170//257
f 129//258 170//258 169//258
f 130//259 131//259 171//259
f 130//260 171//260 170//260
f 131//261 132//261 172//261
f 131//262 172//262 171//262
f 132//263 133//263 173//263
f 132//264 173//264 172//264
f 133//265 134//265 174//265
f 133//266 174//266 173//266
f 134//267 135//267 175//267
f 134//268 175//268 174//268
f 135//269 136//269 176//269
f 135//270 176//270 175//270
f 136//271 137//271 177//271
f 136//272 177//272 176//272
f 137//273 138//273 178//273
f 137//274 178//274 177//274
f 138//275 139//275 179//275
f 138//276 179//276 178//276
f 139//277 140//277 180//277
f 139//278 180//278 179//278
f 140//279 141//279 181//279
f 140//280 181//280 180//280
f 141//281 142//281 182//281
f 141//282 182//282 181//282
f 142//283 143//283 183//283
f 142//284 183//284 182//284
f 143//285 144//285 184//285
f 143//286 184//286 183//286
f 144//287 145//287 185//287
f 144//288 185//288 184//288
f 145//289 146//289 186//289
f 145//290 186//290 185//290
f 146//291 147//291 187//291
f 146//292 187//292 186//292
f 147//293 148//293 188//293
f 147//294 188//294 187//294
f 148//295 149//295 189//295
f 148//296 189//296 188//296
f 149//297 150//297 190//297
f 149//298 190//298 189//298
f 150//299 151//299 191//299
f 150//300 191//300 190//300
f 151//301 152//301 192//301
f 151//302 192//302 191//302
f 152//303 153//303 193//303
f 152//304 193//304 192//304
f 153//305 154//305 194//305
f 153//306 194//306 193//306
f 154//307 155//307 195//307
f 154//308 195//308 194//308
f 155//309 156//309 196//309
f 155//310 196//310 195//310
f 156//311 157//311 197//311
f 156//312 197//312 196//312
f 157//313 158//313 198//313
f 157//314 198//314 197//314
f 158//315 159//315 199//315
f 158//316 199//316 198//316
f 159//317 160//317 200//317
f 159//318 200//318 199//318
f 160//319 122//319 162//319
f 160//320 162//320 200//320
f 201//321 162//321 161//321
f 201//322 161//322 163//322
f 201//323 163//323 164//323
f 201//324 164//324 165//324
f 201//325 165//325 166//325
f 201//326 166//326 167//326
f 201//327 167//327 168//327
f 201//328 168//328 169//328
f 201//329 169//329 170//329
f 201//330 170//330 171//330
f 201//331 171//331 172//331
f 201//332 172//332 173//332
f 201//333 173//333 174//333
f 201//334 174//334 175//334
f 201//335 175//335 176//335
f 201//336 176//336 177//336
f 201//337 177//337 178//337
f 201//338 178//338 179//338
f 201//339 179//339 180//339
f 201//340 180//340 181//340
f 201//341 181//341 182//341
f 201//342 182//342 183//342
f 201//343 183//343 184//343
f 201//344 184//344 185//344
f 201//345 185//345 186//345
f 201//346 186//346 187//346
f 201//347 187//347 188//347
f 201//348 188//348 189//348
f 201//349 189//349 190//349
f 201//350 190//350 191//350
f 201//351 191//351 192//351
f 201//352 192//352 193//352
f 201//353 193//353 194//353
f 201//354 194//354 195//354
f 201//355 195//355 196//355
f 201//356 196//356 197//356
f 201//357 197//357 198//357
f 201//358 198//358 199//358
f 201//359 199//359 200//359
f 201//360 200//360 162//360
g flames-state-00
usemtl pigment_ff4274ff
f 202//361 203//361 204//361
f 202//362 204//362 205//362
f 203//363 206//363 207//363
f 203//364 207//364 204//364
f 206//365 208//365 209//365
f 206//366 209//366 207//366
f 208//367 210//367 211//367
f 208//368 211//368 209//368
f 210//369 212//369 213//369
f 210//370 213//370 211//370
f 212//371 214//371 215//371
f 212//372 215//372 213//372
f 214//373 216//373 217//373
f 214//374 217//374 215//374
f 216//375 202//375 205//375
f 216//376 205//376 217//376
f 205//377 204//377 218//377
f 205//378 218//378 219//378
f 204//379 207//379 220//379
f 204//380 220//380 218//380
f 207//381 209//381 221//381
f 207//382 221//382 220//382
f 209//383 211//383 222//383
f 209//384 222//384 221//384
f 211//385 213//385 223//385
f 211//386 223//386 222//386
f 213//387 215//387 224//387
f 213//388 224//388 223//388
f 215//389 217//389 225//389
f 215//390 225//390 224//390
f 217//391 205//391 219//391
f 217//392 219//392 225//392
f 219//393 218//393 226//393
f 219//394 226//394 227//394
f 218//395 220//395 228//395
f 218//396 228//396 226//396
f 220//397 221//397 229//397
f 220//398 229//398 228//398
f 221//399 222//399 230//399
f 221//400 230//400 229//400
f 222//401 223//401 231//401
f 222//402 231//402 230//402
f 223//403 224//403 232//403
f 223//404 232//404 231//404
f 224//405 225//405 233//405
f 224//406 233//406 232//406
f 225//407 219//407 227//407
f 225//408 227//408 233//408
f 227//409 226//409 234//409
f 227//410 234//410 235//410
f 226//411 228//411 236//411
f 226//412 236//412 234//412
f 228//413 229//413 237//413
f 228//414 237//414 236//414
f 229//415 230//415 238//415
f 229//416 238//416 237//416
f 230//417 231//417 239//417
f 230//418 239//418 238//418
f 231//419 232//419 240//419
f 231//420 240//420 239//420
f 232//421 233//421 241//421
f 232//422 241//422 240//422
f 233//423 227//423 235//423
f 233//424 235//424 241//424
f 235//425 234//425 242//425
f 235//426 242//426 243//426
f 234//427 236//427 244//427
f 234//428 244//428 242//428
f 236//429 237//429 245//429
f 236//430 245//430 244//430
f 237//431 238//431 246//431
f 237//432 246//432 245//432
f 238//433 239//433 247//433
f 238//434 247//434 246//434
f 239//435 240//435 248//435
f 239//436 248//436 247//436
f 240//437 241//437 249//437
f 240//438 249//438 248//438
f 241//439 235//439 243//439
f 241//440 243//440 249//440
f 243//441 242//441 250//441
f 243//442 250//442 251//442
f 242//443 244//443 252//443
f 242//444 252//444 250//444
f 244//445 245//445 253//445
f 244//446 253//446 252//446
f 245//447 246//447 254//447
f 245//448 254//448 253//448
f 246//449 247//449 255//449
f 246//450 255//450 254//450
f 247//451 248//451 256//451
f 247//452 256//452 255//452
f 248//453 249//453 257//453
f 248//454 257//454 256//454
f 249//455 243//455 251//455
f 249//456 251//456 257//456
f 251//457 250//457 258//457
f 251//458 258//458 259//458
f 250//459 252//459 260//459
f 250//460 260//460 258//460
f 252//461 253//461 261//461
f 252//462 261//462 260//462
f 253//463 254//463 262//463
f 253//464 262//464 261//464
f 254//465 255//465 263//465
f 254//466 263//466 262//466
f 255//467 256//467 264//467
f 255//468 264//468 263//468
f 256//469 257//469 265//469
f 256//470 265//470 264//470
f 257//471 251//471 259//471
f 257//472 259//472 265//472
f 259//473 258//473 266//473
f 259//474 266//474 267//474
f 258//475 260//475 268//475
f 258//476 268//476 266//476
f 260//477 261//477 269//477
f 260//478 269//478 268//478
f 261//479 262//479 270//479
f 261//480 270//480 269//480
f 262//481 263//481 271//481
f 262//482 271//482 270//482
f 263//483 264//483 272//483
f 263//484 272//484 271//484
f 264//485 265//485 273//485
f 264//486 273//486 272//486
f 265//487 259//487 267//487
f 265//488 267//488 273//488
f 267//489 266//489 274//489
f 266//490 268//490 274//490
f 268//491 269//491 274//491
f 269//492 270//492 274//492
f 270//493 271//493 274//493
f 271//494 272//494 274//494
f 272//495 273//495 274//495
f 273//496 267//496 274//496
usemtl pigment_ff0e0077
f 275//497 276//497 277//497
f 275//498 277//498 278//498
f 276//499 279//499 280//499
f 276//500 280//500 277//500
f 279//501 281//501 282//501
f 279//502 282//502 280//502
f 281//503 283//503 284//503
f 281//504 284//504 282//504
f 283//505 285//505 286//505
f 283//506 286//506 284//506
f 285//507 287//507 288//507
f 285//508 288//508 286//508
f 287//509 289//509 290//509
f 287//510 290//510 288//510
f 289//511 275//511 278//511
f 289//512 278//512 290//512
f 278//513 277//513 291//513
f 278//514 291//514 292//514
f 277//515 280//515 293//515
f 277//516 293//516 291//516
f 280//517 282//517 294//517
f 280//518 294//518 293//518
f 282//519 284//519 295//519
f 282//520 295//520 294//520
f 284//521 286//521 296//521
f 284//522 296//522 295//522
f 286//523 288//523 297//523
f 286//524 297//524 296//524
f 288//525 290//525 298//525
f 288//526 298//526 297//526
f 290//527 278//527 292//527
f 290//528 292//528 298//528
f 292//529 291//529 299//529
f 292//530 299//530 300//530
f 291//531 293//531 301//531
f 291//532 301//532 299//532
f 293//533 294//533 302//533
f 293//534 302//534 301//534
f 294//535 295//535 303//535
f 294//536 303//536 302//536
f 295//537 296//537 304//537
f 295//538 304//538 303//538
f 296//539 297//539 305//539
f 296//540 305//540 304//540
f 297//541 298//541 306//541
f 297//542 306//542 305//542
f 298//543 292//543 300//543
f 298//544 300//544 306//544
f 300//545 299//545 307//545
f 300//546 307//546 308//546
f 299//547 301//547 309//547
f 299//548 309//548 307//548
f 301//549 302//549 310//549
f 301//550 310//550 309//550
f 302//551 303//551 311//551
f 302//552 311//552 310//552
f 303//553 304//553 312//553
f 303//554 312//554 311//554
f 304//555 305//555 313//555
f 304//556 313//556 312//556
f 305//557 306//557 314//557
f 305//558 314//558 313//558
f 306//559 300//559 308//559
f 306//560 308//560 314//560
f 308//561 307//561 315//561
f 308//562 315//562 316//562
f 307//563 309//563 317//563
f 307//564 317//564 315//564
f 309//565 310//565 318//565
f 309//566 318//566 317//566
f 310//567 311//567 319//567
f 310//568 319//568 318//568
f 311//569 312//569 320//569
f 311//570 320//570 319//570
f 312//571 313//571 321//571
f 312//572 321//572 320//572
f 313//573 314//573 322//573
f 313//574 322//574 321//574
f 314//575 308//575 316//575
f 314//576 316//576 322//576
f 316//577 315//577 323//577
f 316//578 323//578 324//578
f 315//579 317//579 325//579
f 315//580 325//580 323//580
f 317//581 318//581 326//581
f 317//582 326//582 325//582
f 318//583 319//583 327//583
f 318//584 327//584 326//584
f 319//585 320//585 328//585
f 319//586 328//586 327//586
f 320//587 321//587 329//587
f 320//588 329//588 328//588
f 321//589 322//589 330//589
f 321//590 330//590 329//590
f 322//591 316//591 324//591
f 322//592 324//592 330//592
f 324//593 323//593 331//593
f 324//594 331//594 332//594
f 323//595 325//595 333//595
f 323//596 333//596 331//596
f 325//597 326//597 334//597
f 325//598 334//598 333//598
f 326//599 327//599 335//599
f 326//600 335//600 334//600
f 327//601 328//601 336//601
f 327//602 336//602 335//602
f 328//603 329//603 337//603
f 328//604 337//604 336//604
f 329//605 330//605 338//605
f 329//606 338//606 337//606
f 330//607 324//607 332//607
f 330//608 332//608 338//608
f 332//609 331//609 339//609
f 332//610 339//610 340//610
f 331//611 333//611 341//611
f 331//612 341//612 339//612
f 333//613 334//613 342//613
f 333//614 342//614 341//614
f 334//615 335//615 343//615
f 334//616 343//616 342//616
f 335//617 336//617 344//617
f 335//618 344//618 343//618
f 336//619 337//619 345//619
f 336//620 345//620 344//620
f 337//621 338//621 346//621
f 337//622 346//622 345//622
f 338//623 332//623 340//623
f 338//624 340//624 346//624
f 340//625 339//625 347//625
f 339//626 341//626 347//626
f 341//627 342//627 347//627
f 342//628 343//628 347//628
f 343//629 344//629 347//629
f 344//630 345//630 347//630
f 345//631 346//631 347//631
f 346//632 340//632 347//632
f 348//633 349//633 350//633
f 348//634 350//634 351//634
f 349//635 352//635 353//635
f 349//636 353//636 350//636
f 352//637 354//637 355//637
f 352//638 355//638 353//638
f 354//639 356//639 357//639
f 354//640 357//640 355//640
f 356//641 358//641 359//641
f 356//642 359//642 357//642
f 358//643 360//643 361//643
f 358//644 361//644 359//644
f 360//645 362//645 363//645
f 360//646 363//646 361//646
f 362//647 348//647 351//647
f 362//648 351//648 363//648
f 351//649 350//649 364//649
f 351//650 364//650 365//650
f 350//651 353//651 366//651
f 350//652 366//652 364//652
f 353//653 355//653 367//653
f 353//654 367//654 366//654
f 355//655 357//655 368//655
f 355//656 368//656 367//656
f 357//657 359//657 369//657
f 357//658 369//658 368//658
f 359//659 361//659 370//659
f 359//660 370//660 369//660
f 361//661 363//661 371//661
f 361//662 371//662 370//662
f 363//663 351//663 365//663
f 363//664 365//664 371//664
f 365//665 364//665 372//665
f 365//666 372//666 373//666
f 364//667 366//667 374//667
f 364//668 374//668 372//668
f 366//669 367//669 375//669
f 366//670 375//670 374//670
f 367//671 368//671 376//671
f 367//672 376//672 375//672
f 368//673 369//673 377//673
f 368//674 377//674 376//674
f 369//675 370//675 378//675
f 369//676 378//676 377//676
f 370//677 371//677 379//677
f 370//678 379//678 378//678
f 371//679 365//679 373//679
f 371//680 373//680 379//680
f 373//681 372//681 380//681
f 373//682 380//682 381//682
f 372//683 374//683 382//683
f 372//684 382//684 380//684
f 374//685 375//685 383//685
f 374//686 383//686 382//686
f 375//687 376//687 384//687
f 375//688 384//688 383//688
f 376//689 377//689 385//689
f 376//690 385//690 384//690
f 377//691 378//691 386//691
f 377//692 386//692 385//692
f 378//693 379//693 387//693
f 378//694 387//694 386//694
f 379//695 373//695 381//695
f 379//696 381//696 387//696
f 381//697 380//697 388//697
f 381//698 388//698 389//698
f 380//699 382//699 390//699
f 380//700 390//700 388//700
f 382//701 383//701 391//701
f 382//702 391//702 390//702
f 383//703 384//703 392//703
f 383//704 392//704 391//704
f 384//705 385//705 393//705
f 384//706 393//706 392//706
f 385//707 386//707 394//707
f 385//708 394//708 393//708
f 386//709 387//709 395//709
f 386//710 395//710 394//710
f 387//711 381//711 389//711
f 387//712 389//712 395//712
f 389//713 388//713 396//713
f 389//714 396//714 397//714
f 388//715 390//715 398//715
f 388//716 398//716 396//716
f 390//717 391//717 399//717
f 390//718 399//718 398//718
f 391//719 392//719 400//719
f 391//720 400//720 399//720
f 392//721 393//721 401//721
f 392//722 401//722 400//722
f 393//723 394//723 402//723
f 393//724 402//724 401//724
f 394//725 395//725 403//725
f 394//726 403//726 402//726
f 395//727 389//727 397//727
f 395//728 397//728 403//728
f 397//729 396//729 404//729
f 397//730 404//730 405//730
f 396//731 398//731 406//731
f 396//732 406//732 404//732
f 398//733 399//733 407//733
f 398//734 407//734 406//734
f 399//735 400//735 408//735
f 399//736 408//736 407//736
f 400//737 401//737 409//737
f 400//738 409//738 408//738
f 401//739 402//739 410//739
f 401//740 410//740 409//740
f 402//741 403//741 411//741
f 402//742 411//742 410//742
f 403//743 397//743 405//743
f 403//744 405//744 411//744
f 405//745 404//745 412//745
f 405//746 412//746 413//746
f 404//747 406//747 414//747
f 404//748 414//748 412//748
f 406//749 407//749 415//749
f 406//750 415//750 414//750
f 407//751 408//751 416//751
f 407//752 416//752 415//752
f 408//753 409//753 417//753
f 408//754 417//754 416//754
f 409//755 410//755 418//755
f 409//756 418//756 417//756
f 410//757 411//757 419//757
f 410//758 419//758 418//758
f 411//759 405//759 413//759
f 411//760 413//760 419//760
f 413//761 412//761 420//761
f 412//762 414//762 420//762
f 414//763 415//763 420//763
f 415//764 416//764 420//764
f 416//765 417//765 420//765
f 417//766 418//766 420//766
f 418//767 419//767 420//767
f 419//768 413//768 420//768
f 421//769 422//769 423//769
f 421//770 423//770 424//770
f 422//771 425//771 426//771
f 422//772 426//772 423//772
f 425//773 427//773 428//773
f 425//774 428//774 426//774
f 427//775 429//775 430//775
f 427//776 430//776 428//776
f 429//777 431//777 432//777
f 429//778 432//778 430//778
f 431//779 433//779 434//779
f 431//780 434//780 432//780
f 433//781 435//781 436//781
f 433//782 436//782 434//782
f 435//783 421//783 424//783
f 435//784 424//784 436//784
f 424//785 423//785 437//785
f 424//786 437//786 438//786
f 423//787 426//787 439//787
f 423//788 439//788 437//788
f 426//789 428//789 440//789
f 426//790 440//790 439//790
f 428//791 430//791 441//791
f 428//792 441//792 440//792
f 430//793 432//793 442//793
f 430//794 442//794 441//794
f 432//795 434//795 443//795
f 432//796 443//796 442//796
f 434//797 436//797 444//797
f 434//798 444//798 443//798
f 436//799 424//799 438//799
f 436//800 438//800 444//800
f 438//801 437//801 445//801
f 438//802 445//802 446//802
f 437//803 439//803 447//803
f 437//804 447//804 445//804
f 439//805 440//805 448//805
f 439//806 448//806 447//806
f 440//807 441//807 449//807
f 440//808 449//808 448//808
f 441//809 442//809 450//809
f 441//810 450//810 449//810
f 442//811 443//811 451//811
f 442//812 451//812 450//812
f 443//813 444//813 452//813
f 443//814 452//814 451//814
f 444//815 438//815 446//815
f 444//816 446//816 452//816
f 446//817 445//817 453//817
f 446//818 453//818 454//818
f 445//819 447//819 455//819
f 445//820 455//820 453//820
f 447//821 448//821 456//821
f 447//822 456//822 455//822
f 448//823 449//823 457//823
f 448//824 457//824 456//824
f 449//825 450//825 458//825
f 449//826 458//826 457//826
f 450//827 451//827 459//827
f 450//828 459//828 458//828
f 451//829 452//829 460//829
f 451//830 460//830 459//830
f 452//831 446//831 454//831
f 452//832 454//832 460//832
f 454//833 453//833 461//833
f 454//834 461//834 462//834
f 453//835 455//835 463//835
f 453//836 463//836 461//836
f 455//837 456//837 464//837
f 455//838 464//838 463//838
f 456//839 457//839 465//839
f 456//840 465//840 464//840
f 457//841 458//841 466//841
f 457//842 466//842 465//842
f 458//843 459//843 467//843
f 458//844 467//844 466//844
f 459//845 460//845 468//845
f 459//846 468//846 467//846
f 460//847 454//847 462//847
f 460//848 462//848 468//848
f 462//849 461//849 469//849
f 462//850 469//850 470//850
f 461//851 463//851 471//851
f 461//852 471//852 469//852
f 463//853 464//853 472//853
f 463//854 472//854 471//854
f 464//855 465//855 473//855
f 464//856 473//856 472//856
f 465//857 466//857 474//857
f 465//858 474//858 473//858
f 466//859 467//859 475//859
f 466//860 475//860 474//860
f 467//861 468//861 476//861
f 467//862 476//862 475//862
f 468//863 462//863 470//863
f 468//864 470//864 476//864
f 470//865 469//865 477//865
f 470//866 477//866 478//866
f 469//867 471//867 479//867
f 469//868 479//868 477//868
f 471//869 472//869 480//869
f 471//870 480//870 479//870
f 472//871 473//871 481//871
f 472//872 481//872 480//872
f 473//873 474//873 482//873
f 473//874 482//874 481//874
f 474//875 475//875 483//875
f 474//876 483//876 482//876
f 475//877 476//877 484//877
f 475//878 484//878 483//878
f 476//879 470//879 478//879
f 476//880 478//880 484//880
f 478//881 477//881 485//881
f 478//882 485//882 486//882
f 477//883 479//883 487//883
f 477//884 487//884 485//884
f 479//885 480//885 488//885
f 479//886 488//886 487//886
f 480//887 481//887 489//887
f 480//888 489//888 488//888
f 481//889 482//889 490//889
f 481//890 490//890 489//890
f 482//891 483//891 491//891
f 482//892 491//892 490//892
f 483//893 484//893 492//893
f 483//894 492//894 491//894
f 484//895 478//895 486//895
f 484//896 486//896 492//896
f 486//897 485//897 493//897
f 485//898 487//898 493//898
f 487//899 488//899 493//899
f 488//900 489//900 493//900
f 489//901 490//901 493//901
f 490//902 491//902 493//902
f 491//903 492//903 493//903
f 492//904 486//904 493//904
usemtl pigment_ff4274ff
f 494//905 495//905 496//905
f 494//906 496//906 497//906
f 495//907 498//907 499//907
f 495//908 499//908 496//908
f 498//909 500//909 501//909
f 498//910 501//910 499//910
f 500//911 502//911 503//911
f 500//912 503//912 501//912
f 502//913 504//913 505//913
f 502//914 505//914 503//914
f 504//915 506//915 507//915
f 504//916 507//916 505//916
f 506//917 508//917 509//917
f 506//918 509//918 507//918
f 508//919 494//919 497//919
f 508//920 497//920 509//920
f 497//921 496//921 510//921
f 497//922 510//922 511//922
f 496//923 499//923 512//923
f 496//924 512//924 510//924
f 499//925 501//925 513//925
f 499//926 513//926 512//926
f 501//927 503//927 514//927
f 501//928 514//928 513//928
f 503//929 505//929 515//929
f 503//930 515//930 514//930
f 505//931 507//931 516//931
f 505//932 516//932 515//932
f 507//933 509//933 517//933
f 507//934 517//934 516//934
f 509//935 497//935 511//935
f 509//936 511//936 517//936
f 511//937 510//937 518//937
f 511//938 518//938 519//938
f 510//939 512//939 520//939
f 510//940 520//940 518//940
f 512//941 513//941 521//941
f 512//942 521//942 520//942
f 513//943 514//943 522//943
f 513//944 522//944 521//944
f 514//945 515//945 523//945
f 514//946 523//946 522//946
f 515//947 516//947 524//947
f 515//948 524//948 523//948
f 516//949 517//949 525//949
f 516//950 525//950 524//950
f 517//951 511//951 519//951
f 517//952 519//952 525//952
f 519//953 518//953 526//953
f 519//954 526//954 527//954
f 518//955 520//955 528//955
f 518//956 528//956 526//956
f 520//957 521//957 529//957
f 520//958 529//958 528//958
f 521//959 522//959 530//959
f 521//960 530//960 529//960
f 522//961 523//961 531//961
f 522//962 531//962 530//962
f 523//963 524//963 532//963
f 523//964 532//964 531//964
f 524//965 525//965 533//965
f 524//966 533//966 532//966
f 525//967 519//967 527//967
f 525//968 527//968 533//968
f 527//969 526//969 534//969
f 527//970 534//970 535//970
f 526//971 528//971 536//971
f 526//972 536//972 534//972
f 528//973 529//973 537//973
f 528//974 537//974 536//974
f 529//975 530//975 538//975
f 529//976 538//976 537//976
f 530//977 531//977 539//977
f 530//978 539//978 538//978
f 531//979 532//979 540//979
f 531//980 540//980 539//980
f 532//981 533//981 541//981
f 532//982 541//982 540//982
f 533//983 527//983 535//983
f 533//984 535//984 541//984
f 535//985 534//985 542//985
f 535//986 542//986 543//986
f 534//987 536//987 544//987
f 534//988 544//988 542//988
f 536//989 537//989 545//989
f 536//990 545//990 544//990
f 537//991 538//991 546//991
f 537//992 546//992 545//992
f 538//993 539//993 547//993
f 538//994 547//994 546//994
f 539//995 540//995 548//995
f 539//996 548//996 547//996
f 540//997 541//997 549//997
f 540//998 549//998 548//998
f 541//999 535//999 543//999
f 541//1000 543//1000 549//1000
f 543//1001 542//1001 550//1001
f 543//1002 550//1002 551//1002
f 542//1003 544//1003 552//1003
f 542//1004 552//1004 550//1004
f 544//1005 545//1005 553//1005
f 544//1006 553//1006 552//1006
f 545//1007 546//1007 554//1007
f 545//1008 554//1008 553//1008
f 546//1009 547//1009 555//1009
f 546//1010 555//1010 554//1010
f 547//1011 548//1011 556//1011
f 547//1012 556//1012 555//1012
f 548//1013 549//1013 557//1013
f 548//1014 557//1014 556//1014
f 549//1015 543//1015 551//1015
f 549//1016 551//1016 557//1016
f 551//1017 550//1017 558//1017
f 551//1018 558//1018 559//1018
f 550//1019 552//1019 560//1019
f 550//1020 560//1020 558//1020
f 552//1021 553//1021 561//1021
f 552//1022 561//1022 560//1022
f 553//1023 554//1023 562//1023
f 553//1024 562//1024 561//1024
f 554//1025 555//1025 563//1025
f 554//1026 563//1026 562//1026
f 555//1027 556//1027 564//1027
f 555//1028 564//1028 563//1028
f 556//1029 557//1029 565//1029
f 556//1030 565//1030 564//1030
f 557//1031 551//1031 559//1031
f 557//1032 559//1032 565//1032
f 559//1033 558//1033 566//1033
f 558//1034 560//1034 566//1034
f 560//1035 561//1035 566//1035
f 561//1036 562//1036 566//1036
f 562//1037 563//1037 566//1037
f 563//1038 564//1038 566//1038
f 564//1039 565//1039 566//1039
f 565//1040 559//1040 566//1040
f 567//1041 568//1041 569//1041
f 567//1042 569//1042 570//1042
f 568//1043 571//1043 572//1043
f 568//1044 572//1044 569//1044
f 571//1045 573//1045 574//1045
f 571//1046 574//1046 572//1046
f 573//1047 575//1047 576//1047
f 573//1048 576//1048 574//1048
f 575//1049 577//1049 578//1049
f 575//1050 578//1050 576//1050
f 577//1051 579//1051 580//1051
f 577//1052 580//1052 578//1052
f 579//1053 581//1053 582//1053
f 579//1054 582//1054 580//1054
f 581//1055 567//1055 570//1055
f 581//1056 570//1056 582//1056
f 570//1057 569//1057 583//1057
f 570//1058 583//1058 584//1058
f 569//1059 572//1059 585//1059
f 569//1060 585//1060 583//1060
f 572//1061 574//1061 586//1061
f 572//1062 586//1062 585//1062
f 574//1063 576//1063 587//1063
f 574//1064 587//1064 586//1064
f 576//1065 578//1065 588//1065
f 576//1066 588//1066 587//1066
f 578//1067 580//1067 589//1067
f 578//1068 589//1068 588//1068
f 580//1069 582//1069 590//1069
f 580//1070 590//1070 589//1070
f 582//1071 570//1071 584//1071
f 582//1072 584//1072 590//1072
f 584//1073 583//1073 591//1073
f 584//1074 591//1074 592//1074
f 583//1075 585//1075 593//1075
f 583//1076 593//1076 591//1076
f 585//1077 586//1077 594//1077
f 585//1078 594//1078 593//1078
f 586//1079 587//1079 595//1079
f 586//1080 595//1080 594//1080
f 587//1081 588//1081 596//1081
f 587//1082 596//1082 595//1082
f 588//1083 589//1083 597//1083
f 588//1084 597//1084 596//1084
f 589//1085 590//1085 598//1085
f 589//1086 598//1086 597//1086
f 590//1087 584//1087 592//1087
f 590//1088 592//1088 598//1088
f 592//1089 591//1089 599//1089
f 592//1090 599//1090 600//1090
f 591//1091 593//1091 601//1091
f 591//1092 601//1092 599//1092
f 593//1093 594//1093 602//1093
f 593//1094 602//1094 601//1094
f 594//1095 595//1095 603//1095
f 594//1096 603//1096 602//1096
f 595//1097 596//1097 604//1097
f 595//1098 604//1098 603//1098
f 596//1099 597//1099 605//1099
f 596//1100 605//1100 604//1100
f 597//1101 598//1101 606//1101
f 597//1102 606//1102 605//1102
f 598//1103 592//1103 600//1103
f 598//1104 600//1104 606//1104
f 600//1105 599//1105 607//1105
f 600//1106 607//1106 608//1106
f 599//1107 601//1107 609//1107
f 599//1108 609//1108 607//1108
f 601//1109 602//1109 610//1109
f 601//1110 610//1110 609//1110
f 602//1111 603//1111 611//1111
f 602//1112 611//1112 610//1112
f 603//1113 604//1113 612//1113
f 603//1114 612//1114 611//1114
f 604//1115 605//1115 613//1115
f 604//1116 613//1116 612//1116
f 605//1117 606//1117 614//1117
f 605//1118 614//1118 613//1118
f 606//1119 600//1119 608//1119
f 606//1120 608//1120 614//1120
f 608//1121 607//1121 615//1121
f 608//1122 615//1122 616//1122
f 607//1123 609//1123 617//1123
f 607//1124 617//1124 615//1124
f 609//1125 610//1125 618//1125
f 609//1126 618//1126 617//1126
f 610//1127 611//1127 619//1127
f 610//1128 619//1128 618//1128
f 611//1129 612//1129 620//1129
f 611//1130 620//1130 619//1130
f 612//1131 613//1131 621//1131
f 612//1132 621//1132 620//1132
f 613//1133 614//1133 622//1133
f 613//1134 622//1134 621//1134
f 614//1135 608//1135 616//1135
f 614//1136 616//1136 622//1136
f 616//1137 615//1137 623//1137
f 616//1138 623//1138 624//1138
f 615//1139 617//1139 625//1139
f 615//1140 625//1140 623//1140
f 617//1141 618//1141 626//1141
f 617//1142 626//1142 625//1142
f 618//1143 619//1143 627//1143
f 618//1144 627//1144 626//1144
f 619//1145 620//1145 628//1145
f 619//1146 628//1146 627//1146
f 620//1147 621//1147 629//1147
f 620//1148 629//1148 628//1148
f 621//1149 622//1149 630//1149
f 621//1150 630//1150 629//1150
f 622//1151 616//1151 624//1151
f 622//1152 624//1152 630//1152
f 624//1153 623//1153 631//1153
f 624//1154 631//1154 632//1154
f 623//1155 625//1155 633//1155
f 623//1156 633//1156 631//1156
f 625//1157 626//1157 634//1157
f 625//1158 634//1158 633//1158
f 626//1159 627//1159 635//1159
f 626//1160 635//1160 634//1160
f 627//1161 628//1161 636//1161
f 627//1162 636//1162 635//1162
f 628//1163 629//1163 637//1163
f 628//1164 637//1164 636//1164
f 629//1165 630//1165 638//1165
f 629//1166 638//1166 637//1166
f 630//1167 624//1167 632//1167
f 630//1168 632//1168 638//1168
f 632//1169 631//1169 639//1169
f 631//1170 633//1170 639//1170
f 633//1171 634//1171 639//1171
f 634//1172 635//1172 639//1172
f 635//1173 636//1173 639//1173
f 636//1174 637//1174 639//1174
f 637//1175 638//1175 639//1175
f 638//1176 632//1176 639//1176
usemtl pigment_ff0e0077
f 640//1177 641//1177 642//1177
f 640//1178 642//1178 643//1178
f 641//1179 644//1179 645//1179
f 641//1180 645//1180 642//1180
f 644//1181 646//1181 647//1181
f 644//1182 647//1182 645//1182
f 646//1183 648//1183 649//1183
f 646//1184 649//1184 647//1184
f 648//1185 650//1185 651//1185
f 648//1186 651//1186 649//1186
f 650//1187 652//1187 653//1187
f 650//1188 653//1188 651//1188
f 652//1189 654//1189 655//1189
f 652//1190 655//1190 653//1190
f 654//1191 640//1191 643//1191
f 654//1192 643//1192 655//1192
f 643//1193 642//1193 656//1193
f 643//1194 656//1194 657//1194
f 642//1195 645//1195 658//1195
f 642//1196 658//1196 656//1196
f 645//1197 647//1197 659//1197
f 645//1198 659//1198 658//1198
f 647//1199 649//1199 660//1199
f 647//1200 660//1200 659//1200
f 649//1201 651//1201 661//1201
f 649//1202 661//1202 660//1202
f 651//1203 653//1203 662//1203
f 651//1204 662//1204 661//1204
f 653//1205 655//1205 663//1205
f 653//1206 663//1206 662//1206
f 655//1207 643//1207 657//1207
f 655//1208 657//1208 663//1208
f 657//1209 656//1209 664//1209
f 657//1210 664//1210 665//1210
f 656//1211 658//1211 666//1211
f 656//1212 666//1212 664//1212
f 658//1213 659//1213 667//1213
f 658//1214 667//1214 666//1214
f 659//1215 660//1215 668//1215
f 659//1216 668//1216 667//1216
f 660//1217 661//1217 669//1217
f 660//1218 669//1218 668//1218
f 661//1219 662//1219 670//1219
f 661//1220 670//1220 669//1220
f 662//1221 663//1221 671//1221
f 662//1222 671//1222 670//1222
f 663//1223 657//1223 665//1223
f 663//1224 665//1224 671//1224
f 665//1225 664//1225 672//1225
f 665//1226 672//1226 673//1226
f 664//1227 666//1227 674//1227
f 664//1228 674//1228 672//1228
f 666//1229 667//1229 675//1229
f 666//1230 675//1230 674//1230
f 667//1231 668//1231 676//1231
f 667//1232 676//1232 675//1232
f 668//1233 669//1233 677//1233
f 668//1234 677//1234 676//1234
f 669//1235 670//1235 678//1235
f 669//1236 678//1236 677//1236
f 670//1237 671//1237 679//1237
f 670//1238 679//1238 678//1238
f 671//1239 665//1239 673//1239
f 671//1240 673//1240 679//1240
f 673//1241 672//1241 680//1241
f 673//1242 680//1242 681//1242
f 672//1243 674//1243 682//1243
f 672//1244 682//1244 680//1244
f 674//1245 675//1245 683//1245
f 674//1246 683//1246 682//1246
f 675//1247 676//1247 684//1247
f 675//1248 684//1248 683//1248
f 676//1249 677//1249 685//1249
f 676//1250 685//1250 684//1250
f 677//1251 678//1251 686//1251
f 677//1252 686//1252 685//1252
f 678//1253 679//1253 687//1253
f 678//1254 687//1254 686//1254
f 679//1255 673//1255 681//1255
f 679//1256 681//1256 687//1256
f 681//1257 680//1257 688//1257
f 681//1258 688//1258 689//1258
f 680//1259 682//1259 690//1259
f 680//1260 690//1260 688//1260
f 682//1261 683//1261 691//1261
f 682//1262 691//1262 690//1262
f 683//1263 684//1263 692//1263
f 683//1264 692//1264 691//1264
f 684//1265 685//1265 693//1265
f 684//1266 693//1266 692//1266
f 685//1267 686//1267 694//1267
f 685//1268 694//1268 693//1268
f 686//1269 687//1269 695//1269
f 686//1270 695//1270 694//1270
f 687//1271 681//1271 689//1271
f 687//1272 689//1272 695//1272
f 689//1273 688//1273 696//1273
f 689//1274 696//1274 697//1274
f 688//1275 690//1275 698//1275
f 688//1276 698//1276 696//1276
f 690//1277 691//1277 699//1277
f 690//1278 699//1278 698//1278
f 691//1279 692//1279 700//1279
f 691//1280 700//1280 699//1280
f 692//1281 693//1281 701//1281
f 692//1282 701//1282 700//1282
f 693//1283 694//1283 702//1283
f 693//1284 702//1284 701//1284
f 694//1285 695//1285 703//1285
f 694//1286 703//1286 702//1286
f 695//1287 689//1287 697//1287
f 695//1288 697//1288 703//1288
f 697//1289 696//1289 704//1289
f 697//1290 704//1290 705//1290
f 696//1291 698//1291 706//1291
f 696//1292 706//1292 704//1292
f 698//1293 699//1293 707//1293
f 698//1294 707//1294 706//1294
f 699//1295 700//1295 708//1295
f 699//1296 708//1296 707//1296
f 700//1297 701//1297 709//1297
f 700//1298 709//1298 708//1298
f 701//1299 702//1299 710//1299
f 701//1300 710//1300 709//1300
f 702//1301 703//1301 711//1301
f 702//1302 711//1302 710//1302
f 703//1303 697//1303 705//1303
f 703//1304 705//1304 711//1304
f 705//1305 704//1305 712//1305
f 704//1306 706//1306 712//1306
f 706//1307 707//1307 712//1307
f 707//1308 708//1308 712//1308
f 708//1309 709//1309 712//1309
f 709//1310 710//1310 712//1310
f 710//1311 711//1311 712//1311
f 711//1312 705//1312 712//1312
usemtl pigment_ff4274ff
f 713//1313 714//1313 715//1313
f 713//1314 715//1314 716//1314
f 714//1315 717//1315 718//1315
f 714//1316 718//1316 715//1316
f 717//1317 719//1317 720//1317
f 717//1318 720//1318 718//1318
f 719//1319 721//1319 722//1319
f 719//1320 722//1320 720//1320
f 721//1321 723//1321 724//1321
f 721//1322 724//1322 722//1322
f 723//1323 725//1323 726//1323
f 723//1324 726//1324 724//1324
f 725//1325 727//1325 728//1325
f 725//1326 728//1326 726//1326
f 727//1327 713//1327 716//1327
f 727//1328 716//1328 728//1328
f 716//1329 715//1329 729//1329
f 716//1330 729//1330 730//1330
f 715//1331 718//1331 731//1331
f 715//1332 731//1332 729//1332
f 718//1333 720//1333 732//1333
f 718//1334 732//1334 731//1334
f 720//1335 722//1335 733//1335
f 720//1336 733//1336 732//1336
f 722//1337 724//1337 734//1337
f 722//1338 734//1338 733//1338
f 724//1339 726//1339 735//1339
f 724//1340 735//1340 734//1340
f 726//1341 728//1341 736//1341
f 726//1342 736//1342 735//1342
f 728//1343 716//1343 730//1343
f 728//1344 730//1344 736//1344
f 730//1345 729//1345 737//1345
f 730//1346 737//1346 738//1346
f 729//1347 731//1347 739//1347
f 729//1348 739//1348 737//1348
f 731//1349 732//1349 740//1349
f 731//1350 740//1350 739//1350
f 732//1351 733//1351 741//1351
f 732//1352 741//1352 740//1352
f 733//1353 734//1353 742//1353
f 733//1354 742//1354 741//1354
f 734//1355 735//1355 743//1355
f 734//1356 743//1356 742//1356
f 735//1357 736//1357 744//1357
f 735//1358 744//1358 743//1358
f 736//1359 730//1359 738//1359
f 736//1360 738//1360 744//1360
f 738//1361 737//1361 745//1361
f 738//1362 745//1362 746//1362
f 737//1363 739//1363 747//1363
f 737//1364 747//1364 745//1364
f 739//1365 740//1365 748//1365
f 739//1366 748//1366 747//1366
f 740//1367 741//1367 749//1367
f 740//1368 749//1368 748//1368
f 741//1369 742//1369 750//1369
f 741//1370 750//1370 749//1370
f 742//1371 743//1371 751//1371
f 742//1372 751//1372 750//1372
f 743//1373 744//1373 752//1373
f 743//1374 752//1374 751//1374
f 744//1375 738//1375 746//1375
f 744//1376 746//1376 752//1376
f 746//1377 745//1377 753//1377
f 746//1378 753//1378 754//1378
f 745//1379 747//1379 755//1379
f 745//1380 755//1380 753//1380
f 747//1381 748//1381 756//1381
f 747//1382 756//1382 755//1382
f 748//1383 749//1383 757//1383
f 748//1384 757//1384 756//1384
f 749//1385 750//1385 758//1385
f 749//1386 758//1386 757//1386
f 750//1387 751//1387 759//1387
f 750//1388 759//1388 758//1388
f 751//1389 752//1389 760//1389
f 751//1390 760//1390 759//1390
f 752//1391 746//1391 754//1391
f 752//1392 754//1392 760//1392
f 754//1393 753//1393 761//1393
f 754//1394 761//1394 762//1394
f 753//1395 755//1395 763//1395
f 753//1396 763//1396 761//1396
f 755//1397 756//1397 764//1397
f 755//1398 764//1398 763//1398
f 756//1399 757//1399 765//1399
f 756//1400 765//1400 764//1400
f 757//1401 758//1401 766//1401
f 757//1402 766//1402 765//1402
f 758//1403 759//1403 767//1403
f 758//1404 767//1404 766//1404
f 759//1405 760//1405 768//1405
f 759//1406 768//1406 767//1406
f 760//1407 754//1407 762//1407
f 760//1408 762//1408 768//1408
f 762//1409 761//1409 769//1409
f 762//1410 769//1410 770//1410
f 761//1411 763//1411 771//1411
f 761//1412 771//1412 769//1412
f 763//1413 764//1413 772//1413
f 763//1414 772//1414 771//1414
f 764//1415 765//1415 773//1415
f 764//1416 773//1416 772//1416
f 765//1417 766//1417 774//1417
f 765//1418 774//1418 773//1418
f 766//1419 767//1419 775//1419
f 766//1420 775//1420 774//1420
f 767//1421 768//1421 776//1421
f 767//1422 776//1422 775//1422
f 768//1423 762//1423 770//1423
f 768//1424 770//1424 776//1424
f 770//1425 769//1425 777//1425
f 770//1426 777//1426 778//1426
f 769//1427 771//1427 779//1427
f 769//1428 779//1428 777//1428
f 771//1429 772//1429 780//1429
f 771//1430 780//1430 779//1430
f 772//1431 773//1431 781//1431
f 772//1432 781//1432 780//1432
f 773//1433 774//1433 782//1433
f 773//1434 782//1434 781//1434
f 774//1435 775//1435 783//1435
f 774//1436 783//1436 782//1436
f 775//1437 776//1437 784//1437
f 775//1438 784//1438 783//1438
f 776//1439 770//1439 778//1439
f 776//1440 778//1440 784//1440
f 778//1441 777//1441 785//1441
f 777//1442 779//1442 785//1442
f 779//1443 780//1443 785//1443
f 780//1444 781//1444 785//1444
f 781//1445 782//1445 785//1445
f 782//1446 783//1446 785//1446
f 783//1447 784//1447 785//1447
f 784//1448 778//1448 785//1448
f 786//1449 787//1449 788//1449
f 786//1450 788//1450 789//1450
f 787//1451 790//1451 791//1451
f 787//1452 791//1452 788//1452
f 790//1453 792//1453 793//1453
f 790//1454 793//1454 791//1454
f 792//1455 794//1455 795//1455
f 792//1456 795//1456 793//1456
f 794//1457 796//1457 797//1457
f 794//1458 797//1458 795//1458
f 796//1459 798//1459 799//1459
f 796//1460 799//1460 797//1460
f 798//1461 800//1461 801//1461
f 798//1462 801//1462 799//1462
f 800//1463 786//1463 789//1463
f 800//1464 789//1464 801//1464
f 789//1465 788//1465 802//1465
f 789//1466 802//1466 803//1466
f 788//1467 791//1467 804//1467
f 788//1468 804//1468 802//1468
f 791//1469 793//1469 805//1469
f 791//1470 805//1470 804//1470
f 793//1471 795//1471 806//1471
f 793//1472 806//1472 805//1472
f 795//1473 797//1473 807//1473
f 795//1474 807//1474 806//1474
f 797//1475 799//1475 808//1475
f 797//1476 808//1476 807//1476
f 799//1477 801//1477 809//1477
f 799//1478 809//1478 808//1478
f 801//1479 789//1479 803//1479
f 801//1480 803//1480 809//1480
f 803//1481 802//1481 810//1481
f 803//1482 810//1482 811//1482
f 802//1483 804//1483 812//1483
f 802//1484 812//1484 810//1484
f 804//1485 805//1485 813//1485
f 804//1486 813//1486 812//1486
f 805//1487 806//1487 814//1487
f 805//1488 814//1488 813//1488
f 806//1489 807//1489 815//1489
f 806//1490 815//1490 814//1490
f 807//1491 808//1491 816//1491
f 807//1492 816//1492 815//1492
f 808//1493 809//1493 817//1493
f 808//1494 817//1494 816//1494
f 809//1495 803//1495 811//1495
f 809//1496 811//1496 817//1496
f 811//1497 810//1497 818//1497
f 811//1498 818//1498 819//1498
f 810//1499 812//1499 820//1499
f 810//1500 820//1500 818//1500
f 812//1501 813//1501 821//1501
f 812//1502 821//1502 820//1502
f 813//1503 814//1503 822//1503
f 813//1504 822//1504 821//1504
f 814//1505 815//1505 823//1505
f 814//1506 823//1506 822//1506
f 815//1507 816//1507 824//1507
f 815//1508 824//1508 823//1508
f 816//1509 817//1509 825//1509
f 816//1510 825//1510 824//1510
f 817//1511 811//1511 819//1511
f 817//1512 819//1512 825//1512
f 819//1513 818//1513 826//1513
f 819//1514 826//1514 827//1514
f 818//1515 820//1515 828//1515
f 818//1516 828//1516 826//1516
f 820//1517 821//1517 829//1517
f 820//1518 829//1518 828//1518
f 821//1519 822//1519 830//1519
f 821//1520 830//1520 829//1520
f 822//1521 823//1521 831//1521
f 822//1522 831//1522 830//1522
f 823//1523 824//1523 832//1523
f 823//1524 832//1524 831//1524
f 824//1525 825//1525 833//1525
f 824//1526 833//1526 832//1526
f 825//1527 819//1527 827//1527
f 825//1528 827//1528 833//1528
f 827//1529 826//1529 834//1529
f 827//1530 834//1530 835//1530
f 826//1531 828//1531 836//1531
f 826//1532 836//1532 834//1532
f 828//1533 829//1533 837//1533
f 828//1534 837//1534 836//1534
f 829//1535 830//1535 838//1535
f 829//1536 838//1536 837//1536
f 830//1537 831//1537 839//1537
f 830//1538 839//1538 838//1538
f 831//1539 832//1539 840//1539
f 831//1540 840//1540 839//1540
f 832//1541 833//1541 841//1541
f 832//1542 841//1542 840//1542
f 833//1543 827//1543 835//1543
f 833//1544 835//1544 841//1544
f 835//1545 834//1545 842//1545
f 835//1546 842//1546 843//1546
f 834//1547 836//1547 844//1547
f 834//1548 844//1548 842//1548
f 836//1549 837//1549 845//1549
f 836//1550 845//1550 844//1550
f 837//1551 838//1551 846//1551
f 837//1552 846//1552 845//1552
f 838//1553 839//1553 847//1553
f 838//1554 847//1554 846//1554
f 839//1555 840//1555 848//1555
f 839//1556 848//1556 847//1556
f 840//1557 841//1557 849//1557
f 840//1558 849//1558 848//1558
f 841//1559 835//1559 843//1559
f 841//1560 843//1560 849//1560
f 843//1561 842//1561 850//1561
f 843//1562 850//1562 851//1562
f 842//1563 844//1563 852//1563
f 842//1564 852//1564 850//1564
f 844//1565 845//1565 853//1565
f 844//1566 853//1566 852//1566
f 845//1567 846//1567 854//1567
f 845//1568 854//1568 853//1568
f 846//1569 847//1569 855//1569
f 846//1570 855//1570 854//1570
f 847//1571 848//1571 856//1571
f 847//1572 856//1572 855//1572
f 848//1573 849//1573 857//1573
f 848//1574 857//1574 856//1574
f 849//1575 843//1575 851//1575
f 849//1576 851//1576 857//1576
f 851//1577 850//1577 858//1577
f 850//1578 852//1578 858//1578
f 852//1579 853//1579 858//1579
f 853//1580 854//1580 858//1580
f 854//1581 855//1581 858//1581
f 855//1582 856//1582 858//1582
f 856//1583 857//1583 858//1583
f 857//1584 851//1584 858//1584
f 859//1585 860//1585 861//1585
f 859//1586 861//1586 862//1586
f 860//1587 863//1587 864//1587
f 860//1588 864//1588 861//1588
f 863//1589 865//1589 866//1589
f 863//1590 866//1590 864//1590
f 865//1591 867//1591 868//1591
f 865//1592 868//1592 866//1592
f 867//1593 869//1593 870//1593
f 867//1594 870//1594 868//1594
f 869//1595 871//1595 872//1595
f 869//1596 872//1596 870//1596
f 871//1597 873//1597 874//1597
f 871//1598 874//1598 872//1598
f 873//1599 859//1599 862//1599
f 873//1600 862//1600 874//1600
f 862//1601 861//1601 875//1601
f 862//1602 875//1602 876//1602
f 861//1603 864//1603 877//1603
f 861//1604 877//1604 875//1604
f 864//1605 866//1605 878//1605
f 864//1606 878//1606 877//1606
f 866//1607 868//1607 879//1607
f 866//1608 879//1608 878//1608
f 868//1609 870//1609 880//1609
f 868//1610 880//1610 879//1610
f 870//1611 872//1611 881//1611
f 870//1612 881//1612 880//1612
f 872//1613 874//1613 882//1613
f 872//1614 882//1614 881//1614
f 874//1615 862//1615 876//1615
f 874//1616 876//1616 882//1616
f 876//1617 875//1617 883//1617
f 876//1618 883//1618 884//1618
f 875//1619 877//1619 885//1619
f 875//1620 885//1620 883//1620
f 877//1621 878//1621 886//1621
f 877//1622 886//1622 885//1622
f 878//1623 879//1623 887//1623
f 878//1624 887//1624 886//1624
f 879//1625 880//1625 888//1625
f 879//1626 888//1626 887//1626
f 880//1627 881//1627 889//1627
f 880//1628 889//1628 888//1628
f 881//1629 882//1629 890//1629
f 881//1630 890//1630 889//1630
f 882//1631 876//1631 884//1631
f 882//1632 884//1632 890//1632
f 884//1633 883//1633 891//1633
f 884//1634 891//1634 892//1634
f 883//1635 885//1635 893//1635
f 883//1636 893//1636 891//1636
f 885//1637 886//1637 894//1637
f 885//1638 894//1638 893//1638
f 886//1639 887//1639 895//1639
f 886//1640 895//1640 894//1640
f 887//1641 888//1641 896//1641
f 887//1642 896//1642 895//1642
f 888//1643 889//1643 897//1643
f 888//1644 897//1644 896//1644
f 889//1645 890//1645 898//1645
f 889//1646 898//1646 897//1646
f 890//1647 884//1647 892//1647
f 890//1648 892//1648 898//1648
f 892//1649 891//1649 899//1649
f 892//1650 899//1650 900//1650
f 891//1651 893//1651 901//1651
f 891//1652 901//1652 899//1652
f 893//1653 894//1653 902//1653
f 893//1654 902//1654 901//1654
f 894//1655 895//1655 903//1655
f 894//1656 903//1656 902//1656
f 895//1657 896//1657 904//1657
f 895//1658 904//1658 903//1658
f 896//1659 897//1659 905//1659
f 896//1660 905//1660 904//1660
f 897//1661 898//1661 906//1661
f 897//1662 906//1662 905//1662
f 898//1663 892//1663 900//1663
f 898//1664 900//1664 906//1664
f 900//1665 899//1665 907//1665
f 900//1666 907//1666 908//1666
f 899//1667 901//1667 909//1667
f 899//1668 909//1668 907//1668
f 901//1669 902//1669 910//1669
f 901//1670 910//1670 909//1670
f 902//1671 903//1671 911//1671
f 902//1672 911//1672 910//1672
f 903//1673 904//1673 912//1673
f 903//1674 912//1674 911//1674
f 904//1675 905//1675 913//1675
f 904//1676 913//1676 912//1676
f 905//1677 906//1677 914//1677
f 905//1678 914//1678 913//1678
f 906//1679 900//1679 908//1679
f 906//1680 908//1680 914//1680
f 908//1681 907//1681 915//1681
f 908//1682 915//1682 916//1682
f 907//1683 909//1683 917//1683
f 907//1684 917//1684 915//1684
f 909//1685 910//1685 918//1685
f 909//1686 918//1686 917//1686
f 910//1687 911//1687 919//1687
f 910//1688 919//1688 918//1688
f 911//1689 912//1689 920//1689
f 911//1690 920//1690 919//1690
f 912//1691 913//1691 921//1691
f 912//1692 921//1692 920//1692
f 913//1693 914//1693 922//1693
f 913//1694 922//1694 921//1694
f 914//1695 908//1695 916//1695
f 914//1696 916//1696 922//1696
f 916//1697 915//1697 923//1697
f 916//1698 923//1698 924//1698
f 915//1699 917//1699 925//1699
f 915//1700 925//1700 923//1700
f 917//1701 918//1701 926//1701
f 917//1702 926//1702 925//1702
f 918//1703 919//1703 927//1703
f 918//1704 927//1704 926//1704
f 919//1705 920//1705 928//1705
f 919//1706 928//1706 927//1706
f 920//1707 921//1707 929//1707
f 920//1708 929//1708 928//1708
f 921//1709 922//1709 930//1709
f 921//1710 930//1710 929//1710
f 922//1711 916//1711 924//1711
f 922//1712 924//1712 930//1712
f 924//1713 923//1713 931//1713
f 923//1714 925//1714 931//1714
f 925//1715 926//1715 931//1715
f 926//1716 927//1716 931//1716
f 927//1717 928//1717 931//1717
f 928//1718 929//1718 931//1718
f 929//1719 930//1719 931//1719
f 930//1720 924//1720 931//1720
usemtl pigment_ff0e0077
f 932//1721 933//1721 934//1721
f 932//1722 934//1722 935//1722
f 933//1723 936//1723 937//1723
f 933//1724 937//1724 934//1724
f 936//1725 938//1725 939//1725
f 936//1726 939//1726 937//1726
f 938//1727 940//1727 941//1727
f 938//1728 941//1728 939//1728
f 940//1729 942//1729 943//1729
f 940//1730 943//1730 941//1730
f 942//1731 944//1731 945//1731
f 942//1732 945//1732 943//1732
f 944//1733 946//1733 947//1733
f 944//1734 947//1734 945//1734
f 946//1735 932//1735 935//1735
f 946//1736 935//1736 947//1736
f 935//1737 934//1737 948//1737
f 935//1738 948//1738 949//1738
f 934//1739 937//1739 950//1739
f 934//1740 950//1740 948//1740
f 937//1741 939//1741 951//1741
f 937//1742 951//1742 950//1742
f 939//1743 941//1743 952//1743
f 939//1744 952//1744 951//1744
f 941//1745 943//1745 953//1745
f 941//1746 953//1746 952//1746
f 943//1747 945//1747 954//1747
f 943//1748 954//1748 953//1748
f 945//1749 947//1749 955//1749
f 945//1750 955//1750 954//1750
f 947//1751 935//1751 949//1751
f 947//1752 949//1752 955//1752
f 949//1753 948//1753 956//1753
f 949//1754 956//1754 957//1754
f 948//1755 950//1755 958//1755
f 948//1756 958//1756 956//1756
f 950//1757 951//1757 959//1757
f 950//1758 959//1758 958//1758
f 951//1759 952//1759 960//1759
f 951//1760 960//1760 959//1760
f 952//1761 953//1761 961//1761
f 952//1762 961//1762 960//1762
f 953//1763 954//1763 962//1763
f 953//1764 962//1764 961//1764
f 954//1765 955//1765 963//1765
f 954//1766 963//1766 962//1766
f 955//1767 949//1767 957//1767
f 955//1768 957//1768 963//1768
f 957//1769 956//1769 964//1769
f 957//1770 964//1770 965//1770
f 956//1771 958//1771 966//1771
f 956//1772 966//1772 964//1772
f 958//1773 959//1773 967//1773
f 958//1774 967//1774 966//1774
f 959//1775 960//1775 968//1775
f 959//1776 968//1776 967//1776
f 960//1777 961//1777 969//1777
f 960//1778 969//1778 968//1778
f 961//1779 962//1779 970//1779
f 961//1780 970//1780 969//1780
f 962//1781 963//1781 971//1781
f 962//1782 971//1782 970//1782
f 963//1783 957//1783 965//1783
f 963//1784 965//1784 971//1784
f 965//1785 964//1785 972//1785
f 965//1786 972//1786 973//1786
f 964//1787 966//1787 974//1787
f 964//1788 974//1788 972//1788
f 966//1789 967//1789 975//1789
f 966//1790 975//1790 974//1790
f 967//1791 968//1791 976//1791
f 967//1792 976//1792 975//1792
f 968//1793 969//1793 977//1793
f 968//1794 977//1794 976//1794
f 969//1795 970//1795 978//1795
f 969//1796 978//1796 977//1796
f 970//1797 971//1797 979//1797
f 970//1798 979//1798 978//1798
f 971//1799 965//1799 973//1799
f 971//1800 973//1800 979//1800
f 973//1801 972//1801 980//1801
f 973//1802 980//1802 981//1802
f 972//1803 974//1803 982//1803
f 972//1804 982//1804 980//1804
f 974//1805 975//1805 983//1805
f 974//1806 983//1806 982//1806
f 975//1807 976//1807 984//1807
f 975//1808 984//1808 983//1808
f 976//1809 977//1809 985//1809
f 976//1810 985//1810 984//1810
f 977//1811 978//1811 986//1811
f 977//1812 986//1812 985//1812
f 978//1813 979//1813 987//1813
f 978//1814 987//1814 986//1814
f 979//1815 973//1815 981//1815
f 979//1816 981//1816 987//1816
f 981//1817 980//1817 988//1817
f 981//1818 988//1818 989//1818
f 980//1819 982//1819 990//1819
f 980//1820 990//1820 988//1820
f 982//1821 983//1821 991//1821
f 982//1822 991//1822 990//1822
f 983//1823 984//1823 992//1823
f 983//1824 992//1824 991//1824
f 984//1825 985//1825 993//1825
f 984//1826 993//1826 992//1826
f 985//1827 986//1827 994//1827
f 985//1828 994//1828 993//1828
f 986//1829 987//1829 995//1829
f 986//1830 995//1830 994//1830
f 987//1831 981//1831 989//1831
f 987//1832 989//1832 995//1832
f 989//1833 988//1833 996//1833
f 989//1834 996//1834 997//1834
f 988//1835 990//1835 998//1835
f 988//1836 998//1836 996//1836
f 990//1837 991//1837 999//1837
f 990//1838 999//1838 998//1838
f 991//1839 992//1839 1000//1839
f 991//1840 1000//1840 999//1840
f 992//1841 993//1841 1001//1841
f 992//1842 1001//1842 1000//1842
f 993//1843 994//1843 1002//1843
f 993//1844 1002//1844 1001//1844
f 994//1845 995//1845 1003//1845
f 994//1846 1003//1846 1002//1846
f 995//1847 989//1847 997//1847
f 995//1848 997//1848 1003//1848
f 997//1849 996//1849 1004//1849
f 996//1850 998//1850 1004//1850
f 998//1851 999//1851 1004//1851
f 999//1852 1000//1852 1004//1852
f 1000//1853 1001//1853 1004//1853
f 1001//1854 1002//1854 1004//1854
f 1002//1855 1003//1855 1004//1855
f 1003//1856 997//1856 1004//1856
usemtl pigment_ff4274ff
f 1005//1857 1006//1857 1007//1857
f 1005//1858 1007//1858 1008//1858
f 1006//1859 1009//1859 1010//1859
f 1006//1860 1010//1860 1007//1860
f 1009//1861 1011//1861 1012//1861
f 1009//1862 1012//1862 1010//1862
f 1011//1863 1013//1863 1014//1863
f 1011//1864 1014//1864 1012//1864
f 1013//1865 1015//1865 1016//1865
f 1013//1866 1016//1866 1014//1866
f 1015//1867 1017//1867 1018//1867
f 1015//1868 1018//1868 1016//1868
f 1017//1869 1019//1869 1020//1869
f 1017//1870 1020//1870 1018//1870
f 1019//1871 1005//1871 1008//1871
f 1019//1872 1008//1872 1020//1872
f 1008//1873 1007//1873 1021//1873
f 1008//1874 1021//1874 1022//1874
f 1007//1875 1010//1875 1023//1875
f 1007//1876 1023//1876 1021//1876
f 1010//1877 1012//1877 1024//1877
f 1010//1878 1024//1878 1023//1878
f 1012//1879 1014//1879 1025//1879
f 1012//1880 1025//1880 1024//1880
f 1014//1881 1016//1881 1026//1881
f 1014//1882 1026//1882 1025//1882
f 1016//1883 1018//1883 1027//1883
f 1016//1884 1027//1884 1026//1884
f 1018//1885 1020//1885 1028//1885
f 1018//1886 1028//1886 1027//1886
f 1020//1887 1008//1887 1022//1887
f 1020//1888 1022//1888 1028//1888
f 1022//1889 1021//1889 1029//1889
f 1022//1890 1029//1890 1030//1890
f 1021//1891 1023//1891 1031//1891
f 1021//1892 1031//1892 1029//1892
f 1023//1893 1024//1893 1032//1893
f 1023//1894 1032//1894 1031//1894
f 1024//1895 1025//1895 1033//1895
f 1024//1896 1033//1896 1032//1896
f 1025//1897 1026//1897 1034//1897
f 1025//1898 1034//1898 1033//1898
f 1026//1899 1027//1899 1035//1899
f 1026//1900 1035//1900 1034//1900
f 1027//1901 1028//1901 1036//1901
f 1027//1902 1036//1902 1035//1902
f 1028//1903 1022//1903 1030//1903
f 1028//1904 1030//1904 1036//1904
f 1030//1905 1029//1905 1037//1905
f 1030//1906 1037//1906 1038//1906
f 1029//1907 1031//1907 1039//1907
f 1029//1908 1039//1908 1037//1908
f 1031//1909 1032//1909 1040//1909
f 1031//1910 1040//1910 1039//1910
f 1032//1911 1033//1911 1041//1911
f 1032//1912 1041//1912 1040//1912
f 1033//1913 1034//1913 1042//1913
f 1033//1914 1042//1914 1041//1914
f 1034//1915 1035//1915 1043//1915
f 1034//1916 1043//1916 1042//1916
f 1035//1917 1036//1917 1044//1917
f 1035//1918 1044//1918 1043//1918
f 1036//1919 1030//1919 1038//1919
f 1036//1920 1038//1920 1044//1920
f 1038//1921 1037//1921 1045//1921
f 1038//1922 1045//1922 1046//1922
f 1037//1923 1039//1923 1047//1923
f 1037//1924 1047//1924 1045//1924
f 1039//1925 1040//1925 1048//1925
f 1039//1926 1048//1926 1047//1926
f 1040//1927 1041//1927 1049//1927
f 1040//1928 1049//1928 1048//1928
f 1041//1929 1042//1929 1050//1929
f 1041//1930 1050//1930 1049//1930
f 1042//1931 1043//1931 1051//1931
f 1042//1932 1051//1932 1050//1932
f 1043//1933 1044//1933 1052//1933
f 1043//1934 1052//1934 1051//1934
f 1044//1935 1038//1935 1046//1935
f 1044//1936 1046//1936 1052//1936
f 1046//1937 1045//1937 1053//1937
f 1046//1938 1053//1938 1054//1938
f 1045//1939 1047//1939 1055//1939
f 1045//1940 1055//1940 1053//1940
f 1047//1941 1048//1941 1056//1941
f 1047//1942 1056//1942 1055//1942
f 1048//1943 1049//1943 1057//1943
f 1048//1944 1057//1944 1056//1944
f 1049//1945 1050//1945 1058//1945
f 1049//1946 1058//1946 1057//1946
f 1050//1947 1051//1947 1059//1947
f 1050//1948 1059//1948 1058//1948
f 1051//1949 1052//1949 1060//1949
f 1051//1950 1060//1950 1059//1950
f 1052//1951 1046//1951 1054//1951
f 1052//1952 1054//1952 1060//1952
f 1054//1953 1053//1953 1061//1953
f 1054//1954 1061//1954 1062//1954
f 1053//1955 1055//1955 1063//1955
f 1053//1956 1063//1956 1061//1956
f 1055//1957 1056//1957 1064//1957
f 1055//1958 1064//1958 1063//1958
f 1056//1959 1057//1959 1065//1959
f 1056//1960 1065//1960 1064//1960
f 1057//1961 1058//1961 1066//1961
f 1057//1962 1066//1962 1065//1962
f 1058//1963 1059//1963 1067//1963
f 1058//1964 1067//1964 1066//1964
f 1059//1965 1060//1965 1068//1965
f 1059//1966 1068//1966 1067//1966
f 1060//1967 1054//1967 1062//1967
f 1060//1968 1062//1968 1068//1968
f 1062//1969 1061//1969 1069//1969
f 1062//1970 1069//1970 1070//1970
f 1061//1971 1063//1971 1071//1971
f 1061//1972 1071//1972 1069//1972
f 1063//1973 1064//1973 1072//1973
f 1063//1974 1072//1974 1071//1974
f 1064//1975 1065//1975 1073//1975
f 1064//1976 1073//1976 1072//1976
f 1065//1977 1066//1977 1074//1977
f 1065//1978 1074//1978 1073//1978
f 1066//1979 1067//1979 1075//1979
f 1066//1980 1075//1980 1074//1980
f 1067//1981 1068//1981 1076//1981
f 1067//1982 1076//1982 1075//1982
f 1068//1983 1062//1983 1070//1983
f 1068//1984 1070//1984 1076//1984
f 1070//1985 1069//1985 1077//1985
f 1069//1986 1071//1986 1077//1986
f 1071//1987 1072//1987 1077//1987
f 1072//1988 1073//1988 1077//1988
f 1073//1989 1074//1989 1077//1989
f 1074//1990 1075//1990 1077//1990
f 1075//1991 1076//1991 1077//1991
f 1076//1992 1070//1992 1077//1992
usemtl pigment_ff0e0077
f 1078//1993 1079//1993 1080//1993
f 1078//1994 1080//1994 1081//1994
f 1079//1995 1082//1995 1083//1995
f 1079//1996 1083//1996 1080//1996
f 1082//1997 1084//1997 1085//1997
f 1082//1998 1085//1998 1083//1998
f 1084//1999 1086//1999 1087//1999
f 1084//2000 1087//2000 1085//2000
f 1086//2001 1088//2001 1089//2001
f 1086//2002 1089//2002 1087//2002
f 1088//2003 1090//2003 1091//2003
f 1088//2004 1091//2004 1089//2004
f 1090//2005 1092//2005 1093//2005
f 1090//2006 1093//2006 1091//2006
f 1092//2007 1078//2007 1081//2007
f 1092//2008 1081//2008 1093//2008
f 1081//2009 1080//2009 1094//2009
f 1081//2010 1094//2010 1095//2010
f 1080//2011 1083//2011 1096//2011
f 1080//2012 1096//2012 1094//2012
f 1083//2013 1085//2013 1097//2013
f 1083//2014 1097//2014 1096//2014
f 1085//2015 1087//2015 1098//2015
f 1085//2016 1098//2016 1097//2016
f 1087//2017 1089//2017 1099//2017
f 1087//2018 1099//2018 1098//2018
f 1089//2019 1091//2019 1100//2019
f 1089//2020 1100//2020 1099//2020
f 1091//2021 1093//2021 1101//2021
f 1091//2022 1101//2022 1100//2022
f 1093//2023 1081//2023 1095//2023
f 1093//2024 1095//2024 1101//2024
f 1095//2025 1094//2025 1102//2025
f 1095//2026 1102//2026 1103//2026
f 1094//2027 1096//2027 1104//2027
f 1094//2028 1104//2028 1102//2028
f 1096//2029 1097//2029 1105//2029
f 1096//2030 1105//2030 1104//2030
f 1097//2031 1098//2031 1106//2031
f 1097//2032 1106//2032 1105//2032
f 1098//2033 1099//2033 1107//2033
f 1098//2034 1107//2034 1106//2034
f 1099//2035 1100//2035 1108//2035
f 1099//2036 1108//2036 1107//2036
f 1100//2037 1101//2037 1109//2037
f 1100//2038 1109//2038 1108//2038
f 1101//2039 1095//2039 1103//2039
f 1101//2040 1103//2040 1109//2040
f 1103//2041 1102//2041 1110//2041
f 1103//2042 1110//2042 1111//2042
f 1102//2043 1104//2043 1112//2043
f 1102//2044 1112//2044 1110//2044
f 1104//2045 1105//2045 1113//2045
f 1104//2046 1113//2046 1112//2046
f 1105//2047 1106//2047 1114//2047
f 1105//2048 1114//2048 1113//2048
f 1106//2049 1107//2049 1115//2049
f 1106//2050 1115//2050 1114//2050
f 1107//2051 1108//2051 1116//2051
f 1107//2052 1116//2052 1115//2052
f 1108//2053 1109//2053 1117//2053
f 1108//2054 1117//2054 1116//2054
f 1109//2055 1103//2055 1111//2055
f 1109//2056 1111//2056 1117//2056
f 1111//2057 1110//2057 1118//2057
f 1111//2058 1118//2058 1119//2058
f 1110//2059 1112//2059 1120//2059
f 1110//2060 1120//2060 1118//2060
f 1112//2061 1113//2061 1121//2061
f 1112//2062 1121//2062 1120//2062
f 1113//2063 1114//2063 1122//2063
f 1113//2064 1122//2064 1121//2064
f 1114//2065 1115//2065 1123//2065
f 1114//2066 1123//2066 1122//2066
f 1115//2067 1116//2067 1124//2067
f 1115//2068 1124//2068 1123//2068
f 1116//2069 1117//2069 1125//2069
f 1116//2070 1125//2070 1124//2070
f 1117//2071 1111//2071 1119//2071
f 1117//2072 1119//2072 1125//2072
f 1119//2073 1118//2073 1126//2073
f 1119//2074 1126//2074 1127//2074
f 1118//2075 1120//2075 1128//2075
f 1118//2076 1128//2076 1126//2076
f 1120//2077 1121//2077 1129//2077
f 1120//2078 1129//2078 1128//2078
f 1121//2079 1122//2079 1130//2079
f 1121//2080 1130//2080 1129//2080
f 1122//2081 1123//2081 1131//2081
f 1122//2082 1131//2082 1130//2082
f 1123//2083 1124//2083 1132//2083
f 1123//2084 1132//2084 1131//2084
f 1124//2085 1125//2085 1133//2085
f 1124//2086 1133//2086 1132//2086
f 1125//2087 1119//2087 1127//2087
f 1125//2088 1127//2088 1133//2088
f 1127//2089 1126//2089 1134//2089
f 1127//2090 1134//2090 1135//2090
f 1126//2091 1128//2091 1136//2091
f 1126//2092 1136//2092 1134//2092
f 1128//2093 1129//2093 1137//2093
f 1128//2094 1137//2094 1136//2094
f 1129//2095 1130//2095 1138//2095
f 1129//2096 1138//2096 1137//2096
f 1130//2097 1131//2097 1139//2097
f 1130//2098 1139//2098 1138//2098
f 1131//2099 1132//2099 1140//2099
f 1131//2100 1140//2100 1139//2100
f 1132//2101 1133//2101 1141//2101
f 1132//2102 1141//2102 1140//2102
f 1133//2103 1127//2103 1135//2103
f 1133//2104 1135//2104 1141//2104
f 1135//2105 1134//2105 1142//2105
f 1135//2106 1142//2106 1143//2106
f 1134//2107 1136//2107 1144//2107
f 1134//2108 1144//2108 1142//2108
f 1136//2109 1137//2109 1145//2109
f 1136//2110 1145//2110 1144//2110
f 1137//2111 1138//2111 1146//2111
f 1137//2112 1146//2112 1145//2112
f 1138//2113 1139//2113 1147//2113
f 1138//2114 1147//2114 1146//2114
f 1139//2115 1140//2115 1148//2115
f 1139//2116 1148//2116 1147//2116
f 1140//2117 1141//2117 1149//2117
f 1140//2118 1149//2118 1148//2118
f 1141//2119 1135//2119 1143//2119
f 1141//2120 1143//2120 1149//2120
f 1143//2121 1142//2121 1150//2121
f 1142//2122 1144//2122 1150//2122
f 1144//2123 1145//2123 1150//2123
f 1145//2124 1146//2124 1150//2124
f 1146//2125 1147//2125 1150//2125
f 1147//2126 1148//2126 1150//2126
f 1148//2127 1149//2127 1150//2127
f 1149//2128 1143//2128 1150//2128
f 1151//2129 1152//2129 1153//2129
f 1151//2130 1153//2130 1154//2130
f 1152//2131 1155//2131 1156//2131
f 1152//2132 1156//2132 1153//2132
f 1155//2133 1157//2133 1158//2133
f 1155//2134 1158//2134 1156//2134
f 1157//2135 1159//2135 1160//2135
f 1157//2136 1160//2136 1158//2136
f 1159//2137 1161//2137 1162//2137
f 1159//2138 1162//2138 1160//2138
f 1161//2139 1163//2139 1164//2139
f 1161//2140 1164//2140 1162//2140
f 1163//2141 1165//2141 1166//2141
f 1163//2142 1166//2142 1164//2142
f 1165//2143 1151//2143 1154//2143
f 1165//2144 1154//2144 1166//2144
f 1154//2145 1153//2145 1167//2145
f 1154//2146 1167//2146 1168//2146
f 1153//2147 1156//2147 1169//2147
f 1153//2148 1169//2148 1167//2148
f 1156//2149 1158//2149 1170//2149
f 1156//2150 1170//2150 1169//2150
f 1158//2151 1160//2151 1171//2151
f 1158//2152 1171//2152 1170//2152
f 1160//2153 1162//2153 1172//2153
f 1160//2154 1172//2154 1171//2154
f 1162//2155 1164//2155 1173//2155
f 1162//2156 1173//2156 1172//2156
f 1164//2157 1166//2157 1174//2157
f 1164//2158 1174//2158 1173//2158
f 1166//2159 1154//2159 1168//2159
f 1166//2160 1168//2160 1174//2160
f 1168//2161 1167//2161 1175//2161
f 1168//2162 1175//2162 1176//2162
f 1167//2163 1169//2163 1177//2163
f 1167//2164 1177//2164 1175//2164
f 1169//2165 1170//2165 1178//2165
f 1169//2166 1178//2166 1177//2166
f 1170//2167 1171//2167 1179//2167
f 1170//2168 1179//2168 1178//2168
f 1171//2169 1172//2169 1180//2169
f 1171//2170 1180//2170 1179//2170
f 1172//2171 1173//2171 1181//2171
f 1172//2172 1181//2172 1180//2172
f 1173//2173 1174//2173 1182//2173
f 1173//2174 1182//2174 1181//2174
f 1174//2175 1168//2175 1176//2175
f 1174//2176 1176//2176 1182//2176
f 1176//2177 1175//2177 1183//2177
f 1176//2178 1183//2178 1184//2178
f 1175//2179 1177//2179 1185//2179
f 1175//2180 1185//2180 1183//2180
f 1177//2181 1178//2181 1186//2181
f 1177//2182 1186//2182 1185//2182
f 1178//2183 1179//2183 1187//2183
f 1178//2184 1187//2184 1186//2184
f 1179//2185 1180//2185 1188//2185
f 1179//2186 1188//2186 1187//2186
f 1180//2187 1181//2187 1189//2187
f 1180//2188 1189//2188 1188//2188
f 1181//2189 1182//2189 1190//2189
f 1181//2190 1190//2190 1189//2190
f 1182//2191 1176//2191 1184//2191
f 1182//2192 1184//2192 1190//2192
f 1184//2193 1183//2193 1191//2193
f 1184//2194 1191//2194 1192//2194
f 1183//2195 1185//2195 1193//2195
f 1183//2196 1193//2196 1191//2196
f 1185//2197 1186//2197 1194//2197
f 1185//2198 1194//2198 1193//2198
f 1186//2199 1187//2199 1195//2199
f 1186//2200 1195//2200 1194//2200
f 1187//2201 1188//2201 1196//2201
f 1187//2202 1196//2202 1195//2202
f 1188//2203 1189//2203 1197//2203
f 1188//2204 1197//2204 1196//2204
f 1189//2205 1190//2205 1198//2205
f 1189//2206 1198//2206 1197//2206
f 1190//2207 1184//2207 1192//2207
f 1190//2208 1192//2208 1198//2208
f 1192//2209 1191//2209 1199//2209
f 1192//2210 1199//2210 1200//2210
f 1191//2211 1193//2211 1201//2211
f 1191//2212 1201//2212 1199//2212
f 1193//2213 1194//2213 1202//2213
f 1193//2214 1202//2214 1201//2214
f 1194//2215 1195//2215 1203//2215
f 1194//2216 1203//2216 1202//2216
f 1195//2217 1196//2217 1204//2217
f 1195//2218 1204//2218 1203//2218
f 1196//2219 1197//2219 1205//2219
f 1196//2220 1205//2220 1204//2220
f 1197//2221 1198//2221 1206//2221
f 1197//2222 1206//2222 1205//2222
f 1198//2223 1192//2223 1200//2223
f 1198//2224 1200//2224 1206//2224
f 1200//2225 1199//2225 1207//2225
f 1200//2226 1207//2226 1208//2226
f 1199//2227 1201//2227 1209//2227
f 1199//2228 1209//2228 1207//2228
f 1201//2229 1202//2229 1210//2229
f 1201//2230 1210//2230 1209//2230
f 1202//2231 1203//2231 1211//2231
f 1202//2232 1211//2232 1210//2232
f 1203//2233 1204//2233 1212//2233
f 1203//2234 1212//2234 1211//2234
f 1204//2235 1205//2235 1213//2235
f 1204//2236 1213//2236 1212//2236
f 1205//2237 1206//2237 1214//2237
f 1205//2238 1214//2238 1213//2238
f 1206//2239 1200//2239 1208//2239
f 1206//2240 1208//2240 1214//2240
f 1208//2241 1207//2241 1215//2241
f 1208//2242 1215//2242 1216//2242
f 1207//2243 1209//2243 1217//2243
f 1207//2244 1217//2244 1215//2244
f 1209//2245 1210//2245 1218//2245
f 1209//2246 1218//2246 1217//2246
f 1210//2247 1211//2247 1219//2247
f 1210//2248 1219//2248 1218//2248
f 1211//2249 1212//2249 1220//2249
f 1211//2250 1220//2250 1219//2250
f 1212//2251 1213//2251 1221//2251
f 1212//2252 1221//2252 1220//2252
f 1213//2253 1214//2253 1222//2253
f 1213//2254 1222//2254 1221//2254
f 1214//2255 1208//2255 1216//2255
f 1214//2256 1216//2256 1222//2256
f 1216//2257 1215//2257 1223//2257
f 1215//2258 1217//2258 1223//2258
f 1217//2259 1218//2259 1223//2259
f 1218//2260 1219//2260 1223//2260
f 1219//2261 1220//2261 1223//2261
f 1220//2262 1221//2262 1223//2262
f 1221//2263 1222//2263 1223//2263
f 1222//2264 1216//2264 1223//2264
usemtl pigment_ff4274ff
f 1224//2265 1225//2265 1226//2265
f 1224//2266 1226//2266 1227//2266
f 1225//2267 1228//2267 1229//2267
f 1225//2268 1229//2268 1226//2268
f 1228//2269 1230//2269 1231//2269
f 1228//2270 1231//2270 1229//2270
f 1230//2271 1232//2271 1233//2271
f 1230//2272 1233//2272 1231//2272
f 1232//2273 1234//2273 1235//2273
f 1232//2274 1235//2274 1233//2274
f 1234//2275 1236//2275 1237//2275
f 1234//2276 1237//2276 1235//2276
f 1236//2277 1238//2277 1239//2277
f 1236//2278 1239//2278 1237//2278
f 1238//2279 1224//2279 1227//2279
f 1238//2280 1227//2280 1239//2280
f 1227//2281 1226//2281 1240//2281
f 1227//2282 1240//2282 1241//2282
f 1226//2283 1229//2283 1242//2283
f 1226//2284 1242//2284 1240//2284
f 1229//2285 1231//2285 1243//2285
f 1229//2286 1243//2286 1242//2286
f 1231//2287 1233//2287 1244//2287
f 1231//2288 1244//2288 1243//2288
f 1233//2289 1235//2289 1245//2289
f 1233//2290 1245//2290 1244//2290
f 1235//2291 1237//2291 1246//2291
f 1235//2292 1246//2292 1245//2292
f 1237//2293 1239//2293 1247//2293
f 1237//2294 1247//2294 1246//2294
f 1239//2295 1227//2295 1241//2295
f 1239//2296 1241//2296 1247//2296
f 1241//2297 1240//2297 1248//2297
f 1241//2298 1248//2298 1249//2298
f 1240//2299 1242//2299 1250//2299
f 1240//2300 1250//2300 1248//2300
f 1242//2301 1243//2301 1251//2301
f 1242//2302 1251//2302 1250//2302
f 1243//2303 1244//2303 1252//2303
f 1243//2304 1252//2304 1251//2304
f 1244//2305 1245//2305 1253//2305
f 1244//2306 1253//2306 1252//2306
f 1245//2307 1246//2307 1254//2307
f 1245//2308 1254//2308 1253//2308
f 1246//2309 1247//2309 1255//2309
f 1246//2310 1255//2310 1254//2310
f 1247//2311 1241//2311 1249//2311
f 1247//2312 1249//2312 1255//2312
f 1249//2313 1248//2313 1256//2313
f 1249//2314 1256//2314 1257//2314
f 1248//2315 1250//2315 1258//2315
f 1248//2316 1258//2316 1256//2316
f 1250//2317 1251//2317 1259//2317
f 1250//2318 1259//2318 1258//2318
f 1251//2319 1252//2319 1260//2319
f 1251//2320 1260//2320 1259//2320
f 1252//2321 1253//2321 1261//2321
f 1252//2322 1261//2322 1260//2322
f 1253//2323 1254//2323 1262//2323
f 1253//2324 1262//2324 1261//2324
f 1254//2325 1255//2325 1263//2325
f 1254//2326 1263//2326 1262//2326
f 1255//2327 1249//2327 1257//2327
f 1255//2328 1257//2328 1263//2328
f 1257//2329 1256//2329 1264//2329
f 1257//2330 1264//2330 1265//2330
f 1256//2331 1258//2331 1266//2331
f 1256//2332 1266//2332 1264//2332
f 1258//2333 1259//2333 1267//2333
f 1258//2334 1267//2334 1266//2334
f 1259//2335 1260//2335 1268//2335
f 1259//2336 1268//2336 1267//2336
f 1260//2337 1261//2337 1269//2337
f 1260//2338 1269//2338 1268//2338
f 1261//2339 1262//2339 1270//2339
f 1261//2340 1270//2340 1269//2340
f 1262//2341 1263//2341 1271//2341
f 1262//2342 1271//2342 1270//2342
f 1263//2343 1257//2343 1265//2343
f 1263//2344 1265//2344 1271//2344
f 1265//2345 1264//2345 1272//2345
f 1265//2346 1272//2346 1273//2346
f 1264//2347 1266//2347 1274//2347
f 1264//2348 1274//2348 1272//2348
f 1266//2349 1267//2349 1275//2349
f 1266//2350 1275//2350 1274//2350
f 1267//2351 1268//2351 1276//2351
f 1267//2352 1276//2352 1275//2352
f 1268//2353 1269//2353 1277//2353
f 1268//2354 1277//2354 1276//2354
f 1269//2355 1270//2355 1278//2355
f 1269//2356 1278//2356 1277//2356
f 1270//2357 1271//2357 1279//2357
f 1270//2358 1279//2358 1278//2358
f 1271//2359 1265//2359 1273//2359
f 1271//2360 1273//2360 1279//2360
f 1273//2361 1272//2361 1280//2361
f 1273//2362 1280//2362 1281//2362
f 1272//2363 1274//2363 1282//2363
f 1272//2364 1282//2364 1280//2364
f 1274//2365 1275//2365 1283//2365
f 1274//2366 1283//2366 1282//2366
f 1275//2367 1276//2367 1284//2367
f 1275//2368 1284//2368 1283//2368
f 1276//2369 1277//2369 1285//2369
f 1276//2370 1285//2370 1284//2370
f 1277//2371 1278//2371 1286//2371
f 1277//2372 1286//2372 1285//2372
f 1278//2373 1279//2373 1287//2373
f 1278//2374 1287//2374 1286//2374
f 1279//2375 1273//2375 1281//2375
f 1279//2376 1281//2376 1287//2376
f 1281//2377 1280//2377 1288//2377
f 1281//2378 1288//2378 1289//2378
f 1280//2379 1282//2379 1290//2379
f 1280//2380 1290//2380 1288//2380
f 1282//2381 1283//2381 1291//2381
f 1282//2382 1291//2382 1290//2382
f 1283//2383 1284//2383 1292//2383
f 1283//2384 1292//2384 1291//2384
f 1284//2385 1285//2385 1293//2385
f 1284//2386 1293//2386 1292//2386
f 1285//2387 1286//2387 1294//2387
f 1285//2388 1294//2388 1293//2388
f 1286//2389 1287//2389 1295//2389
f 1286//2390 1295//2390 1294//2390
f 1287//2391 1281//2391 1289//2391
f 1287//2392 1289//2392 1295//2392
f 1289//2393 1288//2393 1296//2393
f 1288//2394 1290//2394 1296//2394
f 1290//2395 1291//2395 1296//2395
f 1291//2396 1292//2396 1296//2396
f 1292//2397 1293//2397 1296//2397
f 1293//2398 1294//2398 1296//2398
f 1294//2399 1295//2399 1296//2399
f 1295//2400 1289//2400 1296//2400
f 1297//2401 1298//2401 1299//2401
f 1297//2402 1299//2402 1300//2402
f 1298//2403 1301//2403 1302//2403
f 1298//2404 1302//2404 1299//2404
f 1301//2405 1303//2405 1304//2405
f 1301//2406 1304//2406 1302//2406
f 1303//2407 1305//2407 1306//2407
f 1303//2408 1306//2408 1304//2408
f 1305//2409 1307//2409 1308//2409
f 1305//2410 1308//2410 1306//2410
f 1307//2411 1309//2411 1310//2411
f 1307//2412 1310//2412 1308//2412
f 1309//2413 1311//2413 1312//2413
f 1309//2414 1312//2414 1310//2414
f 1311//2415 1297//2415 1300//2415
f 1311//2416 1300//2416 1312//2416
f 1300//2417 1299//2417 1313//2417
f 1300//2418 1313//2418 1314//2418
f 1299//2419 1302//2419 1315//2419
f 1299//2420 1315//2420 1313//2420
f 1302//2421 1304//2421 1316//2421
f 1302//2422 1316//2422 1315//2422
f 1304//2423 1306//2423 1317//2423
f 1304//2424 1317//2424 1316//2424
f 1306//2425 1308//2425 1318//2425
f 1306//2426 1318//2426 1317//2426
f 1308//2427 1310//2427 1319//2427
f 1308//2428 1319//2428 1318//2428
f 1310//2429 1312//2429 1320//2429
f 1310//2430 1320//2430 1319//2430
f 1312//2431 1300//2431 1314//2431
f 1312//2432 1314//2432 1320//2432
f 1314//2433 1313//2433 1321//2433
f 1314//2434 1321//2434 1322//2434
f 1313//2435 1315//2435 1323//2435
f 1313//2436 1323//2436 1321//2436
f 1315//2437 1316//2437 1324//2437
f 1315//2438 1324//2438 1323//2438
f 1316//2439 1317//2439 1325//2439
f 1316//2440 1325//2440 1324//2440
f 1317//2441 1318//2441 1326//2441
f 1317//2442 1326//2442 1325//2442
f 1318//2443 1319//2443 1327//2443
f 1318//2444 1327//2444 1326//2444
f 1319//2445 1320//2445 1328//2445
f 1319//2446 1328//2446 1327//2446
f 1320//2447 1314//2447 1322//2447
f 1320//2448 1322//2448 1328//2448
f 1322//2449 1321//2449 1329//2449
f 1322//2450 1329//2450 1330//2450
f 1321//2451 1323//2451 1331//2451
f 1321//2452 1331//2452 1329//2452
f 1323//2453 1324//2453 1332//2453
f 1323//2454 1332//2454 1331//2454
f 1324//2455 1325//2455 1333//2455
f 1324//2456 1333//2456 1332//2456
f 1325//2457 1326//2457 1334//2457
f 1325//2458 1334//2458 1333//2458
f 1326//2459 1327//2459 1335//2459
f 1326//2460 1335//2460 1334//2460
f 1327//2461 1328//2461 1336//2461
f 1327//2462 1336//2462 1335//2462
f 1328//2463 1322//2463 1330//2463
f 1328//2464 1330//2464 1336//2464
f 1330//2465 1329//2465 1337//2465
f 1330//2466 1337//2466 1338//2466
f 1329//2467 1331//2467 1339//2467
f 1329//2468 1339//2468 1337//2468
f 1331//2469 1332//2469 1340//2469
f 1331//2470 1340//2470 1339//2470
f 1332//2471 1333//2471 1341//2471
f 1332//2472 1341//2472 1340//2472
f 1333//2473 1334//2473 1342//2473
f 1333//2474 1342//2474 1341//2474
f 1334//2475 1335//2475 1343//2475
f 1334//2476 1343//2476 1342//2476
f 1335//2477 1336//2477 1344//2477
f 1335//2478 1344//2478 1343//2478
f 1336//2479 1330//2479 1338//2479
f 1336//2480 1338//2480 1344//2480
f 1338//2481 1337//2481 1345//2481
f 1338//2482 1345//2482 1346//2482
f 1337//2483 1339//2483 1347//2483
f 1337//2484 1347//2484 1345//2484
f 1339//2485 1340//2485 1348//2485
f 1339//2486 1348//2486 1347//2486
f 1340//2487 1341//2487 1349//2487
f 1340//2488 1349//2488 1348//2488
f 1341//2489 1342//2489 1350//2489
f 1341//2490 1350//2490 1349//2490
f 1342//2491 1343//2491 1351//2491
f 1342//2492 1351//2492 1350//2492
f 1343//2493 1344//2493 1352//2493
f 1343//2494 1352//2494 1351//2494
f 1344//2495 1338//2495 1346//2495
f 1344//2496 1346//2496 1352//2496
f 1346//2497 1345//2497 1353//2497
f 1346//2498 1353//2498 1354//2498
f 1345//2499 1347//2499 1355//2499
f 1345//2500 1355//2500 1353//2500
f 1347//2501 1348//2501 1356//2501
f 1347//2502 1356//2502 1355//2502
f 1348//2503 1349//2503 1357//2503
f 1348//2504 1357//2504 1356//2504
f 1349//2505 1350//2505 1358//2505
f 1349//2506 1358//2506 1357//2506
f 1350//2507 1351//2507 1359//2507
f 1350//2508 1359//2508 1358//2508
f 1351//2509 1352//2509 1360//2509
f 1351//2510 1360//2510 1359//2510
f 1352//2511 1346//2511 1354//2511
f 1352//2512 1354//2512 1360//2512
f 1354//2513 1353//2513 1361//2513
f 1354//2514 1361//2514 1362//2514
f 1353//2515 1355//2515 1363//2515
f 1353//2516 1363//2516 1361//2516
f 1355//2517 1356//2517 1364//2517
f 1355//2518 1364//2518 1363//2518
f 1356//2519 1357//2519 1365//2519
f 1356//2520 1365//2520 1364//2520
f 1357//2521 1358//2521 1366//2521
f 1357//2522 1366//2522 1365//2522
f 1358//2523 1359//2523 1367//2523
f 1358//2524 1367//2524 1366//2524
f 1359//2525 1360//2525 1368//2525
f 1359//2526 1368//2526 1367//2526
f 1360//2527 1354//2527 1362//2527
f 1360//2528 1362//2528 1368//2528
f 1362//2529 1361//2529 1369//2529
f 1361//2530 1363//2530 1369//2530
f 1363//2531 1364//2531 1369//2531
f 1364//2532 1365//2532 1369//2532
f 1365//2533 1366//2533 1369//2533
f 1366//2534 1367//2534 1369//2534
f 1367//2535 1368//2535 1369//2535
f 1368//2536 1362//2536 1369//2536
usemtl pigment_ff0e0077
f 1370//2537 1371//2537 1372//2537
f 1370//2538 1372//2538 1373//2538
f 1371//2539 1374//2539 1375//2539
f 1371//2540 1375//2540 1372//2540
f 1374//2541 1376//2541 1377//2541
f 1374//2542 1377//2542 1375//2542
f 1376//2543 1378//2543 1379//2543
f 1376//2544 1379//2544 1377//2544
f 1378//2545 1380//2545 1381//2545
f 1378//2546 1381//2546 1379//2546
f 1380//2547 1382//2547 1383//2547
f 1380//2548 1383//2548 1381//2548
f 1382//2549 1384//2549 1385//2549
f 1382//2550 1385//2550 1383//2550
f 1384//2551 1370//2551 1373//2551
f 1384//2552 1373//2552 1385//2552
f 1373//2553 1372//2553 1386//2553
f 1373//2554 1386//2554 1387//2554
f 1372//2555 1375//2555 1388//2555
f 1372//2556 1388//2556 1386//2556
f 1375//2557 1377//2557 1389//2557
f 1375//2558 1389//2558 1388//2558
f 1377//2559 1379//2559 1390//2559
f 1377//2560 1390//2560 1389//2560
f 1379//2561 1381//2561 1391//2561
f 1379//2562 1391//2562 1390//2562
f 1381//2563 1383//2563 1392//2563
f 1381//2564 1392//2564 1391//2564
f 1383//2565 1385//2565 1393//2565
f 1383//2566 1393//2566 1392//2566
f 1385//2567 1373//2567 1387//2567
f 1385//2568 1387//2568 1393//2568
f 1387//2569 1386//2569 1394//2569
f 1387//2570 1394//2570 1395//2570
f 1386//2571 1388//2571 1396//2571
f 1386//2572 1396//2572 1394//2572
f 1388//2573 1389//2573 1397//2573
f 1388//2574 1397//2574 1396//2574
f 1389//2575 1390//2575 1398//2575
f 1389//2576 1398//2576 1397//2576
f 1390//2577 1391//2577 1399//2577
f 1390//2578 1399//2578 1398//2578
f 1391//2579 1392//2579 1400//2579
f 1391//2580 1400//2580 1399//2580
f 1392//2581 1393//2581 1401//2581
f 1392//2582 1401//2582 1400//2582
f 1393//2583 1387//2583 1395//2583
f 1393//2584 1395//2584 1401//2584
f 1395//2585 1394//2585 1402//2585
f 1395//2586 1402//2586 1403//2586
f 1394//2587 1396//2587 1404//2587
f 1394//2588 1404//2588 1402//2588
f 1396//2589 1397//2589 1405//2589
f 1396//2590 1405//2590 1404//2590
f 1397//2591 1398//2591 1406//2591
f 1397//2592 1406//2592 1405//2592
f 1398//2593 1399//2593 1407//2593
f 1398//2594 1407//2594 1406//2594
f 1399//2595 1400//2595 1408//2595
f 1399//2596 1408//2596 1407//2596
f 1400//2597 1401//2597 1409//2597
f 1400//2598 1409//2598 1408//2598
f 1401//2599 1395//2599 1403//2599
f 1401//2600 1403//2600 1409//2600
f 1403//2601 1402//2601 1410//2601
f 1403//2602 1410//2602 1411//2602
f 1402//2603 1404//2603 1412//2603
f 1402//2604 1412//2604 1410//2604
f 1404//2605 1405//2605 1413//2605
f 1404//2606 1413//2606 1412//2606
f 1405//2607 1406//2607 1414//2607
f 1405//2608 1414//2608 1413//2608
f 1406//2609 1407//2609 1415//2609
f 1406//2610 1415//2610 1414//2610
f 1407//2611 1408//2611 1416//2611
f 1407//2612 1416//2612 1415//2612
f 1408//2613 1409//2613 1417//2613
f 1408//2614 1417//2614 1416//2614
f 1409//2615 1403//2615 1411//2615
f 1409//2616 1411//2616 1417//2616
f 1411//2617 1410//2617 1418//2617
f 1411//2618 1418//2618 1419//2618
f 1410//2619 1412//2619 1420//2619
f 1410//2620 1420//2620 1418//2620
f 1412//2621 1413//2621 1421//2621
f 1412//2622 1421//2622 1420//2622
f 1413//2623 1414//2623 1422//2623
f 1413//2624 1422//2624 1421//2624
f 1414//2625 1415//2625 1423//2625
f 1414//2626 1423//2626 1422//2626
f 1415//2627 1416//2627 1424//2627
f 1415//2628 1424//2628 1423//2628
f 1416//2629 1417//2629 1425//2629
f 1416//2630 1425//2630 1424//2630
f 1417//2631 1411//2631 1419//2631
f 1417//2632 1419//2632 1425//2632
f 1419//2633 1418//2633 1426//2633
f 1419//2634 1426//2634 1427//2634
f 1418//2635 1420//2635 1428//2635
f 1418//2636 1428//2636 1426//2636
f 1420//2637 1421//2637 1429//2637
f 1420//2638 1429//2638 1428//2638
f 1421//2639 1422//2639 1430//2639
f 1421//2640 1430//2640 1429//2640
f 1422//2641 1423//2641 1431//2641
f 1422//2642 1431//2642 1430//2642
f 1423//2643 1424//2643 1432//2643
f 1423//2644 1432//2644 1431//2644
f 1424//2645 1425//2645 1433//2645
f 1424//2646 1433//2646 1432//2646
f 1425//2647 1419//2647 1427//2647
f 1425//2648 1427//2648 1433//2648
f 1427//2649 1426//2649 1434//2649
f 1427//2650 1434//2650 1435//2650
f 1426//2651 1428//2651 1436//2651
f 1426//2652 1436//2652 1434//2652
f 1428//2653 1429//2653 1437//2653
f 1428//2654 1437//2654 1436//2654
f 1429//2655 1430//2655 1438//2655
f 1429//2656 1438//2656 1437//2656
f 1430//2657 1431//2657 1439//2657
f 1430//2658 1439//2658 1438//2658
f 1431//2659 1432//2659 1440//2659
f 1431//2660 1440//2660 1439//2660
f 1432//2661 1433//2661 1441//2661
f 1432//2662 1441//2662 1440//2662
f 1433//2663 1427//2663 1435//2663
f 1433//2664 1435//2664 1441//2664
f 1435//2665 1434//2665 1442//2665
f 1434//2666 1436//2666 1442//2666
f 1436//2667 1437//2667 1442//2667
f 1437//2668 1438//2668 1442//2668
f 1438//2669 1439//2669 1442//2669
f 1439//2670 1440//2670 1442//2670
f 1440//2671 1441//2671 1442//2671
f 1441//2672 1435//2672 1442//2672
usemtl pigment_fff9002b
f 1443//2673 1444//2673 1445//2673
f 1443//2674 1445//2674 1446//2674
f 1444//2675 1447//2675 1448//2675
f 1444//2676 1448//2676 1445//2676
f 1447//2677 1449//2677 1450//2677
f 1447//2678 1450//2678 1448//2678
f 1449//2679 1451//2679 1452//2679
f 1449//2680 1452//2680 1450//2680
f 1451//2681 1453//2681 1454//2681
f 1451//2682 1454//2682 1452//2682
f 1453//2683 1455//2683 1456//2683
f 1453//2684 1456//2684 1454//2684
f 1455//2685 1457//2685 1458//2685
f 1455//2686 1458//2686 1456//2686
f 1457//2687 1443//2687 1446//2687
f 1457//2688 1446//2688 1458//2688
f 1446//2689 1445//2689 1459//2689
f 1446//2690 1459//2690 1460//2690
f 1445//2691 1448//2691 1461//2691
f 1445//2692 1461//2692 1459//2692
f 1448//2693 1450//2693 1462//2693
f 1448//2694 1462//2694 1461//2694
f 1450//2695 1452//2695 1463//2695
f 1450//2696 1463//2696 1462//2696
f 1452//2697 1454//2697 1464//2697
f 1452//2698 1464//2698 1463//2698
f 1454//2699 1456//2699 1465//2699
f 1454//2700 1465//2700 1464//2700
f 1456//2701 1458//2701 1466//2701
f 1456//2702 1466//2702 1465//2702
f 1458//2703 1446//2703 1460//2703
f 1458//2704 1460//2704 1466//2704
f 1460//2705 1459//2705 1467//2705
f 1460//2706 1467//2706 1468//2706
f 1459//2707 1461//2707 1469//2707
f 1459//2708 1469//2708 1467//2708
f 1461//2709 1462//2709 1470//2709
f 1461//2710 1470//2710 1469//2710
f 1462//2711 1463//2711 1471//2711
f 1462//2712 1471//2712 1470//2712
f 1463//2713 1464//2713 1472//2713
f 1463//2714 1472//2714 1471//2714
f 1464//2715 1465//2715 1473//2715
f 1464//2716 1473//2716 1472//2716
f 1465//2717 1466//2717 1474//2717
f 1465//2718 1474//2718 1473//2718
f 1466//2719 1460//2719 1468//2719
f 1466//2720 1468//2720 1474//2720
f 1468//2721 1467//2721 1475//2721
f 1468//2722 1475//2722 1476//2722
f 1467//2723 1469//2723 1477//2723
f 1467//2724 1477//2724 1475//2724
f 1469//2725 1470//2725 1478//2725
f 1469//2726 1478//2726 1477//2726
f 1470//2727 1471//2727 1479//2727
f 1470//2728 1479//2728 1478//2728
f 1471//2729 1472//2729 1480//2729
f 1471//2730 1480//2730 1479//2730
f 1472//2731 1473//2731 1481//2731
f 1472//2732 1481//2732 1480//2732
f 1473//2733 1474//2733 1482//2733
f 1473//2734 1482//2734 1481//2734
f 1474//2735 1468//2735 1476//2735
f 1474//2736 1476//2736 1482//2736
f 1476//2737 1475//2737 1483//2737
f 1476//2738 1483//2738 1484//2738
f 1475//2739 1477//2739 1485//2739
f 1475//2740 1485//2740 1483//2740
f 1477//2741 1478//2741 1486//2741
f 1477//2742 1486//2742 1485//2742
f 1478//2743 1479//2743 1487//2743
f 1478//2744 1487//2744 1486//2744
f 1479//2745 1480//2745 1488//2745
f 1479//2746 1488//2746 1487//2746
f 1480//2747 1481//2747 1489//2747
f 1480//2748 1489//2748 1488//2748
f 1481//2749 1482//2749 1490//2749
f 1481//2750 1490//2750 1489//2750
f 1482//2751 1476//2751 1484//2751
f 1482//2752 1484//2752 1490//2752
f 1484//2753 1483//2753 1491//2753
f 1484//2754 1491//2754 1492//2754
f 1483//2755 1485//2755 1493//2755
f 1483//2756 1493//2756 1491//2756
f 1485//2757 1486//2757 1494//2757
f 1485//2758 1494//2758 1493//2758
f 1486//2759 1487//2759 1495//2759
f 1486//2760 1495//2760 1494//2760
f 1487//2761 1488//2761 1496//2761
f 1487//2762 1496//2762 1495//2762
f 1488//2763 1489//2763 1497//2763
f 1488//2764 1497//2764 1496//2764
f 1489//2765 1490//2765 1498//2765
f 1489//2766 1498//2766 1497//2766
f 1490//2767 1484//2767 1492//2767
f 1490//2768 1492//2768 1498//2768
f 1492//2769 1491//2769 1499//2769
f 1492//2770 1499//2770 1500//2770
f 1491//2771 1493//2771 1501//2771
f 1491//2772 1501//2772 1499//2772
f 1493//2773 1494//2773 1502//2773
f 1493//2774 1502//2774 1501//2774
f 1494//2775 1495//2775 1503//2775
f 1494//2776 1503//2776 1502//2776
f 1495//2777 1496//2777 1504//2777
f 1495//2778 1504//2778 1503//2778
f 1496//2779 1497//2779 1505//2779
f 1496//2780 1505//2780 1504//2780
f 1497//2781 1498//2781 1506//2781
f 1497//2782 1506//2782 1505//2782
f 1498//2783 1492//2783 1500//2783
f 1498//2784 1500//2784 1506//2784
f 1500//2785 1499//2785 1507//2785
f 1500//2786 1507//2786 1508//2786
f 1499//2787 1501//2787 1509//2787
f 1499//2788 1509//2788 1507//2788
f 1501//2789 1502//2789 1510//2789
f 1501//2790 1510//2790 1509//2790
f 1502//2791 1503//2791 1511//2791
f 1502//2792 1511//2792 1510//2792
f 1503//2793 1504//2793 1512//2793
f 1503//2794 1512//2794 1511//2794
f 1504//2795 1505//2795 1513//2795
f 1504//2796 1513//2796 1512//2796
f 1505//2797 1506//2797 1514//2797
f 1505//2798 1514//2798 1513//2798
f 1506//2799 1500//2799 1508//2799
f 1506//2800 1508//2800 1514//2800
f 1508//2801 1507//2801 1515//2801
f 1507//2802 1509//2802 1515//2802
f 1509//2803 1510//2803 1515//2803
f 1510//2804 1511//2804 1515//2804
f 1511//2805 1512//2805 1515//2805
f 1512//2806 1513//2806 1515//2806
f 1513//2807 1514//2807 1515//2807
f 1514//2808 1508//2808 1515//2808
f 1516//2809 1517//2809 1518//2809
f 1516//2810 1518//2810 1519//2810
f 1517//2811 1520//2811 1521//2811
f 1517//2812 1521//2812 1518//2812
f 1520//2813 1522//2813 1523//2813
f 1520//2814 1523//2814 1521//2814
f 1522//2815 1524//2815 1525//2815
f 1522//2816 1525//2816 1523//2816
f 1524//2817 1526//2817 1527//2817
f 1524//2818 1527//2818 1525//2818
f 1526//2819 1528//2819 1529//2819
f 1526//2820 1529//2820 1527//2820
f 1528//2821 1530//2821 1531//2821
f 1528//2822 1531//2822 1529//2822
f 1530//2823 1516//2823 1519//2823
f 1530//2824 1519//2824 1531//2824
f 1519//2825 1518//2825 1532//2825
f 1519//2826 1532//2826 1533//2826
f 1518//2827 1521//2827 1534//2827
f 1518//2828 1534//2828 1532//2828
f 1521//2829 1523//2829 1535//2829
f 1521//2830 1535//2830 1534//2830
f 1523//2831 1525//2831 1536//2831
f 1523//2832 1536//2832 1535//2832
f 1525//2833 1527//2833 1537//2833
f 1525//2834 1537//2834 1536//2834
f 1527//2835 1529//2835 1538//2835
f 1527//2836 1538//2836 1537//2836
f 1529//2837 1531//2837 1539//2837
f 1529//2838 1539//2838 1538//2838
f 1531//2839 1519//2839 1533//2839
f 1531//2840 1533//2840 1539//2840
f 1533//2841 1532//2841 1540//2841
f 1533//2842 1540//2842 1541//2842
f 1532//2843 1534//2843 1542//2843
f 1532//2844 1542//2844 1540//2844
f 1534//2845 1535//2845 1543//2845
f 1534//2846 1543//2846 1542//2846
f 1535//2847 1536//2847 1544//2847
f 1535//2848 1544//2848 1543//2848
f 1536//2849 1537//2849 1545//2849
f 1536//2850 1545//2850 1544//2850
f 1537//2851 1538//2851 1546//2851
f 1537//2852 1546//2852 1545//2852
f 1538//2853 1539//2853 1547//2853
f 1538//2854 1547//2854 1546//2854
f 1539//2855 1533//2855 1541//2855
f 1539//2856 1541//2856 1547//2856
f 1541//2857 1540//2857 1548//2857
f 1541//2858 1548//2858 1549//2858
f 1540//2859 1542//2859 1550//2859
f 1540//2860 1550//2860 1548//2860
f 1542//2861 1543//2861 1551//2861
f 1542//2862 1551//2862 1550//2862
f 1543//2863 1544//2863 1552//2863
f 1543//2864 1552//2864 1551//2864
f 1544//2865 1545//2865 1553//2865
f 1544//2866 1553//2866 1552//2866
f 1545//2867 1546//2867 1554//2867
f 1545//2868 1554//2868 1553//2868
f 1546//2869 1547//2869 1555//2869
f 1546//2870 1555//2870 1554//2870
f 1547//2871 1541//2871 1549//2871
f 1547//2872 1549//2872 1555//2872
f 1549//2873 1548//2873 1556//2873
f 1549//2874 1556//2874 1557//2874
f 1548//2875 1550//2875 1558//2875
f 1548//2876 1558//2876 1556//2876
f 1550//2877 1551//2877 1559//2877
f 1550//2878 1559//2878 1558//2878
f 1551//2879 1552//2879 1560//2879
f 1551//2880 1560//2880 1559//2880
f 1552//2881 1553//2881 1561//2881
f 1552//2882 1561//2882 1560//2882
f 1553//2883 1554//2883 1562//2883
f 1553//2884 1562//2884 1561//2884
f 1554//2885 1555//2885 1563//2885
f 1554//2886 1563//2886 1562//2886
f 1555//2887 1549//2887 1557//2887
f 1555//2888 1557//2888 1563//2888
f 1557//2889 1556//2889 1564//2889
f 1557//2890 1564//2890 1565//2890
f 1556//2891 1558//2891 1566//2891
f 1556//2892 1566//2892 1564//2892
f 1558//2893 1559//2893 1567//2893
f 1558//2894 1567//2894 1566//2894
f 1559//2895 1560//2895 1568//2895
f 1559//2896 1568//2896 1567//2896
f 1560//2897 1561//2897 1569//2897
f 1560//2898 1569//2898 1568//2898
f 1561//2899 1562//2899 1570//2899
f 1561//2900 1570//2900 1569//2900
f 1562//2901 1563//2901 1571//2901
f 1562//2902 1571//2902 1570//2902
f 1563//2903 1557//2903 1565//2903
f 1563//2904 1565//2904 1571//2904
f 1565//2905 1564//2905 1572//2905
f 1565//2906 1572//2906 1573//2906
f 1564//2907 1566//2907 1574//2907
f 1564//2908 1574//2908 1572//2908
f 1566//2909 1567//2909 1575//2909
f 1566//2910 1575//2910 1574//2910
f 1567//2911 1568//2911 1576//2911
f 1567//2912 1576//2912 1575//2912
f 1568//2913 1569//2913 1577//2913
f 1568//2914 1577//2914 1576//2914
f 1569//2915 1570//2915 1578//2915
f 1569//2916 1578//2916 1577//2916
f 1570//2917 1571//2917 1579//2917
f 1570//2918 1579//2918 1578//2918
f 1571//2919 1565//2919 1573//2919
f 1571//2920 1573//2920 1579//2920
f 1573//2921 1572//2921 1580//2921
f 1573//2922 1580//2922 1581//2922
f 1572//2923 1574//2923 1582//2923
f 1572//2924 1582//2924 1580//2924
f 1574//2925 1575//2925 1583//2925
f 1574//2926 1583//2926 1582//2926
f 1575//2927 1576//2927 1584//2927
f 1575//2928 1584//2928 1583//2928
f 1576//2929 1577//2929 1585//2929
f 1576//2930 1585//2930 1584//2930
f 1577//2931 1578//2931 1586//2931
f 1577//2932 1586//2932 1585//2932
f 1578//2933 1579//2933 1587//2933
f 1578//2934 1587//2934 1586//2934
f 1579//2935 1573//2935 1581//2935
f 1579//2936 1581//2936 1587//2936
f 1581//2937 1580//2937 1588//2937
f 1580//2938 1582//2938 1588//2938
f 1582//2939 1583//2939 1588//2939
f 1583//2940 1584//2940 1588//2940
f 1584//2941 1585//2941 1588//2941
f 1585//2942 1586//2942 1588//2942
f 1586//2943 1587//2943 1588//2943
f 1587//2944 1581//2944 1588//2944
f 1589//2945 1590//2945 1591//2945
f 1589//2946 1591//2946 1592//2946
f 1590//2947 1593//2947 1594//2947
f 1590//2948 1594//2948 1591//2948
f 1593//2949 1595//2949 1596//2949
f 1593//2950 1596//2950 1594//2950
f 1595//2951 1597//2951 1598//2951
f 1595//2952 1598//2952 1596//2952
f 1597//2953 1599//2953 1600//2953
f 1597//2954 1600//2954 1598//2954
f 1599//2955 1601//2955 1602//2955
f 1599//2956 1602//2956 1600//2956
f 1601//2957 1603//2957 1604//2957
f 1601//2958 1604//2958 1602//2958
f 1603//2959 1589//2959 1592//2959
f 1603//2960 1592//2960 1604//2960
f 1592//2961 1591//2961 1605//2961
f 1592//2962 1605//2962 1606//2962
f 1591//2963 1594//2963 1607//2963
f 1591//2964 1607//2964 1605//2964
f 1594//2965 1596//2965 1608//2965
f 1594//2966 1608//2966 1607//2966
f 1596//2967 1598//2967 1609//2967
f 1596//2968 1609//2968 1608//2968
f 1598//2969 1600//2969 1610//2969
f 1598//2970 1610//2970 1609//2970
f 1600//2971 1602//2971 1611//2971
f 1600//2972 1611//2972 1610//2972
f 1602//2973 1604//2973 1612//2973
f 1602//2974 1612//2974 1611//2974
f 1604//2975 1592//2975 1606//2975
f 1604//2976 1606//2976 1612//2976
f 1606//2977 1605//2977 1613//2977
f 1606//2978 1613//2978 1614//2978
f 1605//2979 1607//2979 1615//2979
f 1605//2980 1615//2980 1613//2980
f 1607//2981 1608//2981 1616//2981
f 1607//2982 1616//2982 1615//2982
f 1608//2983 1609//2983 1617//2983
f 1608//2984 1617//2984 1616//2984
f 1609//2985 1610//2985 1618//2985
f 1609//2986 1618//2986 1617//2986
f 1610//2987 1611//2987 1619//2987
f 1610//2988 1619//2988 1618//2988
f 1611//2989 1612//2989 1620//2989
f 1611//2990 1620//2990 1619//2990
f 1612//2991 1606//2991 1614//2991
f 1612//2992 1614//2992 1620//2992
f 1614//2993 1613//2993 1621//2993
f 1614//2994 1621//2994 1622//2994
f 1613//2995 1615//2995 1623//2995
f 1613//2996 1623//2996 1621//2996
f 1615//2997 1616//2997 1624//2997
f 1615//2998 1624//2998 1623//2998
f 1616//2999 1617//2999 1625//2999
f 1616//3000 1625//3000 1624//3000
f 1617//3001 1618//3001 1626//3001
f 1617//3002 1626//3002 1625//3002
f 1618//3003 1619//3003 1627//3003
f 1618//3004 1627//3004 1626//3004
f 1619//3005 1620//3005 1628//3005
f 1619//3006 1628//3006 1627//3006
f 1620//3007 1614//3007 1622//3007
f 1620//3008 1622//3008 1628//3008
f 1622//3009 1621//3009 1629//3009
f 1622//3010 1629//3010 1630//3010
f 1621//3011 1623//3011 1631//3011
f 1621//3012 1631//3012 1629//3012
f 1623//3013 1624//3013 1632//3013
f 1623//3014 1632//3014 1631//3014
f 1624//3015 1625//3015 1633//3015
f 1624//3016 1633//3016 1632//3016
f 1625//3017 1626//3017 1634//3017
f 1625//3018 1634//3018 1633//3018
f 1626//3019 1627//3019 1635//3019
f 1626//3020 1635//3020 1634//3020
f 1627//3021 1628//3021 1636//3021
f 1627//3022 1636//3022 1635//3022
f 1628//3023 1622//3023 1630//3023
f 1628//3024 1630//3024 1636//3024
f 1630//3025 1629//3025 1637//3025
f 1630//3026 1637//3026 1638//3026
f 1629//3027 1631//3027 1639//3027
f 1629//3028 1639//3028 1637//3028
f 1631//3029 1632//3029 1640//3029
f 1631//3030 1640//3030 1639//3030
f 1632//3031 1633//3031 1641//3031
f 1632//3032 1641//3032 1640//3032
f 1633//3033 1634//3033 1642//3033
f 1633//3034 1642//3034 1641//3034
f 1634//3035 1635//3035 1643//3035
f 1634//3036 1643//3036 1642//3036
f 1635//3037 1636//3037 1644//3037
f 1635//3038 1644//3038 1643//3038
f 1636//3039 1630//3039 1638//3039
f 1636//3040 1638//3040 1644//3040
f 1638//3041 1637//3041 1645//3041
f 1638//3042 1645//3042 1646//3042
f 1637//3043 1639//3043 1647//3043
f 1637//3044 1647//3044 1645//3044
f 1639//3045 1640//3045 1648//3045
f 1639//3046 1648//3046 1647//3046
f 1640//3047 1641//3047 1649//3047
f 1640//3048 1649//3048 1648//3048
f 1641//3049 1642//3049 1650//3049
f 1641//3050 1650//3050 1649//3050
f 1642//3051 1643//3051 1651//3051
f 1642//3052 1651//3052 1650//3052
f 1643//3053 1644//3053 1652//3053
f 1643//3054 1652//3054 1651//3054
f 1644//3055 1638//3055 1646//3055
f 1644//3056 1646//3056 1652//3056
f 1646//3057 1645//3057 1653//3057
f 1646//3058 1653//3058 1654//3058
f 1645//3059 1647//3059 1655//3059
f 1645//3060 1655//3060 1653//3060
f 1647//3061 1648//3061 1656//3061
f 1647//3062 1656//3062 1655//3062
f 1648//3063 1649//3063 1657//3063
f 1648//3064 1657//3064 1656//3064
f 1649//3065 1650//3065 1658//3065
f 1649//3066 1658//3066 1657//3066
f 1650//3067 1651//3067 1659//3067
f 1650//3068 1659//3068 1658//3068
f 1651//3069 1652//3069 1660//3069
f 1651//3070 1660//3070 1659//3070
f 1652//3071 1646//3071 1654//3071
f 1652//3072 1654//3072 1660//3072
f 1654//3073 1653//3073 1661//3073
f 1653//3074 1655//3074 1661//3074
f 1655//3075 1656//3075 1661//3075
f 1656//3076 1657//3076 1661//3076
f 1657//3077 1658//3077 1661//3077
f 1658//3078 1659//3078 1661//3078
f 1659//3079 1660//3079 1661//3079
f 1660//3080 1654//3080 1661//3080
usemtl pigment_ff000000
f 1662//3081 1663//3081 1664//3081
f 1662//3082 1664//3082 1665//3082
f 1663//3083 1666//3083 1667//3083
f 1663//3084 1667//3084 1664//3084
f 1666//3085 1668//3085 1669//3085
f 1666//3086 1669//3086 1667//3086
f 1668//3087 1670//3087 1671//3087
f 1668//3088 1671//3088 1669//3088
f 1670//3089 1672//3089 1673//3089
f 1670//3090 1673//3090 1671//3090
f 1672//3091 1674//3091 1675//3091
f 1672//3092 1675//3092 1673//3092
f 1674//3093 1676//3093 1677//3093
f 1674//3094 1677//3094 1675//3094
f 1676//3095 1662//3095 1665//3095
f 1676//3096 1665//3096 1677//3096
f 1665//3097 1664//3097 1678//3097
f 1665//3098 1678//3098 1679//3098
f 1664//3099 1667//3099 1680//3099
f 1664//3100 1680//3100 1678//3100
f 1667//3101 1669//3101 1681//3101
f 1667//3102 1681//3102 1680//3102
f 1669//3103 1671//3103 1682//3103
f 1669//3104 1682//3104 1681//3104
f 1671//3105 1673//3105 1683//3105
f 1671//3106 1683//3106 1682//3106
f 1673//3107 1675//3107 1684//3107
f 1673//3108 1684//3108 1683//3108
f 1675//3109 1677//3109 1685//3109
f 1675//3110 1685//3110 1684//3110
f 1677//3111 1665//3111 1679//3111
f 1677//3112 1679//3112 1685//3112
f 1679//3113 1678//3113 1686//3113
f 1679//3114 1686//3114 1687//3114
f 1678//3115 1680//3115 1688//3115
f 1678//3116 1688//3116 1686//3116
f 1680//3117 1681//3117 1689//3117
f 1680//3118 1689//3118 1688//3118
f 1681//3119 1682//3119 1690//3119
f 1681//3120 1690//3120 1689//3120
f 1682//3121 1683//3121 1691//3121
f 1682//3122 1691//3122 1690//3122
f 1683//3123 1684//3123 1692//3123
f 1683//3124 1692//3124 1691//3124
f 1684//3125 1685//3125 1693//3125
f 1684//3126 1693//3126 1692//3126
f 1685//3127 1679//3127 1687//3127
f 1685//3128 1687//3128 1693//3128
f 1687//3129 1686//3129 1694//3129
f 1687//3130 1694//3130 1695//3130
f 1686//3131 1688//3131 1696//3131
f 1686//3132 1696//3132 1694//3132
f 1688//3133 1689//3133 1697//3133
f 1688//3134 1697//3134 1696//3134
f 1689//3135 1690//3135 1698//3135
f 1689//3136 1698//3136 1697//3136
f 1690//3137 1691//3137 1699//3137
f 1690//3138 1699//3138 1698//3138
f 1691//3139 1692//3139 1700//3139
f 1691//3140 1700//3140 1699//3140
f 1692//3141 1693//3141 1701//3141
f 1692//3142 1701//3142 1700//3142
f 1693//3143 1687//3143 1695//3143
f 1693//3144 1695//3144 1701//3144
f 1695//3145 1694//3145 1702//3145
f 1695//3146 1702//3146 1703//3146
f 1694//3147 1696//3147 1704//3147
f 1694//3148 1704//3148 1702//3148
f 1696//3149 1697//3149 1705//3149
f 1696//3150 1705//3150 1704//3150
f 1697//3151 1698//3151 1706//3151
f 1697//3152 1706//3152 1705//3152
f 1698//3153 1699//3153 1707//3153
f 1698//3154 1707//3154 1706//3154
f 1699//3155 1700//3155 1708//3155
f 1699//3156 1708//3156 1707//3156
f 1700//3157 1701//3157 1709//3157
f 1700//3158 1709//3158 1708//3158
f 1701//3159 1695//3159 1703//3159
f 1701//3160 1703//3160 1709//3160
f 1703//3161 1702//3161 1710//3161
f 1703//3162 1710//3162 1711//3162
f 1702//3163 1704//3163 1712//3163
f 1702//3164 1712//3164 1710//3164
f 1704//3165 1705//3165 1713//3165
f 1704//3166 1713//3166 1712//3166
f 1705//3167 1706//3167 1714//3167
f 1705//3168 1714//3168 1713//3168
f 1706//3169 1707//3169 1715//3169
f 1706//3170 1715//3170 1714//3170
f 1707//3171 1708//3171 1716//3171
f 1707//3172 1716//3172 1715//3172
f 1708//3173 1709//3173 1717//3173
f 1708//3174 1717//3174 1716//3174
f 1709//3175 1703//3175 1711//3175
f 1709//3176 1711//3176 1717//3176
f 1711//3177 1710//3177 1718//3177
f 1711//3178 1718//3178 1719//3178
f 1710//3179 1712//3179 1720//3179
f 1710//3180 1720//3180 1718//3180
f 1712//3181 1713//3181 1721//3181
f 1712//3182 1721//3182 1720//3182
f 1713//3183 1714//3183 1722//3183
f 1713//3184 1722//3184 1721//3184
f 1714//3185 1715//3185 1723//3185
f 1714//3186 1723//3186 1722//3186
f 1715//3187 1716//3187 1724//3187
f 1715//3188 1724//3188 1723//3188
f 1716//3189 1717//3189 1725//3189
f 1716//3190 1725//3190 1724//3190
f 1717//3191 1711//3191 1719//3191
f 1717//3192 1719//3192 1725//3192
f 1719//3193 1718//3193 1726//3193
f 1719//3194 1726//3194 1727//3194
f 1718//3195 1720//3195 1728//3195
f 1718//3196 1728//3196 1726//3196
f 1720//3197 1721//3197 1729//3197
f 1720//3198 1729//3198 1728//3198
f 1721//3199 1722//3199 1730//3199
f 1721//3200 1730//3200 1729//3200
f 1722//3201 1723//3201 1731//3201
f 1722//3202 1731//3202 1730//3202
f 1723//3203 1724//3203 1732//3203
f 1723//3204 1732//3204 1731//3204
f 1724//3205 1725//3205 1733//3205
f 1724//3206 1733//3206 1732//3206
f 1725//3207 1719//3207 1727//3207
f 1725//3208 1727//3208 1733//3208
f 1727//3209 1726//3209 1734//3209
f 1726//3210 1728//3210 1734//3210
f 1728//3211 1729//3211 1734//3211
f 1729//3212 1730//3212 1734//3212
f 1730//3213 1731//3213 1734//3213
f 1731//3214 1732//3214 1734//3214
f 1732//3215 1733//3215 1734//3215
f 1733//3216 1727//3216 1734//3216
f 1735//3217 1736//3217 1737//3217
f 1735//3218 1737//3218 1738//3218
f 1736//3219 1739//3219 1740//3219
f 1736//3220 1740//3220 1737//3220
f 1739//3221 1741//3221 1742//3221
f 1739//3222 1742//3222 1740//3222
f 1741//3223 1743//3223 1744//3223
f 1741//3224 1744//3224 1742//3224
f 1743//3225 1745//3225 1746//3225
f 1743//3226 1746//3226 1744//3226
f 1745//3227 1747//3227 1748//3227
f 1745//3228 1748//3228 1746//3228
f 1747//3229 1749//3229 1750//3229
f 1747//3230 1750//3230 1748//3230
f 1749//3231 1735//3231 1738//3231
f 1749//3232 1738//3232 1750//3232
f 1738//3233 1737//3233 1751//3233
f 1738//3234 1751//3234 1752//3234
f 1737//3235 1740//3235 1753//3235
f 1737//3236 1753//3236 1751//3236
f 1740//3237 1742//3237 1754//3237
f 1740//3238 1754//3238 1753//3238
f 1742//3239 1744//3239 1755//3239
f 1742//3240 1755//3240 1754//3240
f 1744//3241 1746//3241 1756//3241
f 1744//3242 1756//3242 1755//3242
f 1746//3243 1748//3243 1757//3243
f 1746//3244 1757//3244 1756//3244
f 1748//3245 1750//3245 1758//3245
f 1748//3246 1758//3246 1757//3246
f 1750//3247 1738//3247 1752//3247
f 1750//3248 1752//3248 1758//3248
f 1752//3249 1751//3249 1759//3249
f 1752//3250 1759//3250 1760//3250
f 1751//3251 1753//3251 1761//3251
f 1751//3252 1761//3252 1759//3252
f 1753//3253 1754//3253 1762//3253
f 1753//3254 1762//3254 1761//3254
f 1754//3255 1755//3255 1763//3255
f 1754//3256 1763//3256 1762//3256
f 1755//3257 1756//3257 1764//3257
f 1755//3258 1764//3258 1763//3258
f 1756//3259 1757//3259 1765//3259
f 1756//3260 1765//3260 1764//3260
f 1757//3261 1758//3261 1766//3261
f 1757//3262 1766//3262 1765//3262
f 1758//3263 1752//3263 1760//3263
f 1758//3264 1760//3264 1766//3264
f 1760//3265 1759//3265 1767//3265
f 1760//3266 1767//3266 1768//3266
f 1759//3267 1761//3267 1769//3267
f 1759//3268 1769//3268 1767//3268
f 1761//3269 1762//3269 1770//3269
f 1761//3270 1770//3270 1769//3270
f 1762//3271 1763//3271 1771//3271
f 1762//3272 1771//3272 1770//3272
f 1763//3273 1764//3273 1772//3273
f 1763//3274 1772//3274 1771//3274
f 1764//3275 1765//3275 1773//3275
f 1764//3276 1773//3276 1772//3276
f 1765//3277 1766//3277 1774//3277
f 1765//3278 1774//3278 1773//3278
f 1766//3279 1760//3279 1768//3279
f 1766//3280 1768//3280 1774//3280
f 1768//3281 1767//3281 1775//3281
f 1768//3282 1775//3282 1776//3282
f 1767//3283 1769//3283 1777//3283
f 1767//3284 1777//3284 1775//3284
f 1769//3285 1770//3285 1778//3285
f 1769//3286 1778//3286 1777//3286
f 1770//3287 1771//3287 1779//3287
f 1770//3288 1779//3288 1778//3288
f 1771//3289 1772//3289 1780//3289
f 1771//3290 1780//3290 1779//3290
f 1772//3291 1773//3291 1781//3291
f 1772//3292 1781//3292 1780//3292
f 1773//3293 1774//3293 1782//3293
f 1773//3294 1782//3294 1781//3294
f 1774//3295 1768//3295 1776//3295
f 1774//3296 1776//3296 1782//3296
f 1776//3297 1775//3297 1783//3297
f 1776//3298 1783//3298 1784//3298
f 1775//3299 1777//3299 1785//3299
f 1775//3300 1785//3300 1783//3300
f 1777//3301 1778//3301 1786//3301
f 1777//3302 1786//3302 1785//3302
f 1778//3303 1779//3303 1787//3303
f 1778//3304 1787//3304 1786//3304
f 1779//3305 1780//3305 1788//3305
f 1779//3306 1788//3306 1787//3306
f 1780//3307 1781//3307 1789//3307
f 1780//3308 1789//3308 1788//3308
f 1781//3309 1782//3309 1790//3309
f 1781//3310 1790//3310 1789//3310
f 1782//3311 1776//3311 1784//3311
f 1782//3312 1784//3312 1790//3312
f 1784//3313 1783//3313 1791//3313
f 1784//3314 1791//3314 1792//3314
f 1783//3315 1785//3315 1793//3315
f 1783//3316 1793//3316 1791//3316
f 1785//3317 1786//3317 1794//3317
f 1785//3318 1794//3318 1793//3318
f 1786//3319 1787//3319 1795//3319
f 1786//3320 1795//3320 1794//3320
f 1787//3321 1788//3321 1796//3321
f 1787//3322 1796//3322 1795//3322
f 1788//3323 1789//3323 1797//3323
f 1788//3324 1797//3324 1796//3324
f 1789//3325 1790//3325 1798//3325
f 1789//3326 1798//3326 1797//3326
f 1790//3327 1784//3327 1792//3327
f 1790//3328 1792//3328 1798//3328
f 1792//3329 1791//3329 1799//3329
f 1792//3330 1799//3330 1800//3330
f 1791//3331 1793//3331 1801//3331
f 1791//3332 1801//3332 1799//3332
f 1793//3333 1794//3333 1802//3333
f 1793//3334 1802//3334 1801//3334
f 1794//3335 1795//3335 1803//3335
f 1794//3336 1803//3336 1802//3336
f 1795//3337 1796//3337 1804//3337
f 1795//3338 1804//3338 1803//3338
f 1796//3339 1797//3339 1805//3339
f 1796//3340 1805//3340 1804//3340
f 1797//3341 1798//3341 1806//3341
f 1797//3342 1806//3342 1805//3342
f 1798//3343 1792//3343 1800//3343
f 1798//3344 1800//3344 1806//3344
f 1800//3345 1799//3345 1807//3345
f 1799//3346 1801//3346 1807//3346
f 1801//3347 1802//3347 1807//3347
f 1802//3348 1803//3348 1807//3348
f 1803//3349 1804//3349 1807//3349
f 1804//3350 1805//3350 1807//3350
f 1805//3351 1806//3351 1807//3351
f 1806//3352 1800//3352 1807//3352
f 1808//3353 1809//3353 1810//3353
f 1808//3354 1810//3354 1811//3354
f 1809//3355 1812//3355 1813//3355
f 1809//3356 1813//3356 1810//3356
f 1812//3357 1814//3357 1815//3357
f 1812//3358 1815//3358 1813//3358
f 1814//3359 1816//3359 1817//3359
f 1814//3360 1817//3360 1815//3360
f 1816//3361 1818//3361 1819//3361
f 1816//3362 1819//3362 1817//3362
f 1818//3363 1820//3363 1821//3363
f 1818//3364 1821//3364 1819//3364
f 1820//3365 1822//3365 1823//3365
f 1820//3366 1823//3366 1821//3366
f 1822//3367 1808//3367 1811//3367
f 1822//3368 1811//3368 1823//3368
f 1811//3369 1810//3369 1824//3369
f 1811//3370 1824//3370 1825//3370
f 1810//3371 1813//3371 1826//3371
f 1810//3372 1826//3372 1824//3372
f 1813//3373 1815//3373 1827//3373
f 1813//3374 1827//3374 1826//3374
f 1815//3375 1817//3375 1828//3375
f 1815//3376 1828//3376 1827//3376
f 1817//3377 1819//3377 1829//3377
f 1817//3378 1829//3378 1828//3378
f 1819//3379 1821//3379 1830//3379
f 1819//3380 1830//3380 1829//3380
f 1821//3381 1823//3381 1831//3381
f 1821//3382 1831//3382 1830//3382
f 1823//3383 1811//3383 1825//3383
f 1823//3384 1825//3384 1831//3384
f 1825//3385 1824//3385 1832//3385
f 1825//3386 1832//3386 1833//3386
f 1824//3387 1826//3387 1834//3387
f 1824//3388 1834//3388 1832//3388
f 1826//3389 1827//3389 1835//3389
f 1826//3390 1835//3390 1834//3390
f 1827//3391 1828//3391 1836//3391
f 1827//3392 1836//3392 1835//3392
f 1828//3393 1829//3393 1837//3393
f 1828//3394 1837//3394 1836//3394
f 1829//3395 1830//3395 1838//3395
f 1829//3396 1838//3396 1837//3396
f 1830//3397 1831//3397 1839//3397
f 1830//3398 1839//3398 1838//3398
f 1831//3399 1825//3399 1833//3399
f 1831//3400 1833//3400 1839//3400
f 1833//3401 1832//3401 1840//3401
f 1833//3402 1840//3402 1841//3402
f 1832//3403 1834//3403 1842//3403
f 1832//3404 1842//3404 1840//3404
f 1834//3405 1835//3405 1843//3405
f 1834//3406 1843//3406 1842//3406
f 1835//3407 1836//3407 1844//3407
f 1835//3408 1844//3408 1843//3408
f 1836//3409 1837//3409 1845//3409
f 1836//3410 1845//3410 1844//3410
f 1837//3411 1838//3411 1846//3411
f 1837//3412 1846//3412 1845//3412
f 1838//3413 1839//3413 1847//3413
f 1838//3414 1847//3414 1846//3414
f 1839//3415 1833//3415 1841//3415
f 1839//3416 1841//3416 1847//3416
f 1841//3417 1840//3417 1848//3417
f 1841//3418 1848//3418 1849//3418
f 1840//3419 1842//3419 1850//3419
f 1840//3420 1850//3420 1848//3420
f 1842//3421 1843//3421 1851//3421
f 1842//3422 1851//3422 1850//3422
f 1843//3423 1844//3423 1852//3423
f 1843//3424 1852//3424 1851//3424
f 1844//3425 1845//3425 1853//3425
f 1844//3426 1853//3426 1852//3426
f 1845//3427 1846//3427 1854//3427
f 1845//3428 1854//3428 1853//3428
f 1846//3429 1847//3429 1855//3429
f 1846//3430 1855//3430 1854//3430
f 1847//3431 1841//3431 1849//3431
f 1847//3432 1849//3432 1855//3432
f 1849//3433 1848//3433 1856//3433
f 1849//3434 1856//3434 1857//3434
f 1848//3435 1850//3435 1858//3435
f 1848//3436 1858//3436 1856//3436
f 1850//3437 1851//3437 1859//3437
f 1850//3438 1859//3438 1858//3438
f 1851//3439 1852//3439 1860//3439
f 1851//3440 1860//3440 1859//3440
f 1852//3441 1853//3441 1861//3441
f 1852//3442 1861//3442 1860//3442
f 1853//3443 1854//3443 1862//3443
f 1853//3444 1862//3444 1861//3444
f 1854//3445 1855//3445 1863//3445
f 1854//3446 1863//3446 1862//3446
f 1855//3447 1849//3447 1857//3447
f 1855//3448 1857//3448 1863//3448
f 1857//3449 1856//3449 1864//3449
f 1857//3450 1864//3450 1865//3450
f 1856//3451 1858//3451 1866//3451
f 1856//3452 1866//3452 1864//3452
f 1858//3453 1859//3453 1867//3453
f 1858//3454 1867//3454 1866//3454
f 1859//3455 1860//3455 1868//3455
f 1859//3456 1868//3456 1867//3456
f 1860//3457 1861//3457 1869//3457
f 1860//3458 1869//3458 1868//3458
f 1861//3459 1862//3459 1870//3459
f 1861//3460 1870//3460 1869//3460
f 1862//3461 1863//3461 1871//3461
f 1862//3462 1871//3462 1870//3462
f 1863//3463 1857//3463 1865//3463
f 1863//3464 1865//3464 1871//3464
f 1865//3465 1864//3465 1872//3465
f 1865//3466 1872//3466 1873//3466
f 1864//3467 1866//3467 1874//3467
f 1864//3468 1874//3468 1872//3468
f 1866//3469 1867//3469 1875//3469
f 1866//3470 1875//3470 1874//3470
f 1867//3471 1868//3471 1876//3471
f 1867//3472 1876//3472 1875//3472
f 1868//3473 1869//3473 1877//3473
f 1868//3474 1877//3474 1876//3474
f 1869//3475 1870//3475 1878//3475
f 1869//3476 1878//3476 1877//3476
f 1870//3477 1871//3477 1879//3477
f 1870//3478 1879//3478 1878//3478
f 1871//3479 1865//3479 1873//3479
f 1871//3480 1873//3480 1879//3480
f 1873//3481 1872//3481 1880//3481
f 1872//3482 1874//3482 1880//3482
f 1874//3483 1875//3483 1880//3483
f 1875//3484 1876//3484 1880//3484
f 1876//3485 1877//3485 1880//3485
f 1877//3486 1878//3486 1880//3486
f 1878//3487 1879//3487 1880//3487
f 1879//3488 1873//3488 1880//3488
f 1881//3489 1882//3489 1883//3489
f 1881//3490 1883//3490 1884//3490
f 1882//3491 1885//3491 1886//3491
f 1882//3492 1886//3492 1883//3492
f 1885//3493 1887//3493 1888//3493
f 1885//3494 1888//3494 1886//3494
f 1887//3495 1889//3495 1890//3495
f 1887//3496 1890//3496 1888//3496
f 1889//3497 1891//3497 1892//3497
f 1889//3498 1892//3498 1890//3498
f 1891//3499 1893//3499 1894//3499
f 1891//3500 1894//3500 1892//3500
f 1893//3501 1895//3501 1896//3501
f 1893//3502 1896//3502 1894//3502
f 1895//3503 1881//3503 1884//3503
f 1895//3504 1884//3504 1896//3504
f 1884//3505 1883//3505 1897//3505
f 1884//3506 1897//3506 1898//3506
f 1883//3507 1886//3507 1899//3507
f 1883//3508 1899//3508 1897//3508
f 1886//3509 1888//3509 1900//3509
f 1886//3510 1900//3510 1899//3510
f 1888//3511 1890//3511 1901//3511
f 1888//3512 1901//3512 1900//3512
f 1890//3513 1892//3513 1902//3513
f 1890//3514 1902//3514 1901//3514
f 1892//3515 1894//3515 1903//3515
f 1892//3516 1903//3516 1902//3516
f 1894//3517 1896//3517 1904//3517
f 1894//3518 1904//3518 1903//3518
f 1896//3519 1884//3519 1898//3519
f 1896//3520 1898//3520 1904//3520
f 1898//3521 1897//3521 1905//3521
f 1898//3522 1905//3522 1906//3522
f 1897//3523 1899//3523 1907//3523
f 1897//3524 1907//3524 1905//3524
f 1899//3525 1900//3525 1908//3525
f 1899//3526 1908//3526 1907//3526
f 1900//3527 1901//3527 1909//3527
f 1900//3528 1909//3528 1908//3528
f 1901//3529 1902//3529 1910//3529
f 1901//3530 1910//3530 1909//3530
f 1902//3531 1903//3531 1911//3531
f 1902//3532 1911//3532 1910//3532
f 1903//3533 1904//3533 1912//3533
f 1903//3534 1912//3534 1911//3534
f 1904//3535 1898//3535 1906//3535
f 1904//3536 1906//3536 1912//3536
f 1906//3537 1905//3537 1913//3537
f 1906//3538 1913//3538 1914//3538
f 1905//3539 1907//3539 1915//3539
f 1905//3540 1915//3540 1913//3540
f 1907//3541 1908//3541 1916//3541
f 1907//3542 1916//3542 1915//3542
f 1908//3543 1909//3543 1917//3543
f 1908//3544 1917//3544 1916//3544
f 1909//3545 1910//3545 1918//3545
f 1909//3546 1918//3546 1917//3546
f 1910//3547 1911//3547 1919//3547
f 1910//3548 1919//3548 1918//3548
f 1911//3549 1912//3549 1920//3549
f 1911//3550 1920//3550 1919//3550
f 1912//3551 1906//3551 1914//3551
f 1912//3552 1914//3552 1920//3552
f 1914//3553 1913//3553 1921//3553
f 1914//3554 1921//3554 1922//3554
f 1913//3555 1915//3555 1923//3555
f 1913//3556 1923//3556 1921//3556
f 1915//3557 1916//3557 1924//3557
f 1915//3558 1924//3558 1923//3558
f 1916//3559 1917//3559 1925//3559
f 1916//3560 1925//3560 1924//3560
f 1917//3561 1918//3561 1926//3561
f 1917//3562 1926//3562 1925//3562
f 1918//3563 1919//3563 1927//3563
f 1918//3564 1927//3564 1926//3564
f 1919//3565 1920//3565 1928//3565
f 1919//3566 1928//3566 1927//3566
f 1920//3567 1914//3567 1922//3567
f 1920//3568 1922//3568 1928//3568
f 1922//3569 1921//3569 1929//3569
f 1922//3570 1929//3570 1930//3570
f 1921//3571 1923//3571 1931//3571
f 1921//3572 1931//3572 1929//3572
f 1923//3573 1924//3573 1932//3573
f 1923//3574 1932//3574 1931//3574
f 1924//3575 1925//3575 1933//3575
f 1924//3576 1933//3576 1932//3576
f 1925//3577 1926//3577 1934//3577
f 1925//3578 1934//3578 1933//3578
f 1926//3579 1927//3579 1935//3579
f 1926//3580 1935//3580 1934//3580
f 1927//3581 1928//3581 1936//3581
f 1927//3582 1936//3582 1935//3582
f 1928//3583 1922//3583 1930//3583
f 1928//3584 1930//3584 1936//3584
f 1930//3585 1929//3585 1937//3585
f 1930//3586 1937//3586 1938//3586
f 1929//3587 1931//3587 1939//3587
f 1929//3588 1939//3588 1937//3588
f 1931//3589 1932//3589 1940//3589
f 1931//3590 1940//3590 1939//3590
f 1932//3591 1933//3591 1941//3591
f 1932//3592 1941//3592 1940//3592
f 1933//3593 1934//3593 1942//3593
f 1933//3594 1942//3594 1941//3594
f 1934//3595 1935//3595 1943//3595
f 1934//3596 1943//3596 1942//3596
f 1935//3597 1936//3597 1944//3597
f 1935//3598 1944//3598 1943//3598
f 1936//3599 1930//3599 1938//3599
f 1936//3600 1938//3600 1944//3600
f 1938//3601 1937//3601 1945//3601
f 1938//3602 1945//3602 1946//3602
f 1937//3603 1939//3603 1947//3603
f 1937//3604 1947//3604 1945//3604
f 1939//3605 1940//3605 1948//3605
f 1939//3606 1948//3606 1947//3606
f 1940//3607 1941//3607 1949//3607
f 1940//3608 1949//3608 1948//3608
f 1941//3609 1942//3609 1950//3609
f 1941//3610 1950//3610 1949//3610
f 1942//3611 1943//3611 1951//3611
f 1942//3612 1951//3612 1950//3612
f 1943//3613 1944//3613 1952//3613
f 1943//3614 1952//3614 1951//3614
f 1944//3615 1938//3615 1946//3615
f 1944//3616 1946//3616 1952//3616
f 1946//3617 1945//3617 1953//3617
f 1945//3618 1947//3618 1953//3618
f 1947//3619 1948//3619 1953//3619
f 1948//3620 1949//3620 1953//3620
f 1949//3621 1950//3621 1953//3621
f 1950//3622 1951//3622 1953//3622
f 1951//3623 1952//3623 1953//3623
f 1952//3624 1946//3624 1953//3624
f 1954//3625 1955//3625 1956//3625
f 1954//3626 1956//3626 1957//3626
f 1955//3627 1958//3627 1959//3627
f 1955//3628 1959//3628 1956//3628
f 1958//3629 1960//3629 1961//3629
f 1958//3630 1961//3630 1959//3630
f 1960//3631 1962//3631 1963//3631
f 1960//3632 1963//3632 1961//3632
f 1962//3633 1964//3633 1965//3633
f 1962//3634 1965//3634 1963//3634
f 1964//3635 1966//3635 1967//3635
f 1964//3636 1967//3636 1965//3636
f 1966//3637 1968//3637 1969//3637
f 1966//3638 1969//3638 1967//3638
f 1968//3639 1954//3639 1957//3639
f 1968//3640 1957//3640 1969//3640
f 1957//3641 1956//3641 1970//3641
f 1957//3642 1970//3642 1971//3642
f 1956//3643 1959//3643 1972//3643
f 1956//3644 1972//3644 1970//3644
f 1959//3645 1961//3645 1973//3645
f 1959//3646 1973//3646 1972//3646
f 1961//3647 1963//3647 1974//3647
f 1961//3648 1974//3648 1973//3648
f 1963//3649 1965//3649 1975//3649
f 1963//3650 1975//3650 1974//3650
f 1965//3651 1967//3651 1976//3651
f 1965//3652 1976//3652 1975//3652
f 1967//3653 1969//3653 1977//3653
f 1967//3654 1977//3654 1976//3654
f 1969//3655 1957//3655 1971//3655
f 1969//3656 1971//3656 1977//3656
f 1971//3657 1970//3657 1978//3657
f 1971//3658 1978//3658 1979//3658
f 1970//3659 1972//3659 1980//3659
f 1970//3660 1980//3660 1978//3660
f 1972//3661 1973//3661 1981//3661
f 1972//3662 1981//3662 1980//3662
f 1973//3663 1974//3663 1982//3663
f 1973//3664 1982//3664 1981//3664
f 1974//3665 1975//3665 1983//3665
f 1974//3666 1983//3666 1982//3666
f 1975//3667 1976//3667 1984//3667
f 1975//3668 1984//3668 1983//3668
f 1976//3669 1977//3669 1985//3669
f 1976//3670 1985//3670 1984//3670
f 1977//3671 1971//3671 1979//3671
f 1977//3672 1979//3672 1985//3672
f 1979//3673 1978//3673 1986//3673
f 1979//3674 1986//3674 1987//3674
f 1978//3675 1980//3675 1988//3675
f 1978//3676 1988//3676 1986//3676
f 1980//3677 1981//3677 1989//3677
f 1980//3678 1989//3678 1988//3678
f 1981//3679 1982//3679 1990//3679
f 1981//3680 1990//3680 1989//3680
f 1982//3681 1983//3681 1991//3681
f 1982//3682 1991//3682 1990//3682
f 1983//3683 1984//3683 1992//3683
f 1983//3684 1992//3684 1991//3684
f 1984//3685 1985//3685 1993//3685
f 1984//3686 1993//3686 1992//3686
f 1985//3687 1979//3687 1987//3687
f 1985//3688 1987//3688 1993//3688
f 1987//3689 1986//3689 1994//3689
f 1987//3690 1994//3690 1995//3690
f 1986//3691 1988//3691 1996//3691
f 1986//3692 1996//3692 1994//3692
f 1988//3693 1989//3693 1997//3693
f 1988//3694 1997//3694 1996//3694
f 1989//3695 1990//3695 1998//3695
f 1989//3696 1998//3696 1997//3696
f 1990//3697 1991//3697 1999//3697
f 1990//3698 1999//3698 1998//3698
f 1991//3699 1992//3699 2000//3699
f 1991//3700 2000//3700 1999//3700
f 1992//3701 1993//3701 2001//3701
f 1992//3702 2001//3702 2000//3702
f 1993//3703 1987//3703 1995//3703
f 1993//3704 1995//3704 2001//3704
f 1995//3705 1994//3705 2002//3705
f 1995//3706 2002//3706 2003//3706
f 1994//3707 1996//3707 2004//3707
f 1994//3708 2004//3708 2002//3708
f 1996//3709 1997//3709 2005//3709
f 1996//3710 2005//3710 2004//3710
f 1997//3711 1998//3711 2006//3711
f 1997//3712 2006//3712 2005//3712
f 1998//3713 1999//3713 2007//3713
f 1998//3714 2007//3714 2006//3714
f 1999//3715 2000//3715 2008//3715
f 1999//3716 2008//3716 2007//3716
f 2000//3717 2001//3717 2009//3717
f 2000//3718 2009//3718 2008//3718
f 2001//3719 1995//3719 2003//3719
f 2001//3720 2003//3720 2009//3720
f 2003//3721 2002//3721 2010//3721
f 2003//3722 2010//3722 2011//3722
f 2002//3723 2004//3723 2012//3723
f 2002//3724 2012//3724 2010//3724
f 2004//3725 2005//3725 2013//3725
f 2004//3726 2013//3726 2012//3726
f 2005//3727 2006//3727 2014//3727
f 2005//3728 2014//3728 2013//3728
f 2006//3729 2007//3729 2015//3729
f 2006//3730 2015//3730 2014//3730
f 2007//3731 2008//3731 2016//3731
f 2007//3732 2016//3732 2015//3732
f 2008//3733 2009//3733 2017//3733
f 2008//3734 2017//3734 2016//3734
f 2009//3735 2003//3735 2011//3735
f 2009//3736 2011//3736 2017//3736
f 2011//3737 2010//3737 2018//3737
f 2011//3738 2018//3738 2019//3738
f 2010//3739 2012//3739 2020//3739
f 2010//3740 2020//3740 2018//3740
f 2012//3741 2013//3741 2021//3741
f 2012//3742 2021//3742 2020//3742
f 2013//3743 2014//3743 2022//3743
f 2013//3744 2022//3744 2021//3744
f 2014//3745 2015//3745 2023//3745
f 2014//3746 2023//3746 2022//3746
f 2015//3747 2016//3747 2024//3747
f 2015//3748 2024//3748 2023//3748
f 2016//3749 2017//3749 2025//3749
f 2016//3750 2025//3750 2024//3750
f 2017//3751 2011//3751 2019//3751
f 2017//3752 2019//3752 2025//3752
f 2019//3753 2018//3753 2026//3753
f 2018//3754 2020//3754 2026//3754
f 2020//3755 2021//3755 2026//3755
f 2021//3756 2022//3756 2026//3756
f 2022//3757 2023//3757 2026//3757
f 2023//3758 2024//3758 2026//3758
f 2024//3759 2025//3759 2026//3759
f 2025//3760 2019//3760 2026//3760
f 2027//3761 2028//3761 2029//3761
f 2027//3762 2029//3762 2030//3762
f 2028//3763 2031//3763 2032//3763
f 2028//3764 2032//3764 2029//3764
f 2031//3765 2033//3765 2034//3765
f 2031//3766 2034//3766 2032//3766
f 2033//3767 2035//3767 2036//3767
f 2033//3768 2036//3768 2034//3768
f 2035//3769 2037//3769 2038//3769
f 2035//3770 2038//3770 2036//3770
f 2037//3771 2039//3771 2040//3771
f 2037//3772 2040//3772 2038//3772
f 2039//3773 2041//3773 2042//3773
f 2039//3774 2042//3774 2040//3774
f 2041//3775 2027//3775 2030//3775
f 2041//3776 2030//3776 2042//3776
f 2030//3777 2029//3777 2043//3777
f 2030//3778 2043//3778 2044//3778
f 2029//3779 2032//3779 2045//3779
f 2029//3780 2045//3780 2043//3780
f 2032//3781 2034//3781 2046//3781
f 2032//3782 2046//3782 2045//3782
f 2034//3783 2036//3783 2047//3783
f 2034//3784 2047//3784 2046//3784
f 2036//3785 2038//3785 2048//3785
f 2036//3786 2048//3786 2047//3786
f 2038//3787 2040//3787 2049//3787
f 2038//3788 2049//3788 2048//3788
f 2040//3789 2042//3789 2050//3789
f 2040//3790 2050//3790 2049//3790
f 2042//3791 2030//3791 2044//3791
f 2042//3792 2044//3792 2050//3792
f 2044//3793 2043//3793 2051//3793
f 2044//3794 2051//3794 2052//3794
f 2043//3795 2045//3795 2053//3795
f 2043//3796 2053//3796 2051//3796
f 2045//3797 2046//3797 2054//3797
f 2045//3798 2054//3798 2053//3798
f 2046//3799 2047//3799 2055//3799
f 2046//3800 2055//3800 2054//3800
f 2047//3801 2048//3801 2056//3801
f 2047//3802 2056//3802 2055//3802
f 2048//3803 2049//3803 2057//3803
f 2048//3804 2057//3804 2056//3804
f 2049//3805 2050//3805 2058//3805
f 2049//3806 2058//3806 2057//3806
f 2050//3807 2044//3807 2052//3807
f 2050//3808 2052//3808 2058//3808
f 2052//3809 2051//3809 2059//3809
f 2052//3810 2059//3810 2060//3810
f 2051//3811 2053//3811 2061//3811
f 2051//3812 2061//3812 2059//3812
f 2053//3813 2054//3813 2062//3813
f 2053//3814 2062//3814 2061//3814
f 2054//3815 2055//3815 2063//3815
f 2054//3816 2063//3816 2062//3816
f 2055//3817 2056//3817 2064//3817
f 2055//3818 2064//3818 2063//3818
f 2056//3819 2057//3819 2065//3819
f 2056//3820 2065//3820 2064//3820
f 2057//3821 2058//3821 2066//3821
f 2057//3822 2066//3822 2065//3822
f 2058//3823 2052//3823 2060//3823
f 2058//3824 2060//3824 2066//3824
f 2060//3825 2059//3825 2067//3825
f 2060//3826 2067//3826 2068//3826
f 2059//3827 2061//3827 2069//3827
f 2059//3828 2069//3828 2067//3828
f 2061//3829 2062//3829 2070//3829
f 2061//3830 2070//3830 2069//3830
f 2062//3831 2063//3831 2071//3831
f 2062//3832 2071//3832 2070//3832
f 2063//3833 2064//3833 2072//3833
f 2063//3834 2072//3834 2071//3834
f 2064//3835 2065//3835 2073//3835
f 2064//3836 2073//3836 2072//3836
f 2065//3837 2066//3837 2074//3837
f 2065//3838 2074//3838 2073//3838
f 2066//3839 2060//3839 2068//3839
f 2066//3840 2068//3840 2074//3840
f 2068//3841 2067//3841 2075//3841
f 2068//3842 2075//3842 2076//3842
f 2067//3843 2069//3843 2077//3843
f 2067//3844 2077//3844 2075//3844
f 2069//3845 2070//3845 2078//3845
f 2069//3846 2078//3846 2077//3846
f 2070//3847 2071//3847 2079//3847
f 2070//3848 2079//3848 2078//3848
f 2071//3849 2072//3849 2080//3849
f 2071//3850 2080//3850 2079//3850
f 2072//3851 2073//3851 2081//3851
f 2072//3852 2081//3852 2080//3852
f 2073//3853 2074//3853 2082//3853
f 2073//3854 2082//3854 2081//3854
f 2074//3855 2068//3855 2076//3855
f 2074//3856 2076//3856 2082//3856
f 2076//3857 2075//3857 2083//3857
f 2076//3858 2083//3858 2084//3858
f 2075//3859 2077//3859 2085//3859
f 2075//3860 2085//3860 2083//3860
f 2077//3861 2078//3861 2086//3861
f 2077//3862 2086//3862 2085//3862
f 2078//3863 2079//3863 2087//3863
f 2078//3864 2087//3864 2086//3864
f 2079//3865 2080//3865 2088//3865
f 2079//3866 2088//3866 2087//3866
f 2080//3867 2081//3867 2089//3867
f 2080//3868 2089//3868 2088//3868
f 2081//3869 2082//3869 2090//3869
f 2081//3870 2090//3870 2089//3870
f 2082//3871 2076//3871 2084//3871
f 2082//3872 2084//3872 2090//3872
f 2084//3873 2083//3873 2091//3873
f 2084//3874 2091//3874 2092//3874
f 2083//3875 2085//3875 2093//3875
f 2083//3876 2093//3876 2091//3876
f 2085//3877 2086//3877 2094//3877
f 2085//3878 2094//3878 2093//3878
f 2086//3879 2087//3879 2095//3879
f 2086//3880 2095//3880 2094//3880
f 2087//3881 2088//3881 2096//3881
f 2087//3882 2096//3882 2095//3882
f 2088//3883 2089//3883 2097//3883
f 2088//3884 2097//3884 2096//3884
f 2089//3885 2090//3885 2098//3885
f 2089//3886 2098//3886 2097//3886
f 2090//3887 2084//3887 2092//3887
f 2090//3888 2092//3888 2098//3888
f 2092//3889 2091//3889 2099//3889
f 2091//3890 2093//3890 2099//3890
f 2093//3891 2094//3891 2099//3891
f 2094//3892 2095//3892 2099//3892
f 2095//3893 2096//3893 2099//3893
f 2096//3894 2097//3894 2099//3894
f 2097//3895 2098//3895 2099//3895
f 2098//3896 2092//3896 2099//3896
f 2100//3897 2101//3897 2102//3897
f 2100//3898 2102//3898 2103//3898
f 2101//3899 2104//3899 2105//3899
f 2101//3900 2105//3900 2102//3900
f 2104//3901 2106//3901 2107//3901
f 2104//3902 2107//3902 2105//3902
f 2106//3903 2108//3903 2109//3903
f 2106//3904 2109//3904 2107//3904
f 2108//3905 2110//3905 2111//3905
f 2108//3906 2111//3906 2109//3906
f 2110//3907 2112//3907 2113//3907
f 2110//3908 2113//3908 2111//3908
f 2112//3909 2114//3909 2115//3909
f 2112//3910 2115//3910 2113//3910
f 2114//3911 2100//3911 2103//3911
f 2114//3912 2103//3912 2115//3912
f 2103//3913 2102//3913 2116//3913
f 2103//3914 2116//3914 2117//3914
f 2102//3915 2105//3915 2118//3915
f 2102//3916 2118//3916 2116//3916
f 2105//3917 2107//3917 2119//3917
f 2105//3918 2119//3918 2118//3918
f 2107//3919 2109//3919 2120//3919
f 2107//3920 2120//3920 2119//3920
f 2109//3921 2111//3921 2121//3921
f 2109//3922 2121//3922 2120//3922
f 2111//3923 2113//3923 2122//3923
f 2111//3924 2122//3924 2121//3924
f 2113//3925 2115//3925 2123//3925
f 2113//3926 2123//3926 2122//3926
f 2115//3927 2103//3927 2117//3927
f 2115//3928 2117//3928 2123//3928
f 2117//3929 2116//3929 2124//3929
f 2117//3930 2124//3930 2125//3930
f 2116//3931 2118//3931 2126//3931
f 2116//3932 2126//3932 2124//3932
f 2118//3933 2119//3933 2127//3933
f 2118//3934 2127//3934 2126//3934
f 2119//3935 2120//3935 2128//3935
f 2119//3936 2128//3936 2127//3936
f 2120//3937 2121//3937 2129//3937
f 2120//3938 2129//3938 2128//3938
f 2121//3939 2122//3939 2130//3939
f 2121//3940 2130//3940 2129//3940
f 2122//3941 2123//3941 2131//3941
f 2122//3942 2131//3942 2130//3942
f 2123//3943 2117//3943 2125//3943
f 2123//3944 2125//3944 2131//3944
f 2125//3945 2124//3945 2132//3945
f 2125//3946 2132//3946 2133//3946
f 2124//3947 2126//3947 2134//3947
f 2124//3948 2134//3948 2132//3948
f 2126//3949 2127//3949 2135//3949
f 2126//3950 2135//3950 2134//3950
f 2127//3951 2128//3951 2136//3951
f 2127//3952 2136//3952 2135//3952
f 2128//3953 2129//3953 2137//3953
f 2128//3954 2137//3954 2136//3954
f 2129//3955 2130//3955 2138//3955
f 2129//3956 2138//3956 2137//3956
f 2130//3957 2131//3957 2139//3957
f 2130//3958 2139//3958 2138//3958
f 2131//3959 2125//3959 2133//3959
f 2131//3960 2133//3960 2139//3960
f 2133//3961 2132//3961 2140//3961
f 2133//3962 2140//3962 2141//3962
f 2132//3963 2134//3963 2142//3963
f 2132//3964 2142//3964 2140//3964
f 2134//3965 2135//3965 2143//3965
f 2134//3966 2143//3966 2142//3966
f 2135//3967 2136//3967 2144//3967
f 2135//3968 2144//3968 2143//3968
f 2136//3969 2137//3969 2145//3969
f 2136//3970 2145//3970 2144//3970
f 2137//3971 2138//3971 2146//3971
f 2137//3972 2146//3972 2145//3972
f 2138//3973 2139//3973 2147//3973
f 2138//3974 2147//3974 2146//3974
f 2139//3975 2133//3975 2141//3975
f 2139//3976 2141//3976 2147//3976
f 2141//3977 2140//3977 2148//3977
f 2141//3978 2148//3978 2149//3978
f 2140//3979 2142//3979 2150//3979
f 2140//3980 2150//3980 2148//3980
f 2142//3981 2143//3981 2151//3981
f 2142//3982 2151//3982 2150//3982
f 2143//3983 2144//3983 2152//3983
f 2143//3984 2152//3984 2151//3984
f 2144//3985 2145//3985 2153//3985
f 2144//3986 2153//3986 2152//3986
f 2145//3987 2146//3987 2154//3987
f 2145//3988 2154//3988 2153//3988
f 2146//3989 2147//3989 2155//3989
f 2146//3990 2155//3990 2154//3990
f 2147//3991 2141//3991 2149//3991
f 2147//3992 2149//3992 2155//3992
f 2149//3993 2148//3993 2156//3993
f 2149//3994 2156//3994 2157//3994
f 2148//3995 2150//3995 2158//3995
f 2148//3996 2158//3996 2156//3996
f 2150//3997 2151//3997 2159//3997
f 2150//3998 2159//3998 2158//3998
f 2151//3999 2152//3999 2160//3999
f 2151//4000 2160//4000 2159//4000
f 2152//4001 2153//4001 2161//4001
f 2152//4002 2161//4002 2160//4002
f 2153//4003 2154//4003 2162//4003
f 2153//4004 2162//4004 2161//4004
f 2154//4005 2155//4005 2163//4005
f 2154//4006 2163//4006 2162//4006
f 2155//4007 2149//4007 2157//4007
f 2155//4008 2157//4008 2163//4008
f 2157//4009 2156//4009 2164//4009
f 2157//4010 2164//4010 2165//4010
f 2156//4011 2158//4011 2166//4011
f 2156//4012 2166//4012 2164//4012
f 2158//4013 2159//4013 2167//4013
f 2158//4014 2167//4014 2166//4014
f 2159//4015 2160//4015 2168//4015
f 2159//4016 2168//4016 2167//4016
f 2160//4017 2161//4017 2169//4017
f 2160//4018 2169//4018 2168//4018
f 2161//4019 2162//4019 2170//4019
f 2161//4020 2170//4020 2169//4020
f 2162//4021 2163//4021 2171//4021
f 2162//4022 2171//4022 2170//4022
f 2163//4023 2157//4023 2165//4023
f 2163//4024 2165//4024 2171//4024
f 2165//4025 2164//4025 2172//4025
f 2164//4026 2166//4026 2172//4026
f 2166//4027 2167//4027 2172//4027
f 2167//4028 2168//4028 2172//4028
f 2168//4029 2169//4029 2172//4029
f 2169//4030 2170//4030 2172//4030
f 2170//4031 2171//4031 2172//4031
f 2171//4032 2165//4032 2172//4032
f 2173//4033 2174//4033 2175//4033
f 2173//4034 2175//4034 2176//4034
f 2174//4035 2177//4035 2178//4035
f 2174//4036 2178//4036 2175//4036
f 2177//4037 2179//4037 2180//4037
f 2177//4038 2180//4038 2178//4038
f 2179//4039 2181//4039 2182//4039
f 2179//4040 2182//4040 2180//4040
f 2181//4041 2183//4041 2184//4041
f 2181//4042 2184//4042 2182//4042
f 2183//4043 2185//4043 2186//4043
f 2183//4044 2186//4044 2184//4044
f 2185//4045 2187//4045 2188//4045
f 2185//4046 2188//4046 2186//4046
f 2187//4047 2173//4047 2176//4047
f 2187//4048 2176//4048 2188//4048
f 2176//4049 2175//4049 2189//4049
f 2176//4050 2189//4050 2190//4050
f 2175//4051 2178//4051 2191//4051
f 2175//4052 2191//4052 2189//4052
f 2178//4053 2180//4053 2192//4053
f 2178//4054 2192//4054 2191//4054
f 2180//4055 2182//4055 2193//4055
f 2180//4056 2193//4056 2192//4056
f 2182//4057 2184//4057 2194//4057
f 2182//4058 2194//4058 2193//4058
f 2184//4059 2186//4059 2195//4059
f 2184//4060 2195//4060 2194//4060
f 2186//4061 2188//4061 2196//4061
f 2186//4062 2196//4062 2195//4062
f 2188//4063 2176//4063 2190//4063
f 2188//4064 2190//4064 2196//4064
f 2190//4065 2189//4065 2197//4065
f 2190//4066 2197//4066 2198//4066
f 2189//4067 2191//4067 2199//4067
f 2189//4068 2199//4068 2197//4068
f 2191//4069 2192//4069 2200//4069
f 2191//4070 2200//4070 2199//4070
f 2192//4071 2193//4071 2201//4071
f 2192//4072 2201//4072 2200//4072
f 2193//4073 2194//4073 2202//4073
f 2193//4074 2202//4074 2201//4074
f 2194//4075 2195//4075 2203//4075
f 2194//4076 2203//4076 2202//4076
f 2195//4077 2196//4077 2204//4077
f 2195//4078 2204//4078 2203//4078
f 2196//4079 2190//4079 2198//4079
f 2196//4080 2198//4080 2204//4080
f 2198//4081 2197//4081 2205//4081
f 2198//4082 2205//4082 2206//4082
f 2197//4083 2199//4083 2207//4083
f 2197//4084 2207//4084 2205//4084
f 2199//4085 2200//4085 2208//4085
f 2199//4086 2208//4086 2207//4086
f 2200//4087 2201//4087 2209//4087
f 2200//4088 2209//4088 2208//4088
f 2201//4089 2202//4089 2210//4089
f 2201//4090 2210//4090 2209//4090
f 2202//4091 2203//4091 2211//4091
f 2202//4092 2211//4092 2210//4092
f 2203//4093 2204//4093 2212//4093
f 2203//4094 2212//4094 2211//4094
f 2204//4095 2198//4095 2206//4095
f 2204//4096 2206//4096 2212//4096
f 2206//4097 2205//4097 2213//4097
f 2206//4098 2213//4098 2214//4098
f 2205//4099 2207//4099 2215//4099
f 2205//4100 2215//4100 2213//4100
f 2207//4101 2208//4101 2216//4101
f 2207//4102 2216//4102 2215//4102
f 2208//4103 2209//4103 2217//4103
f 2208//4104 2217//4104 2216//4104
f 2209//4105 2210//4105 2218//4105
f 2209//4106 2218//4106 2217//4106
f 2210//4107 2211//4107 2219//4107
f 2210//4108 2219//4108 2218//4108
f 2211//4109 2212//4109 2220//4109
f 2211//4110 2220//4110 2219//4110
f 2212//4111 2206//4111 2214//4111
f 2212//4112 2214//4112 2220//4112
f 2214//4113 2213//4113 2221//4113
f 2214//4114 2221//4114 2222//4114
f 2213//4115 2215//4115 2223//4115
f 2213//4116 2223//4116 2221//4116
f 2215//4117 2216//4117 2224//4117
f 2215//4118 2224//4118 2223//4118
f 2216//4119 2217//4119 2225//4119
f 2216//4120 2225//4120 2224//4120
f 2217//4121 2218//4121 2226//4121
f 2217//4122 2226//4122 2225//4122
f 2218//4123 2219//4123 2227//4123
f 2218//4124 2227//4124 2226//4124
f 2219//4125 2220//4125 2228//4125
f 2219//4126 2228//4126 2227//4126
f 2220//4127 2214//4127 2222//4127
f 2220//4128 2222//4128 2228//4128
f 2222//4129 2221//4129 2229//4129
f 2222//4130 2229//4130 2230//4130
f 2221//4131 2223//4131 2231//4131
f 2221//4132 2231//4132 2229//4132
f 2223//4133 2224//4133 2232//4133
f 2223//4134 2232//4134 2231//4134
f 2224//4135 2225//4135 2233//4135
f 2224//4136 2233//4136 2232//4136
f 2225//4137 2226//4137 2234//4137
f 2225//4138 2234//4138 2233//4138
f 2226//4139 2227//4139 2235//4139
f 2226//4140 2235//4140 2234//4140
f 2227//4141 2228//4141 2236//4141
f 2227//4142 2236//4142 2235//4142
f 2228//4143 2222//4143 2230//4143
f 2228//4144 2230//4144 2236//4144
f 2230//4145 2229//4145 2237//4145
f 2230//4146 2237//4146 2238//4146
f 2229//4147 2231//4147 2239//4147
f 2229//4148 2239//4148 2237//4148
f 2231//4149 2232//4149 2240//4149
f 2231//4150 2240//4150 2239//4150
f 2232//4151 2233//4151 2241//4151
f 2232//4152 2241//4152 2240//4152
f 2233//4153 2234//4153 2242//4153
f 2233//4154 2242//4154 2241//4154
f 2234//4155 2235//4155 2243//4155
f 2234//4156 2243//4156 2242//4156
f 2235//4157 2236//4157 2244//4157
f 2235//4158 2244//4158 2243//4158
f 2236//4159 2230//4159 2238//4159
f 2236//4160 2238//4160 2244//4160
f 2238//4161 2237//4161 2245//4161
f 2237//4162 2239//4162 2245//4162
f 2239//4163 2240//4163 2245//4163
f 2240//4164 2241//4164 2245//4164
f 2241//4165 2242//4165 2245//4165
f 2242//4166 2243//4166 2245//4166
f 2243//4167 2244//4167 2245//4167
f 2244//4168 2238//4168 2245//4168
f 2246//4169 2247//4169 2248//4169
f 2246//4170 2248//4170 2249//4170
f 2247//4171 2250//4171 2251//4171
f 2247//4172 2251//4172 2248//4172
f 2250//4173 2252//4173 2253//4173
f 2250//4174 2253//4174 2251//4174
f 2252//4175 2254//4175 2255//4175
f 2252//4176 2255//4176 2253//4176
f 2254//4177 2256//4177 2257//4177
f 2254//4178 2257//4178 2255//4178
f 2256//4179 2258//4179 2259//4179
f 2256//4180 2259//4180 2257//4180
f 2258//4181 2260//4181 2261//4181
f 2258//4182 2261//4182 2259//4182
f 2260//4183 2246//4183 2249//4183
f 2260//4184 2249//4184 2261//4184
f 2249//4185 2248//4185 2262//4185
f 2249//4186 2262//4186 2263//4186
f 2248//4187 2251//4187 2264//4187
f 2248//4188 2264//4188 2262//4188
f 2251//4189 2253//4189 2265//4189
f 2251//4190 2265//4190 2264//4190
f 2253//4191 2255//4191 2266//4191
f 2253//4192 2266//4192 2265//4192
f 2255//4193 2257//4193 2267//4193
f 2255//4194 2267//4194 2266//4194
f 2257//4195 2259//4195 2268//4195
f 2257//4196 2268//4196 2267//4196
f 2259//4197 2261//4197 2269//4197
f 2259//4198 2269//4198 2268//4198
f 2261//4199 2249//4199 2263//4199
f 2261//4200 2263//4200 2269//4200
f 2263//4201 2262//4201 2270//4201
f 2263//4202 2270//4202 2271//4202
f 2262//4203 2264//4203 2272//4203
f 2262//4204 2272//4204 2270//4204
f 2264//4205 2265//4205 2273//4205
f 2264//4206 2273//4206 2272//4206
f 2265//4207 2266//4207 2274//4207
f 2265//4208 2274//4208 2273//4208
f 2266//4209 2267//4209 2275//4209
f 2266//4210 2275//4210 2274//4210
f 2267//4211 2268//4211 2276//4211
f 2267//4212 2276//4212 2275//4212
f 2268//4213 2269//4213 2277//4213
f 2268//4214 2277//4214 2276//4214
f 2269//4215 2263//4215 2271//4215
f 2269//4216 2271//4216 2277//4216
f 2271//4217 2270//4217 2278//4217
f 2271//4218 2278//4218 2279//4218
f 2270//4219 2272//4219 2280//4219
f 2270//4220 2280//4220 2278//4220
f 2272//4221 2273//4221 2281//4221
f 2272//4222 2281//4222 2280//4222
f 2273//4223 2274//4223 2282//4223
f 2273//4224 2282//4224 2281//4224
f 2274//4225 2275//4225 2283//4225
f 2274//4226 2283//4226 2282//4226
f 2275//4227 2276//4227 2284//4227
f 2275//4228 2284//4228 2283//4228
f 2276//4229 2277//4229 2285//4229
f 2276//4230 2285//4230 2284//4230
f 2277//4231 2271//4231 2279//4231
f 2277//4232 2279//4232 2285//4232
f 2279//4233 2278//4233 2286//4233
f 2279//4234 2286//4234 2287//4234
f 2278//4235 2280//4235 2288//4235
f 2278//4236 2288//4236 2286//4236
f 2280//4237 2281//4237 2289//4237
f 2280//4238 2289//4238 2288//4238
f 2281//4239 2282//4239 2290//4239
f 2281//4240 2290//4240 2289//4240
f 2282//4241 2283//4241 2291//4241
f 2282//4242 2291//4242 2290//4242
f 2283//4243 2284//4243 2292//4243
f 2283//4244 2292//4244 2291//4244
f 2284//4245 2285//4245 2293//4245
f 2284//4246 2293//4246 2292//4246
f 2285//4247 2279//4247 2287//4247
f 2285//4248 2287//4248 2293//4248
f 2287//4249 2286//4249 2294//4249
f 2287//4250 2294//4250 2295//4250
f 2286//4251 2288//4251 2296//4251
f 2286//4252 2296//4252 2294//4252
f 2288//4253 2289//4253 2297//4253
f 2288//4254 2297//4254 2296//4254
f 2289//4255 2290//4255 2298//4255
f 2289//4256 2298//4256 2297//4256
f 2290//4257 2291//4257 2299//4257
f 2290//4258 2299//4258 2298//4258
f 2291//4259 2292//4259 2300//4259
f 2291//4260 2300//4260 2299//4260
f 2292//4261 2293//4261 2301//4261
f 2292//4262 2301//4262 2300//4262
f 2293//4263 2287//4263 2295//4263
f 2293//4264 2295//4264 2301//4264
f 2295//4265 2294//4265 2302//4265
f 2295//4266 2302//4266 2303//4266
f 2294//4267 2296//4267 2304//4267
f 2294//4268 2304//4268 2302//4268
f 2296//4269 2297//4269 2305//4269
f 2296//4270 2305//4270 2304//4270
f 2297//4271 2298//4271 2306//4271
f 2297//4272 2306//4272 2305//4272
f 2298//4273 2299//4273 2307//4273
f 2298//4274 2307//4274 2306//4274
f 2299//4275 2300//4275 2308//4275
f 2299//4276 2308//4276 2307//4276
f 2300//4277 2301//4277 2309//4277
f 2300//4278 2309//4278 2308//4278
f 2301//4279 2295//4279 2303//4279
f 2301//4280 2303//4280 2309//4280
f 2303//4281 2302//4281 2310//4281
f 2303//4282 2310//4282 2311//4282
f 2302//4283 2304//4283 2312//4283
f 2302//4284 2312//4284 2310//4284
f 2304//4285 2305//4285 2313//4285
f 2304//4286 2313//4286 2312//4286
f 2305//4287 2306//4287 2314//4287
f 2305//4288 2314//4288 2313//4288
f 2306//4289 2307//4289 2315//4289
f 2306//4290 2315//4290 2314//4290
f 2307//4291 2308//4291 2316//4291
f 2307//4292 2316//4292 2315//4292
f 2308//4293 2309//4293 2317//4293
f 2308//4294 2317//4294 2316//4294
f 2309//4295 2303//4295 2311//4295
f 2309//4296 2311//4296 2317//4296
f 2311//4297 2310//4297 2318//4297
f 2310//4298 2312//4298 2318//4298
f 2312//4299 2313//4299 2318//4299
f 2313//4300 2314//4300 2318//4300
f 2314//4301 2315//4301 2318//4301
f 2315//4302 2316//4302 2318//4302
f 2316//4303 2317//4303 2318//4303
f 2317//4304 2311//4304 2318//4304
f 2319//4305 2320//4305 2321//4305
f 2319//4306 2321//4306 2322//4306
f 2320//4307 2323//4307 2324//4307
f 2320//4308 2324//4308 2321//4308
f 2323//4309 2325//4309 2326//4309
f 2323//4310 2326//4310 2324//4310
f 2325//4311 2327//4311 2328//4311
f 2325//4312 2328//4312 2326//4312
f 2327//4313 2329//4313 2330//4313
f 2327//4314 2330//4314 2328//4314
f 2329//4315 2331//4315 2332//4315
f 2329//4316 2332//4316 2330//4316
f 2331//4317 2333//4317 2334//4317
f 2331//4318 2334//4318 2332//4318
f 2333//4319 2319//4319 2322//4319
f 2333//4320 2322//4320 2334//4320
f 2322//4321 2321//4321 2335//4321
f 2322//4322 2335//4322 2336//4322
f 2321//4323 2324//4323 2337//4323
f 2321//4324 2337//4324 2335//4324
f 2324//4325 2326//4325 2338//4325
f 2324//4326 2338//4326 2337//4326
f 2326//4327 2328//4327 2339//4327
f 2326//4328 2339//4328 2338//4328
f 2328//4329 2330//4329 2340//4329
f 2328//4330 2340//4330 2339//4330
f 2330//4331 2332//4331 2341//4331
f 2330//4332 2341//4332 2340//4332
f 2332//4333 2334//4333 2342//4333
f 2332//4334 2342//4334 2341//4334
f 2334//4335 2322//4335 2336//4335
f 2334//4336 2336//4336 2342//4336
f 2336//4337 2335//4337 2343//4337
f 2336//4338 2343//4338 2344//4338
f 2335//4339 2337//4339 2345//4339
f 2335//4340 2345//4340 2343//4340
f 2337//4341 2338//4341 2346//4341
f 2337//4342 2346//4342 2345//4342
f 2338//4343 2339//4343 2347//4343
f 2338//4344 2347//4344 2346//4344
f 2339//4345 2340//4345 2348//4345
f 2339//4346 2348//4346 2347//4346
f 2340//4347 2341//4347 2349//4347
f 2340//4348 2349//4348 2348//4348
f 2341//4349 2342//4349 2350//4349
f 2341//4350 2350//4350 2349//4350
f 2342//4351 2336//4351 2344//4351
f 2342//4352 2344//4352 2350//4352
f 2344//4353 2343//4353 2351//4353
f 2344//4354 2351//4354 2352//4354
f 2343//4355 2345//4355 2353//4355
f 2343//4356 2353//4356 2351//4356
f 2345//4357 2346//4357 2354//4357
f 2345//4358 2354//4358 2353//4358
f 2346//4359 2347//4359 2355//4359
f 2346//4360 2355//4360 2354//4360
f 2347//4361 2348//4361 2356//4361
f 2347//4362 2356//4362 2355//4362
f 2348//4363 2349//4363 2357//4363
f 2348//4364 2357//4364 2356//4364
f 2349//4365 2350//4365 2358//4365
f 2349//4366 2358//4366 2357//4366
f 2350//4367 2344//4367 2352//4367
f 2350//4368 2352//4368 2358//4368
f 2352//4369 2351//4369 2359//4369
f 2352//4370 2359//4370 2360//4370
f 2351//4371 2353//4371 2361//4371
f 2351//4372 2361//4372 2359//4372
f 2353//4373 2354//4373 2362//4373
f 2353//4374 2362//4374 2361//4374
f 2354//4375 2355//4375 2363//4375
f 2354//4376 2363//4376 2362//4376
f 2355//4377 2356//4377 2364//4377
f 2355//4378 2364//4378 2363//4378
f 2356//4379 2357//4379 2365//4379
f 2356//4380 2365//4380 2364//4380
f 2357//4381 2358//4381 2366//4381
f 2357//4382 2366//4382 2365//4382
f 2358//4383 2352//4383 2360//4383
f 2358//4384 2360//4384 2366//4384
f 2360//4385 2359//4385 2367//4385
f 2360//4386 2367//4386 2368//4386
f 2359//4387 2361//4387 2369//4387
f 2359//4388 2369//4388 2367//4388
f 2361//4389 2362//4389 2370//4389
f 2361//4390 2370//4390 2369//4390
f 2362//4391 2363//4391 2371//4391
f 2362//4392 2371//4392 2370//4392
f 2363//4393 2364//4393 2372//4393
f 2363//4394 2372//4394 2371//4394
f 2364//4395 2365//4395 2373//4395
f 2364//4396 2373//4396 2372//4396
f 2365//4397 2366//4397 2374//4397
f 2365//4398 2374//4398 2373//4398
f 2366//4399 2360//4399 2368//4399
f 2366//4400 2368//4400 2374//4400
f 2368//4401 2367//4401 2375//4401
f 2368//4402 2375//4402 2376//4402
f 2367//4403 2369//4403 2377//4403
f 2367//4404 2377//4404 2375//4404
f 2369//4405 2370//4405 2378//4405
f 2369//4406 2378//4406 2377//4406
f 2370//4407 2371//4407 2379//4407
f 2370//4408 2379//4408 2378//4408
f 2371//4409 2372//4409 2380//4409
f 2371//4410 2380//4410 2379//4410
f 2372//4411 2373//4411 2381//4411
f 2372//4412 2381//4412 2380//4412
f 2373//4413 2374//4413 2382//4413
f 2373//4414 2382//4414 2381//4414
f 2374//4415 2368//4415 2376//4415
f 2374//4416 2376//4416 2382//4416
f 2376//4417 2375//4417 2383//4417
f 2376//4418 2383//4418 2384//4418
f 2375//4419 2377//4419 2385//4419
f 2375//4420 2385//4420 2383//4420
f 2377//4421 2378//4421 2386//4421
f 2377//4422 2386//4422 2385//4422
f 2378//4423 2379//4423 2387//4423
f 2378//4424 2387//4424 2386//4424
f 2379//4425 2380//4425 2388//4425
f 2379//4426 2388//4426 2387//4426
f 2380//4427 2381//4427 2389//4427
f 2380//4428 2389//4428 2388//4428
f 2381//4429 2382//4429 2390//4429
f 2381//4430 2390//4430 2389//4430
f 2382//4431 2376//4431 2384//4431
f 2382//4432 2384//4432 2390//4432
f 2384//4433 2383//4433 2391//4433
f 2383//4434 2385//4434 2391//4434
f 2385//4435 2386//4435 2391//4435
f 2386//4436 2387//4436 2391//4436
f 2387//4437 2388//4437 2391//4437
f 2388//4438 2389//4438 2391//4438
f 2389//4439 2390//4439 2391//4439
f 2390//4440 2384//4440 2391//4440
f 2392//4441 2393//4441 2394//4441
f 2392//4442 2394//4442 2395//4442
f 2393//4443 2396//4443 2397//4443
f 2393//4444 2397//4444 2394//4444
f 2396//4445 2398//4445 2399//4445
f 2396//4446 2399//4446 2397//4446
f 2398//4447 2400//4447 2401//4447
f 2398//4448 2401//4448 2399//4448
f 2400//4449 2402//4449 2403//4449
f 2400//4450 2403//4450 2401//4450
f 2402//4451 2404//4451 2405//4451
f 2402//4452 2405//4452 2403//4452
f 2404//4453 2406//4453 2407//4453
f 2404//4454 2407//4454 2405//4454
f 2406//4455 2392//4455 2395//4455
f 2406//4456 2395//4456 2407//4456
f 2395//4457 2394//4457 2408//4457
f 2395//4458 2408//4458 2409//4458
f 2394//4459 2397//4459 2410//4459
f 2394//4460 2410//4460 2408//4460
f 2397//4461 2399//4461 2411//4461
f 2397//4462 2411//4462 2410//4462
f 2399//4463 2401//4463 2412//4463
f 2399//4464 2412//4464 2411//4464
f 2401//4465 2403//4465 2413//4465
f 2401//4466 2413//4466 2412//4466
f 2403//4467 2405//4467 2414//4467
f 2403//4468 2414//4468 2413//4468
f 2405//4469 2407//4469 2415//4469
f 2405//4470 2415//4470 2414//4470
f 2407//4471 2395//4471 2409//4471
f 2407//4472 2409//4472 2415//4472
f 2409//4473 2408//4473 2416//4473
f 2409//4474 2416//4474 2417//4474
f 2408//4475 2410//4475 2418//4475
f 2408//4476 2418//4476 2416//4476
f 2410//4477 2411//4477 2419//4477
f 2410//4478 2419//4478 2418//4478
f 2411//4479 2412//4479 2420//4479
f 2411//4480 2420//4480 2419//4480
f 2412//4481 2413//4481 2421//4481
f 2412//4482 2421//4482 2420//4482
f 2413//4483 2414//4483 2422//4483
f 2413//4484 2422//4484 2421//4484
f 2414//4485 2415//4485 2423//4485
f 2414//4486 2423//4486 2422//4486
f 2415//4487 2409//4487 2417//4487
f 2415//4488 2417//4488 2423//4488
f 2417//4489 2416//4489 2424//4489
f 2417//4490 2424//4490 2425//4490
f 2416//4491 2418//4491 2426//4491
f 2416//4492 2426//4492 2424//4492
f 2418//4493 2419//4493 2427//4493
f 2418//4494 2427//4494 2426//4494
f 2419//4495 2420//4495 2428//4495
f 2419//4496 2428//4496 2427//4496
f 2420//4497 2421//4497 2429//4497
f 2420//4498 2429//4498 2428//4498
f 2421//4499 2422//4499 2430//4499
f 2421//4500 2430//4500 2429//4500
f 2422//4501 2423//4501 2431//4501
f 2422//4502 2431//4502 2430//4502
f 2423//4503 2417//4503 2425//4503
f 2423//4504 2425//4504 2431//4504
f 2425//4505 2424//4505 2432//4505
f 2425//4506 2432//4506 2433//4506
f 2424//4507 2426//4507 2434//4507
f 2424//4508 2434//4508 2432//4508
f 2426//4509 2427//4509 2435//4509
f 2426//4510 2435//4510 2434//4510
f 2427//4511 2428//4511 2436//4511
f 2427//4512 2436//4512 2435//4512
f 2428//4513 2429//4513 2437//4513
f 2428//4514 2437//4514 2436//4514
f 2429//4515 2430//4515 2438//4515
f 2429//4516 2438//4516 2437//4516
f 2430//4517 2431//4517 2439//4517
f 2430//4518 2439//4518 2438//4518
f 2431//4519 2425//4519 2433//4519
f 2431//4520 2433//4520 2439//4520
f 2433//4521 2432//4521 2440//4521
f 2433//4522 2440//4522 2441//4522
f 2432//4523 2434//4523 2442//4523
f 2432//4524 2442//4524 2440//4524
f 2434//4525 2435//4525 2443//4525
f 2434//4526 2443//4526 2442//4526
f 2435//4527 2436//4527 2444//4527
f 2435//4528 2444//4528 2443//4528
f 2436//4529 2437//4529 2445//4529
f 2436//4530 2445//4530 2444//4530
f 2437//4531 2438//4531 2446//4531
f 2437//4532 2446//4532 2445//4532
f 2438//4533 2439//4533 2447//4533
f 2438//4534 2447//4534 2446//4534
f 2439//4535 2433//4535 2441//4535
f 2439//4536 2441//4536 2447//4536
f 2441//4537 2440//4537 2448//4537
f 2441//4538 2448//4538 2449//4538
f 2440//4539 2442//4539 2450//4539
f 2440//4540 2450//4540 2448//4540
f 2442//4541 2443//4541 2451//4541
f 2442//4542 2451//4542 2450//4542
f 2443//4543 2444//4543 2452//4543
f 2443//4544 2452//4544 2451//4544
f 2444//4545 2445//4545 2453//4545
f 2444//4546 2453//4546 2452//4546
f 2445//4547 2446//4547 2454//4547
f 2445//4548 2454//4548 2453//4548
f 2446//4549 2447//4549 2455//4549
f 2446//4550 2455//4550 2454//4550
f 2447//4551 2441//4551 2449//4551
f 2447//4552 2449//4552 2455//4552
f 2449//4553 2448//4553 2456//4553
f 2449//4554 2456//4554 2457//4554
f 2448//4555 2450//4555 2458//4555
f 2448//4556 2458//4556 2456//4556
f 2450//4557 2451//4557 2459//4557
f 2450//4558 2459//4558 2458//4558
f 2451//4559 2452//4559 2460//4559
f 2451//4560 2460//4560 2459//4560
f 2452//4561 2453//4561 2461//4561
f 2452//4562 2461//4562 2460//4562
f 2453//4563 2454//4563 2462//4563
f 2453//4564 2462//4564 2461//4564
f 2454//4565 2455//4565 2463//4565
f 2454//4566 2463//4566 2462//4566
f 2455//4567 2449//4567 2457//4567
f 2455//4568 2457//4568 2463//4568
f 2457//4569 2456//4569 2464//4569
f 2456//4570 2458//4570 2464//4570
f 2458//4571 2459//4571 2464//4571
f 2459//4572 2460//4572 2464//4572
f 2460//4573 2461//4573 2464//4573
f 2461//4574 2462//4574 2464//4574
f 2462//4575 2463//4575 2464//4575
f 2463//4576 2457//4576 2464//4576
f 2465//4577 2466//4577 2467//4577
f 2465//4578 2467//4578 2468//4578
f 2466//4579 2469//4579 2470//4579
f 2466//4580 2470//4580 2467//4580
f 2469//4581 2471//4581 2472//4581
f 2469//4582 2472//4582 2470//4582
f 2471//4583 2473//4583 2474//4583
f 2471//4584 2474//4584 2472//4584
f 2473//4585 2475//4585 2476//4585
f 2473//4586 2476//4586 2474//4586
f 2475//4587 2477//4587 2478//4587
f 2475//4588 2478//4588 2476//4588
f 2477//4589 2479//4589 2480//4589
f 2477//4590 2480//4590 2478//4590
f 2479//4591 2465//4591 2468//4591
f 2479//4592 2468//4592 2480//4592
f 2468//4593 2467//4593 2481//4593
f 2468//4594 2481//4594 2482//4594
f 2467//4595 2470//4595 2483//4595
f 2467//4596 2483//4596 2481//4596
f 2470//4597 2472//4597 2484//4597
f 2470//4598 2484//4598 2483//4598
f 2472//4599 2474//4599 2485//4599
f 2472//4600 2485//4600 2484//4600
f 2474//4601 2476//4601 2486//4601
f 2474//4602 2486//4602 2485//4602
f 2476//4603 2478//4603 2487//4603
f 2476//4604 2487//4604 2486//4604
f 2478//4605 2480//4605 2488//4605
f 2478//4606 2488//4606 2487//4606
f 2480//4607 2468//4607 2482//4607
f 2480//4608 2482//4608 2488//4608
f 2482//4609 2481//4609 2489//4609
f 2482//4610 2489//4610 2490//4610
f 2481//4611 2483//4611 2491//4611
f 2481//4612 2491//4612 2489//4612
f 2483//4613 2484//4613 2492//4613
f 2483//4614 2492//4614 2491//4614
f 2484//4615 2485//4615 2493//4615
f 2484//4616 2493//4616 2492//4616
f 2485//4617 2486//4617 2494//4617
f 2485//4618 2494//4618 2493//4618
f 2486//4619 2487//4619 2495//4619
f 2486//4620 2495//4620 2494//4620
f 2487//4621 2488//4621 2496//4621
f 2487//4622 2496//4622 2495//4622
f 2488//4623 2482//4623 2490//4623
f 2488//4624 2490//4624 2496//4624
f 2490//4625 2489//4625 2497//4625
f 2490//4626 2497//4626 2498//4626
f 2489//4627 2491//4627 2499//4627
f 2489//4628 2499//4628 2497//4628
f 2491//4629 2492//4629 2500//4629
f 2491//4630 2500//4630 2499//4630
f 2492//4631 2493//4631 2501//4631
f 2492//4632 2501//4632 2500//4632
f 2493//4633 2494//4633 2502//4633
f 2493//4634 2502//4634 2501//4634
f 2494//4635 2495//4635 2503//4635
f 2494//4636 2503//4636 2502//4636
f 2495//4637 2496//4637 2504//4637
f 2495//4638 2504//4638 2503//4638
f 2496//4639 2490//4639 2498//4639
f 2496//4640 2498//4640 2504//4640
f 2498//4641 2497//4641 2505//4641
f 2498//4642 2505//4642 2506//4642
f 2497//4643 2499//4643 2507//4643
f 2497//4644 2507//4644 2505//4644
f 2499//4645 2500//4645 2508//4645
f 2499//4646 2508//4646 2507//4646
f 2500//4647 2501//4647 2509//4647
f 2500//4648 2509//4648 2508//4648
f 2501//4649 2502//4649 2510//4649
f 2501//4650 2510//4650 2509//4650
f 2502//4651 2503//4651 2511//4651
f 2502//4652 2511//4652 2510//4652
f 2503//4653 2504//4653 2512//4653
f 2503//4654 2512//4654 2511//4654
f 2504//4655 2498//4655 2506//4655
f 2504//4656 2506//4656 2512//4656
f 2506//4657 2505//4657 2513//4657
f 2506//4658 2513//4658 2514//4658
f 2505//4659 2507//4659 2515//4659
f 2505//4660 2515//4660 2513//4660
f 2507//4661 2508//4661 2516//4661
f 2507//4662 2516//4662 2515//4662
f 2508//4663 2509//4663 2517//4663
f 2508//4664 2517//4664 2516//4664
f 2509//4665 2510//4665 2518//4665
f 2509//4666 2518//4666 2517//4666
f 2510//4667 2511//4667 2519//4667
f 2510//4668 2519//4668 2518//4668
f 2511//4669 2512//4669 2520//4669
f 2511//4670 2520//4670 2519//4670
f 2512//4671 2506//4671 2514//4671
f 2512//4672 2514//4672 2520//4672
f 2514//4673 2513//4673 2521//4673
f 2514//4674 2521//4674 2522//4674
f 2513//4675 2515//4675 2523//4675
f 2513//4676 2523//4676 2521//4676
f 2515//4677 2516//4677 2524//4677
f 2515//4678 2524//4678 2523//4678
f 2516//4679 2517//4679 2525//4679
f 2516//4680 2525//4680 2524//4680
f 2517//4681 2518//4681 2526//4681
f 2517//4682 2526//4682 2525//4682
f 2518//4683 2519//4683 2527//4683
f 2518//4684 2527//4684 2526//4684
f 2519//4685 2520//4685 2528//4685
f 2519//4686 2528//4686 2527//4686
f 2520//4687 2514//4687 2522//4687
f 2520//4688 2522//4688 2528//4688
f 2522//4689 2521//4689 2529//4689
f 2522//4690 2529//4690 2530//4690
f 2521//4691 2523//4691 2531//4691
f 2521//4692 2531//4692 2529//4692
f 2523//4693 2524//4693 2532//4693
f 2523//4694 2532//4694 2531//4694
f 2524//4695 2525//4695 2533//4695
f 2524//4696 2533//4696 2532//4696
f 2525//4697 2526//4697 2534//4697
f 2525//4698 2534//4698 2533//4698
f 2526//4699 2527//4699 2535//4699
f 2526//4700 2535//4700 2534//4700
f 2527//4701 2528//4701 2536//4701
f 2527//4702 2536//4702 2535//4702
f 2528//4703 2522//4703 2530//4703
f 2528//4704 2530//4704 2536//4704
f 2530//4705 2529//4705 2537//4705
f 2529//4706 2531//4706 2537//4706
f 2531//4707 2532//4707 2537//4707
f 2532//4708 2533//4708 2537//4708
f 2533//4709 2534//4709 2537//4709
f 2534//4710 2535//4710 2537//4710
f 2535//4711 2536//4711 2537//4711
f 2536//4712 2530//4712 2537//4712
f 2538//4713 2539//4713 2540//4713
f 2538//4714 2540//4714 2541//4714
f 2539//4715 2542//4715 2543//4715
f 2539//4716 2543//4716 2540//4716
f 2542//4717 2544//4717 2545//4717
f 2542//4718 2545//4718 2543//4718
f 2544//4719 2546//4719 2547//4719
f 2544//4720 2547//4720 2545//4720
f 2546//4721 2548//4721 2549//4721
f 2546//4722 2549//4722 2547//4722
f 2548//4723 2550//4723 2551//4723
f 2548//4724 2551//4724 2549//4724
f 2550//4725 2552//4725 2553//4725
f 2550//4726 2553//4726 2551//4726
f 2552//4727 2538//4727 2541//4727
f 2552//4728 2541//4728 2553//4728
f 2541//4729 2540//4729 2554//4729
f 2541//4730 2554//4730 2555//4730
f 2540//4731 2543//4731 2556//4731
f 2540//4732 2556//4732 2554//4732
f 2543//4733 2545//4733 2557//4733
f 2543//4734 2557//4734 2556//4734
f 2545//4735 2547//4735 2558//4735
f 2545//4736 2558//4736 2557//4736
f 2547//4737 2549//4737 2559//4737
f 2547//4738 2559//4738 2558//4738
f 2549//4739 2551//4739 2560//4739
f 2549//4740 2560//4740 2559//4740
f 2551//4741 2553//4741 2561//4741
f 2551//4742 2561//4742 2560//4742
f 2553//4743 2541//4743 2555//4743
f 2553//4744 2555//4744 2561//4744
f 2555//4745 2554//4745 2562//4745
f 2555//4746 2562//4746 2563//4746
f 2554//4747 2556//4747 2564//4747
f 2554//4748 2564//4748 2562//4748
f 2556//4749 2557//4749 2565//4749
f 2556//4750 2565//4750 2564//4750
f 2557//4751 2558//4751 2566//4751
f 2557//4752 2566//4752 2565//4752
f 2558//4753 2559//4753 2567//4753
f 2558//4754 2567//4754 2566//4754
f 2559//4755 2560//4755 2568//4755
f 2559//4756 2568//4756 2567//4756
f 2560//4757 2561//4757 2569//4757
f 2560//4758 2569//4758 2568//4758
f 2561//4759 2555//4759 2563//4759
f 2561//4760 2563//4760 2569//4760
f 2563//4761 2562//4761 2570//4761
f 2563//4762 2570//4762 2571//4762
f 2562//4763 2564//4763 2572//4763
f 2562//4764 2572//4764 2570//4764
f 2564//4765 2565//4765 2573//4765
f 2564//4766 2573//4766 2572//4766
f 2565//4767 2566//4767 2574//4767
f 2565//4768 2574//4768 2573//4768
f 2566//4769 2567//4769 2575//4769
f 2566//4770 2575//4770 2574//4770
f 2567//4771 2568//4771 2576//4771
f 2567//4772 2576//4772 2575//4772
f 2568//4773 2569//4773 2577//4773
f 2568//4774 2577//4774 2576//4774
f 2569//4775 2563//4775 2571//4775
f 2569//4776 2571//4776 2577//4776
f 2571//4777 2570//4777 2578//4777
f 2571//4778 2578//4778 2579//4778
f 2570//4779 2572//4779 2580//4779
f 2570//4780 2580//4780 2578//4780
f 2572//4781 2573//4781 2581//4781
f 2572//4782 2581//4782 2580//4782
f 2573//4783 2574//4783 2582//4783
f 2573//4784 2582//4784 2581//4784
f 2574//4785 2575//4785 2583//4785
f 2574//4786 2583//4786 2582//4786
f 2575//4787 2576//4787 2584//4787
f 2575//4788 2584//4788 2583//4788
f 2576//4789 2577//4789 2585//4789
f 2576//4790 2585//4790 2584//4790
f 2577//4791 2571//4791 2579//4791
f 2577//4792 2579//4792 2585//4792
f 2579//4793 2578//4793 2586//4793
f 2579//4794 2586//4794 2587//4794
f 2578//4795 2580//4795 2588//4795
f 2578//4796 2588//4796 2586//4796
f 2580//4797 2581//4797 2589//4797
f 2580//4798 2589//4798 2588//4798
f 2581//4799 2582//4799 2590//4799
f 2581//4800 2590//4800 2589//4800
f 2582//4801 2583//4801 2591//4801
f 2582//4802 2591//4802 2590//4802
f 2583//4803 2584//4803 2592//4803
f 2583//4804 2592//4804 2591//4804
f 2584//4805 2585//4805 2593//4805
f 2584//4806 2593//4806 2592//4806
f 2585//4807 2579//4807 2587//4807
f 2585//4808 2587//4808 2593//4808
f 2587//4809 2586//4809 2594//4809
f 2587//4810 2594//4810 2595//4810
f 2586//4811 2588//4811 2596//4811
f 2586//4812 2596//4812 2594//4812
f 2588//4813 2589//4813 2597//4813
f 2588//4814 2597//4814 2596//4814
f 2589//4815 2590//4815 2598//4815
f 2589//4816 2598//4816 2597//4816
f 2590//4817 2591//4817 2599//4817
f 2590//4818 2599//4818 2598//4818
f 2591//4819 2592//4819 2600//4819
f 2591//4820 2600//4820 2599//4820
f 2592//4821 2593//4821 2601//4821
f 2592//4822 2601//4822 2600//4822
f 2593//4823 2587//4823 2595//4823
f 2593//4824 2595//4824 2601//4824
f 2595//4825 2594//4825 2602//4825
f 2595//4826 2602//4826 2603//4826
f 2594//4827 2596//4827 2604//4827
f 2594//4828 2604//4828 2602//4828
f 2596//4829 2597//4829 2605//4829
f 2596//4830 2605//4830 2604//4830
f 2597//4831 2598//4831 2606//4831
f 2597//4832 2606//4832 2605//4832
f 2598//4833 2599//4833 2607//4833
f 2598//4834 2607//4834 2606//4834
f 2599//4835 2600//4835 2608//4835
f 2599//4836 2608//4836 2607//4836
f 2600//4837 2601//4837 2609//4837
f 2600//4838 2609//4838 2608//4838
f 2601//4839 2595//4839 2603//4839
f 2601//4840 2603//4840 2609//4840
f 2603//4841 2602//4841 2610//4841
f 2602//4842 2604//4842 2610//4842
f 2604//4843 2605//4843 2610//4843
f 2605//4844 2606//4844 2610//4844
f 2606//4845 2607//4845 2610//4845
f 2607//4846 2608//4846 2610//4846
f 2608//4847 2609//4847 2610//4847
f 2609//4848 2603//4848 2610//4848
f 2611//4849 2612//4849 2613//4849
f 2611//4850 2613//4850 2614//4850
f 2612//4851 2615//4851 2616//4851
f 2612//4852 2616//4852 2613//4852
f 2615//4853 2617//4853 2618//4853
f 2615//4854 2618//4854 2616//4854
f 2617//4855 2619//4855 2620//4855
f 2617//4856 2620//4856 2618//4856
f 2619//4857 2621//4857 2622//4857
f 2619//4858 2622//4858 2620//4858
f 2621//4859 2623//4859 2624//4859
f 2621//4860 2624//4860 2622//4860
f 2623//4861 2625//4861 2626//4861
f 2623//4862 2626//4862 2624//4862
f 2625//4863 2611//4863 2614//4863
f 2625//4864 2614//4864 2626//4864
f 2614//4865 2613//4865 2627//4865
f 2614//4866 2627//4866 2628//4866
f 2613//4867 2616//4867 2629//4867
f 2613//4868 2629//4868 2627//4868
f 2616//4869 2618//4869 2630//4869
f 2616//4870 2630//4870 2629//4870
f 2618//4871 2620//4871 2631//4871
f 2618//4872 2631//4872 2630//4872
f 2620//4873 2622//4873 2632//4873
f 2620//4874 2632//4874 2631//4874
f 2622//4875 2624//4875 2633//4875
f 2622//4876 2633//4876 2632//4876
f 2624//4877 2626//4877 2634//4877
f 2624//4878 2634//4878 2633//4878
f 2626//4879 2614//4879 2628//4879
f 2626//4880 2628//4880 2634//4880
f 2628//4881 2627//4881 2635//4881
f 2628//4882 2635//4882 2636//4882
f 2627//4883 2629//4883 2637//4883
f 2627//4884 2637//4884 2635//4884
f 2629//4885 2630//4885 2638//4885
f 2629//4886 2638//4886 2637//4886
f 2630//4887 2631//4887 2639//4887
f 2630//4888 2639//4888 2638//4888
f 2631//4889 2632//4889 2640//4889
f 2631//4890 2640//4890 2639//4890
f 2632//4891 2633//4891 2641//4891
f 2632//4892 2641//4892 2640//4892
f 2633//4893 2634//4893 2642//4893
f 2633//4894 2642//4894 2641//4894
f 2634//4895 2628//4895 2636//4895
f 2634//4896 2636//4896 2642//4896
f 2636//4897 2635//4897 2643//4897
f 2636//4898 2643//4898 2644//4898
f 2635//4899 2637//4899 2645//4899
f 2635//4900 2645//4900 2643//4900
f 2637//4901 2638//4901 2646//4901
f 2637//4902 2646//4902 2645//4902
f 2638//4903 2639//4903 2647//4903
f 2638//4904 2647//4904 2646//4904
f 2639//4905 2640//4905 2648//4905
f 2639//4906 2648//4906 2647//4906
f 2640//4907 2641//4907 2649//4907
f 2640//4908 2649//4908 2648//4908
f 2641//4909 2642//4909 2650//4909
f 2641//4910 2650//4910 2649//4910
f 2642//4911 2636//4911 2644//4911
f 2642//4912 2644//4912 2650//4912
f 2644//4913 2643//4913 2651//4913
f 2644//4914 2651//4914 2652//4914
f 2643//4915 2645//4915 2653//4915
f 2643//4916 2653//4916 2651//4916
f 2645//4917 2646//4917 2654//4917
f 2645//4918 2654//4918 2653//4918
f 2646//4919 2647//4919 2655//4919
f 2646//4920 2655//4920 2654//4920
f 2647//4921 2648//4921 2656//4921
f 2647//4922 2656//4922 2655//4922
f 2648//4923 2649//4923 2657//4923
f 2648//4924 2657//4924 2656//4924
f 2649//4925 2650//4925 2658//4925
f 2649//4926 2658//4926 2657//4926
f 2650//4927 2644//4927 2652//4927
f 2650//4928 2652//4928 2658//4928
f 2652//4929 2651//4929 2659//4929
f 2652//4930 2659//4930 2660//4930
f 2651//4931 2653//4931 2661//4931
f 2651//4932 2661//4932 2659//4932
f 2653//4933 2654//4933 2662//4933
f 2653//4934 2662//4934 2661//4934
f 2654//4935 2655//4935 2663//4935
f 2654//4936 2663//4936 2662//4936
f 2655//4937 2656//4937 2664//4937
f 2655//4938 2664//4938 2663//4938
f 2656//4939 2657//4939 2665//4939
f 2656//4940 2665//4940 2664//4940
f 2657//4941 2658//4941 2666//4941
f 2657//4942 2666//4942 2665//4942
f 2658//4943 2652//4943 2660//4943
f 2658//4944 2660//4944 2666//4944
f 2660//4945 2659//4945 2667//4945
f 2660//4946 2667//4946 2668//4946
f 2659//4947 2661//4947 2669//4947
f 2659//4948 2669//4948 2667//4948
f 2661//4949 2662//4949 2670//4949
f 2661//4950 2670//4950 2669//4950
f 2662//4951 2663//4951 2671//4951
f 2662//4952 2671//4952 2670//4952
f 2663//4953 2664//4953 2672//4953
f 2663//4954 2672//4954 2671//4954
f 2664//4955 2665//4955 2673//4955
f 2664//4956 2673//4956 2672//4956
f 2665//4957 2666//4957 2674//4957
f 2665//4958 2674//4958 2673//4958
f 2666//4959 2660//4959 2668//4959
f 2666//4960 2668//4960 2674//4960
f 2668//4961 2667//4961 2675//4961
f 2668//4962 2675//4962 2676//4962
f 2667//4963 2669//4963 2677//4963
f 2667//4964 2677//4964 2675//4964
f 2669//4965 2670//4965 2678//4965
f 2669//4966 2678//4966 2677//4966
f 2670//4967 2671//4967 2679//4967
f 2670//4968 2679//4968 2678//4968
f 2671//4969 2672//4969 2680//4969
f 2671//4970 2680//4970 2679//4970
f 2672//4971 2673//4971 2681//4971
f 2672//4972 2681//4972 2680//4972
f 2673//4973 2674//4973 2682//4973
f 2673//4974 2682//4974 2681//4974
f 2674//4975 2668//4975 2676//4975
f 2674//4976 2676//4976 2682//4976
f 2676//4977 2675//4977 2683//4977
f 2675//4978 2677//4978 2683//4978
f 2677//4979 2678//4979 2683//4979
f 2678//4980 2679//4980 2683//4980
f 2679//4981 2680//4981 2683//4981
f 2680//4982 2681//4982 2683//4982
f 2681//4983 2682//4983 2683//4983
f 2682//4984 2676//4984 2683//4984
f 2684//4985 2685//4985 2686//4985
f 2684//4986 2686//4986 2687//4986
f 2685//4987 2688//4987 2689//4987
f 2685//4988 2689//4988 2686//4988
f 2688//4989 2690//4989 2691//4989
f 2688//4990 2691//4990 2689//4990
f 2690//4991 2692//4991 2693//4991
f 2690//4992 2693//4992 2691//4992
f 2692//4993 2694//4993 2695//4993
f 2692//4994 2695//4994 2693//4994
f 2694//4995 2696//4995 2697//4995
f 2694//4996 2697//4996 2695//4996
f 2696//4997 2698//4997 2699//4997
f 2696//4998 2699//4998 2697//4998
f 2698//4999 2684//4999 2687//4999
f 2698//5000 2687//5000 2699//5000
f 2687//5001 2686//5001 2700//5001
f 2687//5002 2700//5002 2701//5002
f 2686//5003 2689//5003 2702//5003
f 2686//5004 2702//5004 2700//5004
f 2689//5005 2691//5005 2703//5005
f 2689//5006 2703//5006 2702//5006
f 2691//5007 2693//5007 2704//5007
f 2691//5008 2704//5008 2703//5008
f 2693//5009 2695//5009 2705//5009
f 2693//5010 2705//5010 2704//5010
f 2695//5011 2697//5011 2706//5011
f 2695//5012 2706//5012 2705//5012
f 2697//5013 2699//5013 2707//5013
f 2697//5014 2707//5014 2706//5014
f 2699//5015 2687//5015 2701//5015
f 2699//5016 2701//5016 2707//5016
f 2701//5017 2700//5017 2708//5017
f 2701//5018 2708//5018 2709//5018
f 2700//5019 2702//5019 2710//5019
f 2700//5020 2710//5020 2708//5020
f 2702//5021 2703//5021 2711//5021
f 2702//5022 2711//5022 2710//5022
f 2703//5023 2704//5023 2712//5023
f 2703//5024 2712//5024 2711//5024
f 2704//5025 2705//5025 2713//5025
f 2704//5026 2713//5026 2712//5026
f 2705//5027 2706//5027 2714//5027
f 2705//5028 2714//5028 2713//5028
f 2706//5029 2707//5029 2715//5029
f 2706//5030 2715//5030 2714//5030
f 2707//5031 2701//5031 2709//5031
f 2707//5032 2709//5032 2715//5032
f 2709//5033 2708//5033 2716//5033
f 2709//5034 2716//5034 2717//5034
f 2708//5035 2710//5035 2718//5035
f 2708//5036 2718//5036 2716//5036
f 2710//5037 2711//5037 2719//5037
f 2710//5038 2719//5038 2718//5038
f 2711//5039 2712//5039 2720//5039
f 2711//5040 2720//5040 2719//5040
f 2712//5041 2713//5041 2721//5041
f 2712//5042 2721//5042 2720//5042
f 2713//5043 2714//5043 2722//5043
f 2713//5044 2722//5044 2721//5044
f 2714//5045 2715//5045 2723//5045
f 2714//5046 2723//5046 2722//5046
f 2715//5047 2709//5047 2717//5047
f 2715//5048 2717//5048 2723//5048
f 2717//5049 2716//5049 2724//5049
f 2717//5050 2724//5050 2725//5050
f 2716//5051 2718//5051 2726//5051
f 2716//5052 2726//5052 2724//5052
f 2718//5053 2719//5053 2727//5053
f 2718//5054 2727//5054 2726//5054
f 2719//5055 2720//5055 2728//5055
f 2719//5056 2728//5056 2727//5056
f 2720//5057 2721//5057 2729//5057
f 2720//5058 2729//5058 2728//5058
f 2721//5059 2722//5059 2730//5059
f 2721//5060 2730//5060 2729//5060
f 2722//5061 2723//5061 2731//5061
f 2722//5062 2731//5062 2730//5062
f 2723//5063 2717//5063 2725//5063
f 2723//5064 2725//5064 2731//5064
f 2725//5065 2724//5065 2732//5065
f 2725//5066 2732//5066 2733//5066
f 2724//5067 2726//5067 2734//5067
f 2724//5068 2734//5068 2732//5068
f 2726//5069 2727//5069 2735//5069
f 2726//5070 2735//5070 2734//5070
f 2727//5071 2728//5071 2736//5071
f 2727//5072 2736//5072 2735//5072
f 2728//5073 2729//5073 2737//5073
f 2728//5074 2737//5074 2736//5074
f 2729//5075 2730//5075 2738//5075
f 2729//5076 2738//5076 2737//5076
f 2730//5077 2731//5077 2739//5077
f 2730//5078 2739//5078 2738//5078
f 2731//5079 2725//5079 2733//5079
f 2731//5080 2733//5080 2739//5080
f 2733//5081 2732//5081 2740//5081
f 2733//5082 2740//5082 2741//5082
f 2732//5083 2734//5083 2742//5083
f 2732//5084 2742//5084 2740//5084
f 2734//5085 2735//5085 2743//5085
f 2734//5086 2743//5086 2742//5086
f 2735//5087 2736//5087 2744//5087
f 2735//5088 2744//5088 2743//5088
f 2736//5089 2737//5089 2745//5089
f 2736//5090 2745//5090 2744//5090
f 2737//5091 2738//5091 2746//5091
f 2737//5092 2746//5092 2745//5092
f 2738//5093 2739//5093 2747//5093
f 2738//5094 2747//5094 2746//5094
f 2739//5095 2733//5095 2741//5095
f 2739//5096 2741//5096 2747//5096
f 2741//5097 2740//5097 2748//5097
f 2741//5098 2748//5098 2749//5098
f 2740//5099 2742//5099 2750//5099
f 2740//5100 2750//5100 2748//5100
f 2742//5101 2743//5101 2751//5101
f 2742//5102 2751//5102 2750//5102
f 2743//5103 2744//5103 2752//5103
f 2743//5104 2752//5104 2751//5104
f 2744//5105 2745//5105 2753//5105
f 2744//5106 2753//5106 2752//5106
f 2745//5107 2746//5107 2754//5107
f 2745//5108 2754//5108 2753//5108
f 2746//5109 2747//5109 2755//5109
f 2746//5110 2755//5110 2754//5110
f 2747//5111 2741//5111 2749//5111
f 2747//5112 2749//5112 2755//5112
f 2749//5113 2748//5113 2756//5113
f 2748//5114 2750//5114 2756//5114
f 2750//5115 2751//5115 2756//5115
f 2751//5116 2752//5116 2756//5116
f 2752//5117 2753//5117 2756//5117
f 2753//5118 2754//5118 2756//5118
f 2754//5119 2755//5119 2756//5119
f 2755//5120 2749//5120 2756//5120
f 2757//5121 2758//5121 2759//5121
f 2757//5122 2759//5122 2760//5122
f 2758//5123 2761//5123 2762//5123
f 2758//5124 2762//5124 2759//5124
f 2761//5125 2763//5125 2764//5125
f 2761//5126 2764//5126 2762//5126
f 2763//5127 2765//5127 2766//5127
f 2763//5128 2766//5128 2764//5128
f 2765//5129 2767//5129 2768//5129
f 2765//5130 2768//5130 2766//5130
f 2767//5131 2769//5131 2770//5131
f 2767//5132 2770//5132 2768//5132
f 2769//5133 2771//5133 2772//5133
f 2769//5134 2772//5134 2770//5134
f 2771//5135 2757//5135 2760//5135
f 2771//5136 2760//5136 2772//5136
f 2760//5137 2759//5137 2773//5137
f 2760//5138 2773//5138 2774//5138
f 2759//5139 2762//5139 2775//5139
f 2759//5140 2775//5140 2773//5140
f 2762//5141 2764//5141 2776//5141
f 2762//5142 2776//5142 2775//5142
f 2764//5143 2766//5143 2777//5143
f 2764//5144 2777//5144 2776//5144
f 2766//5145 2768//5145 2778//5145
f 2766//5146 2778//5146 2777//5146
f 2768//5147 2770//5147 2779//5147
f 2768//5148 2779//5148 2778//5148
f 2770//5149 2772//5149 2780//5149
f 2770//5150 2780//5150 2779//5150
f 2772//5151 2760//5151 2774//5151
f 2772//5152 2774//5152 2780//5152
f 2774//5153 2773//5153 2781//5153
f 2774//5154 2781//5154 2782//5154
f 2773//5155 2775//5155 2783//5155
f 2773//5156 2783//5156 2781//5156
f 2775//5157 2776//5157 2784//5157
f 2775//5158 2784//5158 2783//5158
f 2776//5159 2777//5159 2785//5159
f 2776//5160 2785//5160 2784//5160
f 2777//5161 2778//5161 2786//5161
f 2777//5162 2786//5162 2785//5162
f 2778//5163 2779//5163 2787//5163
f 2778//5164 2787//5164 2786//5164
f 2779//5165 2780//5165 2788//5165
f 2779//5166 2788//5166 2787//5166
f 2780//5167 2774//5167 2782//5167
f 2780//5168 2782//5168 2788//5168
f 2782//5169 2781//5169 2789//5169
f 2782//5170 2789//5170 2790//5170
f 2781//5171 2783//5171 2791//5171
f 2781//5172 2791//5172 2789//5172
f 2783//5173 2784//5173 2792//5173
f 2783//5174 2792//5174 2791//5174
f 2784//5175 2785//5175 2793//5175
f 2784//5176 2793//5176 2792//5176
f 2785//5177 2786//5177 2794//5177
f 2785//5178 2794//5178 2793//5178
f 2786//5179 2787//5179 2795//5179
f 2786//5180 2795//5180 2794//5180
f 2787//5181 2788//5181 2796//5181
f 2787//5182 2796//5182 2795//5182
f 2788//5183 2782//5183 2790//5183
f 2788//5184 2790//5184 2796//5184
f 2790//5185 2789//5185 2797//5185
f 2790//5186 2797//5186 2798//5186
f 2789//5187 2791//5187 2799//5187
f 2789//5188 2799//5188 2797//5188
f 2791//5189 2792//5189 2800//5189
f 2791//5190 2800//5190 2799//5190
f 2792//5191 2793//5191 2801//5191
f 2792//5192 2801//5192 2800//5192
f 2793//5193 2794//5193 2802//5193
f 2793//5194 2802//5194 2801//5194
f 2794//5195 2795//5195 2803//5195
f 2794//5196 2803//5196 2802//5196
f 2795//5197 2796//5197 2804//5197
f 2795//5198 2804//5198 2803//5198
f 2796//5199 2790//5199 2798//5199
f 2796//5200 2798//5200 2804//5200
f 2798//5201 2797//5201 2805//5201
f 2798//5202 2805//5202 2806//5202
f 2797//5203 2799//5203 2807//5203
f 2797//5204 2807//5204 2805//5204
f 2799//5205 2800//5205 2808//5205
f 2799//5206 2808//5206 2807//5206
f 2800//5207 2801//5207 2809//5207
f 2800//5208 2809//5208 2808//5208
f 2801//5209 2802//5209 2810//5209
f 2801//5210 2810//5210 2809//5210
f 2802//5211 2803//5211 2811//5211
f 2802//5212 2811//5212 2810//5212
f 2803//5213 2804//5213 2812//5213
f 2803//5214 2812//5214 2811//5214
f 2804//5215 2798//5215 2806//5215
f 2804//5216 2806//5216 2812//5216
f 2806//5217 2805//5217 2813//5217
f 2806//5218 2813//5218 2814//5218
f 2805//5219 2807//5219 2815//5219
f 2805//5220 2815//5220 2813//5220
f 2807//5221 2808//5221 2816//5221
f 2807//5222 2816//5222 2815//5222
f 2808//5223 2809//5223 2817//5223
f 2808//5224 2817//5224 2816//5224
f 2809//5225 2810//5225 2818//5225
f 2809//5226 2818//5226 2817//5226
f 2810//5227 2811//5227 2819//5227
f 2810//5228 2819//5228 2818//5228
f 2811//5229 2812//5229 2820//5229
f 2811//5230 2820//5230 2819//5230
f 2812//5231 2806//5231 2814//5231
f 2812//5232 2814//5232 2820//5232
f 2814//5233 2813//5233 2821//5233
f 2814//5234 2821//5234 2822//5234
f 2813//5235 2815//5235 2823//5235
f 2813//5236 2823//5236 2821//5236
f 2815//5237 2816//5237 2824//5237
f 2815//5238 2824//5238 2823//5238
f 2816//5239 2817//5239 2825//5239
f 2816//5240 2825//5240 2824//5240
f 2817//5241 2818//5241 2826//5241
f 2817//5242 2826//5242 2825//5242
f 2818//5243 2819//5243 2827//5243
f 2818//5244 2827//5244 2826//5244
f 2819//5245 2820//5245 2828//5245
f 2819//5246 2828//5246 2827//5246
f 2820//5247 2814//5247 2822//5247
f 2820//5248 2822//5248 2828//5248
f 2822//5249 2821//5249 2829//5249
f 2821//5250 2823//5250 2829//5250
f 2823//5251 2824//5251 2829//5251
f 2824//5252 2825//5252 2829//5252
f 2825//5253 2826//5253 2829//5253
f 2826//5254 2827//5254 2829//5254
f 2827//5255 2828//5255 2829//5255
f 2828//5256 2822//5256 2829//5256
f 2830//5257 2831//5257 2832//5257
f 2830//5258 2832//5258 2833//5258
f 2831//5259 2834//5259 2835//5259
f 2831//5260 2835//5260 2832//5260
f 2834//5261 2836//5261 2837//5261
f 2834//5262 2837//5262 2835//5262
f 2836//5263 2838//5263 2839//5263
f 2836//5264 2839//5264 2837//5264
f 2838//5265 2840//5265 2841//5265
f 2838//5266 2841//5266 2839//5266
f 2840//5267 2842//5267 2843//5267
f 2840//5268 2843//5268 2841//5268
f 2842//5269 2844//5269 2845//5269
f 2842//5270 2845//5270 2843//5270
f 2844//5271 2830//5271 2833//5271
f 2844//5272 2833//5272 2845//5272
f 2833//5273 2832//5273 2846//5273
f 2833//5274 2846//5274 2847//5274
f 2832//5275 2835//5275 2848//5275
f 2832//5276 2848//5276 2846//5276
f 2835//5277 2837//5277 2849//5277
f 2835//5278 2849//5278 2848//5278
f 2837//5279 2839//5279 2850//5279
f 2837//5280 2850//5280 2849//5280
f 2839//5281 2841//5281 2851//5281
f 2839//5282 2851//5282 2850//5282
f 2841//5283 2843//5283 2852//5283
f 2841//5284 2852//5284 2851//5284
f 2843//5285 2845//5285 2853//5285
f 2843//5286 2853//5286 2852//5286
f 2845//5287 2833//5287 2847//5287
f 2845//5288 2847//5288 2853//5288
f 2847//5289 2846//5289 2854//5289
f 2847//5290 2854//5290 2855//5290
f 2846//5291 2848//5291 2856//5291
f 2846//5292 2856//5292 2854//5292
f 2848//5293 2849//5293 2857//5293
f 2848//5294 2857//5294 2856//5294
f 2849//5295 2850//5295 2858//5295
f 2849//5296 2858//5296 2857//5296
f 2850//5297 2851//5297 2859//5297
f 2850//5298 2859//5298 2858//5298
f 2851//5299 2852//5299 2860//5299
f 2851//5300 2860//5300 2859//5300
f 2852//5301 2853//5301 2861//5301
f 2852//5302 2861//5302 2860//5302
f 2853//5303 2847//5303 2855//5303
f 2853//5304 2855//5304 2861//5304
f 2855//5305 2854//5305 2862//5305
f 2855//5306 2862//5306 2863//5306
f 2854//5307 2856//5307 2864//5307
f 2854//5308 2864//5308 2862//5308
f 2856//5309 2857//5309 2865//5309
f 2856//5310 2865//5310 2864//5310
f 2857//5311 2858//5311 2866//5311
f 2857//5312 2866//5312 2865//5312
f 2858//5313 2859//5313 2867//5313
f 2858//5314 2867//5314 2866//5314
f 2859//5315 2860//5315 2868//5315
f 2859//5316 2868//5316 2867//5316
f 2860//5317 2861//5317 2869//5317
f 2860//5318 2869//5318 2868//5318
f 2861//5319 2855//5319 2863//5319
f 2861//5320 2863//5320 2869//5320
f 2863//5321 2862//5321 2870//5321
f 2863//5322 2870//5322 2871//5322
f 2862//5323 2864//5323 2872//5323
f 2862//5324 2872//5324 2870//5324
f 2864//5325 2865//5325 2873//5325
f 2864//5326 2873//5326 2872//5326
f 2865//5327 2866//5327 2874//5327
f 2865//5328 2874//5328 2873//5328
f 2866//5329 2867//5329 2875//5329
f 2866//5330 2875//5330 2874//5330
f 2867//5331 2868//5331 2876//5331
f 2867//5332 2876//5332 2875//5332
f 2868//5333 2869//5333 2877//5333
f 2868//5334 2877//5334 2876//5334
f 2869//5335 2863//5335 2871//5335
f 2869//5336 2871//5336 2877//5336
f 2871//5337 2870//5337 2878//5337
f 2871//5338 2878//5338 2879//5338
f 2870//5339 2872//5339 2880//5339
f 2870//5340 2880//5340 2878//5340
f 2872//5341 2873//5341 2881//5341
f 2872//5342 2881//5342 2880//5342
f 2873//5343 2874//5343 2882//5343
f 2873//5344 2882//5344 2881//5344
f 2874//5345 2875//5345 2883//5345
f 2874//5346 2883//5346 2882//5346
f 2875//5347 2876//5347 2884//5347
f 2875//5348 2884//5348 2883//5348
f 2876//5349 2877//5349 2885//5349
f 2876//5350 2885//5350 2884//5350
f 2877//5351 2871//5351 2879//5351
f 2877//5352 2879//5352 2885//5352
f 2879//5353 2878//5353 2886//5353
f 2879//5354 2886//5354 2887//5354
f 2878//5355 2880//5355 2888//5355
f 2878//5356 2888//5356 2886//5356
f 2880//5357 2881//5357 2889//5357
f 2880//5358 2889//5358 2888//5358
f 2881//5359 2882//5359 2890//5359
f 2881//5360 2890//5360 2889//5360
f 2882//5361 2883//5361 2891//5361
f 2882//5362 2891//5362 2890//5362
f 2883//5363 2884//5363 2892//5363
f 2883//5364 2892//5364 2891//5364
f 2884//5365 2885//5365 2893//5365
f 2884//5366 2893//5366 2892//5366
f 2885//5367 2879//5367 2887//5367
f 2885//5368 2887//5368 2893//5368
f 2887//5369 2886//5369 2894//5369
f 2887//5370 2894//5370 2895//5370
f 2886//5371 2888//5371 2896//5371
f 2886//5372 2896//5372 2894//5372
f 2888//5373 2889//5373 2897//5373
f 2888//5374 2897//5374 2896//5374
f 2889//5375 2890//5375 2898//5375
f 2889//5376 2898//5376 2897//5376
f 2890//5377 2891//5377 2899//5377
f 2890//5378 2899//5378 2898//5378
f 2891//5379 2892//5379 2900//5379
f 2891//5380 2900//5380 2899//5380
f 2892//5381 2893//5381 2901//5381
f 2892//5382 2901//5382 2900//5382
f 2893//5383 2887//5383 2895//5383
f 2893//5384 2895//5384 2901//5384
f 2895//5385 2894//5385 2902//5385
f 2894//5386 2896//5386 2902//5386
f 2896//5387 2897//5387 2902//5387
f 2897//5388 2898//5388 2902//5388
f 2898//5389 2899//5389 2902//5389
f 2899//5390 2900//5390 2902//5390
f 2900//5391 2901//5391 2902//5391
f 2901//5392 2895//5392 2902//5392
f 2903//5393 2904//5393 2905//5393
f 2903//5394 2905//5394 2906//5394
f 2904//5395 2907//5395 2908//5395
f 2904//5396 2908//5396 2905//5396
f 2907//5397 2909//5397 2910//5397
f 2907//5398 2910//5398 2908//5398
f 2909//5399 2911//5399 2912//5399
f 2909//5400 2912//5400 2910//5400
f 2911//5401 2913//5401 2914//5401
f 2911//5402 2914//5402 2912//5402
f 2913//5403 2915//5403 2916//5403
f 2913//5404 2916//5404 2914//5404
f 2915//5405 2917//5405 2918//5405
f 2915//5406 2918//5406 2916//5406
f 2917//5407 2903//5407 2906//5407
f 2917//5408 2906//5408 2918//5408
f 2906//5409 2905//5409 2919//5409
f 2906//5410 2919//5410 2920//5410
f 2905//5411 2908//5411 2921//5411
f 2905//5412 2921//5412 2919//5412
f 2908//5413 2910//5413 2922//5413
f 2908//5414 2922//5414 2921//5414
f 2910//5415 2912//5415 2923//5415
f 2910//5416 2923//5416 2922//5416
f 2912//5417 2914//5417 2924//5417
f 2912//5418 2924//5418 2923//5418
f 2914//5419 2916//5419 2925//5419
f 2914//5420 2925//5420 2924//5420
f 2916//5421 2918//5421 2926//5421
f 2916//5422 2926//5422 2925//5422
f 2918//5423 2906//5423 2920//5423
f 2918//5424 2920//5424 2926//5424
f 2920//5425 2919//5425 2927//5425
f 2920//5426 2927//5426 2928//5426
f 2919//5427 2921//5427 2929//5427
f 2919//5428 2929//5428 2927//5428
f 2921//5429 2922//5429 2930//5429
f 2921//5430 2930//5430 2929//5430
f 2922//5431 2923//5431 2931//5431
f 2922//5432 2931//5432 2930//5432
f 2923//5433 2924//5433 2932//5433
f 2923//5434 2932//5434 2931//5434
f 2924//5435 2925//5435 2933//5435
f 2924//5436 2933//5436 2932//5436
f 2925//5437 2926//5437 2934//5437
f 2925//5438 2934//5438 2933//5438
f 2926//5439 2920//5439 2928//5439
f 2926//5440 2928//5440 2934//5440
f 2928//5441 2927//5441 2935//5441
f 2928//5442 2935//5442 2936//5442
f 2927//5443 2929//5443 2937//5443
f 2927//5444 2937//5444 2935//5444
f 2929//5445 2930//5445 2938//5445
f 2929//5446 2938//5446 2937//5446
f 2930//5447 2931//5447 2939//5447
f 2930//5448 2939//5448 2938//5448
f 2931//5449 2932//5449 2940//5449
f 2931//5450 2940//5450 2939//5450
f 2932//5451 2933//5451 2941//5451
f 2932//5452 2941//5452 2940//5452
f 2933//5453 2934//5453 2942//5453
f 2933//5454 2942//5454 2941//5454
f 2934//5455 2928//5455 2936//5455
f 2934//5456 2936//5456 2942//5456
f 2936//5457 2935//5457 2943//5457
f 2936//5458 2943//5458 2944//5458
f 2935//5459 2937//5459 2945//5459
f 2935//5460 2945//5460 2943//5460
f 2937//5461 2938//5461 2946//5461
f 2937//5462 2946//5462 2945//5462
f 2938//5463 2939//5463 2947//5463
f 2938//5464 2947//5464 2946//5464
f 2939//5465 2940//5465 2948//5465
f 2939//5466 2948//5466 2947//5466
f 2940//5467 2941//5467 2949//5467
f 2940//5468 2949//5468 2948//5468
f 2941//5469 2942//5469 2950//5469
f 2941//5470 2950//5470 2949//5470
f 2942//5471 2936//5471 2944//5471
f 2942//5472 2944//5472 2950//5472
f 2944//5473 2943//5473 2951//5473
f 2944//5474 2951//5474 2952//5474
f 2943//5475 2945//5475 2953//5475
f 2943//5476 2953//5476 2951//5476
f 2945//5477 2946//5477 2954//5477
f 2945//5478 2954//5478 2953//5478
f 2946//5479 2947//5479 2955//5479
f 2946//5480 2955//5480 2954//5480
f 2947//5481 2948//5481 2956//5481
f 2947//5482 2956//5482 2955//5482
f 2948//5483 2949//5483 2957//5483
f 2948//5484 2957//5484 2956//5484
f 2949//5485 2950//5485 2958//5485
f 2949//5486 2958//5486 2957//5486
f 2950//5487 2944//5487 2952//5487
f 2950//5488 2952//5488 2958//5488
f 2952//5489 2951//5489 2959//5489
f 2952//5490 2959//5490 2960//5490
f 2951//5491 2953//5491 2961//5491
f 2951//5492 2961//5492 2959//5492
f 2953//5493 2954//5493 2962//5493
f 2953//5494 2962//5494 2961//5494
f 2954//5495 2955//5495 2963//5495
f 2954//5496 2963//5496 2962//5496
f 2955//5497 2956//5497 2964//5497
f 2955//5498 2964//5498 2963//5498
f 2956//5499 2957//5499 2965//5499
f 2956//5500 2965//5500 2964//5500
f 2957//5501 2958//5501 2966//5501
f 2957//5502 2966//5502 2965//5502
f 2958//5503 2952//5503 2960//5503
f 2958//5504 2960//5504 2966//5504
f 2960//5505 2959//5505 2967//5505
f 2960//5506 2967//5506 2968//5506
f 2959//5507 2961//5507 2969//5507
f 2959//5508 2969//5508 2967//5508
f 2961//5509 2962//5509 2970//5509
f 2961//5510 2970//5510 2969//5510
f 2962//5511 2963//5511 2971//5511
f 2962//5512 2971//5512 2970//5512
f 2963//5513 2964//5513 2972//5513
f 2963//5514 2972//5514 2971//5514
f 2964//5515 2965//5515 2973//5515
f 2964//5516 2973//5516 2972//5516
f 2965//5517 2966//5517 2974//5517
f 2965//5518 2974//5518 2973//5518
f 2966//5519 2960//5519 2968//5519
f 2966//5520 2968//5520 2974//5520
f 2968//5521 2967//5521 2975//5521
f 2967//5522 2969//5522 2975//5522
f 2969//5523 2970//5523 2975//5523
f 2970//5524 2971//5524 2975//5524
f 2971//5525 2972//5525 2975//5525
f 2972//5526 2973//5526 2975//5526
f 2973//5527 2974//5527 2975//5527
f 2974//5528 2968//5528 2975//5528
f 2976//5529 2977//5529 2978//5529
f 2976//5530 2978//5530 2979//5530
f 2977//5531 2980//5531 2981//5531
f 2977//5532 2981//5532 2978//5532
f 2980//5533 2982//5533 2983//5533
f 2980//5534 2983//5534 2981//5534
f 2982//5535 2984//5535 2985//5535
f 2982//5536 2985//5536 2983//5536
f 2984//5537 2986//5537 2987//5537
f 2984//5538 2987//5538 2985//5538
f 2986//5539 2988//5539 2989//5539
f 2986//5540 2989//5540 2987//5540
f 2988//5541 2990//5541 2991//5541
f 2988//5542 2991//5542 2989//5542
f 2990//5543 2976//5543 2979//5543
f 2990//5544 2979//5544 2991//5544
f 2979//5545 2978//5545 2992//5545
f 2979//5546 2992//5546 2993//5546
f 2978//5547 2981//5547 2994//5547
f 2978//5548 2994//5548 2992//5548
f 2981//5549 2983//5549 2995//5549
f 2981//5550 2995//5550 2994//5550
f 2983//5551 2985//5551 2996//5551
f 2983//5552 2996//5552 2995//5552
f 2985//5553 2987//5553 2997//5553
f 2985//5554 2997//5554 2996//5554
f 2987//5555 2989//5555 2998//5555
f 2987//5556 2998//5556 2997//5556
f 2989//5557 2991//5557 2999//5557
f 2989//5558 2999//5558 2998//5558
f 2991//5559 2979//5559 2993//5559
f 2991//5560 2993//5560 2999//5560
f 2993//5561 2992//5561 3000//5561
f 2993//5562 3000//5562 3001//5562
f 2992//5563 2994//5563 3002//5563
f 2992//5564 3002//5564 3000//5564
f 2994//5565 2995//5565 3003//5565
f 2994//5566 3003//5566 3002//5566
f 2995//5567 2996//5567 3004//5567
f 2995//5568 3004//5568 3003//5568
f 2996//5569 2997//5569 3005//5569
f 2996//5570 3005//5570 3004//5570
f 2997//5571 2998//5571 3006//5571
f 2997//5572 3006//5572 3005//5572
f 2998//5573 2999//5573 3007//5573
f 2998//5574 3007//5574 3006//5574
f 2999//5575 2993//5575 3001//5575
f 2999//5576 3001//5576 3007//5576
f 3001//5577 3000//5577 3008//5577
f 3001//5578 3008//5578 3009//5578
f 3000//5579 3002//5579 3010//5579
f 3000//5580 3010//5580 3008//5580
f 3002//5581 3003//5581 3011//5581
f 3002//5582 3011//5582 3010//5582
f 3003//5583 3004//5583 3012//5583
f 3003//5584 3012//5584 3011//5584
f 3004//5585 3005//5585 3013//5585
f 3004//5586 3013//5586 3012//5586
f 3005//5587 3006//5587 3014//5587
f 3005//5588 3014//5588 3013//5588
f 3006//5589 3007//5589 3015//5589
f 3006//5590 3015//5590 3014//5590
f 3007//5591 3001//5591 3009//5591
f 3007//5592 3009//5592 3015//5592
f 3009//5593 3008//5593 3016//5593
f 3009//5594 3016//5594 3017//5594
f 3008//5595 3010//5595 3018//5595
f 3008//5596 3018//5596 3016//5596
f 3010//5597 3011//5597 3019//5597
f 3010//5598 3019//5598 3018//5598
f 3011//5599 3012//5599 3020//5599
f 3011//5600 3020//5600 3019//5600
f 3012//5601 3013//5601 3021//5601
f 3012//5602 3021//5602 3020//5602
f 3013//5603 3014//5603 3022//5603
f 3013//5604 3022//5604 3021//5604
f 3014//5605 3015//5605 3023//5605
f 3014//5606 3023//5606 3022//5606
f 3015//5607 3009//5607 3017//5607
f 3015//5608 3017//5608 3023//5608
f 3017//5609 3016//5609 3024//5609
f 3017//5610 3024//5610 3025//5610
f 3016//5611 3018//5611 3026//5611
f 3016//5612 3026//5612 3024//5612
f 3018//5613 3019//5613 3027//5613
f 3018//5614 3027//5614 3026//5614
f 3019//5615 3020//5615 3028//5615
f 3019//5616 3028//5616 3027//5616
f 3020//5617 3021//5617 3029//5617
f 3020//5618 3029//5618 3028//5618
f 3021//5619 3022//5619 3030//5619
f 3021//5620 3030//5620 3029//5620
f 3022//5621 3023//5621 3031//5621
f 3022//5622 3031//5622 3030//5622
f 3023//5623 3017//5623 3025//5623
f 3023//5624 3025//5624 3031//5624
f 3025//5625 3024//5625 3032//5625
f 3025//5626 3032//5626 3033//5626
f 3024//5627 3026//5627 3034//5627
f 3024//5628 3034//5628 3032//5628
f 3026//5629 3027//5629 3035//5629
f 3026//5630 3035//5630 3034//5630
f 3027//5631 3028//5631 3036//5631
f 3027//5632 3036//5632 3035//5632
f 3028//5633 3029//5633 3037//5633
f 3028//5634 3037//5634 3036//5634
f 3029//5635 3030//5635 3038//5635
f 3029//5636 3038//5636 3037//5636
f 3030//5637 3031//5637 3039//5637
f 3030//5638 3039//5638 3038//5638
f 3031//5639 3025//5639 3033//5639
f 3031//5640 3033//5640 3039//5640
f 3033//5641 3032//5641 3040//5641
f 3033//5642 3040//5642 3041//5642
f 3032//5643 3034//5643 3042//5643
f 3032//5644 3042//5644 3040//5644
f 3034//5645 3035//5645 3043//5645
f 3034//5646 3043//5646 3042//5646
f 3035//5647 3036//5647 3044//5647
f 3035//5648 3044//5648 3043//5648
f 3036//5649 3037//5649 3045//5649
f 3036//5650 3045//5650 3044//5650
f 3037//5651 3038//5651 3046//5651
f 3037//5652 3046//5652 3045//5652
f 3038//5653 3039//5653 3047//5653
f 3038//5654 3047//5654 3046//5654
f 3039//5655 3033//5655 3041//5655
f 3039//5656 3041//5656 3047//5656
f 3041//5657 3040//5657 3048//5657
f 3040//5658 3042//5658 3048//5658
f 3042//5659 3043//5659 3048//5659
f 3043//5660 3044//5660 3048//5660
f 3044//5661 3045//5661 3048//5661
f 3045//5662 3046//5662 3048//5662
f 3046//5663 3047//5663 3048//5663
f 3047//5664 3041//5664 3048//5664
f 3049//5665 3050//5665 3051//5665
f 3049//5666 3051//5666 3052//5666
f 3050//5667 3053//5667 3054//5667
f 3050//5668 3054//5668 3051//5668
f 3053//5669 3055//5669 3056//5669
f 3053//5670 3056//5670 3054//5670
f 3055//5671 3057//5671 3058//5671
f 3055//5672 3058//5672 3056//5672
f 3057//5673 3059//5673 3060//5673
f 3057//5674 3060//5674 3058//5674
f 3059//5675 3061//5675 3062//5675
f 3059//5676 3062//5676 3060//5676
f 3061//5677 3063//5677 3064//5677
f 3061//5678 3064//5678 3062//5678
f 3063//5679 3049//5679 3052//5679
f 3063//5680 3052//5680 3064//5680
f 3052//5681 3051//5681 3065//5681
f 3052//5682 3065//5682 3066//5682
f 3051//5683 3054//5683 3067//5683
f 3051//5684 3067//5684 3065//5684
f 3054//5685 3056//5685 3068//5685
f 3054//5686 3068//5686 3067//5686
f 3056//5687 3058//5687 3069//5687
f 3056//5688 3069//5688 3068//5688
f 3058//5689 3060//5689 3070//5689
f 3058//5690 3070//5690 3069//5690
f 3060//5691 3062//5691 3071//5691
f 3060//5692 3071//5692 3070//5692
f 3062//5693 3064//5693 3072//5693
f 3062//5694 3072//5694 3071//5694
f 3064//5695 3052//5695 3066//5695
f 3064//5696 3066//5696 3072//5696
f 3066//5697 3065//5697 3073//5697
f 3066//5698 3073//5698 3074//5698
f 3065//5699 3067//5699 3075//5699
f 3065//5700 3075//5700 3073//5700
f 3067//5701 3068//5701 3076//5701
f 3067//5702 3076//5702 3075//5702
f 3068//5703 3069//5703 3077//5703
f 3068//5704 3077//5704 3076//5704
f 3069//5705 3070//5705 3078//5705
f 3069//5706 3078//5706 3077//5706
f 3070//5707 3071//5707 3079//5707
f 3070//5708 3079//5708 3078//5708
f 3071//5709 3072//5709 3080//5709
f 3071//5710 3080//5710 3079//5710
f 3072//5711 3066//5711 3074//5711
f 3072//5712 3074//5712 3080//5712
f 3074//5713 3073//5713 3081//5713
f 3074//5714 3081//5714 3082//5714
f 3073//5715 3075//5715 3083//5715
f 3073//5716 3083//5716 3081//5716
f 3075//5717 3076//5717 3084//5717
f 3075//5718 3084//5718 3083//5718
f 3076//5719 3077//5719 3085//5719
f 3076//5720 3085//5720 3084//5720
f 3077//5721 3078//5721 3086//5721
f 3077//5722 3086//5722 3085//5722
f 3078//5723 3079//5723 3087//5723
f 3078//5724 3087//5724 3086//5724
f 3079//5725 3080//5725 3088//5725
f 3079//5726 3088//5726 3087//5726
f 3080//5727 3074//5727 3082//5727
f 3080//5728 3082//5728 3088//5728
f 3082//5729 3081//5729 3089//5729
f 3082//5730 3089//5730 3090//5730
f 3081//5731 3083//5731 3091//5731
f 3081//5732 3091//5732 3089//5732
f 3083//5733 3084//5733 3092//5733
f 3083//5734 3092//5734 3091//5734
f 3084//5735 3085//5735 3093//5735
f 3084//5736 3093//5736 3092//5736
f 3085//5737 3086//5737 3094//5737
f 3085//5738 3094//5738 3093//5738
f 3086//5739 3087//5739 3095//5739
f 3086//5740 3095//5740 3094//5740
f 3087//5741 3088//5741 3096//5741
f 3087//5742 3096//5742 3095//5742
f 3088//5743 3082//5743 3090//5743
f 3088//5744 3090//5744 3096//5744
f 3090//5745 3089//5745 3097//5745
f 3090//5746 3097//5746 3098//5746
f 3089//5747 3091//5747 3099//5747
f 3089//5748 3099//5748 3097//5748
f 3091//5749 3092//5749 3100//5749
f 3091//5750 3100//5750 3099//5750
f 3092//5751 3093//5751 3101//5751
f 3092//5752 3101//5752 3100//5752
f 3093//5753 3094//5753 3102//5753
f 3093//5754 3102//5754 3101//5754
f 3094//5755 3095//5755 3103//5755
f 3094//5756 3103//5756 3102//5756
f 3095//5757 3096//5757 3104//5757
f 3095//5758 3104//5758 3103//5758
f 3096//5759 3090//5759 3098//5759
f 3096//5760 3098//5760 3104//5760
f 3098//5761 3097//5761 3105//5761
f 3098//5762 3105//5762 3106//5762
f 3097//5763 3099//5763 3107//5763
f 3097//5764 3107//5764 3105//5764
f 3099//5765 3100//5765 3108//5765
f 3099//5766 3108//5766 3107//5766
f 3100//5767 3101//5767 3109//5767
f 3100//5768 3109//5768 3108//5768
f 3101//5769 3102//5769 3110//5769
f 3101//5770 3110//5770 3109//5770
f 3102//5771 3103//5771 3111//5771
f 3102//5772 3111//5772 3110//5772
f 3103//5773 3104//5773 3112//5773
f 3103//5774 3112//5774 3111//5774
f 3104//5775 3098//5775 3106//5775
f 3104//5776 3106//5776 3112//5776
f 3106//5777 3105//5777 3113//5777
f 3106//5778 3113//5778 3114//5778
f 3105//5779 3107//5779 3115//5779
f 3105//5780 3115//5780 3113//5780
f 3107//5781 3108//5781 3116//5781
f 3107//5782 3116//5782 3115//5782
f 3108//5783 3109//5783 3117//5783
f 3108//5784 3117//5784 3116//5784
f 3109//5785 3110//5785 3118//5785
f 3109//5786 3118//5786 3117//5786
f 3110//5787 3111//5787 3119//5787
f 3110//5788 3119//5788 3118//5788
f 3111//5789 3112//5789 3120//5789
f 3111//5790 3120//5790 3119//5790
f 3112//5791 3106//5791 3114//5791
f 3112//5792 3114//5792 3120//5792
f 3114//5793 3113//5793 3121//5793
f 3113//5794 3115//5794 3121//5794
f 3115//5795 3116//5795 3121//5795
f 3116//5796 3117//5796 3121//5796
f 3117//5797 3118//5797 3121//5797
f 3118//5798 3119//5798 3121//5798
f 3119//5799 3120//5799 3121//5799
f 3120//5800 3114//5800 3121//5800
